track,inst,tag,sel_folds,robust_max,params,short_train0_days,short_train0_n,short_train0_Rday,short_train0_t,short_train0_maxDD,short_held0_days,short_held0_n,short_held0_Rday,short_held0_t,short_held0_maxDD,short_win_days,short_win_n,short_win_Rday,short_win_t,short_win_maxDD,final_days,final_n,final_Rday,final_t,final_maxDD,stress_days,stress_n,stress_Rday,stress_t,stress_maxDD,short_train1_days,short_train1_n,short_train1_Rday,short_train1_t,short_train1_maxDD,short_held1_days,short_held1_n,short_held1_Rday,short_held1_t,short_held1_maxDD,short_train2_days,short_train2_n,short_train2_Rday,short_train2_t,short_train2_maxDD,short_held2_days,short_held2_n,short_held2_Rday,short_held2_t,short_held2_maxDD,short_train3_days,short_train3_n,short_train3_Rday,short_train3_t,short_train3_maxDD,short_held3_days,short_held3_n,short_held3_Rday,short_held3_t,short_held3_maxDD,pre2024_Rday,since2024_Rday,R_2016,R_2017,R_2018,R_2019,R_2020,R_2021,R_2022,R_2023,R_2024,R_2025,R_2026,short_held0_pre_Rday,short_held0_post_Rday,short_held1_pre_Rday,short_held1_post_Rday,short_held2_pre_Rday,short_held2_post_Rday,short_held3_pre_Rday,short_held3_post_Rday,A0,A1,A2,A3,A_held,A_4folds,B_stress,C_final,ALL,AC
short,FRA40,S0,"0,1,2",1.915,"{""entry_tf"": 5, ""vwap"": false, ""time_stop"": 180, ""legs"": true, ""leg_max"": 1, ""legs_mgmt"": ""same"", ""leg_window"": 30, ""ma"": 0, ""dyn"": true, ""entry_mode"": ""close"", ""pb_frac"": 0.7, ""pb_wait"": 15, ""gap"": ""against"", ""body_min"": 0, ""volf"": ""off"", ""dow"": ""none"", ""big_thr"": 20, ""big_sl"": 40, ""big_tp"": 130, ""std_sl"": 15, ""std_tp"": 50, ""leg_gap"": 10, ""leg_sl"": 25, ""leg_tp"": 0, ""gap_min"": 0, ""be_at"": 0, ""partial"": 3.0, ""trail"": 3.0}",363,199,0.1343,1.644,-22.22,87,42,0.1032,0.722,-10.5,450,241,0.1283,1.796,-30.14,38,23,-0.1321,-0.525,-11.84,205,90,-0.1952,-2.692,-40.01,348,179,0.1831,2.34,-23.18,102,62,-0.0589,-0.355,-26.34,350,189,0.1215,1.491,-30.28,100,52,0.152,1.024,-6.22,348,183,0.0636,0.805,-20.04,102,58,0.349,2.159,-13.49,-0.1952,0.0714,,,,,,,,-40.0,19.0,5.4,15.7,,0.1032,,-0.0589,,0.152,,0.349,True,False,True,True,False,3,False,False,False,False
short,FRA40,S1,"0,2",1.099,"{""entry_tf"": 5, ""vwap"": true, ""time_stop"": 999, ""legs"": false, ""leg_max"": 6, ""legs_mgmt"": ""same"", ""leg_window"": 30, ""ma"": 0, ""dyn"": false, ""entry_mode"": ""close"", ""pb_frac"": 0.7, ""pb_wait"": 15, ""gap"": ""against"", ""body_min"": 0, ""volf"": ""off"", ""dow"": ""none"", ""big_thr"": 25, ""big_sl"": 35, ""big_tp"": 0, ""std_sl"": 15, ""std_tp"": 60, ""leg_gap"": 20, ""leg_sl"": 45, ""leg_tp"": 90, ""gap_min"": 20, ""be_at"": 0, ""partial"": 1.5, ""trail"": 0}",363,134,0.131,1.494,-17.55,87,36,0.0363,0.266,-12.62,450,170,0.1127,1.492,-21.06,38,13,-0.0235,-0.104,-8.79,205,63,-0.1762,-3.821,-37.16,348,134,0.1577,1.697,-17.49,102,36,-0.041,-0.406,-18.36,350,133,0.1333,1.693,-20.73,100,37,0.0406,0.204,-11.74,348,131,0.0558,0.686,-13.11,102,39,0.3068,1.673,-12.95,-0.1762,0.0651,,,,,,,,-36.1,1.7,23.7,14.8,,0.0363,,-0.041,,0.0406,,0.3068,False,False,False,True,False,1,False,False,False,False
short,FRA40,S2,0,1.071,"{""entry_tf"": 5, ""vwap"": false, ""time_stop"": 60, ""legs"": false, ""leg_max"": 6, ""legs_mgmt"": ""fixed"", ""leg_window"": 120, ""ma"": 0, ""dyn"": true, ""entry_mode"": ""close"", ""pb_frac"": 0.3, ""pb_wait"": 30, ""gap"": ""against"", ""body_min"": 0, ""volf"": ""off"", ""dow"": ""fri"", ""big_thr"": 25, ""big_sl"": 50, ""big_tp"": 150, ""std_sl"": 30, ""std_tp"": 0, ""leg_gap"": 15, ""leg_sl"": 45, ""leg_tp"": 140, ""gap_min"": 0, ""be_at"": 1.5, ""partial"": 0, ""trail"": 2.0}",363,148,0.0664,1.257,-12.64,87,31,-0.0382,-0.416,-11.95,450,179,0.0462,0.999,-17.13,38,15,-0.0173,-0.107,-5.83,205,73,0.0041,0.056,-14.89,348,135,0.0755,1.526,-9.49,102,44,-0.0538,-0.473,-20.02,350,142,0.0361,0.679,-17.5,100,37,0.0816,0.875,-3.2,348,134,0.002,0.04,-16.4,102,45,0.1969,1.856,-6.58,0.0041,0.0069,,,,,,,,0.8,-5.7,2.1,7.3,,-0.0382,,-0.0538,,0.0816,,0.1969,False,False,True,True,False,2,False,False,False,False
short,FRA40,S3,"0,2,3",0.848,"{""entry_tf"": 1, ""vwap"": true, ""time_stop"": 999, ""legs"": true, ""leg_max"": 2, ""legs_mgmt"": ""fixed"", ""leg_window"": 60, ""ma"": 0, ""dyn"": false, ""entry_mode"": ""close"", ""pb_frac"": 0.7, ""pb_wait"": 15, ""gap"": ""against"", ""body_min"": 0, ""volf"": ""skip_low"", ""dow"": ""none"", ""big_thr"": 10, ""big_sl"": 30, ""big_tp"": 0, ""std_sl"": 25, ""std_tp"": 50, ""leg_gap"": 20, ""leg_sl"": 25, ""leg_tp"": 90, ""gap_min"": 0, ""be_at"": 1.5, ""partial"": 3.0, ""trail"": 0}",363,137,0.0851,0.966,-23.78,87,29,-0.0607,-0.598,-9.86,450,166,0.0569,0.771,-27.9,38,13,0.0376,0.126,-9.23,205,72,-0.0526,-0.653,-23.72,348,123,0.0334,0.424,-15.47,102,43,0.137,0.747,-17.72,350,129,0.1018,1.139,-18.8,100,37,-0.1003,-0.913,-15.63,348,124,0.0391,0.499,-27.41,102,42,0.1177,0.633,-8.51,-0.0526,0.0187,,,,,,,,-10.8,16.5,-10.7,7.4,,-0.0607,,0.137,,-0.1003,,0.1177,False,True,False,True,False,2,False,True,False,False
short,FRA40,S4,"0,3",0.818,"{""entry_tf"": 1, ""vwap"": true, ""time_stop"": 180, ""legs"": true, ""leg_max"": 2, ""legs_mgmt"": ""same"", ""leg_window"": 120, ""ma"": 0, ""dyn"": true, ""entry_mode"": ""close"", ""pb_frac"": 0.3, ""pb_wait"": 5, ""gap"": ""against"", ""body_min"": 0, ""volf"": ""off"", ""dow"": ""none"", ""big_thr"": 20, ""big_sl"": 35, ""big_tp"": 200, ""std_sl"": 30, ""std_tp"": 30, ""leg_gap"": 25, ""leg_sl"": 35, ""leg_tp"": 0, ""gap_min"": 50, ""be_at"": 0.5, ""partial"": 0, ""trail"": 3.0}",363,119,0.0839,1.381,-20.74,87,26,0.0203,0.195,-8.4,450,145,0.0716,1.352,-25.4,38,8,-0.065,-1.791,-2.47,205,60,-0.0329,-0.617,-8.49,348,109,0.0589,0.982,-20.64,102,36,0.1151,1.018,-5.96,350,111,0.053,0.971,-17.19,100,34,0.1366,0.961,-10.15,348,110,0.0963,1.521,-20.87,102,35,-0.0125,-0.14,-14.67,-0.0329,0.0543,,,,,,,,-6.7,24.5,-9.7,17.0,,0.0203,,0.1151,,0.1366,,-0.0125,False,True,True,False,False,2,False,False,False,False
short,FRA40,S5,"0,2",0.771,"{""entry_tf"": 5, ""vwap"": false, ""time_stop"": 90, ""legs"": false, ""leg_max"": 1, ""legs_mgmt"": ""fixed"", ""leg_window"": 120, ""ma"": 100, ""dyn"": true, ""entry_mode"": ""close"", ""pb_frac"": 0.3, ""pb_wait"": 30, ""gap"": ""off"", ""body_min"": 0, ""volf"": ""skip_low"", ""dow"": ""fri"", ""big_thr"": 20, ""big_sl"": 50, ""big_tp"": 150, ""std_sl"": 15, ""std_tp"": 42, ""leg_gap"": 25, ""leg_sl"": 35, ""leg_tp"": 90, ""gap_min"": 50, ""be_at"": 0, ""partial"": 3.0, ""trail"": 1.5}",363,150,0.0537,1.124,-14.67,87,33,-0.0284,-0.309,-6.74,450,183,0.0379,0.891,-15.31,38,25,-0.0313,-0.165,-8.47,205,89,-0.0969,-1.667,-20.16,348,144,0.0593,1.209,-11.16,102,39,-0.0354,-0.424,-6.29,350,144,0.0511,1.037,-11.7,100,39,-0.0086,-0.106,-10.06,348,136,0.0145,0.315,-17.97,102,47,0.1176,1.157,-6.18,-0.0969,0.0098,,,,,,,,-19.9,-9.4,21.4,-7.0,,-0.0284,,-0.0354,,-0.0086,,0.1176,False,False,False,True,False,1,False,False,False,False
short,FRA40,S6,0,0.715,"{""entry_tf"": 5, ""vwap"": false, ""time_stop"": 120, ""legs"": true, ""leg_max"": 2, ""legs_mgmt"": ""same"", ""leg_window"": 30, ""ma"": 100, ""dyn"": true, ""entry_mode"": ""close"", ""pb_frac"": 0.3, ""pb_wait"": 15, ""gap"": ""against"", ""body_min"": 0, ""volf"": ""off"", ""dow"": ""fri"", ""big_thr"": 20, ""big_sl"": 50, ""big_tp"": 0, ""std_sl"": 20, ""std_tp"": 0, ""leg_gap"": 20, ""leg_sl"": 25, ""leg_tp"": 0, ""gap_min"": 0, ""be_at"": 0, ""partial"": 1.5, ""trail"": 0}",363,96,0.0606,1.434,-6.7,87,17,0.0251,0.333,-4.97,450,113,0.0538,1.449,-7.86,38,18,-0.0124,-0.065,-7.9,205,47,-0.007,-0.131,-8.88,348,82,0.0883,2.122,-4.59,102,31,-0.064,-0.798,-12.36,350,91,0.0384,0.954,-8.98,100,22,0.1075,1.205,-4.03,348,84,0.0366,0.867,-5.67,102,29,0.1124,1.447,-4.68,-0.007,0.0172,,,,,,,,-1.4,-14.7,15.9,9.1,,0.0251,,-0.064,,0.1075,,0.1124,True,False,True,True,True,3,False,False,False,False
short,FRA40,S7,0,0.697,"{""entry_tf"": 5, ""vwap"": false, ""time_stop"": 180, ""legs"": false, ""leg_max"": 4, ""legs_mgmt"": ""same"", ""leg_window"": 120, ""ma"": 100, ""dyn"": true, ""entry_mode"": ""close"", ""pb_frac"": 0.3, ""pb_wait"": 5, ""gap"": ""off"", ""body_min"": 0, ""volf"": ""mid"", ""dow"": ""fri"", ""big_thr"": 10, ""big_sl"": 50, ""big_tp"": 0, ""std_sl"": 25, ""std_tp"": 80, ""leg_gap"": 20, ""leg_sl"": 25, ""leg_tp"": 60, ""gap_min"": 100, ""be_at"": 2.0, ""partial"": 2.0, ""trail"": 0}",363,130,0.0526,0.997,-12.25,87,30,0.0565,0.461,-7.31,450,160,0.0534,1.095,-13.43,38,22,-0.0327,-0.175,-8.07,205,77,-0.0791,-1.217,-22.29,348,127,0.0789,1.365,-9.38,102,33,-0.034,-0.401,-10.81,350,125,0.0337,0.639,-14.59,100,35,0.1221,1.035,-6.11,348,119,0.0451,0.81,-14.02,102,41,0.0816,0.81,-5.74,-0.0791,0.0121,,,,,,,,-16.2,-19.2,10.7,14.8,,0.0565,,-0.034,,0.1221,,0.0816,True,False,True,True,True,3,False,False,False,False
short,FRA40,S8,0,0.643,"{""entry_tf"": 5, ""vwap"": true, ""time_stop"": 240, ""legs"": true, ""leg_max"": 1, ""legs_mgmt"": ""fixed"", ""leg_window"": 60, ""ma"": 0, ""dyn"": false, ""entry_mode"": ""close"", ""pb_frac"": 0.5, ""pb_wait"": 5, ""gap"": ""against"", ""body_min"": 0, ""volf"": ""off"", ""dow"": ""fri"", ""big_thr"": 10, ""big_sl"": 40, ""big_tp"": 115, ""std_sl"": 30, ""std_tp"": 30, ""leg_gap"": 15, ""leg_sl"": 25, ""leg_tp"": 115, ""gap_min"": 0, ""be_at"": 2.0, ""partial"": 2.0, ""trail"": 1.5}",363,129,0.0364,0.779,-10.52,87,28,-0.1065,-1.443,-12.67,450,157,0.0088,0.217,-16.15,38,15,0.0371,0.185,-6.48,205,58,-0.0744,-1.686,-18.93,348,122,0.0225,0.485,-12.51,102,35,-0.0381,-0.465,-12.85,350,121,0.0013,0.028,-16.61,100,36,0.035,0.387,-3.5,348,119,-0.0298,-0.704,-18.43,102,38,0.1405,1.363,-7.28,-0.0744,-0.0061,,,,,,,,-15.2,-5.3,-0.1,3.0,,-0.1065,,-0.0381,,0.035,,0.1405,False,False,True,True,False,2,False,True,False,False
short,FRA40,S9,"0,3",0.842,"{""entry_tf"": 5, ""vwap"": false, ""time_stop"": 999, ""legs"": false, ""leg_max"": 2, ""legs_mgmt"": ""same"", ""leg_window"": 120, ""ma"": 0, ""dyn"": true, ""entry_mode"": ""close"", ""pb_frac"": 0.3, ""pb_wait"": 15, ""gap"": ""against"", ""body_min"": 0, ""volf"": ""off"", ""dow"": ""mon"", ""big_thr"": 20, ""big_sl"": 40, ""big_tp"": 0, ""std_sl"": 35, ""std_tp"": 60, ""leg_gap"": 25, ""leg_sl"": 45, ""leg_tp"": 0, ""gap_min"": 0, ""be_at"": 1.5, ""partial"": 3.0, ""trail"": 0}",363,144,0.0712,0.93,-20.89,87,32,0.1281,0.868,-8.46,450,176,0.0822,1.208,-26.92,38,16,-0.0418,-0.181,-9.4,205,70,-0.1374,-2.292,-31.09,348,132,0.1152,1.442,-19.8,102,44,-0.0303,-0.242,-19.42,350,135,0.0669,0.969,-25.12,100,41,0.1356,0.722,-7.4,348,135,0.0474,0.608,-20.09,102,41,0.2009,1.447,-8.29,-0.1374,0.0426,,,,,,,,-28.2,-5.5,22.8,8.0,,0.1281,,-0.0303,,0.1356,,0.2009,True,False,True,True,True,3,False,False,False,False
short,FRA40,S10,0,0.623,"{""entry_tf"": 5, ""vwap"": false, ""time_stop"": 240, ""legs"": false, ""leg_max"": 4, ""legs_mgmt"": ""same"", ""leg_window"": 120, ""ma"": 0, ""dyn"": true, ""entry_mode"": ""close"", ""pb_frac"": 0.3, ""pb_wait"": 30, ""gap"": ""against"", ""body_min"": 0.3, ""volf"": ""skip_high"", ""dow"": ""none"", ""big_thr"": 20, ""big_sl"": 40, ""big_tp"": 80, ""std_sl"": 20, ""std_tp"": 50, ""leg_gap"": 20, ""leg_sl"": 45, ""leg_tp"": 90, ""gap_min"": 0, ""be_at"": 0, ""partial"": 3.0, ""trail"": 2.0}",363,106,0.0417,1.014,-11.13,87,30,-0.005,-0.056,-8.28,450,136,0.0327,0.874,-18.41,38,14,-0.1487,-1.207,-7.65,205,49,-0.1282,-3.054,-30.25,348,105,0.0589,1.37,-17.09,102,31,-0.0566,-0.753,-15.61,350,108,0.0433,1.005,-16.27,100,28,-0.0043,-0.057,-6.89,348,106,0.0075,0.179,-12.51,102,30,0.1186,1.473,-8.87,-0.1282,-0.0063,,,,,,,,-26.3,-11.0,0.1,1.3,,-0.005,,-0.0566,,-0.0043,,0.1186,False,False,False,True,False,1,False,False,False,False
short,FRA40,S11,0,0.613,"{""entry_tf"": 5, ""vwap"": true, ""time_stop"": 60, ""legs"": false, ""leg_max"": 4, ""legs_mgmt"": ""same"", ""leg_window"": 120, ""ma"": 0, ""dyn"": true, ""entry_mode"": ""close"", ""pb_frac"": 0.7, ""pb_wait"": 30, ""gap"": ""against"", ""body_min"": 0, ""volf"": ""skip_high"", ""dow"": ""none"", ""big_thr"": 15, ""big_sl"": 50, ""big_tp"": 200, ""std_sl"": 20, ""std_tp"": 0, ""leg_gap"": 25, ""leg_sl"": 25, ""leg_tp"": 60, ""gap_min"": 0, ""be_at"": 0, ""partial"": 1.5, ""trail"": 0}",363,127,0.0406,0.991,-14.57,87,35,0.0044,0.046,-9.48,450,162,0.0336,0.887,-19.61,38,14,0.0227,0.176,-4.25,205,60,-0.0583,-1.2,-14.19,348,127,0.0484,1.136,-15.01,102,35,-0.0168,-0.204,-15.09,350,129,0.0265,0.611,-18.47,100,33,0.0587,0.755,-2.99,348,124,0.0078,0.182,-13.89,102,38,0.1218,1.498,-7.31,-0.0583,-0.0177,,,,,,,,-11.9,-18.6,1.1,7.3,,0.0044,,-0.0168,,0.0587,,0.1218,False,False,True,True,False,2,False,True,False,False
short,FRA40,S12,"0,2,3",0.729,"{""entry_tf"": 5, ""vwap"": false, ""time_stop"": 240, ""legs"": true, ""leg_max"": 4, ""legs_mgmt"": ""fixed"", ""leg_window"": 120, ""ma"": 0, ""dyn"": false, ""entry_mode"": ""close"", ""pb_frac"": 0.5, ""pb_wait"": 5, ""gap"": ""against"", ""body_min"": 0.3, ""volf"": ""off"", ""dow"": ""none"", ""big_thr"": 20, ""big_sl"": 40, ""big_tp"": 200, ""std_sl"": 15, ""std_tp"": 50, ""leg_gap"": 25, ""leg_sl"": 25, ""leg_tp"": 60, ""gap_min"": 0, ""be_at"": 2.0, ""partial"": 1.5, ""trail"": 0}",363,131,0.0658,1.27,-14.26,87,32,0.0562,0.511,-8.46,450,163,0.0639,1.364,-20.1,38,16,-0.0792,-0.517,-7.12,205,58,-0.1215,-2.401,-28.81,348,122,0.0854,1.663,-16.74,102,41,-0.0092,-0.084,-15.58,350,126,0.0641,1.21,-18.4,100,37,0.0633,0.629,-5.84,348,128,0.0559,1.026,-12.94,102,35,0.0914,1.007,-8.47,-0.1215,0.0361,,,,,,,,-24.9,14.9,0.5,4.3,,0.0562,,-0.0092,,0.0633,,0.0914,True,False,True,True,True,3,False,False,False,False
short,FRA40,S13,"0,3",0.906,"{""entry_tf"": 5, ""vwap"": false, ""time_stop"": 240, ""legs"": false, ""leg_max"": 6, ""legs_mgmt"": ""fixed"", ""leg_window"": 30, ""ma"": 0, ""dyn"": true, ""entry_mode"": ""close"", ""pb_frac"": 0.5, ""pb_wait"": 15, ""gap"": ""against"", ""body_min"": 0.3, ""volf"": ""off"", ""dow"": ""none"", ""big_thr"": 25, ""big_sl"": 50, ""big_tp"": 150, ""std_sl"": 25, ""std_tp"": 30, ""leg_gap"": 20, ""leg_sl"": 25, ""leg_tp"": 140, ""gap_min"": 0, ""be_at"": 2.0, ""partial"": 3.0, ""trail"": 0}",363,128,0.0392,0.76,-17.18,87,31,0.1035,0.913,-6.63,450,159,0.0516,1.098,-19.35,38,14,-0.1859,-1.295,-9.93,205,58,-0.0318,-0.567,-15.36,348,119,0.0683,1.297,-17.07,102,40,-0.0051,-0.049,-15.28,350,123,0.0384,0.731,-20.82,100,36,0.0979,0.936,-4.57,348,125,0.0655,1.188,-11.74,102,34,0.0044,0.05,-9.84,-0.0318,0.0115,,,,,,,,-6.5,-2.9,-4.8,8.0,,0.1035,,-0.0051,,0.0979,,0.0044,True,False,True,False,False,2,False,False,False,False
short,FRA40,S14,0,0.588,"{""entry_tf"": 5, ""vwap"": false, ""time_stop"": 120, ""legs"": false, ""leg_max"": 2, ""legs_mgmt"": ""same"", ""leg_window"": 120, ""ma"": 0, ""dyn"": false, ""entry_mode"": ""close"", ""pb_frac"": 0.3, ""pb_wait"": 30, ""gap"": ""against"", ""body_min"": 0, ""volf"": ""skip_high"", ""dow"": ""none"", ""big_thr"": 15, ""big_sl"": 40, ""big_tp"": 150, ""std_sl"": 25, ""std_tp"": 80, ""leg_gap"": 10, ""leg_sl"": 25, ""leg_tp"": 0, ""gap_min"": 0, ""be_at"": 0, ""partial"": 1.0, ""trail"": 0}",363,157,0.0421,0.874,-21.83,87,37,0.0478,0.461,-7.27,450,194,0.0432,0.988,-25.37,38,17,-0.2198,-1.73,-10.56,205,78,-0.12,-2.438,-28.77,348,148,0.0806,1.635,-16.56,102,46,-0.0846,-0.909,-18.46,350,154,0.0487,0.961,-22.81,100,40,0.0237,0.279,-4.16,348,147,-0.0043,-0.091,-17.29,102,47,0.2053,2.028,-8.34,-0.12,-0.0038,,,,,,,,-24.6,-11.3,-0.6,1.1,,0.0478,,-0.0846,,0.0237,,0.2053,True,False,True,True,True,3,False,False,False,False
short,FRA40,S15,1,1.634,"{""entry_tf"": 5, ""vwap"": false, ""time_stop"": 240, ""legs"": true, ""leg_max"": 2, ""legs_mgmt"": ""fixed"", ""leg_window"": 30, ""ma"": 100, ""dyn"": true, ""entry_mode"": ""close"", ""pb_frac"": 0.3, ""pb_wait"": 5, ""gap"": ""against"", ""body_min"": 0, ""volf"": ""off"", ""dow"": ""none"", ""big_thr"": 20, ""big_sl"": 50, ""big_tp"": 150, ""std_sl"": 25, ""std_tp"": 0, ""leg_gap"": 20, ""leg_sl"": 35, ""leg_tp"": 115, ""gap_min"": 0, ""be_at"": 0, ""partial"": 2.0, ""trail"": 3.0}",363,118,0.0218,0.462,-13.15,87,23,0.0947,1.019,-3.35,450,141,0.0359,0.853,-11.53,38,23,-0.1722,-0.789,-12.09,205,57,-0.0122,-0.216,-13.34,348,102,0.0942,1.984,-8.04,102,39,-0.163,-1.855,-21.52,350,112,0.0272,0.577,-14.14,100,29,0.0661,0.715,-4.51,348,106,0.0044,0.094,-10.28,102,35,0.1433,1.517,-7.76,-0.0122,0.0166,,,,,,,,-2.5,-6.7,9.6,1.1,,0.0947,,-0.163,,0.0661,,0.1433,True,False,True,True,False,3,False,False,False,False
short,FRA40,S16,1,1.539,"{""entry_tf"": 5, ""vwap"": false, ""time_stop"": 240, ""legs"": false, ""leg_max"": 6, ""legs_mgmt"": ""fixed"", ""leg_window"": 60, ""ma"": 0, ""dyn"": true, ""entry_mode"": ""close"", ""pb_frac"": 0.3, ""pb_wait"": 15, ""gap"": ""against"", ""body_min"": 0, ""volf"": ""off"", ""dow"": ""none"", ""big_thr"": 25, ""big_sl"": 40, ""big_tp"": 115, ""std_sl"": 20, ""std_tp"": 30, ""leg_gap"": 20, ""leg_sl"": 45, ""leg_tp"": 140, ""gap_min"": 50, ""be_at"": 1.5, ""partial"": 2.0, ""trail"": 3.0}",363,141,0.0285,0.584,-16.62,87,30,0.1346,1.425,-3.58,450,171,0.049,1.129,-16.12,38,11,0.0138,0.111,-2.67,205,64,-0.1335,-2.568,-31.53,348,134,0.1099,2.156,-12.6,102,37,-0.1588,-2.068,-22.62,350,130,0.0464,0.96,-15.34,100,41,0.0582,0.594,-7.95,348,129,0.0175,0.369,-15.67,102,42,0.1563,1.548,-8.71,-0.1335,0.0226,,,,,,,,-27.4,6.4,2.6,5.8,,0.1346,,-0.1588,,0.0582,,0.1563,True,False,True,True,False,3,False,True,False,False
short,FRA40,S17,1,1.534,"{""entry_tf"": 5, ""vwap"": false, ""time_stop"": 999, ""legs"": true, ""leg_max"": 4, ""legs_mgmt"": ""same"", ""leg_window"": 60, ""ma"": 100, ""dyn"": true, ""entry_mode"": ""close"", ""pb_frac"": 0.5, ""pb_wait"": 30, ""gap"": ""off"", ""body_min"": 0, ""volf"": ""off"", ""dow"": ""none"", ""big_thr"": 15, ""big_sl"": 50, ""big_tp"": 130, ""std_sl"": 20, ""std_tp"": 30, ""leg_gap"": 25, ""leg_sl"": 25, ""leg_tp"": 140, ""gap_min"": 50, ""be_at"": 1.5, ""partial"": 0, ""trail"": 3.0}",363,233,0.0085,0.132,-29.33,87,48,0.1214,0.902,-5.76,450,281,0.0303,0.521,-28.99,38,40,-0.0786,-0.33,-7.11,205,140,-0.1732,-2.105,-37.98,348,216,0.1194,1.759,-17.6,102,65,-0.2737,-2.614,-31.76,350,218,0.0237,0.363,-21.14,100,63,0.0536,0.417,-14.52,348,215,-0.0218,-0.338,-30.92,102,66,0.2082,1.598,-9.15,-0.1732,-0.0191,,,,,,,,-35.5,-24.4,8.9,0.4,,0.1214,,-0.2737,,0.0536,,0.2082,True,False,True,True,False,3,False,False,False,False
short,FRA40,S18,"1,2",1.468,"{""entry_tf"": 5, ""vwap"": true, ""time_stop"": 90, ""legs"": true, ""leg_max"": 1, ""legs_mgmt"": ""fixed"", ""leg_window"": 30, ""ma"": 100, ""dyn"": false, ""entry_mode"": ""close"", ""pb_frac"": 0.3, ""pb_wait"": 5, ""gap"": ""against"", ""body_min"": 0, ""volf"": ""off"", ""dow"": ""none"", ""big_thr"": 10, ""big_sl"": 40, ""big_tp"": 115, ""std_sl"": 35, ""std_tp"": 60, ""leg_gap"": 10, ""leg_sl"": 45, ""leg_tp"": 0, ""gap_min"": 0, ""be_at"": 0, ""partial"": 2.0, ""trail"": 0}",363,102,0.0382,0.717,-13.37,87,21,0.1303,1.297,-3.57,450,123,0.056,1.186,-15.83,38,18,-0.0823,-0.449,-9.34,205,46,-0.0432,-0.894,-14.84,348,88,0.1085,2.13,-8.34,102,35,-0.1229,-1.086,-21.43,350,100,0.0628,1.111,-15.28,100,23,0.0322,0.416,-2.87,348,93,0.0143,0.287,-17.8,102,30,0.1986,1.65,-7.01,-0.0432,0.0252,,,,,,,,-8.9,-5.4,17.0,1.1,,0.1303,,-0.1229,,0.0322,,0.1986,True,False,True,True,False,3,False,False,False,False
short,FRA40,S19,1,1.395,"{""entry_tf"": 5, ""vwap"": false, ""time_stop"": 120, ""legs"": false, ""leg_max"": 6, ""legs_mgmt"": ""fixed"", ""leg_window"": 30, ""ma"": 100, ""dyn"": true, ""entry_mode"": ""close"", ""pb_frac"": 0.3, ""pb_wait"": 5, ""gap"": ""against"", ""body_min"": 0, ""volf"": ""off"", ""dow"": ""none"", ""big_thr"": 15, ""big_sl"": 50, ""big_tp"": 0, ""std_sl"": 25, ""std_tp"": 80, ""leg_gap"": 10, ""leg_sl"": 35, ""leg_tp"": 60, ""gap_min"": 0, ""be_at"": 0, ""partial"": 1.5, ""trail"": 2.0}",363,114,0.0382,0.951,-10.94,87,22,0.0935,1.041,-3.54,450,136,0.0489,1.329,-10.96,38,20,-0.13,-0.919,-7.71,205,57,-0.0092,-0.193,-12.22,348,98,0.1051,2.554,-6.33,102,38,-0.1428,-1.815,-21.31,350,110,0.0482,1.135,-10.58,100,26,0.0515,0.703,-3.62,348,101,0.0144,0.347,-13.93,102,35,0.1667,2.127,-5.66,-0.0092,0.0112,,,,,,,,-1.9,-13.3,16.7,-1.3,,0.0935,,-0.1428,,0.0515,,0.1667,True,False,True,True,False,3,False,False,False,False
short,FRA40,S20,1,1.316,"{""entry_tf"": 5, ""vwap"": false, ""time_stop"": 180, ""legs"": false, ""leg_max"": 1, ""legs_mgmt"": ""fixed"", ""leg_window"": 60, ""ma"": 100, ""dyn"": false, ""entry_mode"": ""close"", ""pb_frac"": 0.5, ""pb_wait"": 15, ""gap"": ""against"", ""body_min"": 0, ""volf"": ""skip_high"", ""dow"": ""none"", ""big_thr"": 15, ""big_sl"": 40, ""big_tp"": 150, ""std_sl"": 35, ""std_tp"": 30, ""leg_gap"": 25, ""leg_sl"": 45, ""leg_tp"": 60, ""gap_min"": 0, ""be_at"": 1.5, ""partial"": 1.0, ""trail"": 2.0}",363,102,0.0207,0.563,-11.17,87,20,0.0252,0.37,-3.63,450,122,0.0216,0.664,-10.3,38,17,-0.1819,-1.408,-9.12,205,49,-0.0185,-0.483,-10.67,348,90,0.0635,1.722,-6.67,102,32,-0.1214,-1.815,-15.5,350,97,0.0297,0.79,-11.25,100,25,-0.0069,-0.109,-4.55,348,91,-0.0222,-0.655,-12.11,102,31,0.171,2.054,-4.67,-0.0185,-0.0065,,,,,,,,-3.8,-14.2,6.9,-3.6,,0.0252,,-0.1214,,-0.0069,,0.171,True,False,False,True,False,2,False,False,False,False
short,FRA40,S21,1,1.271,"{""entry_tf"": 5, ""vwap"": true, ""time_stop"": 999, ""legs"": false, ""leg_max"": 2, ""legs_mgmt"": ""same"", ""leg_window"": 120, ""ma"": 100, ""dyn"": true, ""entry_mode"": ""close"", ""pb_frac"": 0.3, ""pb_wait"": 15, ""gap"": ""off"", ""body_min"": 0, ""volf"": ""off"", ""dow"": ""none"", ""big_thr"": 10, ""big_sl"": 50, ""big_tp"": 0, ""std_sl"": 30, ""std_tp"": 50, ""leg_gap"": 15, ""leg_sl"": 35, ""leg_tp"": 90, ""gap_min"": 0, ""be_at"": 1.5, ""partial"": 0, ""trail"": 3.0}",363,185,0.0549,0.661,-28.17,87,38,0.0448,0.308,-8.05,450,223,0.0529,0.728,-33.93,38,30,0.2343,0.675,-5.99,205,118,-0.1282,-1.147,-38.71,348,171,0.1499,1.673,-20.21,102,52,-0.2779,-3.095,-30.88,350,174,0.052,0.607,-27.1,100,49,0.0563,0.428,-13.22,348,169,-0.0045,-0.059,-32.97,102,54,0.2488,1.311,-9.34,-0.1282,0.0115,,,,,,,,-26.3,-20.1,10.9,25.4,,0.0448,,-0.2779,,0.0563,,0.2488,True,False,True,True,False,3,False,True,False,False
short,FRA40,S22,1,1.257,"{""entry_tf"": 5, ""vwap"": false, ""time_stop"": 999, ""legs"": false, ""leg_max"": 1, ""legs_mgmt"": ""fixed"", ""leg_window"": 60, ""ma"": 100, ""dyn"": true, ""entry_mode"": ""close"", ""pb_frac"": 0.5, ""pb_wait"": 15, ""gap"": ""off"", ""body_min"": 0, ""volf"": ""off"", ""dow"": ""none"", ""big_thr"": 10, ""big_sl"": 50, ""big_tp"": 0, ""std_sl"": 15, ""std_tp"": 0, ""leg_gap"": 10, ""leg_sl"": 45, ""leg_tp"": 140, ""gap_min"": 50, ""be_at"": 1.5, ""partial"": 2.0, ""trail"": 0}",363,227,0.0689,0.919,-25.78,87,47,0.0846,0.598,-6.34,450,274,0.0719,1.084,-28.98,38,38,-0.144,-0.574,-13.82,205,140,-0.1261,-1.332,-39.13,348,210,0.1672,2.105,-16.99,102,64,-0.2533,-2.429,-34.75,350,214,0.0773,1.031,-22.46,100,60,0.0532,0.373,-12.16,348,208,0.0054,0.075,-28.6,102,66,0.2991,1.878,-9.46,-0.1261,0.0111,,,,,,,,-25.8,-26.2,21.3,6.5,,0.0846,,-0.2533,,0.0532,,0.2991,True,False,True,True,False,3,False,False,False,False
short,FRA40,S23,1,1.248,"{""entry_tf"": 5, ""vwap"": false, ""time_stop"": 120, ""legs"": false, ""leg_max"": 2, ""legs_mgmt"": ""fixed"", ""leg_window"": 30, ""ma"": 0, ""dyn"": true, ""entry_mode"": ""close"", ""pb_frac"": 0.5, ""pb_wait"": 15, ""gap"": ""against"", ""body_min"": 0, ""volf"": ""off"", ""dow"": ""fri"", ""big_thr"": 25, ""big_sl"": 50, ""big_tp"": 0, ""std_sl"": 35, ""std_tp"": 42, ""leg_gap"": 20, ""leg_sl"": 35, ""leg_tp"": 140, ""gap_min"": 50, ""be_at"": 0, ""partial"": 1.5, ""trail"": 3.0}",363,115,0.0438,1.044,-10.05,87,22,0.0906,0.978,-4.41,450,137,0.0528,1.38,-10.78,38,9,0.0566,0.486,-3.01,205,51,-0.063,-1.454,-13.71,348,106,0.0947,2.109,-8.5,102,31,-0.0901,-1.301,-17.13,350,107,0.0322,0.754,-11.0,100,30,0.1251,1.461,-3.4,348,102,0.0368,0.85,-8.32,102,35,0.1074,1.316,-6.38,-0.063,0.0308,,,,,,,,-12.9,3.8,-0.0,17.8,,0.0906,,-0.0901,,0.1251,,0.1074,True,False,True,True,False,3,False,True,False,False
short,FRA40,S24,1,1.218,"{""entry_tf"": 5, ""vwap"": true, ""time_stop"": 180, ""legs"": true, ""leg_max"": 4, ""legs_mgmt"": ""fixed"", ""leg_window"": 60, ""ma"": 0, ""dyn"": true, ""entry_mode"": ""close"", ""pb_frac"": 0.5, ""pb_wait"": 30, ""gap"": ""against"", ""body_min"": 0, ""volf"": ""off"", ""dow"": ""none"", ""big_thr"": 20, ""big_sl"": 25, ""big_tp"": 130, ""std_sl"": 25, ""std_tp"": 30, ""leg_gap"": 15, ""leg_sl"": 25, ""leg_tp"": 60, ""gap_min"": 0, ""be_at"": 0, ""partial"": 0, ""trail"": 0}",363,166,0.0544,0.633,-36.47,87,40,0.1488,0.785,-18.16,450,206,0.0726,0.926,-30.3,38,18,0.0718,0.254,-11.28,205,71,-0.1178,-1.416,-28.47,348,158,0.1627,1.737,-26.64,102,48,-0.2345,-1.82,-34.25,350,159,0.0549,0.628,-28.72,100,47,0.1346,0.766,-9.09,348,159,0.0016,0.018,-40.21,102,47,0.3152,1.696,-14.82,-0.1178,0.0233,,,,,,,,-24.1,10.9,-2.3,8.9,,0.1488,,-0.2345,,0.1346,,0.3152,True,False,True,True,False,3,False,True,False,False
short,FRA40,S25,1,1.158,"{""entry_tf"": 5, ""vwap"": false, ""time_stop"": 999, ""legs"": false, ""leg_max"": 6, ""legs_mgmt"": ""same"", ""leg_window"": 120, ""ma"": 100, ""dyn"": false, ""entry_mode"": ""close"", ""pb_frac"": 0.3, ""pb_wait"": 15, ""gap"": ""off"", ""body_min"": 0, ""volf"": ""off"", ""dow"": ""none"", ""big_thr"": 10, ""big_sl"": 50, ""big_tp"": 0, ""std_sl"": 35, ""std_tp"": 50, ""leg_gap"": 15, ""leg_sl"": 25, ""leg_tp"": 140, ""gap_min"": 20, ""be_at"": 1.5, ""partial"": 1.5, ""trail"": 2.0}",363,227,0.0026,0.045,-23.33,87,47,0.0482,0.402,-6.44,450,274,0.0114,0.219,-25.77,38,38,0.0029,0.012,-9.3,205,140,-0.0995,-1.304,-23.94,348,210,0.0909,1.485,-14.0,102,64,-0.2596,-2.784,-33.43,350,214,0.0229,0.379,-20.01,100,60,-0.0289,-0.282,-11.73,348,208,-0.0361,-0.62,-37.75,102,66,0.1737,1.505,-9.55,-0.0995,-0.0285,,,,,,,,-20.4,-23.1,11.9,-6.6,,0.0482,,-0.2596,,-0.0289,,0.1737,True,False,False,True,False,2,False,True,False,False
short,FRA40,S26,1,1.151,"{""entry_tf"": 5, ""vwap"": false, ""time_stop"": 120, ""legs"": false, ""leg_max"": 1, ""legs_mgmt"": ""same"", ""leg_window"": 60, ""ma"": 0, ""dyn"": true, ""entry_mode"": ""close"", ""pb_frac"": 0.7, ""pb_wait"": 30, ""gap"": ""against"", ""body_min"": 0, ""volf"": ""skip_high"", ""dow"": ""none"", ""big_thr"": 20, ""big_sl"": 50, ""big_tp"": 0, ""std_sl"": 25, ""std_tp"": 30, ""leg_gap"": 10, ""leg_sl"": 25, ""leg_tp"": 0, ""gap_min"": 0, ""be_at"": 0, ""partial"": 1.5, ""trail"": 0}",363,157,0.059,1.213,-19.07,87,37,0.084,0.78,-6.84,450,194,0.0638,1.437,-25.07,38,17,-0.1375,-1.023,-7.4,205,78,-0.0884,-1.648,-22.22,348,148,0.1111,2.194,-15.64,102,46,-0.0974,-1.073,-18.18,350,154,0.0568,1.123,-24.83,100,40,0.0885,0.953,-3.36,348,147,0.0242,0.487,-17.5,102,47,0.1991,2.051,-7.86,-0.0884,0.0091,,,,,,,,-18.1,-12.3,1.5,11.3,,0.084,,-0.0974,,0.0885,,0.1991,True,False,True,True,False,3,False,False,False,False
short,FRA40,S27,"1,2",1.145,"{""entry_tf"": 5, ""vwap"": false, ""time_stop"": 120, ""legs"": false, ""leg_max"": 4, ""legs_mgmt"": ""fixed"", ""leg_window"": 120, ""ma"": 0, ""dyn"": true, ""entry_mode"": ""close"", ""pb_frac"": 0.7, ""pb_wait"": 5, ""gap"": ""against"", ""body_min"": 0, ""volf"": ""off"", ""dow"": ""fri"", ""big_thr"": 25, ""big_sl"": 30, ""big_tp"": 200, ""std_sl"": 15, ""std_tp"": 0, ""leg_gap"": 25, ""leg_sl"": 25, ""leg_tp"": 0, ""gap_min"": 20, ""be_at"": 2.0, ""partial"": 0, ""trail"": 0}",363,135,0.0984,1.17,-22.47,87,28,0.074,0.455,-7.99,450,163,0.0937,1.253,-22.15,38,13,-0.0482,-0.25,-7.91,205,65,-0.2201,-3.367,-46.59,348,125,0.1231,1.428,-13.62,102,38,-0.0066,-0.044,-21.5,350,128,0.0987,1.184,-19.76,100,35,0.0761,0.455,-8.4,348,123,0.0621,0.749,-20.44,102,40,0.2015,1.192,-11.51,-0.2201,0.062,,,,,,,,-45.1,8.8,28.0,0.6,,0.074,,-0.0066,,0.0761,,0.2015,True,False,True,True,False,3,False,False,False,False
short,FRA40,S28,1,1.14,"{""entry_tf"": 5, ""vwap"": false, ""time_stop"": 999, ""legs"": false, ""leg_max"": 2, ""legs_mgmt"": ""fixed"", ""leg_window"": 30, ""ma"": 100, ""dyn"": false, ""entry_mode"": ""close"", ""pb_frac"": 0.3, ""pb_wait"": 15, ""gap"": ""off"", ""body_min"": 0, ""volf"": ""off"", ""dow"": ""none"", ""big_thr"": 15, ""big_sl"": 40, ""big_tp"": 200, ""std_sl"": 15, ""std_tp"": 60, ""leg_gap"": 10, ""leg_sl"": 45, ""leg_tp"": 115, ""gap_min"": 50, ""be_at"": 1.5, ""partial"": 3.0, ""trail"": 3.0}",363,227,0.0332,0.46,-26.15,87,47,0.0988,0.639,-7.01,450,274,0.0459,0.701,-28.69,38,38,-0.2258,-0.889,-11.57,205,140,-0.2196,-2.466,-47.39,348,210,0.1457,1.872,-18.17,102,64,-0.2944,-2.726,-35.45,350,214,0.0293,0.396,-27.55,100,60,0.104,0.736,-10.21,348,208,-0.0217,-0.307,-30.16,102,66,0.2765,1.756,-10.14,-0.2196,0.0069,,,,,,,,-45.0,-13.1,5.6,3.3,,0.0988,,-0.2944,,0.104,,0.2765,True,False,True,True,False,3,False,False,False,False
short,FRA40,S29,2,1.188,"{""entry_tf"": 5, ""vwap"": true, ""time_stop"": 240, ""legs"": true, ""leg_max"": 4, ""legs_mgmt"": ""same"", ""leg_window"": 60, ""ma"": 100, ""dyn"": false, ""entry_mode"": ""close"", ""pb_frac"": 0.5, ""pb_wait"": 30, ""gap"": ""against"", ""body_min"": 0, ""volf"": ""off"", ""dow"": ""none"", ""big_thr"": 20, ""big_sl"": 40, ""big_tp"": 200, ""std_sl"": 15, ""std_tp"": 80, ""leg_gap"": 25, ""leg_sl"": 45, ""leg_tp"": 60, ""gap_min"": 0, ""be_at"": 1.5, ""partial"": 0, ""trail"": 2.0}",363,93,0.0633,1.248,-7.69,87,21,0.1349,1.199,-3.71,450,114,0.0771,1.664,-8.45,38,17,-0.0175,-0.086,-9.07,205,45,-0.0501,-1.043,-12.33,348,84,0.1064,2.046,-8.76,102,30,-0.0229,-0.227,-9.38,350,92,0.1049,1.894,-8.19,100,22,-0.02,-0.263,-6.45,348,86,0.0461,0.911,-10.72,102,28,0.1829,1.683,-5.28,-0.0501,0.0514,,,,,,,,-10.3,3.1,15.1,13.6,,0.1349,,-0.0229,,-0.02,,0.1829,True,False,False,True,False,2,False,False,False,False
short,FRA40,S30,2,0.994,"{""entry_tf"": 5, ""vwap"": true, ""time_stop"": 60, ""legs"": false, ""leg_max"": 1, ""legs_mgmt"": ""same"", ""leg_window"": 60, ""ma"": 100, ""dyn"": false, ""entry_mode"": ""close"", ""pb_frac"": 0.5, ""pb_wait"": 30, ""gap"": ""against"", ""body_min"": 0, ""volf"": ""off"", ""dow"": ""none"", ""big_thr"": 25, ""big_sl"": 50, ""big_tp"": 0, ""std_sl"": 20, ""std_tp"": 0, ""leg_gap"": 15, ""leg_sl"": 35, ""leg_tp"": 90, ""gap_min"": 0, ""be_at"": 2.0, ""partial"": 3.0, ""trail"": 1.5}",363,92,0.0358,0.97,-7.26,87,20,0.0451,0.534,-3.45,450,112,0.0376,1.107,-9.5,38,15,0.0738,0.493,-4.13,205,45,0.0063,0.161,-3.79,348,82,0.0486,1.321,-6.66,102,30,0.0001,0.001,-10.04,350,91,0.0507,1.271,-8.75,100,21,-0.0081,-0.131,-4.82,348,84,0.0202,0.53,-10.39,102,28,0.0969,1.309,-5.3,0.0063,0.0128,,,,,,,,1.3,-3.1,7.3,6.7,,0.0451,,0.0001,,-0.0081,,0.0969,True,False,False,True,False,2,False,True,False,False
short,FRA40,S31,2,0.758,"{""entry_tf"": 5, ""vwap"": false, ""time_stop"": 120, ""legs"": true, ""leg_max"": 4, ""legs_mgmt"": ""fixed"", ""leg_window"": 120, ""ma"": 0, ""dyn"": false, ""entry_mode"": ""close"", ""pb_frac"": 0.3, ""pb_wait"": 5, ""gap"": ""against"", ""body_min"": 0, ""volf"": ""skip_high"", ""dow"": ""none"", ""big_thr"": 25, ""big_sl"": 40, ""big_tp"": 200, ""std_sl"": 25, ""std_tp"": 80, ""leg_gap"": 10, ""leg_sl"": 45, ""leg_tp"": 115, ""gap_min"": 20, ""be_at"": 0, ""partial"": 0, ""trail"": 2.0}",363,159,0.0351,0.513,-23.97,87,38,0.1197,0.881,-4.27,450,197,0.0515,0.841,-25.78,38,19,-0.1327,-0.532,-11.07,205,73,-0.1512,-2.489,-36.31,348,152,0.0779,1.161,-17.22,102,45,-0.0388,-0.272,-23.83,350,155,0.0816,1.113,-28.85,100,42,-0.0539,-0.544,-10.32,348,152,-0.0126,-0.196,-19.81,102,45,0.2702,1.756,-10.32,-0.1512,-0.0091,,,,,,,,-31.0,-27.6,6.6,10.1,,0.1197,,-0.0388,,-0.0539,,0.2702,True,False,False,True,False,2,False,False,False,False
short,FRA40,S32,2,1.112,"{""entry_tf"": 5, ""vwap"": false, ""time_stop"": 180, ""legs"": false, ""leg_max"": 4, ""legs_mgmt"": ""same"", ""leg_window"": 30, ""ma"": 100, ""dyn"": true, ""entry_mode"": ""close"", ""pb_frac"": 0.7, ""pb_wait"": 15, ""gap"": ""against"", ""body_min"": 0, ""volf"": ""off"", ""dow"": ""none"", ""big_thr"": 10, ""big_sl"": 35, ""big_tp"": 150, ""std_sl"": 30, ""std_tp"": 80, ""leg_gap"": 15, ""leg_sl"": 45, ""leg_tp"": 140, ""gap_min"": 20, ""be_at"": 2.0, ""partial"": 3.0, ""trail"": 0}",363,100,0.0336,0.65,-12.88,87,22,0.1357,1.119,-3.63,450,122,0.0533,1.115,-13.99,38,18,-0.2646,-1.572,-13.5,205,51,-0.0717,-1.262,-21.68,348,92,0.0996,1.805,-8.49,102,30,-0.1045,-1.115,-19.7,350,98,0.0728,1.294,-12.93,100,24,-0.0149,-0.172,-7.17,348,91,0.0188,0.361,-12.63,102,31,0.1711,1.51,-6.14,-0.0717,0.0271,,,,,,,,-14.7,-3.3,13.9,-3.5,,0.1357,,-0.1045,,-0.0149,,0.1711,True,False,False,True,False,2,False,False,False,False
short,FRA40,S33,2,0.668,"{""entry_tf"": 5, ""vwap"": true, ""time_stop"": 180, ""legs"": true, ""leg_max"": 1, ""legs_mgmt"": ""same"", ""leg_window"": 60, ""ma"": 100, ""dyn"": false, ""entry_mode"": ""close"", ""pb_frac"": 0.7, ""pb_wait"": 15, ""gap"": ""against"", ""body_min"": 0, ""volf"": ""off"", ""dow"": ""none"", ""big_thr"": 10, ""big_sl"": 40, ""big_tp"": 130, ""std_sl"": 15, ""std_tp"": 42, ""leg_gap"": 25, ""leg_sl"": 35, ""leg_tp"": 60, ""gap_min"": 0, ""be_at"": 0, ""partial"": 0, ""trail"": 3.0}",363,93,0.0398,0.797,-12.75,87,21,0.172,1.479,-3.5,450,114,0.0654,1.415,-10.6,38,16,-0.0645,-0.367,-10.51,205,45,-0.0399,-0.721,-14.36,348,84,0.1207,2.248,-9.5,102,30,-0.1234,-1.419,-16.02,350,92,0.0573,1.093,-10.67,100,22,0.0936,0.957,-2.36,348,86,0.0392,0.761,-11.35,102,28,0.1548,1.5,-7.01,-0.0399,0.0437,,,,,,,,-8.2,2.0,11.9,11.3,,0.172,,-0.1234,,0.0936,,0.1548,True,False,True,True,True,3,False,False,False,False
short,FRA40,S34,2,0.654,"{""entry_tf"": 5, ""vwap"": true, ""time_stop"": 60, ""legs"": false, ""leg_max"": 4, ""legs_mgmt"": ""same"", ""leg_window"": 60, ""ma"": 100, ""dyn"": false, ""entry_mode"": ""close"", ""pb_frac"": 0.3, ""pb_wait"": 30, ""gap"": ""against"", ""body_min"": 0, ""volf"": ""off"", ""dow"": ""none"", ""big_thr"": 15, ""big_sl"": 40, ""big_tp"": 0, ""std_sl"": 25, ""std_tp"": 42, ""leg_gap"": 15, ""leg_sl"": 25, ""leg_tp"": 60, ""gap_min"": 0, ""be_at"": 0, ""partial"": 0, ""trail"": 3.0}",363,92,0.0195,0.416,-14.02,87,20,0.2164,1.483,-3.5,450,112,0.0576,1.217,-11.08,38,15,-0.009,-0.05,-6.35,205,45,-0.0293,-0.568,-13.71,348,82,0.1006,1.874,-7.66,102,30,-0.0892,-0.903,-16.17,350,91,0.066,1.191,-9.74,100,21,0.028,0.319,-5.07,348,84,0.0418,0.757,-12.73,102,28,0.1114,1.239,-6.26,-0.0293,0.0381,,,,,,,,-6.0,0.5,14.9,8.3,,0.2164,,-0.0892,,0.028,,0.1114,True,False,True,True,True,3,False,False,False,False
short,FRA40,S35,2,0.649,"{""entry_tf"": 5, ""vwap"": false, ""time_stop"": 240, ""legs"": true, ""leg_max"": 6, ""legs_mgmt"": ""same"", ""leg_window"": 30, ""ma"": 0, ""dyn"": false, ""entry_mode"": ""close"", ""pb_frac"": 0.5, ""pb_wait"": 5, ""gap"": ""against"", ""body_min"": 0, ""volf"": ""off"", ""dow"": ""none"", ""big_thr"": 20, ""big_sl"": 40, ""big_tp"": 200, ""std_sl"": 15, ""std_tp"": 0, ""leg_gap"": 25, ""leg_sl"": 25, ""leg_tp"": 60, ""gap_min"": 20, ""be_at"": 2.0, ""partial"": 2.0, ""trail"": 2.0}",363,167,0.0281,0.508,-22.86,87,39,0.1073,0.879,-5.12,450,206,0.0434,0.86,-24.83,38,18,-0.2395,-1.47,-12.43,205,80,-0.0891,-1.435,-23.38,348,158,0.0784,1.365,-17.82,102,48,-0.0759,-0.722,-21.81,350,161,0.0513,0.891,-21.49,100,45,0.0159,0.151,-8.64,348,157,0.018,0.317,-15.36,102,49,0.1303,1.18,-10.34,-0.0891,0.011,,,,,,,,-18.3,-2.7,0.5,0.0,,0.1073,,-0.0759,,0.0159,,0.1303,True,False,False,True,False,2,False,False,False,False
short,FRA40,S36,2,0.996,"{""entry_tf"": 5, ""vwap"": false, ""time_stop"": 180, ""legs"": true, ""leg_max"": 2, ""legs_mgmt"": ""same"", ""leg_window"": 120, ""ma"": 100, ""dyn"": false, ""entry_mode"": ""close"", ""pb_frac"": 0.7, ""pb_wait"": 15, ""gap"": ""against"", ""body_min"": 0, ""volf"": ""off"", ""dow"": ""none"", ""big_thr"": 15, ""big_sl"": 40, ""big_tp"": 200, ""std_sl"": 30, ""std_tp"": 0, ""leg_gap"": 20, ""leg_sl"": 25, ""leg_tp"": 140, ""gap_min"": 20, ""be_at"": 0, ""partial"": 1.5, ""trail"": 3.0}",363,101,0.0294,0.658,-9.13,87,23,0.1462,1.388,-3.5,450,124,0.052,1.254,-10.82,38,19,-0.0565,-0.255,-9.18,205,51,-0.037,-0.731,-17.39,348,94,0.0956,1.97,-7.96,102,30,-0.0967,-1.274,-15.83,350,99,0.0653,1.357,-9.79,100,25,0.0052,0.065,-4.67,348,93,0.0278,0.627,-11.26,102,31,0.1346,1.31,-6.52,-0.037,0.0281,,,,,,,,-7.6,-3.2,8.2,10.6,,0.1462,,-0.0967,,0.0052,,0.1346,True,False,False,True,False,2,False,False,False,False
short,FRA40,S37,3,0.826,"{""entry_tf"": 1, ""vwap"": false, ""time_stop"": 240, ""legs"": true, ""leg_max"": 1, ""legs_mgmt"": ""fixed"", ""leg_window"": 60, ""ma"": 0, ""dyn"": false, ""entry_mode"": ""close"", ""pb_frac"": 0.3, ""pb_wait"": 15, ""gap"": ""against"", ""body_min"": 0, ""volf"": ""off"", ""dow"": ""fri"", ""big_thr"": 15, ""big_sl"": 30, ""big_tp"": 0, ""std_sl"": 35, ""std_tp"": 0, ""leg_gap"": 25, ""leg_sl"": 45, ""leg_tp"": 0, ""gap_min"": 50, ""be_at"": 0.5, ""partial"": 2.0, ""trail"": 0}",363,122,0.0279,0.518,-23.39,87,21,0.0523,0.447,-9.05,450,143,0.0326,0.666,-30.45,38,8,-0.0714,-1.412,-2.71,205,49,-0.1085,-3.98,-22.24,348,107,0.0063,0.121,-26.77,102,36,0.1225,0.997,-6.31,350,112,0.0369,0.664,-21.28,100,31,0.0178,0.171,-10.53,348,105,0.0669,1.137,-16.49,102,38,-0.0842,-1.06,-16.07,-0.1085,0.008,,,,,,,,-22.2,0.3,-14.0,16.0,,0.0523,,0.1225,,0.0178,,-0.0842,True,True,True,False,False,3,False,False,False,False
short,FRA40,S38,3,0.839,"{""entry_tf"": 5, ""vwap"": false, ""time_stop"": 240, ""legs"": true, ""leg_max"": 2, ""legs_mgmt"": ""fixed"", ""leg_window"": 60, ""ma"": 0, ""dyn"": true, ""entry_mode"": ""close"", ""pb_frac"": 0.3, ""pb_wait"": 30, ""gap"": ""against"", ""body_min"": 0.3, ""volf"": ""off"", ""dow"": ""none"", ""big_thr"": 10, ""big_sl"": 50, ""big_tp"": 0, ""std_sl"": 15, ""std_tp"": 60, ""leg_gap"": 25, ""leg_sl"": 25, ""leg_tp"": 115, ""gap_min"": 20, ""be_at"": 1.5, ""partial"": 3.0, ""trail"": 0}",363,119,0.0818,1.355,-11.52,87,30,0.0594,0.516,-7.55,450,149,0.0775,1.447,-14.93,38,12,-0.0645,-0.423,-5.95,205,53,-0.0443,-0.817,-15.35,348,114,0.0848,1.446,-12.65,102,35,0.0524,0.417,-18.65,350,114,0.0504,0.893,-18.47,100,35,0.1723,1.25,-4.57,348,118,0.0959,1.486,-11.47,102,31,0.0146,0.171,-9.65,-0.0443,0.0488,,,,,,,,-9.1,14.7,5.5,8.1,,0.0594,,0.0524,,0.1723,,0.0146,True,True,True,False,False,3,False,False,False,False
short,FRA40,S39,3,0.585,"{""entry_tf"": 1, ""vwap"": false, ""time_stop"": 240, ""legs"": true, ""leg_max"": 1, ""legs_mgmt"": ""fixed"", ""leg_window"": 30, ""ma"": 0, ""dyn"": true, ""entry_mode"": ""close"", ""pb_frac"": 0.7, ""pb_wait"": 5, ""gap"": ""against"", ""body_min"": 0, ""volf"": ""off"", ""dow"": ""none"", ""big_thr"": 20, ""big_sl"": 30, ""big_tp"": 0, ""std_sl"": 30, ""std_tp"": 30, ""leg_gap"": 20, ""leg_sl"": 25, ""leg_tp"": 60, ""gap_min"": 20, ""be_at"": 2.0, ""partial"": 0, ""trail"": 3.0}",363,171,0.0449,0.467,-41.01,87,35,0.1458,0.765,-9.88,450,206,0.0644,0.749,-44.13,38,17,-0.1624,-0.624,-15.13,205,77,0.0125,0.113,-24.78,348,156,0.0513,0.564,-33.92,102,50,0.1091,0.501,-25.63,350,158,0.0953,0.972,-32.78,100,48,-0.0437,-0.246,-22.77,348,154,0.0887,0.884,-32.65,102,52,-0.0186,-0.115,-23.11,0.0125,0.0231,,,,,,,,2.6,20.0,-29.8,18.2,,0.1458,,0.1091,,-0.0437,,-0.0186,True,True,False,False,False,2,False,False,False,False
short,FRA40,S40,3,0.565,"{""entry_tf"": 1, ""vwap"": false, ""time_stop"": 180, ""legs"": false, ""leg_max"": 1, ""legs_mgmt"": ""same"", ""leg_window"": 30, ""ma"": 0, ""dyn"": true, ""entry_mode"": ""close"", ""pb_frac"": 0.7, ""pb_wait"": 15, ""gap"": ""against"", ""body_min"": 0, ""volf"": ""off"", ""dow"": ""none"", ""big_thr"": 15, ""big_sl"": 30, ""big_tp"": 0, ""std_sl"": 35, ""std_tp"": 80, ""leg_gap"": 10, ""leg_sl"": 35, ""leg_tp"": 0, ""gap_min"": 20, ""be_at"": 2.0, ""partial"": 0, ""trail"": 3.0}",363,163,0.0228,0.256,-41.96,87,33,0.1504,0.839,-8.01,450,196,0.0475,0.593,-44.56,38,16,-0.1335,-0.525,-13.88,205,74,-0.0273,-0.264,-24.78,348,149,0.0378,0.446,-32.35,102,47,0.0807,0.397,-26.42,350,151,0.0747,0.815,-36.09,100,45,-0.0478,-0.293,-20.21,348,146,0.0795,0.847,-29.42,102,50,-0.0616,-0.415,-25.27,-0.0273,0.0184,,,,,,,,-5.6,24.3,-32.2,14.4,,0.1504,,0.0807,,-0.0478,,-0.0616,True,True,False,False,False,2,False,False,False,False
short,FRA40,S41,3,0.404,"{""entry_tf"": 1, ""vwap"": true, ""time_stop"": 999, ""legs"": true, ""leg_max"": 2, ""legs_mgmt"": ""fixed"", ""leg_window"": 30, ""ma"": 0, ""dyn"": true, ""entry_mode"": ""close"", ""pb_frac"": 0.5, ""pb_wait"": 30, ""gap"": ""against"", ""body_min"": 0, ""volf"": ""off"", ""dow"": ""none"", ""big_thr"": 20, ""big_sl"": 30, ""big_tp"": 150, ""std_sl"": 25, ""std_tp"": 50, ""leg_gap"": 10, ""leg_sl"": 25, ""leg_tp"": 140, ""gap_min"": 50, ""be_at"": 0.5, ""partial"": 3.0, ""trail"": 0}",363,128,0.0654,0.994,-28.16,87,28,-0.0325,-0.347,-9.35,450,156,0.0464,0.828,-30.5,38,8,-0.0988,-2.01,-3.76,205,65,-0.0083,-0.108,-10.34,348,119,0.0376,0.598,-21.66,102,37,0.0768,0.621,-11.21,350,118,0.0303,0.522,-22.05,100,38,0.103,0.688,-11.98,348,120,0.0702,1.021,-23.5,102,36,-0.0345,-0.442,-14.86,-0.0083,0.0117,,,,,,,,-1.7,16.5,-15.8,3.0,,-0.0325,,0.0768,,0.103,,-0.0345,False,True,True,False,False,2,False,False,False,False
short,FRA40,S42,3,0.396,"{""entry_tf"": 5, ""vwap"": true, ""time_stop"": 240, ""legs"": true, ""leg_max"": 4, ""legs_mgmt"": ""same"", ""leg_window"": 60, ""ma"": 100, ""dyn"": false, ""entry_mode"": ""close"", ""pb_frac"": 0.5, ""pb_wait"": 15, ""gap"": ""off"", ""body_min"": 0, ""volf"": ""skip_low"", ""dow"": ""fri"", ""big_thr"": 20, ""big_sl"": 40, ""big_tp"": 200, ""std_sl"": 20, ""std_tp"": 30, ""leg_gap"": 25, ""leg_sl"": 45, ""leg_tp"": 60, ""gap_min"": 20, ""be_at"": 1.0, ""partial"": 2.0, ""trail"": 1.0}",363,125,0.0148,0.441,-16.72,87,28,0.002,0.028,-5.69,450,153,0.0123,0.407,-17.84,38,22,-0.0459,-0.323,-6.83,205,75,-0.0802,-2.02,-16.98,348,122,0.0138,0.389,-16.67,102,31,0.0071,0.129,-4.49,350,118,0.0041,0.121,-14.41,100,35,0.041,0.612,-5.53,348,114,0.0337,0.971,-14.81,102,39,-0.0607,-1.0,-6.05,-0.0802,-0.0074,,,,,,,,-16.4,-10.2,16.4,-12.7,,0.002,,0.0071,,0.041,,-0.0607,False,True,True,False,False,2,False,False,False,False
short,FRA40,S43,3,0.377,"{""entry_tf"": 5, ""vwap"": true, ""time_stop"": 240, ""legs"": false, ""leg_max"": 2, ""legs_mgmt"": ""fixed"", ""leg_window"": 120, ""ma"": 100, ""dyn"": false, ""entry_mode"": ""close"", ""pb_frac"": 0.3, ""pb_wait"": 5, ""gap"": ""off"", ""body_min"": 0, ""volf"": ""skip_low"", ""dow"": ""none"", ""big_thr"": 20, ""big_sl"": 50, ""big_tp"": 150, ""std_sl"": 20, ""std_tp"": 80, ""leg_gap"": 15, ""leg_sl"": 35, ""leg_tp"": 90, ""gap_min"": 100, ""be_at"": 0.5, ""partial"": 2.0, ""trail"": 1.0}",363,156,0.03,0.861,-16.12,87,34,-0.0242,-0.357,-5.73,450,190,0.0195,0.629,-17.13,38,24,-0.0206,-0.153,-6.6,205,94,-0.0322,-0.703,-9.13,348,147,0.0116,0.325,-17.39,102,43,0.0466,0.742,-5.08,350,149,0.0099,0.296,-14.4,100,41,0.053,0.703,-7.81,348,141,0.0366,1.026,-15.0,102,49,-0.0387,-0.621,-5.49,-0.0322,-0.014,,,,,,,,-6.6,-16.0,16.1,-9.7,,-0.0242,,0.0466,,0.053,,-0.0387,False,True,True,False,False,2,False,False,False,False
short,FRA40,S44,3,0.33,"{""entry_tf"": 5, ""vwap"": false, ""time_stop"": 240, ""legs"": true, ""leg_max"": 1, ""legs_mgmt"": ""same"", ""leg_window"": 30, ""ma"": 100, ""dyn"": true, ""entry_mode"": ""close"", ""pb_frac"": 0.7, ""pb_wait"": 5, ""gap"": ""off"", ""body_min"": 0, ""volf"": ""skip_low"", ""dow"": ""mon"", ""big_thr"": 25, ""big_sl"": 40, ""big_tp"": 200, ""std_sl"": 15, ""std_tp"": 42, ""leg_gap"": 10, ""leg_sl"": 45, ""leg_tp"": 140, ""gap_min"": 100, ""be_at"": 1.0, ""partial"": 1.5, ""trail"": 0}",363,160,-0.0031,-0.062,-24.61,87,34,0.0471,0.462,-4.73,450,194,0.0066,0.149,-20.05,38,31,0.0566,0.217,-6.35,205,92,-0.0863,-1.535,-18.81,348,148,0.0051,0.102,-18.05,102,46,0.0119,0.12,-8.29,350,153,0.0118,0.244,-13.02,100,41,-0.0115,-0.108,-15.57,348,145,0.0488,0.915,-14.66,102,49,-0.1373,-1.925,-19.43,-0.0863,-0.0225,,,,,,,,-17.7,-16.4,8.8,-4.4,,0.0471,,0.0119,,-0.0115,,-0.1373,True,True,False,False,False,2,False,True,False,False
short,FRA40,S45,3,0.313,"{""entry_tf"": 5, ""vwap"": true, ""time_stop"": 90, ""legs"": false, ""leg_max"": 6, ""legs_mgmt"": ""same"", ""leg_window"": 30, ""ma"": 100, ""dyn"": false, ""entry_mode"": ""close"", ""pb_frac"": 0.3, ""pb_wait"": 30, ""gap"": ""off"", ""body_min"": 0, ""volf"": ""skip_low"", ""dow"": ""fri"", ""big_thr"": 15, ""big_sl"": 40, ""big_tp"": 100, ""std_sl"": 35, ""std_tp"": 30, ""leg_gap"": 15, ""leg_sl"": 35, ""leg_tp"": 0, ""gap_min"": 20, ""be_at"": 2.0, ""partial"": 3.0, ""trail"": 1.0}",363,121,0.0194,0.595,-15.51,87,28,-0.0248,-0.366,-6.99,450,149,0.0108,0.369,-18.12,38,20,-0.0276,-0.195,-6.22,205,75,-0.0958,-2.602,-20.17,348,119,0.0121,0.356,-16.03,102,30,0.0063,0.112,-3.94,350,116,-0.0032,-0.099,-15.44,100,33,0.06,0.903,-4.51,348,110,0.0294,0.872,-14.28,102,39,-0.0527,-0.895,-5.74,-0.0958,-0.0027,,,,,,,,-19.6,-6.3,13.6,-10.0,,-0.0248,,0.0063,,0.06,,-0.0527,False,True,True,False,False,2,False,False,False,False
short,FRA40,S46,3,0.295,"{""entry_tf"": 5, ""vwap"": true, ""time_stop"": 60, ""legs"": true, ""leg_max"": 2, ""legs_mgmt"": ""same"", ""leg_window"": 120, ""ma"": 0, ""dyn"": true, ""entry_mode"": ""close"", ""pb_frac"": 0.5, ""pb_wait"": 5, ""gap"": ""against"", ""body_min"": 0.3, ""volf"": ""off"", ""dow"": ""none"", ""big_thr"": 20, ""big_sl"": 50, ""big_tp"": 115, ""std_sl"": 15, ""std_tp"": 0, ""leg_gap"": 20, ""leg_sl"": 45, ""leg_tp"": 60, ""gap_min"": 0, ""be_at"": 2.0, ""partial"": 3.0, ""trail"": 2.0}",363,126,0.0361,0.797,-14.21,87,32,-0.0098,-0.104,-10.03,450,158,0.0272,0.667,-19.89,38,14,0.038,0.289,-3.42,205,52,-0.0078,-0.162,-8.37,348,117,0.0374,0.842,-15.73,102,41,-0.0075,-0.077,-12.5,350,122,0.0012,0.026,-19.81,100,36,0.1184,1.215,-4.2,348,125,0.0377,0.779,-12.89,102,33,-0.0086,-0.121,-9.39,-0.0078,0.0061,,,,,,,,-1.6,6.5,-3.8,2.6,,-0.0098,,-0.0075,,0.1184,,-0.0086,False,False,True,False,False,1,False,True,False,False
short,FRA40,LIVE_COMP,,,"{""entry_tf"": 1, ""vwap"": true, ""time_stop"": 120, ""legs"": true, ""leg_max"": 6, ""legs_mgmt"": ""fixed"", ""leg_window"": 120, ""ma"": 0, ""dyn"": false, ""big_thr"": 15, ""big_sl"": 35, ""big_tp"": 115, ""std_sl"": 25, ""std_tp"": 42, ""leg_gap"": 15, ""leg_sl"": 35, ""leg_tp"": 115, ""be_at"": 0, ""partial"": 0, ""trail"": 0, ""entry_mode"": ""close"", ""pb_frac"": 0.5, ""pb_wait"": 15, ""gap"": ""off"", ""gap_min"": 0, ""body_min"": 0, ""volf"": ""off"", ""dow"": ""none""}",363,338,-0.0956,-0.993,-70.54,87,81,-0.0776,-0.401,-19.45,450,419,-0.0921,-1.069,-78.47,38,39,-0.2747,-1.001,-22.12,205,198,-0.0452,-0.318,-35.49,348,323,-0.0684,-0.692,-43.23,102,96,-0.1731,-0.984,-39.29,350,321,-0.0441,-0.451,-55.08,100,98,-0.2602,-1.433,-29.34,348,332,-0.1098,-1.105,-60.01,102,87,-0.0317,-0.184,-26.28,-0.0452,-0.1327,,,,,,,,-9.3,-33.8,-42.9,-17.5,,-0.0776,,-0.1731,,-0.2602,,-0.0317,False,False,False,False,False,0,False,False,False,False
short,FRA40,LIVE_COMP+MA100,,,"{""entry_tf"": 1, ""vwap"": true, ""time_stop"": 120, ""legs"": true, ""leg_max"": 6, ""legs_mgmt"": ""fixed"", ""leg_window"": 120, ""ma"": 100, ""dyn"": false, ""big_thr"": 15, ""big_sl"": 35, ""big_tp"": 115, ""std_sl"": 25, ""std_tp"": 42, ""leg_gap"": 15, ""leg_sl"": 35, ""leg_tp"": 115, ""be_at"": 0, ""partial"": 0, ""trail"": 0, ""entry_mode"": ""close"", ""pb_frac"": 0.5, ""pb_wait"": 15, ""gap"": ""off"", ""gap_min"": 0, ""body_min"": 0, ""volf"": ""off"", ""dow"": ""none""}",363,205,-0.0704,-0.964,-44.02,87,42,-0.1414,-1.114,-24.67,450,247,-0.0841,-1.318,-47.09,38,39,-0.2747,-1.001,-22.12,205,136,0.0338,0.282,-19.3,348,188,-0.0594,-0.806,-27.03,102,59,-0.1686,-1.329,-26.66,350,186,-0.0618,-0.865,-37.87,100,61,-0.1622,-1.151,-17.18,348,195,-0.0592,-0.791,-41.42,102,52,-0.1691,-1.437,-24.84,0.0338,-0.1067,,,,,,,,6.9,-31.6,-30.4,-15.8,,-0.1414,,-0.1686,,-0.1622,,-0.1691,False,False,False,False,False,0,False,False,False,False
short,GER40,S0,"0,1,2",1.339,"{""entry_tf"": 1, ""vwap"": false, ""time_stop"": 240, ""legs"": false, ""leg_max"": 4, ""legs_mgmt"": ""fixed"", ""leg_window"": 60, ""ma"": 100, ""dyn"": false, ""entry_mode"": ""pb"", ""pb_frac"": 0.3, ""pb_wait"": 30, ""gap"": ""off"", ""body_min"": 0, ""volf"": ""skip_high"", ""dow"": ""mon"", ""big_thr"": 15, ""big_sl"": 50, ""big_tp"": 0, ""std_sl"": 25, ""std_tp"": 30, ""leg_gap"": 15, ""leg_sl"": 35, ""leg_tp"": 0, ""gap_min"": 50, ""be_at"": 2.0, ""partial"": 3.0, ""trail"": 0}",366,159,0.1357,1.955,-12.66,94,48,0.0478,0.324,-10.89,460,207,0.1177,1.871,-15.79,39,18,-0.1033,-0.619,-4.98,1861,698,-0.0352,-1.754,-91.84,358,164,0.1314,1.847,-9.79,102,43,0.0698,0.518,-14.51,359,164,0.1218,1.734,-12.47,101,43,0.1035,0.735,-5.76,359,163,0.0995,1.37,-14.69,101,44,0.1826,1.471,-5.65,-0.0341,0.0658,5.0,-14.2,-10.1,-19.6,-32.8,9.9,-1.0,-1.3,-3.6,39.9,2.0,,0.0478,,0.0698,,0.1035,,0.1826,False,True,True,True,False,3,False,False,False,False
short,GER40,S1,0,1.126,"{""entry_tf"": 1, ""vwap"": true, ""time_stop"": 180, ""legs"": true, ""leg_max"": 4, ""legs_mgmt"": ""fixed"", ""leg_window"": 60, ""ma"": 100, ""dyn"": false, ""entry_mode"": ""close"", ""pb_frac"": 0.5, ""pb_wait"": 30, ""gap"": ""off"", ""body_min"": 0, ""volf"": ""skip_low"", ""dow"": ""mon"", ""big_thr"": 15, ""big_sl"": 25, ""big_tp"": 130, ""std_sl"": 35, ""std_tp"": 30, ""leg_gap"": 25, ""leg_sl"": 25, ""leg_tp"": 0, ""gap_min"": 50, ""be_at"": 0, ""partial"": 0, ""trail"": 0}",366,175,0.1165,1.29,-17.86,94,41,-0.4426,-5.074,-41.6,460,216,0.0022,0.03,-29.53,39,27,0.4963,1.008,-5.96,1861,620,-0.0438,-1.63,-121.29,358,165,-0.0274,-0.337,-27.74,102,51,0.1062,0.594,-14.22,359,162,-0.0289,-0.351,-31.69,101,54,0.1129,0.651,-15.41,359,170,-0.0624,-0.767,-37.34,101,46,0.2318,1.305,-7.29,-0.0446,0.0551,28.2,-46.0,1.7,-14.2,-24.6,1.8,-18.7,-12.2,36.3,-19.6,38.0,,-0.4426,,0.1062,,0.1129,,0.2318,False,True,True,True,False,3,False,True,False,False
short,GER40,S2,0,1.101,"{""entry_tf"": 5, ""vwap"": true, ""time_stop"": 999, ""legs"": false, ""leg_max"": 2, ""legs_mgmt"": ""fixed"", ""leg_window"": 120, ""ma"": 0, ""dyn"": true, ""entry_mode"": ""close"", ""pb_frac"": 0.3, ""pb_wait"": 30, ""gap"": ""off"", ""body_min"": 0.3, ""volf"": ""off"", ""dow"": ""none"", ""big_thr"": 25, ""big_sl"": 35, ""big_tp"": 0, ""std_sl"": 15, ""std_tp"": 30, ""leg_gap"": 15, ""leg_sl"": 25, ""leg_tp"": 0, ""gap_min"": 0, ""be_at"": 0.5, ""partial"": 0, ""trail"": 0}",366,270,0.203,1.258,-25.42,94,61,-0.3071,-6.064,-28.87,460,331,0.0988,0.764,-31.1,39,25,0.1705,0.455,-8.84,1861,1194,-0.1451,-3.658,-279.14,358,257,0.1913,1.179,-21.23,102,74,-0.226,-1.922,-30.44,359,254,0.067,0.458,-30.63,101,77,0.2119,0.765,-15.36,359,259,0.019,0.154,-33.15,101,72,0.3824,0.977,-11.38,-0.1459,0.0019,1.8,-37.5,-38.3,-48.3,-22.7,-55.0,-14.4,-60.3,-38.1,29.5,16.4,,-0.3071,,-0.226,,0.2119,,0.3824,False,False,True,True,False,2,False,True,False,False
short,GER40,S3,0,1.028,"{""entry_tf"": 1, ""vwap"": false, ""time_stop"": 120, ""legs"": true, ""leg_max"": 4, ""legs_mgmt"": ""fixed"", ""leg_window"": 30, ""ma"": 0, ""dyn"": false, ""entry_mode"": ""close"", ""pb_frac"": 0.3, ""pb_wait"": 15, ""gap"": ""off"", ""body_min"": 0, ""volf"": ""skip_low"", ""dow"": ""fri"", ""big_thr"": 15, ""big_sl"": 30, ""big_tp"": 0, ""std_sl"": 35, ""std_tp"": 30, ""leg_gap"": 20, ""leg_sl"": 35, ""leg_tp"": 115, ""gap_min"": 100, ""be_at"": 0, ""partial"": 0, ""trail"": 0}",366,268,0.2152,1.504,-24.04,94,63,-0.3225,-1.926,-35.69,460,331,0.1053,0.883,-31.49,39,31,0.7243,1.09,-14.54,1861,1175,-0.0128,-0.299,-70.55,358,257,0.2149,1.517,-29.55,102,74,-0.2792,-1.389,-36.2,359,256,0.0577,0.43,-36.16,101,75,0.2745,1.061,-16.65,359,257,-0.0419,-0.345,-40.22,101,74,0.6286,1.936,-10.62,-0.0157,0.07,15.6,-47.7,-5.2,-2.3,22.9,33.9,-21.1,-25.7,-13.3,34.3,52.2,,-0.3225,,-0.2792,,0.2745,,0.6286,False,False,True,True,False,2,False,True,False,False
short,GER40,S4,"0,1",1.245,"{""entry_tf"": 1, ""vwap"": false, ""time_stop"": 180, ""legs"": true, ""leg_max"": 2, ""legs_mgmt"": ""same"", ""leg_window"": 120, ""ma"": 0, ""dyn"": false, ""entry_mode"": ""close"", ""pb_frac"": 0.7, ""pb_wait"": 30, ""gap"": ""against"", ""body_min"": 0, ""volf"": ""off"", ""dow"": ""none"", ""big_thr"": 15, ""big_sl"": 30, ""big_tp"": 60, ""std_sl"": 15, ""std_tp"": 60, ""leg_gap"": 15, ""leg_sl"": 45, ""leg_tp"": 60, ""gap_min"": 100, ""be_at"": 0.5, ""partial"": 1.5, ""trail"": 0}",366,108,0.0657,2.014,-4.84,94,31,-0.0196,-0.295,-7.75,460,139,0.0482,1.646,-8.66,39,9,0.0342,0.321,-2.91,1861,335,-0.0353,-3.476,-65.73,358,117,0.0702,2.05,-7.51,102,22,-0.029,-0.535,-4.92,359,103,0.0332,1.062,-6.87,101,36,0.1018,1.38,-5.17,359,99,0.0383,1.149,-10.2,101,40,0.0836,1.362,-4.05,-0.0351,0.0108,-2.6,-10.8,-23.5,-11.9,-12.6,-1.3,3.2,-6.7,-17.0,9.5,15.7,,-0.0196,,-0.029,,0.1018,,0.0836,False,False,True,True,False,2,False,True,False,False
short,GER40,S5,"0,1,2",1.069,"{""entry_tf"": 5, ""vwap"": true, ""time_stop"": 999, ""legs"": false, ""leg_max"": 1, ""legs_mgmt"": ""same"", ""leg_window"": 60, ""ma"": 0, ""dyn"": true, ""entry_mode"": ""pb"", ""pb_frac"": 0.5, ""pb_wait"": 30, ""gap"": ""off"", ""body_min"": 0.3, ""volf"": ""off"", ""dow"": ""mon"", ""big_thr"": 20, ""big_sl"": 50, ""big_tp"": 0, ""std_sl"": 25, ""std_tp"": 50, ""leg_gap"": 10, ""leg_sl"": 45, ""leg_tp"": 140, ""gap_min"": 0, ""be_at"": 1.5, ""partial"": 0, ""trail"": 3.0}",366,116,0.1093,1.386,-15.34,94,33,0.0419,0.311,-10.01,460,149,0.0955,1.394,-16.26,39,10,-0.0159,-0.142,-3.37,1861,570,-0.0675,-2.828,-139.03,358,112,0.1237,1.486,-10.85,102,37,-0.0036,-0.037,-11.23,359,114,0.1111,1.45,-16.76,101,35,0.04,0.263,-22.82,359,119,0.0565,0.796,-10.92,101,30,0.2341,1.281,-7.92,-0.0666,0.0263,-8.9,-8.0,-41.1,-23.8,-8.0,-2.1,-17.2,-16.4,-19.5,42.7,-6.9,,0.0419,,-0.0036,,0.04,,0.2341,False,False,False,True,False,1,False,False,False,False
short,GER40,S6,0,0.887,"{""entry_tf"": 1, ""vwap"": true, ""time_stop"": 180, ""legs"": true, ""leg_max"": 2, ""legs_mgmt"": ""same"", ""leg_window"": 60, ""ma"": 0, ""dyn"": false, ""entry_mode"": ""close"", ""pb_frac"": 0.7, ""pb_wait"": 15, ""gap"": ""with"", ""body_min"": 0, ""volf"": ""off"", ""dow"": ""mon"", ""big_thr"": 25, ""big_sl"": 35, ""big_tp"": 0, ""std_sl"": 15, ""std_tp"": 80, ""leg_gap"": 15, ""leg_sl"": 45, ""leg_tp"": 90, ""gap_min"": 50, ""be_at"": 0, ""partial"": 0, ""trail"": 0}",366,92,0.1654,1.846,-12.69,94,18,0.0196,0.145,-7.13,460,110,0.1356,1.772,-15.21,39,15,0.7392,1.095,-3.46,1861,396,-0.0173,-0.656,-57.21,358,82,0.1737,1.892,-12.9,102,28,0.002,0.016,-8.28,359,85,0.1203,1.423,-12.35,101,25,0.1901,1.077,-10.31,359,87,0.0971,1.185,-15.14,101,23,0.2728,1.429,-5.77,-0.0145,0.0862,10.5,-24.3,1.4,-16.8,-3.8,12.7,-14.3,7.0,4.8,12.2,67.1,,0.0196,,0.002,,0.1901,,0.2728,False,False,True,True,False,2,False,True,False,False
short,GER40,S7,0,0.864,"{""entry_tf"": 1, ""vwap"": false, ""time_stop"": 120, ""legs"": true, ""leg_max"": 2, ""legs_mgmt"": ""fixed"", ""leg_window"": 60, ""ma"": 100, ""dyn"": false, ""entry_mode"": ""close"", ""pb_frac"": 0.5, ""pb_wait"": 5, ""gap"": ""off"", ""body_min"": 0, ""volf"": ""off"", ""dow"": ""fri"", ""big_thr"": 25, ""big_sl"": 25, ""big_tp"": 0, ""std_sl"": 35, ""std_tp"": 50, ""leg_gap"": 25, ""leg_sl"": 25, ""leg_tp"": 90, ""gap_min"": 100, ""be_at"": 0, ""partial"": 2.0, ""trail"": 0}",366,235,0.1137,1.182,-18.74,94,58,-0.1757,-1.244,-15.96,460,293,0.0546,0.666,-24.42,39,34,0.439,0.931,-16.81,1861,968,-0.0234,-0.894,-73.97,358,229,0.1011,1.054,-25.1,102,64,-0.1084,-0.713,-21.04,359,228,0.0174,0.192,-31.22,101,65,0.187,0.981,-9.52,359,234,0.0077,0.085,-22.49,101,59,0.2213,1.198,-11.7,-0.0247,0.038,16.0,-23.2,-18.9,-7.2,3.9,2.5,-12.4,-7.3,-14.9,38.6,17.8,,-0.1757,,-0.1084,,0.187,,0.2213,False,False,True,True,False,2,False,True,False,False
short,GER40,S8,0,0.917,"{""entry_tf"": 1, ""vwap"": true, ""time_stop"": 180, ""legs"": true, ""leg_max"": 6, ""legs_mgmt"": ""same"", ""leg_window"": 60, ""ma"": 100, ""dyn"": false, ""entry_mode"": ""close"", ""pb_frac"": 0.3, ""pb_wait"": 15, ""gap"": ""off"", ""body_min"": 0, ""volf"": ""off"", ""dow"": ""fri"", ""big_thr"": 20, ""big_sl"": 50, ""big_tp"": 200, ""std_sl"": 25, ""std_tp"": 60, ""leg_gap"": 25, ""leg_sl"": 35, ""leg_tp"": 115, ""gap_min"": 50, ""be_at"": 0, ""partial"": 0, ""trail"": 3.0}",366,191,0.0999,1.386,-14.07,94,52,-0.0574,-0.421,-8.23,460,243,0.0678,1.062,-16.25,39,32,0.2966,0.969,-11.74,1861,792,-0.0511,-2.179,-115.95,358,194,0.1135,1.495,-12.76,102,49,-0.0925,-0.862,-16.67,359,186,0.089,1.216,-20.07,101,57,-0.0076,-0.058,-14.75,359,198,0.0278,0.388,-12.23,101,45,0.21,1.504,-11.26,-0.0507,0.0507,0.4,-42.6,-10.2,-10.7,-27.4,-0.6,-3.0,-1.3,8.3,16.1,19.7,,-0.0574,,-0.0925,,-0.0076,,0.21,False,False,False,True,False,1,False,True,False,False
short,GER40,S9,0,0.804,"{""entry_tf"": 1, ""vwap"": true, ""time_stop"": 999, ""legs"": false, ""leg_max"": 1, ""legs_mgmt"": ""same"", ""leg_window"": 30, ""ma"": 100, ""dyn"": false, ""entry_mode"": ""close"", ""pb_frac"": 0.7, ""pb_wait"": 15, ""gap"": ""off"", ""body_min"": 0, ""volf"": ""off"", ""dow"": ""none"", ""big_thr"": 20, ""big_sl"": 25, ""big_tp"": 0, ""std_sl"": 30, ""std_tp"": 0, ""leg_gap"": 15, ""leg_sl"": 45, ""leg_tp"": 115, ""gap_min"": 0, ""be_at"": 0, ""partial"": 0, ""trail"": 0}",366,232,0.3176,1.496,-35.62,94,67,-0.3691,-1.095,-43.68,460,299,0.1773,0.969,-49.73,39,35,1.9267,1.519,-10.94,1861,992,0.0207,0.361,-127.38,358,236,0.2183,1.001,-48.29,102,63,0.0336,0.109,-25.22,359,231,0.1124,0.571,-43.9,101,68,0.4081,0.904,-26.61,359,242,0.1454,0.676,-63.57,101,57,0.2907,0.88,-19.45,0.016,0.1417,44.2,-5.5,-9.9,-47.2,-23.1,15.7,43.3,12.7,1.4,116.0,48.7,,-0.3691,,0.0336,,0.4081,,0.2907,False,False,True,True,False,2,True,True,False,False
short,GER40,S10,0,0.796,"{""entry_tf"": 5, ""vwap"": true, ""time_stop"": 240, ""legs"": false, ""leg_max"": 6, ""legs_mgmt"": ""fixed"", ""leg_window"": 30, ""ma"": 100, ""dyn"": true, ""entry_mode"": ""pb"", ""pb_frac"": 0.3, ""pb_wait"": 30, ""gap"": ""off"", ""body_min"": 0.3, ""volf"": ""off"", ""dow"": ""fri"", ""big_thr"": 10, ""big_sl"": 50, ""big_tp"": 200, ""std_sl"": 30, ""std_tp"": 50, ""leg_gap"": 15, ""leg_sl"": 35, ""leg_tp"": 0, ""gap_min"": 50, ""be_at"": 2.0, ""partial"": 2.0, ""trail"": 2.0}",366,125,0.0729,1.529,-7.61,94,33,-0.0026,-0.031,-9.34,460,158,0.0575,1.38,-8.7,39,10,0.0408,0.33,-5.12,1861,453,-0.0584,-3.817,-111.98,358,125,0.0519,1.1,-11.2,102,33,0.0771,0.869,-5.64,359,122,0.0584,1.269,-13.75,101,36,0.0543,0.565,-8.03,359,128,0.0421,0.878,-10.97,101,30,0.1123,1.348,-5.36,-0.0599,0.0276,-19.4,-14.2,-13.7,-20.7,-22.6,-8.8,-0.7,-12.7,-5.6,10.9,14.0,,-0.0026,,0.0771,,0.0543,,0.1123,False,True,True,True,False,3,False,True,False,False
short,GER40,S11,0,0.775,"{""entry_tf"": 5, ""vwap"": true, ""time_stop"": 240, ""legs"": false, ""leg_max"": 4, ""legs_mgmt"": ""same"", ""leg_window"": 30, ""ma"": 0, ""dyn"": true, ""entry_mode"": ""close"", ""pb_frac"": 0.3, ""pb_wait"": 30, ""gap"": ""against"", ""body_min"": 0, ""volf"": ""skip_low"", ""dow"": ""none"", ""big_thr"": 25, ""big_sl"": 40, ""big_tp"": 0, ""std_sl"": 35, ""std_tp"": 80, ""leg_gap"": 15, ""leg_sl"": 45, ""leg_tp"": 115, ""gap_min"": 20, ""be_at"": 2.0, ""partial"": 0, ""trail"": 3.0}",366,123,0.0845,1.076,-14.46,94,35,-0.1412,-1.425,-17.85,460,158,0.0384,0.583,-13.61,39,15,0.2422,0.836,-4.43,1861,533,-0.0623,-2.55,-128.01,358,127,0.0398,0.522,-13.54,102,31,0.0335,0.26,-10.39,359,126,0.0356,0.469,-13.71,101,32,0.0482,0.369,-6.89,359,117,0.0182,0.265,-18.66,101,41,0.11,0.636,-5.84,-0.0623,-0.0006,2.4,-22.2,-22.1,-24.1,-19.2,-12.7,-16.5,-2.9,-27.7,24.9,11.9,,-0.1412,,0.0335,,0.0482,,0.11,False,True,True,True,False,3,False,True,False,False
short,GER40,S12,0,0.76,"{""entry_tf"": 1, ""vwap"": true, ""time_stop"": 90, ""legs"": true, ""leg_max"": 6, ""legs_mgmt"": ""same"", ""leg_window"": 30, ""ma"": 0, ""dyn"": true, ""entry_mode"": ""close"", ""pb_frac"": 0.3, ""pb_wait"": 15, ""gap"": ""with"", ""body_min"": 0, ""volf"": ""off"", ""dow"": ""mon"", ""big_thr"": 20, ""big_sl"": 25, ""big_tp"": 130, ""std_sl"": 30, ""std_tp"": 80, ""leg_gap"": 15, ""leg_sl"": 45, ""leg_tp"": 60, ""gap_min"": 0, ""be_at"": 0, ""partial"": 0, ""trail"": 0}",366,122,0.0997,1.305,-13.54,94,25,-0.1883,-1.989,-17.7,460,147,0.0408,0.638,-17.38,39,18,0.6308,1.82,-2.35,1861,669,-0.1111,-3.565,-242.69,358,114,0.0064,0.091,-19.8,102,33,0.1615,1.094,-5.96,359,108,0.0541,0.753,-10.86,101,39,-0.0064,-0.046,-19.62,359,116,0.0087,0.124,-21.12,101,31,0.1549,1.028,-5.25,-0.1086,0.084,22.0,-94.5,-6.1,-1.6,-34.1,-6.8,-54.1,-29.5,47.0,-5.1,36.7,,-0.1883,,0.1615,,-0.0064,,0.1549,False,True,False,True,False,2,False,True,False,False
short,GER40,S13,0,0.841,"{""entry_tf"": 1, ""vwap"": false, ""time_stop"": 999, ""legs"": false, ""leg_max"": 1, ""legs_mgmt"": ""fixed"", ""leg_window"": 60, ""ma"": 0, ""dyn"": true, ""entry_mode"": ""close"", ""pb_frac"": 0.5, ""pb_wait"": 15, ""gap"": ""against"", ""body_min"": 0, ""volf"": ""off"", ""dow"": ""fri"", ""big_thr"": 15, ""big_sl"": 50, ""big_tp"": 0, ""std_sl"": 30, ""std_tp"": 42, ""leg_gap"": 25, ""leg_sl"": 25, ""leg_tp"": 90, ""gap_min"": 20, ""be_at"": 1.0, ""partial"": 0, ""trail"": 3.0}",366,124,0.109,1.218,-18.39,94,34,-0.0983,-1.349,-13.73,460,158,0.0666,0.915,-21.97,39,11,0.4322,1.119,-3.53,1861,667,-0.0046,-0.157,-63.3,358,125,0.114,1.273,-15.09,102,33,-0.0997,-1.075,-17.37,359,126,0.071,0.805,-18.63,101,32,0.0511,0.474,-5.98,359,115,0.0568,0.776,-15.06,101,43,0.1014,0.493,-11.35,-0.0065,0.0215,-2.5,-4.4,-23.8,-5.6,4.8,4.5,18.1,-3.6,-11.3,12.1,29.9,,-0.0983,,-0.0997,,0.0511,,0.1014,False,False,True,True,False,2,False,True,False,False
short,GER40,S14,"0,2",1.476,"{""entry_tf"": 5, ""vwap"": true, ""time_stop"": 240, ""legs"": false, ""leg_max"": 6, ""legs_mgmt"": ""fixed"", ""leg_window"": 60, ""ma"": 100, ""dyn"": false, ""entry_mode"": ""pb"", ""pb_frac"": 0.3, ""pb_wait"": 30, ""gap"": ""off"", ""body_min"": 0, ""volf"": ""skip_high"", ""dow"": ""mon"", ""big_thr"": 20, ""big_sl"": 50, ""big_tp"": 150, ""std_sl"": 35, ""std_tp"": 0, ""leg_gap"": 20, ""leg_sl"": 35, ""leg_tp"": 0, ""gap_min"": 50, ""be_at"": 0, ""partial"": 2.0, ""trail"": 3.0}",366,123,0.0705,1.486,-17.31,94,35,0.0627,0.63,-7.18,460,158,0.0689,1.607,-13.69,39,14,-0.0804,-0.574,-6.99,1861,504,-0.0105,-0.603,-42.78,358,126,0.059,1.2,-10.43,102,32,0.1035,1.189,-5.59,359,122,0.1048,2.115,-10.08,101,36,-0.0585,-0.702,-15.72,359,125,0.0414,0.865,-16.82,101,33,0.1666,1.752,-4.58,-0.0118,0.0512,-7.4,-27.9,-0.9,25.9,-1.0,-2.5,-3.5,-5.0,4.1,17.3,8.3,,0.0627,,0.1035,,-0.0585,,0.1666,True,True,False,True,False,3,False,False,False,False
short,GER40,S15,1,1.423,"{""entry_tf"": 1, ""vwap"": true, ""time_stop"": 180, ""legs"": true, ""leg_max"": 1, ""legs_mgmt"": ""same"", ""leg_window"": 60, ""ma"": 100, ""dyn"": true, ""entry_mode"": ""close"", ""pb_frac"": 0.7, ""pb_wait"": 5, ""gap"": ""against"", ""body_min"": 0, ""volf"": ""off"", ""dow"": ""none"", ""big_thr"": 20, ""big_sl"": 30, ""big_tp"": 60, ""std_sl"": 25, ""std_tp"": 50, ""leg_gap"": 25, ""leg_sl"": 35, ""leg_tp"": 0, ""gap_min"": 50, ""be_at"": 1.0, ""partial"": 1.0, ""trail"": 1.0}",366,94,0.0176,0.742,-7.54,94,25,0.0488,1.162,-3.34,460,119,0.024,1.157,-7.54,39,11,0.0118,0.143,-2.29,1861,350,-0.0642,-6.864,-119.76,358,96,0.0512,2.199,-5.54,102,23,-0.0717,-1.633,-7.01,359,89,0.0132,0.597,-7.08,101,30,0.0622,1.196,-2.77,359,92,0.028,1.123,-6.15,101,27,0.0096,0.297,-3.02,-0.0643,-0.0216,-14.2,-30.0,-12.8,-20.8,-18.3,-12.0,-0.6,-12.5,-27.1,13.1,0.6,,0.0488,,-0.0717,,0.0622,,0.0096,True,False,True,False,False,2,False,True,False,False
short,GER40,S16,"1,3",1.338,"{""entry_tf"": 1, ""vwap"": true, ""time_stop"": 999, ""legs"": false, ""leg_max"": 2, ""legs_mgmt"": ""fixed"", ""leg_window"": 120, ""ma"": 100, ""dyn"": true, ""entry_mode"": ""close"", ""pb_frac"": 0.5, ""pb_wait"": 30, ""gap"": ""against"", ""body_min"": 0, ""volf"": ""off"", ""dow"": ""none"", ""big_thr"": 20, ""big_sl"": 35, ""big_tp"": 60, ""std_sl"": 15, ""std_tp"": 60, ""leg_gap"": 20, ""leg_sl"": 35, ""leg_tp"": 140, ""gap_min"": 20, ""be_at"": 1.0, ""partial"": 1.0, ""trail"": 1.5}",366,100,-0.0102,-0.371,-9.66,94,31,0.1175,1.987,-2.18,460,131,0.0159,0.633,-7.33,39,13,0.0217,0.213,-3.77,1861,443,-0.0687,-5.703,-130.86,358,105,0.0514,1.796,-4.65,102,26,-0.1088,-2.163,-12.45,359,101,0.0048,0.17,-7.35,101,30,0.0554,0.999,-3.94,359,102,0.0398,1.363,-7.33,101,29,-0.069,-1.463,-10.19,-0.0696,-0.0263,-11.7,-39.1,-18.4,-25.1,-15.4,-11.2,2.8,-13.0,-21.3,4.5,0.7,,0.1175,,-0.1088,,0.0554,,-0.069,True,False,True,False,False,2,False,True,False,False
short,GER40,S17,1,1.284,"{""entry_tf"": 1, ""vwap"": true, ""time_stop"": 999, ""legs"": false, ""leg_max"": 6, ""legs_mgmt"": ""fixed"", ""leg_window"": 60, ""ma"": 0, ""dyn"": false, ""entry_mode"": ""close"", ""pb_frac"": 0.3, ""pb_wait"": 5, ""gap"": ""against"", ""body_min"": 0, ""volf"": ""off"", ""dow"": ""none"", ""big_thr"": 25, ""big_sl"": 30, ""big_tp"": 80, ""std_sl"": 35, ""std_tp"": 42, ""leg_gap"": 10, ""leg_sl"": 35, ""leg_tp"": 60, ""gap_min"": 100, ""be_at"": 0.5, ""partial"": 1.5, ""trail"": 0}",366,85,0.0464,1.658,-5.5,94,27,0.0183,0.289,-5.08,460,112,0.0406,1.577,-9.63,39,7,0.0511,0.522,-2.36,1861,261,-0.0212,-2.36,-41.09,358,93,0.0662,2.161,-6.8,102,19,-0.049,-1.138,-6.9,359,84,0.0317,1.111,-7.41,101,28,0.0723,1.231,-3.93,359,83,0.0329,1.129,-11.77,101,29,0.068,1.239,-2.99,-0.021,0.0082,-2.0,-7.4,-13.2,-7.2,-9.6,3.1,1.4,-4.7,-14.1,5.6,15.8,,0.0183,,-0.049,,0.0723,,0.068,False,False,True,True,False,2,False,True,False,False
short,GER40,S18,1,1.215,"{""entry_tf"": 1, ""vwap"": false, ""time_stop"": 999, ""legs"": true, ""leg_max"": 4, ""legs_mgmt"": ""same"", ""leg_window"": 60, ""ma"": 100, ""dyn"": true, ""entry_mode"": ""close"", ""pb_frac"": 0.3, ""pb_wait"": 30, ""gap"": ""against"", ""body_min"": 0, ""volf"": ""off"", ""dow"": ""none"", ""big_thr"": 20, ""big_sl"": 25, ""big_tp"": 60, ""std_sl"": 20, ""std_tp"": 50, ""leg_gap"": 10, ""leg_sl"": 45, ""leg_tp"": 60, ""gap_min"": 0, ""be_at"": 1.0, ""partial"": 1.5, ""trail"": 1.5}",366,150,-0.0057,-0.148,-14.45,94,43,0.1126,1.458,-3.89,460,193,0.0185,0.535,-12.99,39,20,0.0224,0.152,-4.58,1861,640,-0.1304,-8.045,-247.25,358,152,0.076,1.876,-6.11,102,41,-0.1836,-3.117,-19.29,359,148,-0.0003,-0.008,-15.65,101,45,0.0851,0.965,-4.49,359,150,0.0426,1.052,-10.13,101,43,-0.0672,-1.072,-7.44,-0.1328,-0.0394,-18.2,-62.8,-39.2,-47.3,-25.9,-24.7,-9.0,-22.8,-42.8,12.9,5.5,,0.1126,,-0.1836,,0.0851,,-0.0672,True,False,True,False,False,2,False,True,False,False
short,GER40,S19,"1,3",1.204,"{""entry_tf"": 1, ""vwap"": true, ""time_stop"": 60, ""legs"": false, ""leg_max"": 1, ""legs_mgmt"": ""same"", ""leg_window"": 60, ""ma"": 100, ""dyn"": true, ""entry_mode"": ""close"", ""pb_frac"": 0.7, ""pb_wait"": 30, ""gap"": ""against"", ""body_min"": 0, ""volf"": ""off"", ""dow"": ""none"", ""big_thr"": 20, ""big_sl"": 30, ""big_tp"": 130, ""std_sl"": 35, ""std_tp"": 42, ""leg_gap"": 20, ""leg_sl"": 45, ""leg_tp"": 115, ""gap_min"": 20, ""be_at"": 0.5, ""partial"": 1.5, ""trail"": 3.0}",366,100,0.0223,0.706,-6.58,94,31,0.0721,1.166,-4.02,460,131,0.0325,1.154,-7.8,39,13,0.0296,0.241,-3.53,1861,443,-0.065,-5.295,-120.93,358,105,0.0541,1.712,-6.84,102,26,-0.0435,-0.712,-5.83,359,101,0.029,0.907,-7.81,101,30,0.0451,0.755,-3.26,359,102,0.0497,1.479,-6.47,101,29,-0.0287,-0.622,-5.32,-0.0662,-0.0071,-16.3,-36.6,-15.9,-22.9,-23.2,-6.3,7.9,-11.3,-23.1,17.4,2.3,,0.0721,,-0.0435,,0.0451,,-0.0287,True,False,True,False,False,2,False,True,False,False
short,GER40,S20,1,1.179,"{""entry_tf"": 1, ""vwap"": false, ""time_stop"": 60, ""legs"": true, ""leg_max"": 1, ""legs_mgmt"": ""fixed"", ""leg_window"": 120, ""ma"": 100, ""dyn"": false, ""entry_mode"": ""close"", ""pb_frac"": 0.7, ""pb_wait"": 15, ""gap"": ""against"", ""body_min"": 0, ""volf"": ""off"", ""dow"": ""none"", ""big_thr"": 25, ""big_sl"": 25, ""big_tp"": 60, ""std_sl"": 35, ""std_tp"": 60, ""leg_gap"": 20, ""leg_sl"": 45, ""leg_tp"": 0, ""gap_min"": 20, ""be_at"": 0.5, ""partial"": 1.0, ""trail"": 1.0}",366,121,0.0009,0.033,-10.72,94,35,0.0847,1.247,-3.93,460,156,0.0181,0.67,-6.38,39,16,0.0769,0.581,-2.79,1861,471,-0.0442,-4.697,-85.38,358,123,0.0458,1.553,-3.63,102,33,-0.0793,-1.259,-8.29,359,121,0.0213,0.661,-7.87,101,35,0.0065,0.148,-3.44,359,119,0.0285,0.876,-6.21,101,37,-0.019,-0.464,-4.47,-0.0453,-0.0194,-4.7,-9.5,-16.7,-12.6,-15.7,-13.6,-0.6,-11.9,-23.5,13.5,0.6,,0.0847,,-0.0793,,0.0065,,-0.019,True,False,False,False,False,1,False,True,False,False
short,GER40,S21,1,1.11,"{""entry_tf"": 1, ""vwap"": true, ""time_stop"": 120, ""legs"": true, ""leg_max"": 1, ""legs_mgmt"": ""fixed"", ""leg_window"": 30, ""ma"": 100, ""dyn"": false, ""entry_mode"": ""close"", ""pb_frac"": 0.7, ""pb_wait"": 5, ""gap"": ""against"", ""body_min"": 0, ""volf"": ""off"", ""dow"": ""none"", ""big_thr"": 15, ""big_sl"": 35, ""big_tp"": 200, ""std_sl"": 20, ""std_tp"": 0, ""leg_gap"": 25, ""leg_sl"": 25, ""leg_tp"": 0, ""gap_min"": 0, ""be_at"": 0.5, ""partial"": 2.0, ""trail"": 2.0}",366,116,0.0306,0.622,-8.0,94,38,0.068,0.897,-4.16,460,154,0.0383,0.908,-9.38,39,19,-0.1122,-1.073,-5.18,1861,503,-0.0478,-3.729,-90.39,358,123,0.0727,1.432,-6.0,102,31,-0.0827,-1.28,-12.39,359,121,0.0304,0.607,-9.6,101,33,0.0661,0.924,-3.69,359,122,0.0575,1.091,-8.0,101,32,-0.0302,-0.739,-5.74,-0.0495,0.0086,-9.0,-21.9,-15.0,-3.3,-28.8,-8.4,3.2,-10.1,-10.5,16.4,-4.7,,0.068,,-0.0827,,0.0661,,-0.0302,True,False,True,False,False,2,False,False,False,False
short,GER40,S22,"1,3",1.213,"{""entry_tf"": 1, ""vwap"": true, ""time_stop"": 120, ""legs"": false, ""leg_max"": 4, ""legs_mgmt"": ""same"", ""leg_window"": 60, ""ma"": 100, ""dyn"": true, ""entry_mode"": ""close"", ""pb_frac"": 0.5, ""pb_wait"": 15, ""gap"": ""against"", ""body_min"": 0, ""volf"": ""off"", ""dow"": ""none"", ""big_thr"": 10, ""big_sl"": 25, ""big_tp"": 200, ""std_sl"": 30, ""std_tp"": 30, ""leg_gap"": 25, ""leg_sl"": 25, ""leg_tp"": 115, ""gap_min"": 20, ""be_at"": 1.5, ""partial"": 2.0, ""trail"": 1.5}",366,100,0.0334,0.87,-6.62,94,31,0.0963,1.511,-3.02,460,131,0.0463,1.393,-6.6,39,13,0.1104,0.777,-3.63,1861,443,-0.0957,-6.538,-179.09,358,105,0.0683,1.871,-5.1,102,26,-0.0312,-0.406,-8.1,359,101,0.0289,0.802,-8.42,101,30,0.1079,1.346,-3.72,359,102,0.0857,2.171,-6.56,101,29,-0.0938,-1.723,-10.39,-0.097,-0.0085,-15.3,-56.9,-22.5,-28.4,-28.5,-14.5,3.4,-19.9,-24.9,15.5,8.2,,0.0963,,-0.0312,,0.1079,,-0.0938,True,False,True,False,False,2,False,True,False,False
short,GER40,S23,1,1.03,"{""entry_tf"": 1, ""vwap"": false, ""time_stop"": 60, ""legs"": false, ""leg_max"": 4, ""legs_mgmt"": ""fixed"", ""leg_window"": 30, ""ma"": 100, ""dyn"": false, ""entry_mode"": ""close"", ""pb_frac"": 0.7, ""pb_wait"": 30, ""gap"": ""against"", ""body_min"": 0, ""volf"": ""off"", ""dow"": ""none"", ""big_thr"": 10, ""big_sl"": 30, ""big_tp"": 60, ""std_sl"": 35, ""std_tp"": 30, ""leg_gap"": 20, ""leg_sl"": 35, ""leg_tp"": 60, ""gap_min"": 0, ""be_at"": 0.5, ""partial"": 0, ""trail"": 2.0}",366,129,0.0022,0.065,-8.17,94,40,0.0625,0.94,-4.89,460,169,0.0145,0.476,-8.22,39,17,-0.0271,-0.226,-3.08,1861,599,-0.0432,-3.289,-81.62,358,134,0.0474,1.37,-5.7,102,35,-0.1009,-1.597,-11.93,359,132,0.0176,0.505,-9.12,101,37,0.0035,0.055,-4.13,359,131,0.007,0.201,-8.98,101,38,0.0413,0.658,-6.16,-0.0454,-0.0297,-8.2,-17.1,-16.1,-11.9,-20.2,-5.6,5.3,-11.7,-28.4,3.8,4.5,,0.0625,,-0.1009,,0.0035,,0.0413,True,False,False,True,False,2,False,False,False,False
short,GER40,S24,"1,3",1.012,"{""entry_tf"": 1, ""vwap"": true, ""time_stop"": 120, ""legs"": true, ""leg_max"": 4, ""legs_mgmt"": ""same"", ""leg_window"": 120, ""ma"": 100, ""dyn"": false, ""entry_mode"": ""close"", ""pb_frac"": 0.3, ""pb_wait"": 30, ""gap"": ""against"", ""body_min"": 0, ""volf"": ""off"", ""dow"": ""none"", ""big_thr"": 25, ""big_sl"": 30, ""big_tp"": 115, ""std_sl"": 20, ""std_tp"": 0, ""leg_gap"": 15, ""leg_sl"": 25, ""leg_tp"": 0, ""gap_min"": 20, ""be_at"": 1.5, ""partial"": 2.0, ""trail"": 1.0}",366,110,0.0287,0.819,-7.81,94,33,-0.0033,-0.082,-4.33,460,143,0.0222,0.763,-8.5,39,16,0.1081,0.693,-3.08,1861,402,-0.0494,-4.654,-92.54,358,114,0.0438,1.325,-5.24,102,29,-0.0537,-0.891,-8.22,359,109,-0.0078,-0.297,-11.7,101,34,0.1286,1.372,-2.89,359,112,0.0427,1.177,-7.79,101,31,-0.0507,-1.753,-6.04,-0.0505,-0.0171,-8.9,-24.7,-8.0,-15.1,-20.0,-10.6,-0.2,-7.6,-24.2,11.2,6.2,,-0.0033,,-0.0537,,0.1286,,-0.0507,False,False,True,False,False,1,False,True,False,False
short,GER40,S25,1,0.994,"{""entry_tf"": 1, ""vwap"": false, ""time_stop"": 180, ""legs"": false, ""leg_max"": 6, ""legs_mgmt"": ""same"", ""leg_window"": 30, ""ma"": 0, ""dyn"": false, ""entry_mode"": ""close"", ""pb_frac"": 0.3, ""pb_wait"": 5, ""gap"": ""against"", ""body_min"": 0, ""volf"": ""off"", ""dow"": ""none"", ""big_thr"": 10, ""big_sl"": 30, ""big_tp"": 150, ""std_sl"": 15, ""std_tp"": 30, ""leg_gap"": 15, ""leg_sl"": 25, ""leg_tp"": 140, ""gap_min"": 100, ""be_at"": 0.5, ""partial"": 3.0, ""trail"": 1.0}",366,99,0.0457,1.413,-7.37,94,29,-0.0247,-0.444,-6.12,460,128,0.0313,1.112,-10.11,39,7,0.061,0.527,-2.36,1861,322,-0.0321,-3.453,-59.73,358,106,0.0522,1.58,-7.8,102,22,-0.0421,-0.823,-5.26,359,95,0.0271,0.886,-8.2,101,33,0.0464,0.68,-7.75,359,93,0.0133,0.424,-12.15,101,35,0.0954,1.505,-3.82,-0.0317,0.0053,-1.6,-4.0,-21.5,-7.9,-4.1,-6.9,-5.4,-8.5,-13.9,4.0,15.6,,-0.0247,,-0.0421,,0.0464,,0.0954,False,False,True,True,False,2,False,True,False,False
short,GER40,S26,"1,3",0.989,"{""entry_tf"": 1, ""vwap"": true, ""time_stop"": 90, ""legs"": true, ""leg_max"": 6, ""legs_mgmt"": ""same"", ""leg_window"": 60, ""ma"": 100, ""dyn"": true, ""entry_mode"": ""close"", ""pb_frac"": 0.5, ""pb_wait"": 5, ""gap"": ""against"", ""body_min"": 0, ""volf"": ""off"", ""dow"": ""none"", ""big_thr"": 15, ""big_sl"": 30, ""big_tp"": 80, ""std_sl"": 15, ""std_tp"": 50, ""leg_gap"": 25, ""leg_sl"": 25, ""leg_tp"": 140, ""gap_min"": 20, ""be_at"": 1.0, ""partial"": 1.5, ""trail"": 1.0}",366,110,0.0231,0.768,-6.19,94,33,0.0689,1.261,-2.91,460,143,0.0325,1.228,-6.74,39,14,-0.0074,-0.079,-3.27,1861,450,-0.0823,-7.474,-153.18,358,114,0.0633,2.081,-4.65,102,29,-0.0756,-1.457,-7.41,359,110,0.0198,0.719,-6.44,101,33,0.0776,1.107,-2.92,359,111,0.0492,1.533,-6.19,101,32,-0.027,-0.707,-3.89,-0.0831,-0.0169,-14.5,-44.1,-16.0,-25.8,-23.0,-17.3,1.0,-16.8,-27.6,17.7,-1.2,,0.0689,,-0.0756,,0.0776,,-0.027,True,False,True,False,False,2,False,False,False,False
short,GER40,S27,2,1.335,"{""entry_tf"": 1, ""vwap"": true, ""time_stop"": 240, ""legs"": true, ""leg_max"": 4, ""legs_mgmt"": ""same"", ""leg_window"": 120, ""ma"": 100, ""dyn"": true, ""entry_mode"": ""pb"", ""pb_frac"": 0.5, ""pb_wait"": 30, ""gap"": ""off"", ""body_min"": 0, ""volf"": ""skip_high"", ""dow"": ""fri"", ""big_thr"": 20, ""big_sl"": 50, ""big_tp"": 200, ""std_sl"": 20, ""std_tp"": 42, ""leg_gap"": 25, ""leg_sl"": 45, ""leg_tp"": 115, ""gap_min"": 50, ""be_at"": 2.0, ""partial"": 2.0, ""trail"": 0}",366,117,0.0355,0.704,-10.76,94,35,0.0978,0.977,-6.6,460,152,0.0483,1.07,-14.68,39,20,0.026,0.171,-6.94,1861,525,-0.0724,-3.89,-148.77,358,120,0.0601,1.181,-13.84,102,32,0.0067,0.069,-11.07,359,118,0.1028,1.962,-8.24,101,34,-0.1457,-1.736,-14.29,359,125,0.0076,0.149,-19.51,101,27,0.1927,2.011,-3.43,-0.0723,-0.0015,-2.6,-35.0,-1.3,-13.4,-37.0,-33.2,-8.9,-5.0,-28.7,23.7,5.0,,0.0978,,0.0067,,-0.1457,,0.1927,True,False,False,True,False,2,False,True,False,False
short,GER40,S28,2,1.123,"{""entry_tf"": 5, ""vwap"": true, ""time_stop"": 999, ""legs"": true, ""leg_max"": 6, ""legs_mgmt"": ""fixed"", ""leg_window"": 60, ""ma"": 0, ""dyn"": true, ""entry_mode"": ""close"", ""pb_frac"": 0.7, ""pb_wait"": 5, ""gap"": ""with"", ""body_min"": 0, ""volf"": ""off"", ""dow"": ""mon"", ""big_thr"": 10, ""big_sl"": 50, ""big_tp"": 0, ""std_sl"": 20, ""std_tp"": 50, ""leg_gap"": 15, ""leg_sl"": 35, ""leg_tp"": 140, ""gap_min"": 0, ""be_at"": 1.0, ""partial"": 3.0, ""trail"": 2.0}",366,141,0.0295,0.548,-16.93,94,17,-0.0654,-1.184,-9.27,460,158,0.0101,0.228,-23.63,39,12,0.0292,0.302,-2.43,1861,677,-0.0425,-1.865,-84.93,358,120,0.0046,0.093,-20.08,102,38,0.0294,0.293,-6.61,359,116,0.0662,1.29,-15.13,101,42,-0.1894,-2.282,-27.36,359,119,-0.0558,-1.246,-34.06,101,39,0.2442,2.017,-4.59,-0.0434,-0.0047,-4.0,-59.7,5.8,3.8,21.6,-30.2,0.0,-19.2,12.1,-5.3,-8.7,,-0.0654,,0.0294,,-0.1894,,0.2442,False,True,False,True,False,2,False,True,False,False
short,GER40,S29,2,1.107,"{""entry_tf"": 5, ""vwap"": false, ""time_stop"": 999, ""legs"": false, ""leg_max"": 4, ""legs_mgmt"": ""fixed"", ""leg_window"": 60, ""ma"": 100, ""dyn"": false, ""entry_mode"": ""pb"", ""pb_frac"": 0.3, ""pb_wait"": 30, ""gap"": ""off"", ""body_min"": 0.3, ""volf"": ""mid"", ""dow"": ""none"", ""big_thr"": 10, ""big_sl"": 40, ""big_tp"": 0, ""std_sl"": 25, ""std_tp"": 30, ""leg_gap"": 20, ""leg_sl"": 25, ""leg_tp"": 115, ""gap_min"": 20, ""be_at"": 1.5, ""partial"": 2.0, ""trail"": 3.0}",366,116,0.074,1.177,-12.28,94,29,-0.0211,-0.256,-9.07,460,145,0.0545,1.033,-13.28,39,10,-0.1571,-1.938,-6.13,1861,382,-0.0339,-2.147,-68.24,358,111,0.0116,0.2,-18.65,102,34,0.2054,1.656,-3.54,359,113,0.0825,1.361,-9.03,101,32,-0.0447,-0.42,-12.62,359,116,0.023,0.407,-15.74,101,29,0.1665,1.269,-6.94,-0.0352,0.0147,-18.5,-16.4,-1.5,-5.2,0.2,-12.2,-6.3,-6.3,-12.8,8.7,7.4,,-0.0211,,0.2054,,-0.0447,,0.1665,False,True,False,True,False,2,False,False,False,False
short,GER40,S30,2,1.104,"{""entry_tf"": 5, ""vwap"": false, ""time_stop"": 999, ""legs"": false, ""leg_max"": 1, ""legs_mgmt"": ""fixed"", ""leg_window"": 60, ""ma"": 100, ""dyn"": false, ""entry_mode"": ""pb"", ""pb_frac"": 0.3, ""pb_wait"": 30, ""gap"": ""off"", ""body_min"": 0, ""volf"": ""off"", ""dow"": ""none"", ""big_thr"": 25, ""big_sl"": 50, ""big_tp"": 0, ""std_sl"": 25, ""std_tp"": 80, ""leg_gap"": 25, ""leg_sl"": 45, ""leg_tp"": 0, ""gap_min"": 100, ""be_at"": 0, ""partial"": 0, ""trail"": 3.0}",366,215,0.1123,1.108,-21.78,94,62,0.0476,0.282,-14.29,460,277,0.0991,1.13,-26.29,39,25,-0.1096,-0.368,-11.04,1861,909,-0.0903,-3.139,-185.48,358,213,0.085,0.868,-20.35,102,64,0.1484,0.759,-11.92,359,218,0.1673,1.627,-25.82,101,59,-0.1434,-0.904,-26.56,359,223,0.0139,0.15,-26.64,101,54,0.4018,1.808,-8.86,-0.0932,0.047,-33.6,-66.0,-16.7,-20.3,-10.1,-15.3,-11.6,-2.0,-25.3,42.3,8.8,,0.0476,,0.1484,,-0.1434,,0.4018,True,True,False,True,False,3,False,False,False,False
short,GER40,S31,2,1.075,"{""entry_tf"": 5, ""vwap"": false, ""time_stop"": 120, ""legs"": true, ""leg_max"": 4, ""legs_mgmt"": ""fixed"", ""leg_window"": 30, ""ma"": 100, ""dyn"": false, ""entry_mode"": ""pb"", ""pb_frac"": 0.5, ""pb_wait"": 30, ""gap"": ""off"", ""body_min"": 0.3, ""volf"": ""skip_high"", ""dow"": ""fri"", ""big_thr"": 20, ""big_sl"": 35, ""big_tp"": 150, ""std_sl"": 20, ""std_tp"": 80, ""leg_gap"": 15, ""leg_sl"": 45, ""leg_tp"": 0, ""gap_min"": 100, ""be_at"": 1.5, ""partial"": 0, ""trail"": 2.0}",366,89,0.0584,0.894,-16.14,94,30,0.0593,0.554,-10.82,460,119,0.0586,1.039,-11.05,39,8,-0.0756,-0.591,-5.92,1861,357,-0.0474,-2.608,-92.91,358,96,0.0438,0.645,-10.82,102,23,0.1104,1.249,-4.98,359,93,0.1257,1.799,-7.43,101,26,-0.1801,-3.058,-21.76,359,99,-0.006,-0.125,-11.29,101,20,0.288,1.514,-3.58,-0.0465,0.0169,-18.9,-8.2,-3.6,-45.0,18.4,-21.2,-3.7,-5.4,-9.4,31.4,-14.0,,0.0593,,0.1104,,-0.1801,,0.288,True,True,False,True,False,3,False,False,False,False
short,GER40,S32,2,1.053,"{""entry_tf"": 5, ""vwap"": true, ""time_stop"": 60, ""legs"": true, ""leg_max"": 1, ""legs_mgmt"": ""fixed"", ""leg_window"": 30, ""ma"": 100, ""dyn"": true, ""entry_mode"": ""pb"", ""pb_frac"": 0.5, ""pb_wait"": 30, ""gap"": ""off"", ""body_min"": 0.3, ""volf"": ""off"", ""dow"": ""fri"", ""big_thr"": 20, ""big_sl"": 40, ""big_tp"": 150, ""std_sl"": 35, ""std_tp"": 80, ""leg_gap"": 25, ""leg_sl"": 45, ""leg_tp"": 90, ""gap_min"": 100, ""be_at"": 2.0, ""partial"": 3.0, ""trail"": 2.0}",366,101,-0.0283,-0.725,-25.63,94,29,0.1205,1.302,-8.16,460,130,0.0021,0.058,-20.51,39,8,-0.038,-0.413,-2.86,1861,383,-0.0658,-4.373,-130.71,358,102,-0.0279,-0.71,-20.04,102,28,0.1074,1.207,-4.4,359,100,0.0495,1.135,-9.23,101,30,-0.1664,-2.977,-19.29,359,106,0.0007,0.016,-20.51,101,24,0.0072,0.109,-4.84,-0.065,-0.0224,-14.0,-16.2,-5.5,-37.9,-7.7,-15.6,-7.5,-18.0,1.0,-5.1,-11.7,,0.1205,,0.1074,,-0.1664,,0.0072,True,True,False,True,False,3,False,False,False,False
short,GER40,S33,"2,3",1.023,"{""entry_tf"": 5, ""vwap"": true, ""time_stop"": 60, ""legs"": false, ""leg_max"": 4, ""legs_mgmt"": ""fixed"", ""leg_window"": 30, ""ma"": 0, ""dyn"": false, ""entry_mode"": ""close"", ""pb_frac"": 0.7, ""pb_wait"": 5, ""gap"": ""against"", ""body_min"": 0, ""volf"": ""skip_high"", ""dow"": ""none"", ""big_thr"": 15, ""big_sl"": 40, ""big_tp"": 130, ""std_sl"": 25, ""std_tp"": 30, ""leg_gap"": 10, ""leg_sl"": 35, ""leg_tp"": 60, ""gap_min"": 20, ""be_at"": 0.5, ""partial"": 2.0, ""trail"": 0}",366,113,0.0419,1.194,-6.48,94,36,0.0062,0.085,-5.91,460,149,0.0346,1.095,-7.89,39,15,-0.2057,-3.211,-8.02,1861,507,-0.0238,-2.078,-58.36,358,121,0.0239,0.662,-8.46,102,28,0.0722,1.106,-2.62,359,123,0.0523,1.405,-6.75,101,26,-0.0284,-0.508,-5.08,359,112,0.0356,0.999,-7.38,101,37,0.031,0.454,-7.07,-0.025,0.015,-1.4,4.0,-11.2,-5.3,-19.0,5.6,-7.8,-12.0,-8.8,14.7,-4.3,,0.0062,,0.0722,,-0.0284,,0.031,False,True,False,True,False,2,False,False,False,False
short,GER40,S34,2,0.948,"{""entry_tf"": 5, ""vwap"": true, ""time_stop"": 999, ""legs"": false, ""leg_max"": 2, ""legs_mgmt"": ""same"", ""leg_window"": 30, ""ma"": 0, ""dyn"": false, ""entry_mode"": ""pb"", ""pb_frac"": 0.5, ""pb_wait"": 30, ""gap"": ""off"", ""body_min"": 0, ""volf"": ""skip_high"", ""dow"": ""mon"", ""big_thr"": 10, ""big_sl"": 30, ""big_tp"": 150, ""std_sl"": 35, ""std_tp"": 0, ""leg_gap"": 15, ""leg_sl"": 45, ""leg_tp"": 90, ""gap_min"": 0, ""be_at"": 2.0, ""partial"": 0, ""trail"": 2.0}",366,113,0.0085,0.155,-17.09,94,35,0.0925,0.737,-8.26,460,148,0.0257,0.507,-16.58,39,11,-0.1464,-0.966,-7.08,1861,619,-0.0425,-1.847,-82.79,358,113,-0.0141,-0.256,-21.54,102,35,0.1652,1.372,-5.01,359,115,0.0787,1.319,-13.04,101,33,-0.1628,-1.853,-25.08,359,119,0.0212,0.364,-16.73,101,29,0.0416,0.409,-9.68,-0.0425,-0.006,-7.4,-7.8,-16.4,-2.3,7.5,-8.2,-10.4,-34.9,-12.3,22.5,-19.7,,0.0925,,0.1652,,-0.1628,,0.0416,True,True,False,True,False,3,False,False,False,False
short,GER40,S35,2,0.917,"{""entry_tf"": 5, ""vwap"": false, ""time_stop"": 180, ""legs"": false, ""leg_max"": 2, ""legs_mgmt"": ""fixed"", ""leg_window"": 120, ""ma"": 100, ""dyn"": false, ""entry_mode"": ""pb"", ""pb_frac"": 0.5, ""pb_wait"": 30, ""gap"": ""off"", ""body_min"": 0, ""volf"": ""skip_high"", ""dow"": ""none"", ""big_thr"": 20, ""big_sl"": 40, ""big_tp"": 100, ""std_sl"": 20, ""std_tp"": 50, ""leg_gap"": 15, ""leg_sl"": 45, ""leg_tp"": 115, ""gap_min"": 50, ""be_at"": 1.5, ""partial"": 0, ""trail"": 3.0}",366,139,-0.0043,-0.088,-31.01,94,41,0.0516,0.498,-10.97,460,180,0.0071,0.161,-21.45,39,19,-0.0739,-0.456,-4.67,1861,630,-0.0745,-3.893,-151.01,358,139,-0.0189,-0.388,-18.91,102,41,0.0983,0.958,-6.98,359,141,0.0598,1.165,-11.97,101,39,-0.1804,-2.186,-27.78,359,145,0.0016,0.031,-15.78,101,35,0.0267,0.306,-7.6,-0.072,-0.0524,-13.6,-34.2,1.0,-43.8,1.5,-13.7,-10.4,-22.4,-29.8,12.9,-19.5,,0.0516,,0.0983,,-0.1804,,0.0267,True,True,False,True,False,3,False,False,False,False
short,GER40,S36,2,0.892,"{""entry_tf"": 5, ""vwap"": true, ""time_stop"": 240, ""legs"": false, ""leg_max"": 2, ""legs_mgmt"": ""fixed"", ""leg_window"": 120, ""ma"": 100, ""dyn"": true, ""entry_mode"": ""pb"", ""pb_frac"": 0.3, ""pb_wait"": 15, ""gap"": ""off"", ""body_min"": 0, ""volf"": ""off"", ""dow"": ""mon"", ""big_thr"": 10, ""big_sl"": 50, ""big_tp"": 115, ""std_sl"": 15, ""std_tp"": 42, ""leg_gap"": 25, ""leg_sl"": 45, ""leg_tp"": 0, ""gap_min"": 50, ""be_at"": 1.5, ""partial"": 2.0, ""trail"": 0}",366,138,0.0076,0.172,-15.39,94,35,0.0447,0.483,-7.07,460,173,0.0152,0.379,-14.02,39,11,-0.0683,-0.638,-5.7,1861,535,-0.0597,-3.524,-117.02,358,136,0.0249,0.531,-14.99,102,37,-0.019,-0.256,-8.39,359,138,0.0565,1.208,-11.89,101,35,-0.1314,-1.767,-19.79,359,131,0.0058,0.133,-11.42,101,42,0.0485,0.51,-8.97,-0.0609,-0.011,-16.7,-33.3,-4.3,-14.7,-11.0,-7.8,-5.5,-21.4,-11.7,7.6,-5.6,,0.0447,,-0.019,,-0.1314,,0.0485,True,False,False,True,False,2,False,False,False,False
short,GER40,S37,2,0.882,"{""entry_tf"": 5, ""vwap"": true, ""time_stop"": 999, ""legs"": true, ""leg_max"": 2, ""legs_mgmt"": ""same"", ""leg_window"": 60, ""ma"": 0, ""dyn"": false, ""entry_mode"": ""close"", ""pb_frac"": 0.3, ""pb_wait"": 5, ""gap"": ""off"", ""body_min"": 0, ""volf"": ""skip_high"", ""dow"": ""mon"", ""big_thr"": 15, ""big_sl"": 40, ""big_tp"": 0, ""std_sl"": 35, ""std_tp"": 60, ""leg_gap"": 20, ""leg_sl"": 25, ""leg_tp"": 60, ""gap_min"": 0, ""be_at"": 0.5, ""partial"": 3.0, ""trail"": 2.0}",366,207,0.0527,0.948,-16.28,94,53,0.0386,0.384,-10.78,460,260,0.0498,1.022,-15.86,39,23,-0.1485,-1.457,-8.6,1861,1005,-0.048,-2.478,-89.8,358,201,0.0256,0.469,-15.73,102,59,0.1349,1.25,-4.32,359,205,0.0871,1.561,-11.15,101,55,-0.0828,-0.839,-14.72,359,202,0.0216,0.402,-11.92,101,58,0.1501,1.326,-5.19,-0.0462,0.0198,-2.6,-9.4,-9.5,3.7,-4.9,-22.6,-13.9,-27.7,-2.4,17.2,-7.9,,0.0386,,0.1349,,-0.0828,,0.1501,True,True,False,True,False,3,False,False,False,False
short,GER40,S38,2,0.852,"{""entry_tf"": 5, ""vwap"": false, ""time_stop"": 240, ""legs"": false, ""leg_max"": 2, ""legs_mgmt"": ""fixed"", ""leg_window"": 30, ""ma"": 100, ""dyn"": false, ""entry_mode"": ""pb"", ""pb_frac"": 0.3, ""pb_wait"": 30, ""gap"": ""off"", ""body_min"": 0, ""volf"": ""off"", ""dow"": ""mon"", ""big_thr"": 10, ""big_sl"": 50, ""big_tp"": 60, ""std_sl"": 25, ""std_tp"": 0, ""leg_gap"": 25, ""leg_sl"": 25, ""leg_tp"": 90, ""gap_min"": 100, ""be_at"": 1.0, ""partial"": 1.0, ""trail"": 2.0}",366,171,0.0104,0.283,-12.3,94,50,-0.0102,-0.136,-10.79,460,221,0.0062,0.187,-11.85,39,19,-0.0859,-0.765,-3.12,1861,739,-0.0277,-1.9,-59.05,358,170,-0.0421,-1.13,-17.4,102,51,0.1755,2.534,-3.32,359,173,0.0463,1.251,-12.97,101,48,-0.1364,-1.907,-17.79,359,176,0.0151,0.399,-11.24,101,45,-0.0256,-0.382,-8.33,-0.0283,0.0107,-7.7,-18.6,-0.1,3.3,-0.2,-1.1,-9.8,-19.1,5.0,-0.3,-1.2,,-0.0102,,0.1755,,-0.1364,,-0.0256,False,True,False,False,False,1,False,False,False,False
short,GER40,S39,3,1.007,"{""entry_tf"": 1, ""vwap"": true, ""time_stop"": 999, ""legs"": false, ""leg_max"": 4, ""legs_mgmt"": ""same"", ""leg_window"": 30, ""ma"": 100, ""dyn"": true, ""entry_mode"": ""close"", ""pb_frac"": 0.3, ""pb_wait"": 15, ""gap"": ""against"", ""body_min"": 0, ""volf"": ""off"", ""dow"": ""none"", ""big_thr"": 20, ""big_sl"": 25, ""big_tp"": 150, ""std_sl"": 30, ""std_tp"": 0, ""leg_gap"": 25, ""leg_sl"": 45, ""leg_tp"": 90, ""gap_min"": 20, ""be_at"": 2.0, ""partial"": 1.5, ""trail"": 3.0}",366,100,0.0096,0.233,-8.73,94,31,0.0847,1.069,-4.81,460,131,0.025,0.68,-8.76,39,13,0.2313,1.182,-3.52,1861,443,-0.0753,-4.148,-144.79,358,105,0.0414,1.03,-7.35,102,26,-0.0327,-0.378,-9.87,359,101,0.0084,0.208,-12.39,101,30,0.0839,0.973,-3.7,359,102,0.0736,1.684,-7.49,101,29,-0.148,-2.523,-15.61,-0.0777,-0.0234,-16.3,-40.8,-16.5,-21.4,-32.9,-13.0,12.6,-18.0,-27.0,13.9,7.1,,0.0847,,-0.0327,,0.0839,,-0.148,True,False,True,False,False,2,False,True,False,False
short,GER40,S40,3,0.849,"{""entry_tf"": 1, ""vwap"": true, ""time_stop"": 60, ""legs"": false, ""leg_max"": 1, ""legs_mgmt"": ""fixed"", ""leg_window"": 120, ""ma"": 0, ""dyn"": false, ""entry_mode"": ""close"", ""pb_frac"": 0.5, ""pb_wait"": 5, ""gap"": ""against"", ""body_min"": 0, ""volf"": ""skip_low"", ""dow"": ""none"", ""big_thr"": 25, ""big_sl"": 30, ""big_tp"": 0, ""std_sl"": 30, ""std_tp"": 0, ""leg_gap"": 20, ""leg_sl"": 45, ""leg_tp"": 0, ""gap_min"": 50, ""be_at"": 0.5, ""partial"": 0, ""trail"": 0}",366,105,0.0693,1.037,-14.42,94,27,0.0926,0.717,-6.8,460,132,0.0741,1.248,-19.68,39,11,0.0056,0.034,-4.44,1861,375,-0.0077,-0.41,-41.28,358,104,0.1068,1.47,-13.31,102,28,-0.0407,-0.503,-12.6,359,100,0.0137,0.28,-19.18,101,32,0.2889,1.4,-4.98,359,102,0.1105,1.484,-15.95,101,30,-0.0554,-1.043,-8.49,-0.0091,0.0352,5.1,-11.6,-8.4,-7.7,-4.1,7.3,6.8,-4.5,-6.4,16.8,12.4,,0.0926,,-0.0407,,0.2889,,-0.0554,True,False,True,False,False,2,False,True,False,False
short,GER40,S41,3,0.805,"{""entry_tf"": 5, ""vwap"": false, ""time_stop"": 90, ""legs"": false, ""leg_max"": 4, ""legs_mgmt"": ""fixed"", ""leg_window"": 60, ""ma"": 0, ""dyn"": false, ""entry_mode"": ""close"", ""pb_frac"": 0.3, ""pb_wait"": 15, ""gap"": ""against"", ""body_min"": 0, ""volf"": ""off"", ""dow"": ""mon"", ""big_thr"": 20, ""big_sl"": 50, ""big_tp"": 0, ""std_sl"": 20, ""std_tp"": 60, ""leg_gap"": 20, ""leg_sl"": 35, ""leg_tp"": 60, ""gap_min"": 50, ""be_at"": 0.5, ""partial"": 0, ""trail"": 2.0}",366,111,0.0463,0.959,-10.74,94,34,0.0064,0.084,-7.18,460,145,0.0381,0.919,-11.43,39,10,-0.0719,-1.826,-2.86,1861,422,-0.033,-2.738,-69.88,358,114,-0.0106,-0.298,-12.49,102,31,0.209,1.512,-2.76,359,110,0.0446,0.902,-13.97,101,35,0.015,0.217,-3.72,359,115,0.0761,1.48,-7.78,101,30,-0.097,-2.184,-10.93,-0.0319,0.0253,2.8,-2.3,5.6,-5.7,-13.4,-8.7,-26.2,-12.2,-3.2,10.8,5.8,,0.0064,,0.209,,0.015,,-0.097,False,True,False,False,False,1,False,False,False,False
short,GER40,S42,3,0.796,"{""entry_tf"": 5, ""vwap"": false, ""time_stop"": 120, ""legs"": false, ""leg_max"": 4, ""legs_mgmt"": ""fixed"", ""leg_window"": 60, ""ma"": 0, ""dyn"": false, ""entry_mode"": ""close"", ""pb_frac"": 0.5, ""pb_wait"": 15, ""gap"": ""against"", ""body_min"": 0, ""volf"": ""off"", ""dow"": ""mon"", ""big_thr"": 15, ""big_sl"": 50, ""big_tp"": 80, ""std_sl"": 20, ""std_tp"": 50, ""leg_gap"": 15, ""leg_sl"": 35, ""leg_tp"": 115, ""gap_min"": 50, ""be_at"": 0.5, ""partial"": 0, ""trail"": 0}",366,111,0.0081,0.283,-8.73,94,34,-0.0038,-0.065,-4.75,460,145,0.0057,0.221,-9.11,39,10,-0.0379,-0.682,-2.86,1861,422,-0.0182,-1.734,-44.58,358,114,-0.0153,-0.532,-9.53,102,31,0.0794,1.444,-2.22,359,110,-0.0053,-0.194,-8.22,101,35,0.0447,0.702,-3.43,359,115,0.0408,1.344,-5.8,101,30,-0.1192,-2.842,-12.04,-0.0175,0.0061,0.8,1.2,5.8,-7.3,-8.6,3.4,-21.7,-6.4,-1.7,2.4,1.7,,-0.0038,,0.0794,,0.0447,,-0.1192,False,True,True,False,False,2,False,False,False,False
short,GER40,S43,3,0.795,"{""entry_tf"": 5, ""vwap"": false, ""time_stop"": 120, ""legs"": false, ""leg_max"": 6, ""legs_mgmt"": ""same"", ""leg_window"": 60, ""ma"": 0, ""dyn"": true, ""entry_mode"": ""close"", ""pb_frac"": 0.3, ""pb_wait"": 15, ""gap"": ""against"", ""body_min"": 0, ""volf"": ""skip_low"", ""dow"": ""none"", ""big_thr"": 20, ""big_sl"": 40, ""big_tp"": 130, ""std_sl"": 35, ""std_tp"": 42, ""leg_gap"": 20, ""leg_sl"": 35, ""leg_tp"": 90, ""gap_min"": 100, ""be_at"": 0.5, ""partial"": 2.0, ""trail"": 1.5}",366,99,0.0364,1.111,-8.78,94,25,-0.0095,-0.178,-4.53,460,124,0.027,0.956,-7.6,39,10,-0.0683,-1.154,-3.88,1861,367,-0.0098,-0.853,-28.59,358,102,0.0229,0.699,-6.18,102,22,0.0413,0.761,-4.15,359,91,0.0252,0.837,-5.62,101,33,0.0334,0.469,-4.81,359,95,0.0397,1.215,-6.37,101,29,-0.0183,-0.334,-6.48,-0.011,0.0014,2.7,-7.8,4.0,-9.5,-10.1,6.8,-7.3,0.5,-14.8,10.0,3.1,,-0.0095,,0.0413,,0.0334,,-0.0183,False,True,True,False,False,2,False,False,False,False
short,GER40,S44,3,0.751,"{""entry_tf"": 5, ""vwap"": true, ""time_stop"": 90, ""legs"": false, ""leg_max"": 1, ""legs_mgmt"": ""fixed"", ""leg_window"": 60, ""ma"": 0, ""dyn"": false, ""entry_mode"": ""close"", ""pb_frac"": 0.3, ""pb_wait"": 5, ""gap"": ""against"", ""body_min"": 0, ""volf"": ""off"", ""dow"": ""none"", ""big_thr"": 10, ""big_sl"": 35, ""big_tp"": 115, ""std_sl"": 35, ""std_tp"": 60, ""leg_gap"": 25, ""leg_sl"": 25, ""leg_tp"": 90, ""gap_min"": 50, ""be_at"": 1.0, ""partial"": 0, ""trail"": 3.0}",366,122,0.0211,0.439,-13.05,94,35,0.0796,0.764,-5.08,460,157,0.0331,0.755,-9.16,39,15,-0.1225,-1.146,-5.14,1861,449,-0.0229,-1.515,-56.88,358,126,0.0335,0.66,-9.12,102,31,0.0315,0.371,-5.88,359,122,0.0396,0.805,-8.49,101,35,0.0099,0.103,-5.22,359,121,0.053,1.061,-8.73,101,36,-0.0379,-0.421,-10.18,-0.0234,0.0105,4.0,-0.6,-10.3,2.5,-29.6,13.6,-15.3,-8.3,-11.9,18.1,-4.2,,0.0796,,0.0315,,0.0099,,-0.0379,True,True,False,False,False,2,False,False,False,False
short,GER40,S45,3,0.659,"{""entry_tf"": 1, ""vwap"": true, ""time_stop"": 999, ""legs"": true, ""leg_max"": 2, ""legs_mgmt"": ""fixed"", ""leg_window"": 30, ""ma"": 100, ""dyn"": true, ""entry_mode"": ""close"", ""pb_frac"": 0.7, ""pb_wait"": 5, ""gap"": ""against"", ""body_min"": 0, ""volf"": ""off"", ""dow"": ""none"", ""big_thr"": 15, ""big_sl"": 35, ""big_tp"": 130, ""std_sl"": 25, ""std_tp"": 80, ""leg_gap"": 25, ""leg_sl"": 45, ""leg_tp"": 140, ""gap_min"": 0, ""be_at"": 1.5, ""partial"": 1.5, ""trail"": 0}",366,121,0.0053,0.118,-14.63,94,39,0.0595,0.572,-7.25,460,160,0.0164,0.392,-14.21,39,18,-0.0147,-0.093,-6.08,1861,508,-0.0736,-4.4,-143.06,358,127,0.032,0.688,-12.54,102,33,-0.0385,-0.409,-11.69,359,125,0.0041,0.087,-17.17,101,35,0.0599,0.695,-5.13,359,127,0.0582,1.154,-9.11,101,33,-0.1323,-2.139,-13.89,-0.0771,-0.0192,-12.7,-41.2,-17.8,-19.1,-28.0,-16.7,0.6,-10.4,-19.9,10.7,-3.7,,0.0595,,-0.0385,,0.0599,,-0.1323,True,False,True,False,False,2,False,False,False,False
short,GER40,S46,3,0.659,"{""entry_tf"": 5, ""vwap"": true, ""time_stop"": 180, ""legs"": true, ""leg_max"": 2, ""legs_mgmt"": ""fixed"", ""leg_window"": 60, ""ma"": 0, ""dyn"": true, ""entry_mode"": ""close"", ""pb_frac"": 0.3, ""pb_wait"": 5, ""gap"": ""against"", ""body_min"": 0, ""volf"": ""off"", ""dow"": ""none"", ""big_thr"": 15, ""big_sl"": 50, ""big_tp"": 115, ""std_sl"": 30, ""std_tp"": 42, ""leg_gap"": 15, ""leg_sl"": 45, ""leg_tp"": 60, ""gap_min"": 50, ""be_at"": 0.5, ""partial"": 1.0, ""trail"": 2.0}",366,137,-0.0072,-0.229,-8.9,94,36,0.0604,1.082,-3.79,460,173,0.0066,0.241,-9.19,39,14,-0.0113,-0.138,-2.26,1861,579,-0.0278,-2.27,-60.76,358,143,0.004,0.124,-8.94,102,30,0.016,0.303,-4.61,359,134,-0.0002,-0.006,-7.23,101,39,0.0308,0.437,-3.63,359,130,0.0373,1.149,-9.55,101,43,-0.1024,-2.211,-12.99,-0.0281,-0.0205,0.7,0.5,-12.6,-6.9,-16.9,3.7,-20.0,-1.5,-22.5,3.9,5.0,,0.0604,,0.016,,0.0308,,-0.1024,True,True,True,False,False,3,False,False,False,False
short,GER40,S47,3,0.799,"{""entry_tf"": 1, ""vwap"": true, ""time_stop"": 60, ""legs"": true, ""leg_max"": 2, ""legs_mgmt"": ""same"", ""leg_window"": 60, ""ma"": 100, ""dyn"": false, ""entry_mode"": ""close"", ""pb_frac"": 0.7, ""pb_wait"": 15, ""gap"": ""against"", ""body_min"": 0, ""volf"": ""off"", ""dow"": ""none"", ""big_thr"": 10, ""big_sl"": 30, ""big_tp"": 0, ""std_sl"": 35, ""std_tp"": 50, ""leg_gap"": 25, ""leg_sl"": 25, ""leg_tp"": 90, ""gap_min"": 20, ""be_at"": 1.5, ""partial"": 2.0, ""trail"": 1.0}",366,105,0.0297,0.859,-7.06,94,31,0.01,0.239,-4.26,460,136,0.0257,0.891,-7.06,39,15,0.1263,0.833,-2.96,1861,394,-0.0356,-3.432,-66.26,358,109,0.0468,1.417,-5.13,102,27,-0.0484,-0.833,-7.62,359,104,0.0016,0.06,-9.2,101,32,0.1113,1.241,-2.89,359,106,0.0449,1.257,-7.79,101,30,-0.0428,-1.349,-5.24,-0.0374,-0.0106,-9.4,-13.5,-10.3,-6.0,-15.0,-11.9,4.7,-9.1,-21.0,14.8,4.3,,0.01,,-0.0484,,0.1113,,-0.0428,False,False,True,False,False,1,False,True,False,False
short,GER40,LIVE_COMP,,,"{""entry_tf"": 1, ""vwap"": true, ""time_stop"": 120, ""legs"": true, ""leg_max"": 6, ""legs_mgmt"": ""fixed"", ""leg_window"": 120, ""ma"": 0, ""dyn"": false, ""big_thr"": 15, ""big_sl"": 35, ""big_tp"": 115, ""std_sl"": 25, ""std_tp"": 42, ""leg_gap"": 15, ""leg_sl"": 35, ""leg_tp"": 115, ""be_at"": 0, ""partial"": 0, ""trail"": 0, ""entry_mode"": ""close"", ""pb_frac"": 0.5, ""pb_wait"": 15, ""gap"": ""off"", ""gap_min"": 0, ""body_min"": 0, ""volf"": ""off"", ""dow"": ""none""}",366,316,0.0479,0.523,-24.71,94,86,-0.296,-1.775,-31.88,460,402,-0.0224,-0.277,-35.44,39,42,0.7033,1.594,-6.92,1861,1579,-0.1409,-4.079,-280.1,358,314,-0.0365,-0.398,-34.22,102,88,0.027,0.158,-16.74,359,310,-0.0491,-0.548,-34.95,101,92,0.0726,0.396,-14.51,359,318,-0.0308,-0.332,-30.52,101,84,0.0075,0.046,-16.16,-0.1407,-0.003,-2.9,-63.3,-20.0,-11.5,-49.6,-6.0,-67.4,-44.4,7.6,-9.7,27.5,,-0.296,,0.027,,0.0726,,0.0075,False,True,True,True,False,3,False,True,False,False
short,GER40,LIVE_COMP+MA100,,,"{""entry_tf"": 1, ""vwap"": true, ""time_stop"": 120, ""legs"": true, ""leg_max"": 6, ""legs_mgmt"": ""fixed"", ""leg_window"": 120, ""ma"": 100, ""dyn"": false, ""big_thr"": 15, ""big_sl"": 35, ""big_tp"": 115, ""std_sl"": 25, ""std_tp"": 42, ""leg_gap"": 15, ""leg_sl"": 35, ""leg_tp"": 115, ""be_at"": 0, ""partial"": 0, ""trail"": 0, ""entry_mode"": ""close"", ""pb_frac"": 0.5, ""pb_wait"": 15, ""gap"": ""off"", ""gap_min"": 0, ""body_min"": 0, ""volf"": ""off"", ""dow"": ""none""}",366,252,0.0595,0.725,-20.27,94,72,-0.169,-1.062,-19.51,460,324,0.0128,0.176,-26.55,39,42,0.7033,1.594,-6.92,1861,1024,-0.0756,-2.792,-158.41,358,256,0.0162,0.192,-17.9,102,68,0.0012,0.008,-16.74,359,248,-0.0077,-0.095,-31.15,101,76,0.0857,0.51,-12.02,359,262,0.0061,0.072,-25.07,101,62,0.0366,0.265,-11.54,-0.0761,0.0321,-2.9,-52.0,-19.0,-0.7,-45.7,14.8,-12.1,-25.8,13.9,2.6,31.5,,-0.169,,0.0012,,0.0857,,0.0366,False,False,True,True,False,2,False,True,False,False
short,NDX100,S0,"0,1,2,3",3.582,"{""entry_tf"": 5, ""vwap"": false, ""time_stop"": 240, ""legs"": true, ""leg_max"": 6, ""legs_mgmt"": ""same"", ""leg_window"": 60, ""ma"": 100, ""dyn"": false, ""entry_mode"": ""close"", ""pb_frac"": 0.5, ""pb_wait"": 5, ""gap"": ""off"", ""body_min"": 0.5, ""volf"": ""off"", ""dow"": ""none"", ""big_thr"": 10, ""big_sl"": 35, ""big_tp"": 150, ""std_sl"": 35, ""std_tp"": 50, ""leg_gap"": 25, ""leg_sl"": 25, ""leg_tp"": 115, ""gap_min"": 50, ""be_at"": 0, ""partial"": 2.0, ""trail"": 3.0}",351,164,0.2433,3.692,-10.3,91,36,0.0305,0.272,-6.38,442,200,0.1995,3.48,-11.35,38,21,-0.1835,-1.099,-10.47,1817,696,0.0395,2.194,-21.76,347,154,0.1654,2.643,-11.64,95,46,0.3239,2.371,-6.09,343,165,0.2304,3.418,-9.54,99,35,0.0924,0.888,-3.24,342,150,0.1601,2.514,-9.25,100,50,0.334,2.6,-5.26,0.0374,0.138,7.5,6.3,20.9,20.7,11.1,6.7,-10.5,8.9,32.4,39.3,6.7,,0.0305,,0.3239,,0.0924,,0.334,False,True,True,True,False,3,True,False,False,False
short,NDX100,S1,0,3.574,"{""entry_tf"": 1, ""vwap"": true, ""time_stop"": 240, ""legs"": false, ""leg_max"": 2, ""legs_mgmt"": ""same"", ""leg_window"": 60, ""ma"": 100, ""dyn"": false, ""entry_mode"": ""close"", ""pb_frac"": 0.7, ""pb_wait"": 5, ""gap"": ""off"", ""body_min"": 0.3, ""volf"": ""off"", ""dow"": ""none"", ""big_thr"": 15, ""big_sl"": 50, ""big_tp"": 100, ""std_sl"": 25, ""std_tp"": 60, ""leg_gap"": 25, ""leg_sl"": 35, ""leg_tp"": 60, ""gap_min"": 0, ""be_at"": 2.0, ""partial"": 0, ""trail"": 1.5}",351,203,0.2143,3.845,-6.59,91,47,-0.0731,-0.817,-8.9,442,250,0.1551,3.214,-9.1,38,26,0.0672,0.414,-3.97,1817,926,0.0123,0.634,-40.27,347,199,0.1249,2.312,-8.84,95,51,0.2654,2.495,-5.44,343,192,0.1641,2.998,-8.99,99,58,0.124,1.212,-4.22,342,191,0.1233,2.291,-9.16,100,59,0.264,2.463,-5.81,0.0134,0.0942,5.7,-20.9,5.5,-6.3,15.1,6.7,4.1,15.7,16.6,32.8,11.4,,-0.0731,,0.2654,,0.124,,0.264,False,True,True,True,False,3,True,True,False,False
short,NDX100,S2,0,3.548,"{""entry_tf"": 1, ""vwap"": true, ""time_stop"": 240, ""legs"": false, ""leg_max"": 4, ""legs_mgmt"": ""same"", ""leg_window"": 30, ""ma"": 100, ""dyn"": false, ""entry_mode"": ""close"", ""pb_frac"": 0.5, ""pb_wait"": 30, ""gap"": ""off"", ""body_min"": 0.3, ""volf"": ""off"", ""dow"": ""none"", ""big_thr"": 10, ""big_sl"": 40, ""big_tp"": 150, ""std_sl"": 20, ""std_tp"": 50, ""leg_gap"": 15, ""leg_sl"": 35, ""leg_tp"": 90, ""gap_min"": 20, ""be_at"": 1.5, ""partial"": 2.0, ""trail"": 2.0}",351,203,0.2534,3.805,-6.24,91,47,-0.1223,-1.301,-13.33,442,250,0.1761,3.1,-9.28,38,26,0.2425,1.159,-4.14,1817,926,0.0111,0.522,-37.23,347,199,0.1379,2.194,-8.76,95,51,0.3156,2.429,-7.14,343,192,0.2015,3.091,-8.71,99,58,0.088,0.767,-6.27,342,191,0.1293,2.067,-16.73,100,59,0.3361,2.582,-6.8,0.011,0.1142,2.6,-22.6,8.7,-1.6,8.8,10.5,3.3,11.4,19.6,40.1,20.2,,-0.1223,,0.3156,,0.088,,0.3361,False,True,True,True,False,3,True,True,False,False
short,NDX100,S3,"0,1,2,3",3.39,"{""entry_tf"": 5, ""vwap"": true, ""time_stop"": 240, ""legs"": false, ""leg_max"": 6, ""legs_mgmt"": ""same"", ""leg_window"": 30, ""ma"": 100, ""dyn"": false, ""entry_mode"": ""close"", ""pb_frac"": 0.7, ""pb_wait"": 5, ""gap"": ""off"", ""body_min"": 0.5, ""volf"": ""off"", ""dow"": ""none"", ""big_thr"": 15, ""big_sl"": 30, ""big_tp"": 0, ""std_sl"": 30, ""std_tp"": 80, ""leg_gap"": 15, ""leg_sl"": 35, ""leg_tp"": 115, ""gap_min"": 50, ""be_at"": 0, ""partial"": 3.0, ""trail"": 0}",351,160,0.3721,3.937,-10.73,91,36,0.1007,0.725,-6.49,442,196,0.3162,3.929,-11.92,38,21,-0.1718,-0.666,-9.67,1817,694,0.0621,2.838,-21.3,347,154,0.2874,3.136,-11.08,95,42,0.4214,2.518,-6.61,343,161,0.3462,3.706,-9.79,99,35,0.2122,1.364,-4.24,342,146,0.2673,3.1,-9.67,100,50,0.4836,2.442,-5.3,0.0582,0.2353,10.4,9.7,26.1,23.1,13.9,20.8,-7.8,14.8,42.6,54.1,42.1,,0.1007,,0.4214,,0.2122,,0.4836,False,True,True,True,False,3,True,False,False,False
short,NDX100,S4,"0,3",3.364,"{""entry_tf"": 1, ""vwap"": false, ""time_stop"": 60, ""legs"": true, ""leg_max"": 2, ""legs_mgmt"": ""same"", ""leg_window"": 60, ""ma"": 100, ""dyn"": false, ""entry_mode"": ""close"", ""pb_frac"": 0.7, ""pb_wait"": 30, ""gap"": ""off"", ""body_min"": 0.3, ""volf"": ""off"", ""dow"": ""none"", ""big_thr"": 10, ""big_sl"": 35, ""big_tp"": 200, ""std_sl"": 20, ""std_tp"": 0, ""leg_gap"": 15, ""leg_sl"": 25, ""leg_tp"": 0, ""gap_min"": 20, ""be_at"": 2.0, ""partial"": 3.0, ""trail"": 3.0}",351,231,0.3047,3.479,-9.98,91,55,-0.0325,-0.212,-11.63,442,286,0.2353,3.07,-12.31,38,30,0.2757,0.872,-4.26,1817,990,0.002,0.093,-31.33,347,228,0.1747,2.073,-13.28,95,58,0.4567,2.564,-4.79,343,222,0.2517,2.9,-12.85,99,64,0.1785,1.095,-9.37,342,219,0.2287,2.606,-12.68,100,67,0.258,1.642,-9.58,0.0043,0.1664,-1.5,-8.2,-1.4,3.2,-5.1,10.9,2.2,8.3,28.8,61.9,22.6,,-0.0325,,0.4567,,0.1785,,0.258,False,True,True,True,False,3,True,True,False,False
short,NDX100,S5,0,3.361,"{""entry_tf"": 1, ""vwap"": true, ""time_stop"": 999, ""legs"": false, ""leg_max"": 4, ""legs_mgmt"": ""fixed"", ""leg_window"": 60, ""ma"": 100, ""dyn"": true, ""entry_mode"": ""close"", ""pb_frac"": 0.7, ""pb_wait"": 30, ""gap"": ""off"", ""body_min"": 0.3, ""volf"": ""off"", ""dow"": ""none"", ""big_thr"": 25, ""big_sl"": 35, ""big_tp"": 130, ""std_sl"": 20, ""std_tp"": 0, ""leg_gap"": 25, ""leg_sl"": 45, ""leg_tp"": 90, ""gap_min"": 100, ""be_at"": 2.0, ""partial"": 1.5, ""trail"": 3.0}",351,203,0.2484,3.495,-11.52,91,47,-0.164,-1.709,-16.81,442,250,0.1635,2.71,-15.19,38,26,-0.0255,-0.159,-4.54,1817,926,-0.0557,-2.182,-116.72,347,199,0.1536,2.232,-17.53,95,51,0.1996,1.599,-6.46,343,192,0.1881,2.702,-11.94,99,58,0.0783,0.655,-7.29,342,191,0.085,1.349,-18.45,100,59,0.4321,2.803,-8.21,-0.0524,0.0902,-12.0,-51.4,-17.6,-3.1,-6.3,-10.9,0.9,0.6,0.4,45.3,9.0,,-0.164,,0.1996,,0.0783,,0.4321,False,True,True,True,False,3,False,False,False,False
short,NDX100,S6,"0,3",3.336,"{""entry_tf"": 1, ""vwap"": true, ""time_stop"": 240, ""legs"": true, ""leg_max"": 1, ""legs_mgmt"": ""fixed"", ""leg_window"": 30, ""ma"": 100, ""dyn"": false, ""entry_mode"": ""close"", ""pb_frac"": 0.7, ""pb_wait"": 5, ""gap"": ""off"", ""body_min"": 0.3, ""volf"": ""skip_low"", ""dow"": ""none"", ""big_thr"": 15, ""big_sl"": 50, ""big_tp"": 115, ""std_sl"": 15, ""std_tp"": 42, ""leg_gap"": 15, ""leg_sl"": 35, ""leg_tp"": 115, ""gap_min"": 0, ""be_at"": 2.0, ""partial"": 0, ""trail"": 2.0}",351,174,0.2621,3.975,-6.61,91,40,-0.0183,-0.165,-7.35,442,214,0.2044,3.562,-6.8,38,13,0.1286,0.879,-3.53,1817,733,0.0163,0.759,-37.3,347,172,0.171,2.668,-7.36,95,42,0.3263,2.558,-3.11,343,163,0.2204,3.356,-6.99,99,51,0.1486,1.266,-6.18,342,163,0.1922,2.958,-8.23,100,51,0.2459,2.015,-9.17,0.0146,0.1734,3.1,-22.1,1.7,21.6,7.2,-5.7,7.0,15.0,42.6,48.2,21.3,,-0.0183,,0.3263,,0.1486,,0.2459,False,True,True,True,False,3,True,True,False,False
short,NDX100,S7,"0,2",3.238,"{""entry_tf"": 5, ""vwap"": false, ""time_stop"": 120, ""legs"": true, ""leg_max"": 2, ""legs_mgmt"": ""fixed"", ""leg_window"": 30, ""ma"": 100, ""dyn"": false, ""entry_mode"": ""close"", ""pb_frac"": 0.5, ""pb_wait"": 30, ""gap"": ""off"", ""body_min"": 0.5, ""volf"": ""skip_high"", ""dow"": ""none"", ""big_thr"": 15, ""big_sl"": 50, ""big_tp"": 130, ""std_sl"": 30, ""std_tp"": 80, ""leg_gap"": 15, ""leg_sl"": 45, ""leg_tp"": 60, ""gap_min"": 50, ""be_at"": 2.0, ""partial"": 1.0, ""trail"": 3.0}",351,138,0.14,3.373,-5.18,91,30,-0.0506,-0.798,-5.83,442,168,0.1007,2.827,-7.17,38,20,0.0026,0.019,-3.58,1817,578,0.0158,1.247,-18.74,347,131,0.0518,1.361,-9.45,95,37,0.2793,3.182,-2.43,343,143,0.1365,3.224,-5.18,99,25,-0.0232,-0.387,-8.32,342,121,0.0735,1.87,-7.57,100,47,0.1939,2.382,-3.18,0.0144,0.0984,6.6,-6.1,15.8,13.3,6.8,-7.2,-1.7,-0.0,33.8,15.2,11.9,,-0.0506,,0.2793,,-0.0232,,0.1939,False,True,False,True,False,2,True,True,False,False
short,NDX100,S8,"0,2",3.213,"{""entry_tf"": 5, ""vwap"": true, ""time_stop"": 240, ""legs"": false, ""leg_max"": 2, ""legs_mgmt"": ""same"", ""leg_window"": 30, ""ma"": 100, ""dyn"": false, ""entry_mode"": ""close"", ""pb_frac"": 0.3, ""pb_wait"": 15, ""gap"": ""off"", ""body_min"": 0.3, ""volf"": ""mid"", ""dow"": ""none"", ""big_thr"": 20, ""big_sl"": 50, ""big_tp"": 115, ""std_sl"": 30, ""std_tp"": 80, ""leg_gap"": 20, ""leg_sl"": 35, ""leg_tp"": 90, ""gap_min"": 0, ""be_at"": 1.5, ""partial"": 1.0, ""trail"": 1.5}",351,133,0.1194,3.332,-4.98,91,30,-0.0829,-1.422,-9.91,442,163,0.0778,2.498,-6.26,38,17,-0.0181,-0.146,-4.99,1817,585,0.0132,1.02,-24.32,347,133,0.0484,1.367,-6.26,95,30,0.185,2.894,-2.07,343,133,0.1236,3.393,-4.16,99,30,-0.0811,-1.468,-10.37,342,117,0.0395,1.194,-7.05,100,46,0.2086,2.718,-2.07,0.0093,0.0522,-2.1,-9.3,10.9,14.8,11.7,-9.7,-3.5,5.1,3.0,21.3,7.3,,-0.0829,,0.185,,-0.0811,,0.2086,False,True,False,True,False,2,True,False,False,False
short,NDX100,S9,0,3.199,"{""entry_tf"": 1, ""vwap"": true, ""time_stop"": 120, ""legs"": true, ""leg_max"": 1, ""legs_mgmt"": ""same"", ""leg_window"": 60, ""ma"": 100, ""dyn"": true, ""entry_mode"": ""close"", ""pb_frac"": 0.5, ""pb_wait"": 15, ""gap"": ""off"", ""body_min"": 0.3, ""volf"": ""off"", ""dow"": ""none"", ""big_thr"": 15, ""big_sl"": 35, ""big_tp"": 130, ""std_sl"": 30, ""std_tp"": 60, ""leg_gap"": 25, ""leg_sl"": 45, ""leg_tp"": 140, ""gap_min"": 0, ""be_at"": 0, ""partial"": 3.0, ""trail"": 2.0}",351,211,0.2555,3.295,-9.94,91,47,-0.0793,-0.683,-10.67,442,258,0.1866,2.812,-12.93,38,26,-0.0001,-0.001,-4.74,1817,950,-0.0312,-1.122,-90.17,347,205,0.1569,2.132,-13.55,95,53,0.2951,1.949,-5.67,343,199,0.2398,3.062,-9.74,99,59,0.0023,0.02,-11.92,342,196,0.1196,1.664,-18.69,100,62,0.4157,2.634,-8.24,-0.0294,0.0963,-5.8,-66.9,-6.9,25.0,-0.9,-14.4,8.9,4.8,7.8,38.6,13.0,,-0.0793,,0.2951,,0.0023,,0.4157,False,True,False,True,False,2,False,False,False,False
short,NDX100,S10,"0,2,3",3.192,"{""entry_tf"": 1, ""vwap"": false, ""time_stop"": 240, ""legs"": true, ""leg_max"": 6, ""legs_mgmt"": ""same"", ""leg_window"": 60, ""ma"": 100, ""dyn"": false, ""entry_mode"": ""close"", ""pb_frac"": 0.5, ""pb_wait"": 30, ""gap"": ""off"", ""body_min"": 0.5, ""volf"": ""off"", ""dow"": ""none"", ""big_thr"": 10, ""big_sl"": 35, ""big_tp"": 80, ""std_sl"": 35, ""std_tp"": 80, ""leg_gap"": 10, ""leg_sl"": 35, ""leg_tp"": 140, ""gap_min"": 100, ""be_at"": 2.0, ""partial"": 2.0, ""trail"": 3.0}",351,184,0.2134,3.244,-7.37,91,38,0.0201,0.175,-9.47,442,222,0.1736,3.022,-9.35,38,23,0.4834,1.319,-4.22,1817,719,0.0187,0.948,-22.55,347,174,0.1444,2.246,-9.5,95,48,0.2803,2.207,-7.24,343,173,0.2166,3.23,-9.59,99,49,0.0246,0.23,-5.28,342,171,0.142,2.228,-9.69,100,51,0.2819,2.173,-3.17,0.0214,0.1238,7.3,-12.4,5.7,-3.3,27.6,2.9,3.0,10.0,13.3,54.6,26.9,,0.0201,,0.2803,,0.0246,,0.2819,False,True,False,True,False,2,True,True,False,False
short,NDX100,S11,0,3.187,"{""entry_tf"": 1, ""vwap"": false, ""time_stop"": 90, ""legs"": true, ""leg_max"": 4, ""legs_mgmt"": ""same"", ""leg_window"": 120, ""ma"": 100, ""dyn"": false, ""entry_mode"": ""close"", ""pb_frac"": 0.5, ""pb_wait"": 30, ""gap"": ""off"", ""body_min"": 0.3, ""volf"": ""off"", ""dow"": ""none"", ""big_thr"": 20, ""big_sl"": 30, ""big_tp"": 150, ""std_sl"": 30, ""std_tp"": 80, ""leg_gap"": 20, ""leg_sl"": 25, ""leg_tp"": 0, ""gap_min"": 50, ""be_at"": 2.0, ""partial"": 0, ""trail"": 0}",351,224,0.3555,3.351,-12.61,91,54,-0.1786,-1.169,-23.36,442,278,0.2455,2.713,-15.1,38,28,0.1273,0.44,-6.61,1817,982,-0.0162,-0.739,-40.79,347,221,0.1678,1.664,-26.31,95,57,0.5293,2.63,-5.3,343,215,0.2933,2.765,-13.33,99,63,0.0799,0.478,-7.73,342,213,0.2016,2.005,-21.27,100,65,0.3958,1.942,-12.91,-0.0139,0.1816,0.9,-6.9,11.9,-3.1,-17.0,-6.7,4.6,-10.4,46.0,44.0,27.1,,-0.1786,,0.5293,,0.0799,,0.3958,False,True,False,True,False,2,False,True,False,False
short,NDX100,S12,0,3.177,"{""entry_tf"": 5, ""vwap"": false, ""time_stop"": 240, ""legs"": false, ""leg_max"": 6, ""legs_mgmt"": ""same"", ""leg_window"": 30, ""ma"": 100, ""dyn"": true, ""entry_mode"": ""close"", ""pb_frac"": 0.3, ""pb_wait"": 15, ""gap"": ""off"", ""body_min"": 0.5, ""volf"": ""off"", ""dow"": ""fri"", ""big_thr"": 15, ""big_sl"": 30, ""big_tp"": 115, ""std_sl"": 25, ""std_tp"": 42, ""leg_gap"": 20, ""leg_sl"": 45, ""leg_tp"": 90, ""gap_min"": 50, ""be_at"": 2.0, ""partial"": 3.0, ""trail"": 2.0}",351,133,0.2017,3.191,-6.06,91,31,-0.0492,-0.506,-7.83,442,164,0.15,2.765,-6.78,38,15,-0.0423,-0.292,-3.04,1817,566,0.0337,1.541,-34.75,347,130,0.1327,2.137,-7.06,95,34,0.2133,1.931,-3.83,343,136,0.1932,3.006,-7.62,99,28,0.0005,0.005,-8.24,342,122,0.0673,1.188,-11.01,100,42,0.4328,3.149,-3.71,0.0273,0.1127,-9.1,-6.6,5.5,52.5,21.3,2.4,-4.0,-10.1,26.0,31.8,10.2,,-0.0492,,0.2133,,0.0005,,0.4328,False,True,False,True,False,2,True,False,False,False
short,NDX100,S13,0,3.172,"{""entry_tf"": 1, ""vwap"": true, ""time_stop"": 90, ""legs"": true, ""leg_max"": 2, ""legs_mgmt"": ""fixed"", ""leg_window"": 120, ""ma"": 100, ""dyn"": false, ""entry_mode"": ""close"", ""pb_frac"": 0.3, ""pb_wait"": 30, ""gap"": ""off"", ""body_min"": 0.3, ""volf"": ""skip_low"", ""dow"": ""none"", ""big_thr"": 20, ""big_sl"": 40, ""big_tp"": 80, ""std_sl"": 35, ""std_tp"": 80, ""leg_gap"": 20, ""leg_sl"": 25, ""leg_tp"": 0, ""gap_min"": 50, ""be_at"": 1.5, ""partial"": 0, ""trail"": 2.0}",351,171,0.2011,3.293,-4.38,91,39,-0.0392,-0.357,-9.8,442,210,0.1516,2.823,-8.72,38,13,0.1526,1.099,-2.09,1817,727,0.0032,0.201,-25.94,347,168,0.1395,2.25,-9.26,95,42,0.1959,1.859,-7.47,343,159,0.166,2.7,-8.57,99,51,0.1016,0.926,-6.05,342,160,0.143,2.286,-8.6,100,50,0.181,1.761,-11.31,0.0047,0.1187,3.1,-6.4,8.5,-1.9,-0.9,-13.2,6.6,13.2,22.6,33.3,23.3,,-0.0392,,0.1959,,0.1016,,0.181,False,True,True,True,False,3,True,True,False,False
short,NDX100,S14,0,3.164,"{""entry_tf"": 5, ""vwap"": true, ""time_stop"": 240, ""legs"": false, ""leg_max"": 6, ""legs_mgmt"": ""same"", ""leg_window"": 30, ""ma"": 100, ""dyn"": true, ""entry_mode"": ""close"", ""pb_frac"": 0.7, ""pb_wait"": 15, ""gap"": ""off"", ""body_min"": 0.5, ""volf"": ""skip_high"", ""dow"": ""fri"", ""big_thr"": 15, ""big_sl"": 35, ""big_tp"": 115, ""std_sl"": 15, ""std_tp"": 0, ""leg_gap"": 15, ""leg_sl"": 25, ""leg_tp"": 90, ""gap_min"": 0, ""be_at"": 1.5, ""partial"": 2.0, ""trail"": 3.0}",351,112,0.1667,3.259,-5.58,91,26,-0.1278,-1.824,-10.57,442,138,0.1061,2.44,-8.78,38,13,0.0224,0.174,-3.12,1817,466,0.0245,1.353,-24.79,347,112,0.0648,1.323,-12.75,95,26,0.2566,2.771,-2.13,343,117,0.152,2.894,-6.79,99,21,-0.0532,-0.819,-9.41,342,99,0.0394,0.884,-8.65,100,39,0.3342,2.923,-4.18,0.0219,0.0815,4.7,-8.2,-1.5,42.0,17.8,4.5,-7.7,-9.7,21.7,19.3,10.1,,-0.1278,,0.2566,,-0.0532,,0.3342,False,True,False,True,False,2,True,True,False,False
short,NDX100,S15,1,2.596,"{""entry_tf"": 5, ""vwap"": false, ""time_stop"": 240, ""legs"": false, ""leg_max"": 4, ""legs_mgmt"": ""same"", ""leg_window"": 120, ""ma"": 100, ""dyn"": true, ""entry_mode"": ""close"", ""pb_frac"": 0.3, ""pb_wait"": 5, ""gap"": ""off"", ""body_min"": 0.3, ""volf"": ""off"", ""dow"": ""mon"", ""big_thr"": 15, ""big_sl"": 30, ""big_tp"": 115, ""std_sl"": 35, ""std_tp"": 42, ""leg_gap"": 15, ""leg_sl"": 35, ""leg_tp"": 140, ""gap_min"": 50, ""be_at"": 0.5, ""partial"": 3.0, ""trail"": 2.0}",351,173,0.1786,3.006,-8.51,91,39,0.0229,0.281,-4.21,442,212,0.1465,2.922,-9.88,38,25,0.0058,0.043,-5.93,1817,810,-0.0128,-0.659,-40.63,347,174,0.1764,2.956,-9.48,95,38,0.0375,0.455,-5.38,343,165,0.1542,2.711,-7.65,99,47,0.12,1.129,-3.52,342,159,0.1034,1.938,-6.76,100,53,0.2942,2.355,-3.36,-0.0136,0.0901,-4.2,-20.3,-11.3,21.4,10.6,-6.2,-5.9,-10.1,9.1,40.8,6.0,,0.0229,,0.0375,,0.12,,0.2942,False,False,True,True,False,2,False,True,False,False
short,NDX100,S16,1,2.825,"{""entry_tf"": 1, ""vwap"": true, ""time_stop"": 999, ""legs"": true, ""leg_max"": 1, ""legs_mgmt"": ""same"", ""leg_window"": 120, ""ma"": 0, ""dyn"": false, ""entry_mode"": ""close"", ""pb_frac"": 0.5, ""pb_wait"": 30, ""gap"": ""off"", ""body_min"": 0.7, ""volf"": ""off"", ""dow"": ""none"", ""big_thr"": 10, ""big_sl"": 35, ""big_tp"": 100, ""std_sl"": 30, ""std_tp"": 30, ""leg_gap"": 15, ""leg_sl"": 25, ""leg_tp"": 115, ""gap_min"": 20, ""be_at"": 0, ""partial"": 0, ""trail"": 0}",351,123,0.2197,2.97,-10.9,91,24,-0.0045,-0.04,-8.09,442,147,0.1736,2.737,-13.0,38,10,0.3774,1.563,-2.1,1817,469,0.041,2.128,-15.78,347,118,0.193,2.618,-11.95,95,29,0.1027,0.853,-7.04,343,110,0.1697,2.422,-14.05,99,37,0.187,1.283,-5.26,342,115,0.1549,2.195,-10.87,100,32,0.2375,1.668,-8.44,0.043,0.1153,9.7,-0.5,-8.5,4.9,13.5,30.8,9.0,23.2,4.3,60.1,21.3,,-0.0045,,0.1027,,0.187,,0.2375,False,True,True,True,True,3,True,True,True,True
short,NDX100,S17,1,2.658,"{""entry_tf"": 1, ""vwap"": true, ""time_stop"": 240, ""legs"": true, ""leg_max"": 1, ""legs_mgmt"": ""fixed"", ""leg_window"": 60, ""ma"": 0, ""dyn"": false, ""entry_mode"": ""close"", ""pb_frac"": 0.7, ""pb_wait"": 30, ""gap"": ""off"", ""body_min"": 0.7, ""volf"": ""off"", ""dow"": ""none"", ""big_thr"": 25, ""big_sl"": 35, ""big_tp"": 0, ""std_sl"": 20, ""std_tp"": 50, ""leg_gap"": 15, ""leg_sl"": 35, ""leg_tp"": 140, ""gap_min"": 50, ""be_at"": 0, ""partial"": 3.0, ""trail"": 2.0}",351,123,0.2224,3.118,-9.68,91,24,0.0509,0.411,-7.12,442,147,0.1871,3.008,-11.54,38,10,0.3683,1.655,-1.05,1817,469,0.0186,1.023,-24.48,347,118,0.2097,2.872,-10.64,95,29,0.1044,0.934,-4.03,343,110,0.1754,2.534,-12.64,99,37,0.2273,1.627,-6.82,342,115,0.1715,2.479,-9.29,100,32,0.2403,1.718,-6.1,0.0197,0.1195,9.5,1.8,-4.6,11.2,6.2,18.5,7.4,-12.6,7.1,56.6,24.1,,0.0509,,0.1044,,0.2273,,0.2403,False,True,True,True,True,3,True,True,True,True
short,NDX100,S18,1,2.692,"{""entry_tf"": 1, ""vwap"": false, ""time_stop"": 180, ""legs"": true, ""leg_max"": 6, ""legs_mgmt"": ""same"", ""leg_window"": 60, ""ma"": 0, ""dyn"": true, ""entry_mode"": ""close"", ""pb_frac"": 0.3, ""pb_wait"": 30, ""gap"": ""off"", ""body_min"": 0.7, ""volf"": ""off"", ""dow"": ""none"", ""big_thr"": 15, ""big_sl"": 40, ""big_tp"": 115, ""std_sl"": 25, ""std_tp"": 0, ""leg_gap"": 25, ""leg_sl"": 25, ""leg_tp"": 115, ""gap_min"": 20, ""be_at"": 0, ""partial"": 3.0, ""trail"": 2.0}",351,120,0.1667,2.738,-8.09,91,22,-0.0024,-0.029,-7.32,442,142,0.1319,2.57,-9.67,38,9,0.1436,1.042,-1.64,1817,471,0.016,0.808,-34.1,347,112,0.1315,2.385,-6.22,95,30,0.1335,1.04,-4.48,343,107,0.133,2.26,-8.63,99,35,0.128,1.224,-3.88,342,111,0.1186,2.068,-9.67,100,31,0.1774,1.558,-5.77,0.0164,0.0771,4.8,-19.1,-10.9,28.6,-5.7,24.7,13.5,-4.5,-6.2,41.4,17.8,,-0.0024,,0.1335,,0.128,,0.1774,False,True,True,True,True,3,True,True,True,True
short,NDX100,S19,1,3.151,"{""entry_tf"": 5, ""vwap"": false, ""time_stop"": 240, ""legs"": true, ""leg_max"": 2, ""legs_mgmt"": ""same"", ""leg_window"": 60, ""ma"": 100, ""dyn"": false, ""entry_mode"": ""close"", ""pb_frac"": 0.5, ""pb_wait"": 30, ""gap"": ""off"", ""body_min"": 0.3, ""volf"": ""off"", ""dow"": ""none"", ""big_thr"": 15, ""big_sl"": 30, ""big_tp"": 200, ""std_sl"": 20, ""std_tp"": 0, ""leg_gap"": 10, ""leg_sl"": 25, ""leg_tp"": 140, ""gap_min"": 50, ""be_at"": 2.0, ""partial"": 3.0, ""trail"": 0}",351,235,0.3396,3.555,-11.37,91,50,0.0508,0.333,-6.4,442,285,0.2802,3.404,-12.99,38,41,-0.1087,-0.342,-9.0,1817,1049,0.0788,2.568,-34.69,347,226,0.2442,2.662,-11.73,95,59,0.4117,2.227,-11.0,343,226,0.315,3.325,-8.74,99,59,0.1595,0.969,-5.3,342,213,0.2054,2.265,-12.37,100,72,0.5357,2.853,-8.93,0.0739,0.1415,16.2,-1.5,20.3,22.0,50.4,15.7,-12.5,30.5,11.9,57.2,14.2,,0.0508,,0.4117,,0.1595,,0.5357,False,True,True,True,True,3,True,False,False,False
short,NDX100,S20,1,2.677,"{""entry_tf"": 1, ""vwap"": false, ""time_stop"": 240, ""legs"": false, ""leg_max"": 6, ""legs_mgmt"": ""fixed"", ""leg_window"": 30, ""ma"": 100, ""dyn"": true, ""entry_mode"": ""close"", ""pb_frac"": 0.5, ""pb_wait"": 15, ""gap"": ""off"", ""body_min"": 0.7, ""volf"": ""off"", ""dow"": ""none"", ""big_thr"": 15, ""big_sl"": 40, ""big_tp"": 200, ""std_sl"": 35, ""std_tp"": 50, ""leg_gap"": 25, ""leg_sl"": 45, ""leg_tp"": 115, ""gap_min"": 100, ""be_at"": 0, ""partial"": 2.0, ""trail"": 2.0}",351,92,0.1697,3.396,-4.9,91,16,0.0046,0.065,-5.26,442,108,0.1357,3.199,-5.27,38,9,0.158,1.185,-1.64,1817,363,0.0164,0.985,-26.97,347,87,0.1444,2.945,-4.48,95,21,0.1039,1.255,-3.79,343,81,0.139,2.914,-5.27,99,27,0.1243,1.344,-3.88,342,83,0.1136,2.436,-6.16,100,25,0.2114,2.152,-2.12,0.0185,0.0725,8.6,-13.9,-6.0,22.9,-0.9,27.9,2.9,-6.2,-6.5,36.3,21.0,,0.0046,,0.1039,,0.1243,,0.2114,False,True,True,True,True,3,True,True,True,True
short,NDX100,S21,1,2.473,"{""entry_tf"": 5, ""vwap"": true, ""time_stop"": 90, ""legs"": false, ""leg_max"": 6, ""legs_mgmt"": ""fixed"", ""leg_window"": 30, ""ma"": 100, ""dyn"": true, ""entry_mode"": ""close"", ""pb_frac"": 0.5, ""pb_wait"": 30, ""gap"": ""off"", ""body_min"": 0, ""volf"": ""off"", ""dow"": ""none"", ""big_thr"": 15, ""big_sl"": 30, ""big_tp"": 200, ""std_sl"": 20, ""std_tp"": 30, ""leg_gap"": 20, ""leg_sl"": 25, ""leg_tp"": 0, ""gap_min"": 50, ""be_at"": 0.5, ""partial"": 3.0, ""trail"": 2.0}",351,247,0.1687,2.61,-10.45,91,61,-0.0498,-0.556,-7.45,442,308,0.1237,2.262,-13.99,38,35,0.136,0.666,-4.95,1817,1219,-0.0304,-1.239,-83.71,347,245,0.1579,2.442,-13.26,95,63,-0.0012,-0.012,-6.49,343,247,0.1282,2.102,-11.44,99,61,0.1082,0.884,-5.65,342,232,0.0543,0.935,-12.68,100,76,0.3612,2.669,-4.5,-0.0317,0.0454,-13.9,-52.3,-18.2,29.3,11.1,19.9,-4.9,-31.6,-13.5,39.5,7.2,,-0.0498,,-0.0012,,0.1082,,0.3612,False,False,True,True,False,2,False,True,False,False
short,NDX100,S22,1,2.865,"{""entry_tf"": 5, ""vwap"": true, ""time_stop"": 999, ""legs"": true, ""leg_max"": 1, ""legs_mgmt"": ""same"", ""leg_window"": 30, ""ma"": 100, ""dyn"": false, ""entry_mode"": ""close"", ""pb_frac"": 0.7, ""pb_wait"": 5, ""gap"": ""off"", ""body_min"": 0, ""volf"": ""off"", ""dow"": ""fri"", ""big_thr"": 15, ""big_sl"": 35, ""big_tp"": 200, ""std_sl"": 25, ""std_tp"": 80, ""leg_gap"": 15, ""leg_sl"": 35, ""leg_tp"": 60, ""gap_min"": 50, ""be_at"": 0, ""partial"": 0, ""trail"": 2.0}",351,209,0.2383,2.91,-10.6,91,48,-0.0853,-0.628,-13.37,442,257,0.1717,2.416,-13.39,38,33,0.0746,0.276,-7.41,1817,998,0.0289,1.085,-34.08,347,203,0.192,2.31,-14.89,95,54,0.0973,0.746,-10.05,343,207,0.2104,2.547,-12.31,99,50,0.0374,0.275,-10.33,342,193,0.0343,0.476,-15.79,100,64,0.6415,3.423,-5.23,0.0232,0.083,13.3,3.4,1.8,-0.6,-0.3,36.7,-0.0,-10.0,0.3,39.7,14.2,,-0.0853,,0.0973,,0.0374,,0.6415,False,True,False,True,True,2,True,True,True,True
short,NDX100,S23,1,3.054,"{""entry_tf"": 5, ""vwap"": false, ""time_stop"": 90, ""legs"": false, ""leg_max"": 2, ""legs_mgmt"": ""same"", ""leg_window"": 60, ""ma"": 100, ""dyn"": true, ""entry_mode"": ""close"", ""pb_frac"": 0.7, ""pb_wait"": 5, ""gap"": ""off"", ""body_min"": 0.5, ""volf"": ""off"", ""dow"": ""none"", ""big_thr"": 10, ""big_sl"": 30, ""big_tp"": 130, ""std_sl"": 25, ""std_tp"": 0, ""leg_gap"": 20, ""leg_sl"": 45, ""leg_tp"": 60, ""gap_min"": 50, ""be_at"": 2.0, ""partial"": 0, ""trail"": 2.0}",351,160,0.2328,3.138,-12.21,91,36,0.0204,0.167,-5.83,442,196,0.189,2.945,-10.6,38,21,-0.2148,-1.555,-8.92,1817,694,0.0548,2.062,-36.38,347,154,0.1734,2.375,-8.12,95,42,0.2461,1.832,-3.89,343,161,0.2164,2.891,-8.67,99,35,0.0943,0.776,-4.29,342,146,0.1334,1.932,-13.31,100,50,0.3793,2.436,-4.25,0.0519,0.1321,4.0,-3.4,3.6,70.6,31.2,-1.2,-7.8,2.1,31.5,36.6,5.4,,0.0204,,0.2461,,0.0943,,0.3793,False,True,True,True,True,3,True,False,False,False
short,NDX100,S24,1,2.923,"{""entry_tf"": 1, ""vwap"": false, ""time_stop"": 240, ""legs"": true, ""leg_max"": 1, ""legs_mgmt"": ""same"", ""leg_window"": 120, ""ma"": 100, ""dyn"": false, ""entry_mode"": ""close"", ""pb_frac"": 0.5, ""pb_wait"": 15, ""gap"": ""off"", ""body_min"": 0.7, ""volf"": ""off"", ""dow"": ""none"", ""big_thr"": 25, ""big_sl"": 35, ""big_tp"": 115, ""std_sl"": 35, ""std_tp"": 0, ""leg_gap"": 10, ""leg_sl"": 45, ""leg_tp"": 140, ""gap_min"": 50, ""be_at"": 1.5, ""partial"": 0, ""trail"": 3.0}",351,106,0.232,3.372,-5.3,91,18,0.0476,0.475,-5.26,442,124,0.194,3.317,-5.3,38,11,0.5026,1.868,-1.1,1817,384,0.0467,2.578,-13.78,347,99,0.1945,2.887,-5.3,95,25,0.1925,1.652,-4.25,343,94,0.2168,3.293,-6.27,99,30,0.1152,0.907,-5.3,342,95,0.1717,2.658,-5.33,100,29,0.2703,2.017,-3.2,0.0472,0.117,9.0,0.5,1.2,8.2,23.9,40.3,1.0,6.1,-5.8,65.4,31.8,,0.0476,,0.1925,,0.1152,,0.2703,False,True,True,True,True,3,True,True,True,True
short,NDX100,S25,1,3.025,"{""entry_tf"": 5, ""vwap"": false, ""time_stop"": 180, ""legs"": false, ""leg_max"": 4, ""legs_mgmt"": ""same"", ""leg_window"": 60, ""ma"": 100, ""dyn"": false, ""entry_mode"": ""close"", ""pb_frac"": 0.3, ""pb_wait"": 30, ""gap"": ""off"", ""body_min"": 0, ""volf"": ""off"", ""dow"": ""none"", ""big_thr"": 10, ""big_sl"": 30, ""big_tp"": 100, ""std_sl"": 30, ""std_tp"": 0, ""leg_gap"": 10, ""leg_sl"": 45, ""leg_tp"": 90, ""gap_min"": 100, ""be_at"": 2.0, ""partial"": 3.0, ""trail"": 3.0}",351,279,0.3038,3.415,-10.79,91,69,0.0585,0.354,-9.54,442,348,0.2533,3.225,-16.1,38,37,0.1554,0.513,-6.37,1817,1397,0.0455,1.621,-38.36,347,278,0.2353,2.638,-13.85,95,70,0.3191,1.932,-6.61,343,274,0.2774,3.094,-10.81,99,74,0.1697,1.046,-5.38,342,264,0.1902,2.186,-15.04,100,84,0.4693,2.649,-5.58,0.0416,0.1324,10.3,-6.1,22.0,7.0,35.8,13.9,-13.0,9.4,2.7,64.7,20.4,,0.0585,,0.3191,,0.1697,,0.4693,False,True,True,True,True,3,True,True,True,True
short,NDX100,S26,1,2.616,"{""entry_tf"": 5, ""vwap"": false, ""time_stop"": 180, ""legs"": false, ""leg_max"": 1, ""legs_mgmt"": ""same"", ""leg_window"": 120, ""ma"": 100, ""dyn"": true, ""entry_mode"": ""close"", ""pb_frac"": 0.7, ""pb_wait"": 15, ""gap"": ""off"", ""body_min"": 0.3, ""volf"": ""skip_high"", ""dow"": ""mon"", ""big_thr"": 25, ""big_sl"": 30, ""big_tp"": 115, ""std_sl"": 25, ""std_tp"": 30, ""leg_gap"": 10, ""leg_sl"": 45, ""leg_tp"": 60, ""gap_min"": 0, ""be_at"": 0.5, ""partial"": 0, ""trail"": 2.0}",351,148,0.146,2.917,-6.52,91,34,0.1263,1.428,-2.99,442,182,0.1419,3.247,-7.81,38,23,-0.0664,-0.739,-5.83,1817,668,-0.0261,-1.643,-57.38,347,151,0.1557,3.038,-7.49,95,31,0.0919,1.156,-4.26,343,143,0.178,3.401,-5.59,99,39,0.0169,0.24,-6.9,342,136,0.1164,2.47,-5.91,100,46,0.2293,2.161,-3.42,-0.0281,0.1009,-10.8,-26.1,-7.3,9.4,5.2,-12.6,-5.3,-6.2,20.4,32.6,6.9,,0.1263,,0.0919,,0.0169,,0.2293,True,True,False,True,True,3,False,False,False,False
short,NDX100,S27,1,2.706,"{""entry_tf"": 1, ""vwap"": false, ""time_stop"": 120, ""legs"": false, ""leg_max"": 2, ""legs_mgmt"": ""same"", ""leg_window"": 60, ""ma"": 0, ""dyn"": true, ""entry_mode"": ""close"", ""pb_frac"": 0.3, ""pb_wait"": 15, ""gap"": ""off"", ""body_min"": 0.7, ""volf"": ""off"", ""dow"": ""none"", ""big_thr"": 25, ""big_sl"": 40, ""big_tp"": 150, ""std_sl"": 35, ""std_tp"": 80, ""leg_gap"": 25, ""leg_sl"": 25, ""leg_tp"": 0, ""gap_min"": 50, ""be_at"": 2.0, ""partial"": 3.0, ""trail"": 3.0}",351,113,0.1602,2.718,-9.43,91,22,0.0193,0.208,-6.92,442,135,0.1312,2.592,-10.38,38,9,0.1299,1.045,-1.05,1817,458,0.0177,0.867,-21.91,347,108,0.1315,2.307,-7.54,95,27,0.13,1.181,-5.21,343,100,0.1302,2.292,-9.35,99,35,0.1344,1.211,-4.23,342,106,0.132,2.281,-10.38,100,29,0.1282,1.231,-6.23,0.0188,0.0714,7.2,-7.8,-12.2,28.3,0.7,19.9,9.6,-10.0,-4.9,36.2,17.7,,0.0193,,0.13,,0.1344,,0.1282,False,True,True,True,True,3,True,True,True,True
short,NDX100,S28,2,3.19,"{""entry_tf"": 5, ""vwap"": false, ""time_stop"": 999, ""legs"": false, ""leg_max"": 1, ""legs_mgmt"": ""same"", ""leg_window"": 60, ""ma"": 100, ""dyn"": false, ""entry_mode"": ""close"", ""pb_frac"": 0.7, ""pb_wait"": 5, ""gap"": ""off"", ""body_min"": 0, ""volf"": ""skip_high"", ""dow"": ""none"", ""big_thr"": 15, ""big_sl"": 30, ""big_tp"": 130, ""std_sl"": 30, ""std_tp"": 50, ""leg_gap"": 10, ""leg_sl"": 25, ""leg_tp"": 115, ""gap_min"": 100, ""be_at"": 0, ""partial"": 3.0, ""trail"": 0}",351,236,0.3128,3.457,-10.61,91,57,0.0479,0.321,-9.55,442,293,0.2583,3.297,-11.37,38,34,0.2612,0.833,-7.55,1817,1138,0.0257,0.97,-37.47,347,235,0.1641,1.924,-8.61,95,58,0.6025,3.257,-4.24,343,233,0.3512,3.808,-8.61,99,60,-0.0636,-0.463,-14.14,342,221,0.2237,2.565,-12.01,100,72,0.3768,2.146,-6.9,0.0209,0.1857,5.5,-5.9,-7.7,-2.5,32.5,19.5,-13.2,11.6,46.2,43.7,34.7,,0.0479,,0.6025,,-0.0636,,0.3768,False,True,False,True,False,2,True,True,False,False
short,NDX100,S29,2,3.15,"{""entry_tf"": 5, ""vwap"": true, ""time_stop"": 999, ""legs"": false, ""leg_max"": 2, ""legs_mgmt"": ""fixed"", ""leg_window"": 30, ""ma"": 100, ""dyn"": false, ""entry_mode"": ""close"", ""pb_frac"": 0.5, ""pb_wait"": 30, ""gap"": ""off"", ""body_min"": 0.3, ""volf"": ""off"", ""dow"": ""mon"", ""big_thr"": 20, ""big_sl"": 30, ""big_tp"": 150, ""std_sl"": 30, ""std_tp"": 30, ""leg_gap"": 15, ""leg_sl"": 35, ""leg_tp"": 0, ""gap_min"": 20, ""be_at"": 0, ""partial"": 0, ""trail"": 2.0}",351,163,0.226,3.104,-8.29,91,37,-0.0038,-0.033,-8.96,442,200,0.1787,2.854,-10.92,38,25,-0.1008,-0.489,-7.27,1817,775,0.0016,0.092,-47.42,347,164,0.1528,2.183,-10.32,95,36,0.2731,1.964,-2.93,343,157,0.2452,3.287,-7.14,99,43,-0.0519,-0.504,-11.9,342,149,0.1099,1.648,-9.09,100,51,0.4138,2.68,-4.37,-0.0023,0.1009,-2.4,5.9,8.5,5.6,2.3,-9.0,-11.5,-3.8,12.5,34.8,11.3,,-0.0038,,0.2731,,-0.0519,,0.4138,False,True,False,True,False,2,True,False,False,False
short,NDX100,S30,2,3.145,"{""entry_tf"": 5, ""vwap"": true, ""time_stop"": 90, ""legs"": false, ""leg_max"": 6, ""legs_mgmt"": ""fixed"", ""leg_window"": 60, ""ma"": 100, ""dyn"": false, ""entry_mode"": ""close"", ""pb_frac"": 0.3, ""pb_wait"": 5, ""gap"": ""off"", ""body_min"": 0.3, ""volf"": ""skip_high"", ""dow"": ""mon"", ""big_thr"": 15, ""big_sl"": 30, ""big_tp"": 130, ""std_sl"": 30, ""std_tp"": 30, ""leg_gap"": 20, ""leg_sl"": 25, ""leg_tp"": 90, ""gap_min"": 50, ""be_at"": 2.0, ""partial"": 3.0, ""trail"": 1.5}",351,139,0.1702,3.034,-6.49,91,32,-0.0302,-0.374,-9.25,442,171,0.1289,2.704,-6.37,38,23,-0.0936,-0.64,-4.36,1817,638,0.0052,0.351,-28.08,347,142,0.1002,1.866,-6.88,95,29,0.2337,2.27,-2.91,343,135,0.19,3.36,-4.26,99,36,-0.0827,-1.037,-16.34,342,127,0.0812,1.588,-8.62,100,44,0.2921,2.515,-3.31,0.001,0.0763,-3.8,-5.3,2.7,7.5,4.3,-6.8,-8.1,11.1,14.2,23.2,6.2,,-0.0302,,0.2337,,-0.0827,,0.2921,False,True,False,True,False,2,True,False,False,False
short,NDX100,S31,2,3.098,"{""entry_tf"": 5, ""vwap"": false, ""time_stop"": 120, ""legs"": false, ""leg_max"": 4, ""legs_mgmt"": ""fixed"", ""leg_window"": 60, ""ma"": 100, ""dyn"": true, ""entry_mode"": ""close"", ""pb_frac"": 0.5, ""pb_wait"": 30, ""gap"": ""off"", ""body_min"": 0.3, ""volf"": ""mid"", ""dow"": ""mon"", ""big_thr"": 20, ""big_sl"": 40, ""big_tp"": 100, ""std_sl"": 15, ""std_tp"": 50, ""leg_gap"": 20, ""leg_sl"": 25, ""leg_tp"": 115, ""gap_min"": 0, ""be_at"": 1.5, ""partial"": 2.0, ""trail"": 1.0}",351,115,0.1118,3.105,-5.12,91,28,0.002,0.04,-3.56,442,143,0.0892,2.933,-6.84,38,14,-0.0455,-0.551,-2.79,1817,490,-0.0085,-0.692,-30.2,347,119,0.0734,2.153,-7.18,95,24,0.1467,2.199,-2.37,343,114,0.119,3.307,-4.12,99,29,-0.0142,-0.271,-7.34,342,104,0.0759,2.311,-5.77,100,39,0.1348,1.828,-2.82,-0.0093,0.0387,-6.3,-18.3,-3.5,16.3,8.3,-16.1,-5.7,7.6,-4.1,19.1,7.2,,0.002,,0.1467,,-0.0142,,0.1348,False,True,False,True,False,2,False,False,False,False
short,NDX100,S32,2,3.059,"{""entry_tf"": 1, ""vwap"": true, ""time_stop"": 120, ""legs"": false, ""leg_max"": 4, ""legs_mgmt"": ""fixed"", ""leg_window"": 120, ""ma"": 100, ""dyn"": false, ""entry_mode"": ""close"", ""pb_frac"": 0.3, ""pb_wait"": 15, ""gap"": ""off"", ""body_min"": 0.5, ""volf"": ""off"", ""dow"": ""none"", ""big_thr"": 25, ""big_sl"": 25, ""big_tp"": 0, ""std_sl"": 15, ""std_tp"": 0, ""leg_gap"": 15, ""leg_sl"": 35, ""leg_tp"": 0, ""gap_min"": 0, ""be_at"": 2.0, ""partial"": 3.0, ""trail"": 3.0}",351,156,0.2473,3.141,-10.84,91,33,-0.0141,-0.111,-8.9,442,189,0.1934,2.846,-8.81,38,16,0.0367,0.195,-5.51,1817,681,0.0222,0.851,-43.23,347,150,0.142,1.916,-10.89,95,39,0.3814,2.353,-6.37,343,146,0.2772,3.39,-8.98,99,43,-0.0967,-0.933,-11.17,342,145,0.1306,1.758,-15.73,100,44,0.4084,2.577,-4.51,0.0284,0.1435,15.0,-21.3,-2.2,12.0,15.5,21.6,10.4,3.3,30.2,50.1,9.7,,-0.0141,,0.3814,,-0.0967,,0.4084,False,True,False,True,False,2,True,True,False,False
short,NDX100,S33,2,3.052,"{""entry_tf"": 5, ""vwap"": true, ""time_stop"": 999, ""legs"": true, ""leg_max"": 2, ""legs_mgmt"": ""fixed"", ""leg_window"": 60, ""ma"": 100, ""dyn"": false, ""entry_mode"": ""close"", ""pb_frac"": 0.7, ""pb_wait"": 5, ""gap"": ""off"", ""body_min"": 0.3, ""volf"": ""off"", ""dow"": ""mon"", ""big_thr"": 20, ""big_sl"": 30, ""big_tp"": 200, ""std_sl"": 15, ""std_tp"": 60, ""leg_gap"": 15, ""leg_sl"": 35, ""leg_tp"": 60, ""gap_min"": 0, ""be_at"": 0, ""partial"": 0, ""trail"": 2.0}",351,172,0.25,3.062,-10.2,91,37,0.0241,0.188,-8.9,442,209,0.2035,2.902,-11.36,38,30,0.0903,0.27,-7.02,1817,784,0.0071,0.273,-63.99,347,168,0.1471,1.979,-12.43,95,41,0.4094,2.285,-2.93,343,165,0.2654,3.191,-9.24,99,44,-0.0109,-0.091,-10.93,342,155,0.1463,1.944,-10.86,100,54,0.3989,2.333,-6.28,0.0029,0.1106,11.0,-6.1,11.7,22.3,4.7,-24.5,-14.8,1.3,14.6,40.9,16.2,,0.0241,,0.4094,,-0.0109,,0.3989,False,True,False,True,False,2,True,True,False,False
short,NDX100,S34,2,3.037,"{""entry_tf"": 5, ""vwap"": false, ""time_stop"": 120, ""legs"": true, ""leg_max"": 6, ""legs_mgmt"": ""same"", ""leg_window"": 30, ""ma"": 100, ""dyn"": false, ""entry_mode"": ""close"", ""pb_frac"": 0.3, ""pb_wait"": 15, ""gap"": ""off"", ""body_min"": 0.3, ""volf"": ""skip_high"", ""dow"": ""fri"", ""big_thr"": 15, ""big_sl"": 35, ""big_tp"": 100, ""std_sl"": 30, ""std_tp"": 60, ""leg_gap"": 10, ""leg_sl"": 25, ""leg_tp"": 90, ""gap_min"": 50, ""be_at"": 2.0, ""partial"": 3.0, ""trail"": 2.0}",351,168,0.1995,2.975,-6.71,91,33,-0.075,-0.833,-8.13,442,201,0.143,2.524,-10.47,38,32,0.1358,0.447,-5.73,1817,694,0.0167,0.95,-41.75,347,163,0.0932,1.569,-10.99,95,38,0.3248,2.192,-2.1,343,163,0.2187,3.208,-7.64,99,38,-0.1194,-1.403,-15.36,342,145,0.0487,0.797,-13.48,100,56,0.4654,3.506,-3.18,0.0133,0.0961,4.4,-3.4,9.5,6.5,17.0,17.2,-6.4,-19.4,19.2,36.4,8.9,,-0.075,,0.3248,,-0.1194,,0.4654,False,True,False,True,False,2,True,True,False,False
short,NDX100,S35,2,3.036,"{""entry_tf"": 5, ""vwap"": false, ""time_stop"": 90, ""legs"": false, ""leg_max"": 6, ""legs_mgmt"": ""same"", ""leg_window"": 60, ""ma"": 100, ""dyn"": true, ""entry_mode"": ""close"", ""pb_frac"": 0.5, ""pb_wait"": 15, ""gap"": ""off"", ""body_min"": 0.5, ""volf"": ""mid"", ""dow"": ""none"", ""big_thr"": 15, ""big_sl"": 50, ""big_tp"": 100, ""std_sl"": 35, ""std_tp"": 50, ""leg_gap"": 15, ""leg_sl"": 45, ""leg_tp"": 90, ""gap_min"": 100, ""be_at"": 2.0, ""partial"": 2.0, ""trail"": 0}",351,102,0.119,2.909,-5.25,91,23,0.0251,0.368,-4.17,442,125,0.0997,2.813,-6.28,38,12,-0.1142,-1.034,-5.12,1817,415,0.0168,1.103,-28.8,347,101,0.0673,1.691,-8.64,95,24,0.218,2.844,-2.06,343,106,0.1463,3.428,-7.31,99,19,-0.0618,-1.16,-7.05,342,87,0.0796,2.124,-5.33,100,38,0.1684,1.877,-5.16,0.0112,0.074,-8.3,-20.5,8.3,27.6,17.6,-5.3,-1.0,2.9,12.3,28.3,0.8,,0.0251,,0.218,,-0.0618,,0.1684,False,True,False,True,False,2,True,False,False,False
short,NDX100,S36,2,3.035,"{""entry_tf"": 5, ""vwap"": true, ""time_stop"": 999, ""legs"": false, ""leg_max"": 6, ""legs_mgmt"": ""same"", ""leg_window"": 60, ""ma"": 100, ""dyn"": false, ""entry_mode"": ""close"", ""pb_frac"": 0.7, ""pb_wait"": 30, ""gap"": ""off"", ""body_min"": 0.5, ""volf"": ""mid"", ""dow"": ""none"", ""big_thr"": 20, ""big_sl"": 25, ""big_tp"": 60, ""std_sl"": 35, ""std_tp"": 0, ""leg_gap"": 20, ""leg_sl"": 25, ""leg_tp"": 115, ""gap_min"": 100, ""be_at"": 0, ""partial"": 0, ""trail"": 3.0}",351,102,0.1519,2.858,-8.17,91,23,0.0184,0.184,-5.23,442,125,0.1244,2.646,-10.32,38,12,-0.3324,-4.175,-11.56,1817,415,0.0329,1.874,-17.05,347,101,0.0706,1.346,-12.27,95,24,0.321,3.113,-2.15,343,106,0.1956,3.387,-5.0,99,19,-0.1223,-2.154,-11.03,342,87,0.0857,1.753,-6.76,100,38,0.2567,2.098,-6.26,0.0292,0.1059,0.9,0.5,14.6,6.8,29.0,10.1,-1.2,-5.0,35.8,14.1,3.0,,0.0184,,0.321,,-0.1223,,0.2567,False,True,False,True,False,2,True,False,False,False
short,NDX100,S37,2,3.026,"{""entry_tf"": 1, ""vwap"": false, ""time_stop"": 180, ""legs"": true, ""leg_max"": 4, ""legs_mgmt"": ""same"", ""leg_window"": 60, ""ma"": 100, ""dyn"": false, ""entry_mode"": ""close"", ""pb_frac"": 0.3, ""pb_wait"": 15, ""gap"": ""off"", ""body_min"": 0.5, ""volf"": ""skip_high"", ""dow"": ""none"", ""big_thr"": 15, ""big_sl"": 35, ""big_tp"": 150, ""std_sl"": 20, ""std_tp"": 80, ""leg_gap"": 10, ""leg_sl"": 45, ""leg_tp"": 140, ""gap_min"": 20, ""be_at"": 1.5, ""partial"": 3.0, ""trail"": 0}",351,150,0.2134,2.804,-9.74,91,32,0.0059,0.047,-9.17,442,182,0.1707,2.591,-12.9,38,23,0.634,1.468,-5.35,1817,577,0.0169,0.807,-27.02,347,146,0.1155,1.612,-12.73,95,36,0.3724,2.356,-6.41,343,145,0.2607,3.231,-10.52,99,37,-0.1412,-1.673,-17.52,342,138,0.1274,1.777,-15.56,100,44,0.319,2.038,-3.91,0.0143,0.1198,0.1,-21.8,8.7,3.1,13.9,15.8,0.7,6.8,23.2,56.4,18.5,,0.0059,,0.3724,,-0.1412,,0.319,False,True,False,True,False,2,True,True,False,False
short,NDX100,S38,3,2.585,"{""entry_tf"": 5, ""vwap"": false, ""time_stop"": 999, ""legs"": false, ""leg_max"": 1, ""legs_mgmt"": ""fixed"", ""leg_window"": 30, ""ma"": 100, ""dyn"": true, ""entry_mode"": ""close"", ""pb_frac"": 0.7, ""pb_wait"": 15, ""gap"": ""with"", ""body_min"": 0, ""volf"": ""off"", ""dow"": ""none"", ""big_thr"": 15, ""big_sl"": 30, ""big_tp"": 200, ""std_sl"": 25, ""std_tp"": 50, ""leg_gap"": 10, ""leg_sl"": 25, ""leg_tp"": 0, ""gap_min"": 0, ""be_at"": 1.5, ""partial"": 3.0, ""trail"": 3.0}",351,134,0.1753,2.549,-7.5,91,24,0.1085,0.91,-4.35,442,158,0.1615,2.697,-8.56,38,19,0.0954,0.473,-4.16,1817,687,0.0255,0.938,-38.66,347,125,0.1334,1.992,-6.49,95,33,0.2641,1.991,-3.38,343,114,0.1549,2.322,-7.69,99,44,0.1845,1.372,-6.08,342,127,0.1824,2.625,-7.5,100,31,0.0902,0.775,-5.7,0.0271,0.0903,2.7,-9.1,0.3,39.0,14.8,3.4,0.7,-0.1,9.8,29.8,19.8,,0.1085,,0.2641,,0.1845,,0.0902,True,True,True,True,True,4,True,True,True,True
short,NDX100,S39,3,2.806,"{""entry_tf"": 1, ""vwap"": true, ""time_stop"": 90, ""legs"": true, ""leg_max"": 4, ""legs_mgmt"": ""same"", ""leg_window"": 30, ""ma"": 100, ""dyn"": false, ""entry_mode"": ""close"", ""pb_frac"": 0.5, ""pb_wait"": 15, ""gap"": ""off"", ""body_min"": 0, ""volf"": ""skip_low"", ""dow"": ""none"", ""big_thr"": 10, ""big_sl"": 35, ""big_tp"": 200, ""std_sl"": 20, ""std_tp"": 0, ""leg_gap"": 20, ""leg_sl"": 35, ""leg_tp"": 115, ""gap_min"": 100, ""be_at"": 0, ""partial"": 3.0, ""trail"": 3.0}",351,194,0.2539,3.062,-11.61,91,45,0.0047,0.033,-8.87,442,239,0.2026,2.808,-12.67,38,20,-0.1342,-0.771,-5.59,1817,922,-0.0102,-0.456,-40.24,347,192,0.1557,1.927,-12.67,95,47,0.3739,2.355,-7.44,343,183,0.2181,2.66,-9.01,99,56,0.1486,0.98,-7.78,342,178,0.2457,2.923,-11.29,100,61,0.055,0.401,-16.7,-0.0082,0.1772,2.1,-21.4,10.0,-5.9,12.8,-15.9,4.5,-2.2,41.2,59.1,4.1,,0.0047,,0.3739,,0.1486,,0.055,False,True,True,False,False,2,False,False,False,False
short,NDX100,S40,3,2.839,"{""entry_tf"": 1, ""vwap"": true, ""time_stop"": 999, ""legs"": true, ""leg_max"": 2, ""legs_mgmt"": ""same"", ""leg_window"": 30, ""ma"": 100, ""dyn"": false, ""entry_mode"": ""close"", ""pb_frac"": 0.5, ""pb_wait"": 15, ""gap"": ""off"", ""body_min"": 0, ""volf"": ""skip_low"", ""dow"": ""none"", ""big_thr"": 20, ""big_sl"": 50, ""big_tp"": 115, ""std_sl"": 25, ""std_tp"": 60, ""leg_gap"": 15, ""leg_sl"": 35, ""leg_tp"": 60, ""gap_min"": 0, ""be_at"": 2.0, ""partial"": 3.0, ""trail"": 2.0}",351,201,0.198,2.997,-9.22,91,46,0.0118,0.107,-7.41,442,247,0.1597,2.787,-10.25,38,20,-0.0199,-0.124,-4.56,1817,930,-0.0152,-0.684,-60.36,347,198,0.1026,1.655,-8.3,95,49,0.3682,2.656,-3.96,343,190,0.1879,2.868,-9.07,99,57,0.0619,0.527,-7.29,342,185,0.1834,2.819,-9.4,100,62,0.0786,0.651,-15.67,-0.0149,0.1289,-4.0,-25.3,-1.2,-15.3,9.5,-16.0,6.8,17.0,26.3,44.3,8.3,,0.0118,,0.3682,,0.0619,,0.0786,False,True,False,True,True,2,False,False,False,False
short,NDX100,S41,3,2.978,"{""entry_tf"": 1, ""vwap"": true, ""time_stop"": 60, ""legs"": true, ""leg_max"": 4, ""legs_mgmt"": ""fixed"", ""leg_window"": 120, ""ma"": 100, ""dyn"": false, ""entry_mode"": ""close"", ""pb_frac"": 0.5, ""pb_wait"": 5, ""gap"": ""off"", ""body_min"": 0, ""volf"": ""off"", ""dow"": ""none"", ""big_thr"": 15, ""big_sl"": 50, ""big_tp"": 200, ""std_sl"": 15, ""std_tp"": 60, ""leg_gap"": 20, ""leg_sl"": 35, ""leg_tp"": 0, ""gap_min"": 20, ""be_at"": 0, ""partial"": 0, ""trail"": 1.5}",351,242,0.2396,3.134,-7.51,91,59,0.0049,0.034,-8.79,442,301,0.1912,2.822,-9.94,38,35,-0.0485,-0.259,-7.15,1817,1188,-0.0118,-0.521,-72.66,347,241,0.1407,1.847,-11.87,95,60,0.376,2.56,-9.0,343,234,0.2166,2.743,-9.32,99,67,0.1035,0.803,-7.88,342,227,0.2065,2.63,-9.76,100,74,0.1391,1.049,-12.0,-0.0066,0.1235,-5.0,-31.4,-5.4,14.5,-15.9,4.0,6.9,19.7,24.7,35.5,14.3,,0.0049,,0.376,,0.1035,,0.1391,False,True,True,True,True,3,False,False,False,False
short,NDX100,S42,3,2.392,"{""entry_tf"": 5, ""vwap"": false, ""time_stop"": 240, ""legs"": false, ""leg_max"": 2, ""legs_mgmt"": ""same"", ""leg_window"": 120, ""ma"": 100, ""dyn"": true, ""entry_mode"": ""close"", ""pb_frac"": 0.3, ""pb_wait"": 5, ""gap"": ""with"", ""body_min"": 0, ""volf"": ""skip_high"", ""dow"": ""none"", ""big_thr"": 25, ""big_sl"": 40, ""big_tp"": 130, ""std_sl"": 30, ""std_tp"": 30, ""leg_gap"": 25, ""leg_sl"": 25, ""leg_tp"": 115, ""gap_min"": 0, ""be_at"": 1.5, ""partial"": 0, ""trail"": 3.0}",351,116,0.1161,2.301,-8.39,91,20,0.1079,1.336,-3.35,442,136,0.1144,2.637,-7.93,38,16,-0.1378,-1.166,-5.29,1817,560,0.0254,1.317,-43.78,347,107,0.0734,1.609,-6.6,95,29,0.2641,2.346,-4.14,343,99,0.1324,2.682,-6.59,99,37,0.0523,0.576,-9.63,342,110,0.1501,2.9,-7.72,100,26,-0.0075,-0.104,-6.38,0.0259,0.0758,4.1,-14.0,-6.4,29.5,19.3,8.4,1.0,7.6,14.1,22.0,5.5,,0.1079,,0.2641,,0.0523,,-0.0075,True,True,False,False,False,2,True,False,False,False
short,NDX100,S43,3,2.302,"{""entry_tf"": 5, ""vwap"": false, ""time_stop"": 180, ""legs"": false, ""leg_max"": 1, ""legs_mgmt"": ""same"", ""leg_window"": 120, ""ma"": 0, ""dyn"": false, ""entry_mode"": ""close"", ""pb_frac"": 0.5, ""pb_wait"": 5, ""gap"": ""with"", ""body_min"": 0, ""volf"": ""skip_low"", ""dow"": ""none"", ""big_thr"": 10, ""big_sl"": 25, ""big_tp"": 150, ""std_sl"": 25, ""std_tp"": 60, ""leg_gap"": 15, ""leg_sl"": 25, ""leg_tp"": 140, ""gap_min"": 0, ""be_at"": 2.0, ""partial"": 0, ""trail"": 0}",351,133,0.234,2.616,-9.73,91,30,0.2287,1.313,-8.66,442,163,0.2329,2.927,-13.37,38,14,0.0257,0.108,-4.44,1817,694,0.0232,0.861,-24.34,347,135,0.2134,2.337,-11.22,95,28,0.3043,1.896,-3.37,343,118,0.2223,2.529,-14.02,99,45,0.2696,1.475,-6.66,342,126,0.2477,2.724,-12.88,100,37,0.1823,1.111,-8.59,0.026,0.1623,5.6,-5.4,7.4,-2.7,5.2,-8.5,46.2,1.8,32.6,54.4,14.3,,0.2287,,0.3043,,0.2696,,0.1823,True,True,True,True,True,4,True,True,True,True
short,NDX100,S44,3,2.254,"{""entry_tf"": 5, ""vwap"": true, ""time_stop"": 120, ""legs"": false, ""leg_max"": 2, ""legs_mgmt"": ""same"", ""leg_window"": 120, ""ma"": 100, ""dyn"": true, ""entry_mode"": ""close"", ""pb_frac"": 0.7, ""pb_wait"": 5, ""gap"": ""with"", ""body_min"": 0, ""volf"": ""off"", ""dow"": ""none"", ""big_thr"": 20, ""big_sl"": 35, ""big_tp"": 200, ""std_sl"": 15, ""std_tp"": 80, ""leg_gap"": 20, ""leg_sl"": 25, ""leg_tp"": 140, ""gap_min"": 0, ""be_at"": 0, ""partial"": 1.5, ""trail"": 3.0}",351,118,0.1185,2.241,-9.41,91,20,0.1052,1.134,-2.22,442,138,0.1157,2.509,-9.4,38,19,-0.0147,-0.097,-3.13,1817,604,-0.0035,-0.162,-73.89,347,110,0.0854,1.668,-7.73,95,28,0.2266,2.169,-4.74,343,101,0.1097,2.155,-6.48,99,37,0.1366,1.286,-5.18,342,108,0.1531,2.786,-8.34,100,30,-0.012,-0.154,-7.89,0.0005,0.0647,-1.6,-34.9,-16.6,37.5,27.6,14.7,-8.2,-17.5,11.2,21.0,7.2,,0.1052,,0.2266,,0.1366,,-0.012,True,True,True,False,False,3,False,False,False,False
short,NDX100,S45,3,2.233,"{""entry_tf"": 5, ""vwap"": true, ""time_stop"": 60, ""legs"": false, ""leg_max"": 1, ""legs_mgmt"": ""fixed"", ""leg_window"": 30, ""ma"": 0, ""dyn"": false, ""entry_mode"": ""close"", ""pb_frac"": 0.3, ""pb_wait"": 30, ""gap"": ""with"", ""body_min"": 0, ""volf"": ""off"", ""dow"": ""none"", ""big_thr"": 25, ""big_sl"": 25, ""big_tp"": 0, ""std_sl"": 15, ""std_tp"": 80, ""leg_gap"": 20, ""leg_sl"": 35, ""leg_tp"": 0, ""gap_min"": 20, ""be_at"": 2.0, ""partial"": 0, ""trail"": 3.0}",351,132,0.1961,2.26,-12.12,91,27,0.2997,1.401,-6.63,442,159,0.2174,2.658,-10.55,38,18,0.2173,0.583,-5.37,1817,490,0.0505,2.014,-27.52,347,125,0.1942,2.065,-9.69,95,34,0.3021,1.849,-5.59,343,117,0.1757,2.044,-13.24,99,42,0.3618,1.719,-5.98,342,125,0.2821,2.835,-12.15,100,34,-0.0038,-0.032,-7.76,0.0506,0.1568,5.1,-7.7,-5.2,-2.6,28.5,32.1,51.7,-5.4,28.5,61.7,14.9,,0.2997,,0.3021,,0.3618,,-0.0038,True,True,True,False,False,3,True,True,False,False
short,NDX100,S46,3,2.209,"{""entry_tf"": 5, ""vwap"": true, ""time_stop"": 999, ""legs"": true, ""leg_max"": 1, ""legs_mgmt"": ""same"", ""leg_window"": 30, ""ma"": 100, ""dyn"": false, ""entry_mode"": ""close"", ""pb_frac"": 0.7, ""pb_wait"": 5, ""gap"": ""with"", ""body_min"": 0, ""volf"": ""off"", ""dow"": ""none"", ""big_thr"": 20, ""big_sl"": 25, ""big_tp"": 80, ""std_sl"": 15, ""std_tp"": 42, ""leg_gap"": 10, ""leg_sl"": 25, ""leg_tp"": 140, ""gap_min"": 0, ""be_at"": 2.0, ""partial"": 3.0, ""trail"": 2.0}",351,124,0.1324,2.265,-10.24,91,20,0.1044,1.158,-2.68,442,144,0.1266,2.533,-8.54,38,24,-0.1155,-0.48,-8.59,1817,625,-0.0025,-0.122,-43.37,347,115,0.1065,1.902,-8.54,95,29,0.2003,1.811,-4.45,343,105,0.135,2.406,-8.54,99,39,0.0977,0.891,-4.69,342,111,0.1498,2.633,-6.22,100,33,0.0473,0.453,-7.61,0.0,0.0642,12.5,-16.6,-5.3,23.7,19.7,-5.6,-6.0,-22.4,3.1,26.7,5.6,,0.1044,,0.2003,,0.0977,,0.0473,True,True,True,False,False,3,False,False,False,False
short,NDX100,S47,3,2.746,"{""entry_tf"": 1, ""vwap"": true, ""time_stop"": 60, ""legs"": true, ""leg_max"": 6, ""legs_mgmt"": ""fixed"", ""leg_window"": 120, ""ma"": 100, ""dyn"": false, ""entry_mode"": ""close"", ""pb_frac"": 0.7, ""pb_wait"": 15, ""gap"": ""off"", ""body_min"": 0, ""volf"": ""off"", ""dow"": ""none"", ""big_thr"": 15, ""big_sl"": 40, ""big_tp"": 150, ""std_sl"": 30, ""std_tp"": 80, ""leg_gap"": 15, ""leg_sl"": 45, ""leg_tp"": 0, ""gap_min"": 100, ""be_at"": 0, ""partial"": 3.0, ""trail"": 3.0}",351,250,0.2831,3.222,-8.73,91,60,-0.0483,-0.337,-10.12,442,310,0.2149,2.825,-11.8,38,37,0.2311,0.723,-7.11,1817,1198,-0.0111,-0.528,-43.76,347,248,0.1486,1.776,-10.95,95,62,0.4567,2.595,-9.71,343,242,0.2468,2.809,-10.62,99,68,0.1041,0.695,-10.13,342,234,0.2306,2.652,-17.93,100,76,0.161,1.028,-12.35,-0.0073,0.1508,2.4,-9.0,7.4,-7.7,-13.0,-7.9,5.3,8.5,27.2,51.6,23.1,,-0.0483,,0.4567,,0.1041,,0.161,False,True,True,True,True,3,False,True,False,True
short,NDX100,LIVE_COMP,,,"{""entry_tf"": 1, ""vwap"": true, ""time_stop"": 120, ""legs"": true, ""leg_max"": 6, ""legs_mgmt"": ""fixed"", ""leg_window"": 120, ""ma"": 0, ""dyn"": false, ""big_thr"": 15, ""big_sl"": 35, ""big_tp"": 115, ""std_sl"": 25, ""std_tp"": 42, ""leg_gap"": 15, ""leg_sl"": 35, ""leg_tp"": 115, ""be_at"": 0, ""partial"": 0, ""trail"": 0, ""entry_mode"": ""close"", ""pb_frac"": 0.5, ""pb_wait"": 15, ""gap"": ""off"", ""gap_min"": 0, ""body_min"": 0, ""volf"": ""off"", ""dow"": ""none""}",351,316,0.3206,2.936,-15.63,91,75,-0.1381,-0.835,-19.11,442,391,0.2261,2.417,-23.0,38,38,0.4139,1.078,-6.31,1817,1564,-0.0305,-1.0,-73.6,347,304,0.2149,2.031,-15.71,95,87,0.2672,1.333,-14.54,343,298,0.2037,1.999,-27.13,99,93,0.3037,1.362,-8.42,342,304,0.2238,2.11,-25.03,100,87,0.2342,1.179,-11.6,-0.026,0.1697,0.4,-15.5,-11.1,-5.2,-8.4,5.2,-7.3,-7.7,34.1,49.6,37.0,,-0.1381,,0.2672,,0.3037,,0.2342,False,True,True,True,False,3,False,True,False,False
short,NDX100,LIVE_COMP+MA100,,,"{""entry_tf"": 1, ""vwap"": true, ""time_stop"": 120, ""legs"": true, ""leg_max"": 6, ""legs_mgmt"": ""fixed"", ""leg_window"": 120, ""ma"": 100, ""dyn"": false, ""big_thr"": 15, ""big_sl"": 35, ""big_tp"": 115, ""std_sl"": 25, ""std_tp"": 42, ""leg_gap"": 15, ""leg_sl"": 35, ""leg_tp"": 115, ""be_at"": 0, ""partial"": 0, ""trail"": 0, ""entry_mode"": ""close"", ""pb_frac"": 0.5, ""pb_wait"": 15, ""gap"": ""off"", ""gap_min"": 0, ""body_min"": 0, ""volf"": ""off"", ""dow"": ""none""}",351,250,0.2987,3.119,-12.55,91,60,-0.0118,-0.075,-10.34,442,310,0.2347,2.835,-12.55,38,37,0.4416,1.155,-6.31,1817,1198,-0.0028,-0.112,-35.67,347,248,0.1748,1.894,-12.55,95,62,0.4539,2.457,-9.24,343,242,0.2756,2.878,-12.47,99,68,0.0933,0.575,-10.52,342,234,0.2387,2.602,-14.25,100,76,0.2214,1.175,-12.34,0.0003,0.1824,2.1,-15.5,9.8,-3.3,2.8,-5.7,5.5,5.0,38.1,60.5,30.9,,-0.0118,,0.4539,,0.0933,,0.2214,False,True,False,True,False,2,False,True,False,False
short,NQ,S0,"0,1,2",3.711,"{""entry_tf"": 5, ""vwap"": false, ""time_stop"": 120, ""legs"": false, ""leg_max"": 1, ""legs_mgmt"": ""same"", ""leg_window"": 60, ""ma"": 100, ""dyn"": false, ""entry_mode"": ""close"", ""pb_frac"": 0.7, ""pb_wait"": 15, ""gap"": ""off"", ""body_min"": 0.5, ""volf"": ""off"", ""dow"": ""none"", ""big_thr"": 15, ""big_sl"": 35, ""big_tp"": 80, ""std_sl"": 35, ""std_tp"": 60, ""leg_gap"": 25, ""leg_sl"": 45, ""leg_tp"": 115, ""gap_min"": 20, ""be_at"": 1.5, ""partial"": 0, ""trail"": 0}",352,159,0.2152,3.815,-9.17,91,36,-0.0189,-0.205,-6.67,443,195,0.1671,3.421,-10.39,53,25,-0.1838,-1.585,-9.07,1820,668,0.0345,2.136,-20.82,348,154,0.1342,2.455,-7.25,95,41,0.2876,2.673,-4.03,344,161,0.2077,3.601,-8.32,99,34,0.0261,0.305,-5.21,343,144,0.1128,2.136,-8.89,100,51,0.3534,3.035,-4.14,0.0345,0.1196,8.3,2.2,25.7,16.4,16.5,1.0,-4.3,-2.9,19.1,37.4,7.8,,-0.0189,,0.2876,,0.0261,,0.3534,False,True,False,True,False,2,True,False,False,False
short,NQ,S1,"0,2",3.61,"{""entry_tf"": 5, ""vwap"": true, ""time_stop"": 90, ""legs"": true, ""leg_max"": 4, ""legs_mgmt"": ""same"", ""leg_window"": 30, ""ma"": 100, ""dyn"": false, ""entry_mode"": ""close"", ""pb_frac"": 0.5, ""pb_wait"": 30, ""gap"": ""off"", ""body_min"": 0.5, ""volf"": ""skip_high"", ""dow"": ""none"", ""big_thr"": 25, ""big_sl"": 35, ""big_tp"": 80, ""std_sl"": 30, ""std_tp"": 80, ""leg_gap"": 25, ""leg_sl"": 25, ""leg_tp"": 115, ""gap_min"": 100, ""be_at"": 2.0, ""partial"": 1.0, ""trail"": 3.0}",352,134,0.1604,3.74,-6.51,91,31,-0.0318,-0.451,-5.83,443,165,0.1209,3.25,-7.33,53,22,-0.0929,-0.916,-4.68,1820,544,0.0263,2.063,-18.52,348,130,0.079,1.968,-6.33,95,35,0.2742,3.041,-2.07,344,141,0.157,3.509,-6.25,99,24,-0.0044,-0.077,-7.7,343,119,0.0856,2.093,-7.27,100,46,0.2421,2.833,-3.18,0.0263,0.0828,7.0,-2.1,17.5,18.9,12.1,-1.4,-6.9,2.9,15.5,24.1,6.8,,-0.0318,,0.2742,,-0.0044,,0.2421,False,True,False,True,False,2,True,False,False,False
short,NQ,S2,0,3.524,"{""entry_tf"": 1, ""vwap"": true, ""time_stop"": 90, ""legs"": false, ""leg_max"": 4, ""legs_mgmt"": ""fixed"", ""leg_window"": 60, ""ma"": 100, ""dyn"": false, ""entry_mode"": ""close"", ""pb_frac"": 0.3, ""pb_wait"": 30, ""gap"": ""off"", ""body_min"": 0.3, ""volf"": ""skip_low"", ""dow"": ""none"", ""big_thr"": 10, ""big_sl"": 40, ""big_tp"": 0, ""std_sl"": 30, ""std_tp"": 50, ""leg_gap"": 25, ""leg_sl"": 25, ""leg_tp"": 140, ""gap_min"": 50, ""be_at"": 2.0, ""partial"": 2.0, ""trail"": 2.0}",352,160,0.2174,3.646,-5.04,91,39,-0.0607,-0.638,-8.51,443,199,0.1603,3.111,-8.14,53,18,-0.022,-0.192,-5.99,1820,715,0.0268,1.605,-15.27,348,161,0.1354,2.32,-9.19,95,38,0.2512,2.305,-4.21,344,150,0.1804,3.198,-8.14,99,49,0.0904,0.746,-5.9,343,152,0.1333,2.294,-8.79,100,47,0.2529,2.282,-8.38,0.0268,0.1361,0.6,-4.1,6.6,4.8,5.9,5.5,6.9,22.7,20.6,42.5,20.0,,-0.0607,,0.2512,,0.0904,,0.2529,False,True,True,True,False,3,True,False,False,False
short,NQ,S3,"0,3",3.507,"{""entry_tf"": 5, ""vwap"": false, ""time_stop"": 240, ""legs"": false, ""leg_max"": 4, ""legs_mgmt"": ""fixed"", ""leg_window"": 30, ""ma"": 100, ""dyn"": true, ""entry_mode"": ""close"", ""pb_frac"": 0.3, ""pb_wait"": 5, ""gap"": ""off"", ""body_min"": 0.3, ""volf"": ""off"", ""dow"": ""none"", ""big_thr"": 15, ""big_sl"": 30, ""big_tp"": 0, ""std_sl"": 25, ""std_tp"": 30, ""leg_gap"": 20, ""leg_sl"": 25, ""leg_tp"": 115, ""gap_min"": 100, ""be_at"": 0, ""partial"": 2.0, ""trail"": 3.0}",352,215,0.2945,3.634,-8.88,91,48,-0.0074,-0.054,-7.42,443,263,0.2325,3.289,-9.54,53,38,-0.1657,-0.993,-8.18,1820,999,0.0827,2.553,-38.19,348,213,0.1727,2.197,-12.09,95,50,0.4514,2.853,-6.59,344,207,0.2321,2.946,-8.5,99,56,0.2337,1.476,-4.37,343,197,0.2226,2.786,-9.68,100,66,0.2664,1.761,-8.13,0.0827,0.116,3.8,13.1,6.0,62.1,39.0,12.7,-5.9,19.8,2.0,39.2,21.8,,-0.0074,,0.4514,,0.2337,,0.2664,False,True,True,True,False,3,True,False,False,False
short,NQ,S4,"0,2",3.496,"{""entry_tf"": 5, ""vwap"": true, ""time_stop"": 999, ""legs"": false, ""leg_max"": 1, ""legs_mgmt"": ""fixed"", ""leg_window"": 30, ""ma"": 100, ""dyn"": false, ""entry_mode"": ""close"", ""pb_frac"": 0.3, ""pb_wait"": 5, ""gap"": ""off"", ""body_min"": 0.5, ""volf"": ""off"", ""dow"": ""none"", ""big_thr"": 20, ""big_sl"": 35, ""big_tp"": 80, ""std_sl"": 35, ""std_tp"": 60, ""leg_gap"": 15, ""leg_sl"": 35, ""leg_tp"": 140, ""gap_min"": 0, ""be_at"": 1.5, ""partial"": 0, ""trail"": 3.0}",352,159,0.2015,3.619,-9.17,91,36,-0.0109,-0.117,-6.67,443,195,0.1579,3.263,-10.39,53,25,-0.1838,-1.585,-9.07,1820,666,0.0278,1.659,-27.77,348,154,0.1251,2.311,-8.17,95,41,0.2779,2.605,-4.03,344,161,0.1969,3.444,-8.32,99,34,0.0225,0.265,-5.43,343,144,0.1059,2.014,-8.89,100,51,0.3362,2.949,-4.14,0.0278,0.1078,10.8,12.2,19.5,11.6,8.0,-6.5,-5.5,0.6,15.4,33.8,7.8,,-0.0109,,0.2779,,0.0225,,0.3362,False,True,False,True,False,2,True,False,False,False
short,NQ,S5,0,3.466,"{""entry_tf"": 5, ""vwap"": false, ""time_stop"": 240, ""legs"": false, ""leg_max"": 6, ""legs_mgmt"": ""fixed"", ""leg_window"": 60, ""ma"": 100, ""dyn"": false, ""entry_mode"": ""close"", ""pb_frac"": 0.5, ""pb_wait"": 30, ""gap"": ""off"", ""body_min"": 0, ""volf"": ""off"", ""dow"": ""none"", ""big_thr"": 10, ""big_sl"": 30, ""big_tp"": 80, ""std_sl"": 25, ""std_tp"": 60, ""leg_gap"": 20, ""leg_sl"": 35, ""leg_tp"": 90, ""gap_min"": 20, ""be_at"": 0, ""partial"": 2.0, ""trail"": 0}",352,280,0.2824,3.625,-9.37,91,68,-0.0411,-0.296,-14.24,443,348,0.216,3.156,-11.2,53,51,-0.0838,-0.4,-11.07,1820,1385,0.0295,1.119,-45.57,348,278,0.1822,2.352,-13.54,95,70,0.3397,2.337,-7.7,344,274,0.2416,3.071,-10.99,99,74,0.1269,0.922,-6.04,343,264,0.1617,2.126,-11.65,100,84,0.4022,2.628,-6.04,0.0295,0.0997,15.7,0.9,7.2,-0.5,36.6,5.4,-14.7,3.0,-4.8,53.3,8.8,,-0.0411,,0.3397,,0.1269,,0.4022,False,True,True,True,False,3,True,False,False,False
short,NQ,S6,"0,3",3.444,"{""entry_tf"": 1, ""vwap"": false, ""time_stop"": 90, ""legs"": true, ""leg_max"": 2, ""legs_mgmt"": ""fixed"", ""leg_window"": 120, ""ma"": 100, ""dyn"": false, ""entry_mode"": ""close"", ""pb_frac"": 0.3, ""pb_wait"": 5, ""gap"": ""off"", ""body_min"": 0, ""volf"": ""off"", ""dow"": ""none"", ""big_thr"": 15, ""big_sl"": 40, ""big_tp"": 130, ""std_sl"": 25, ""std_tp"": 30, ""leg_gap"": 15, ""leg_sl"": 35, ""leg_tp"": 90, ""gap_min"": 100, ""be_at"": 1.5, ""partial"": 0, ""trail"": 2.0}",352,299,0.3213,3.523,-8.81,91,73,-0.1091,-0.832,-14.05,443,372,0.2329,2.995,-14.21,53,53,0.002,0.009,-8.58,1820,1400,0.0159,0.683,-25.29,348,297,0.1607,1.877,-13.31,95,75,0.4974,2.775,-9.05,344,293,0.2817,3.134,-15.08,99,79,0.0634,0.416,-11.2,343,284,0.1914,2.23,-27.93,100,88,0.3751,2.108,-6.14,0.0159,0.1393,-4.1,-7.1,23.6,7.3,-5.9,-4.1,10.4,9.0,12.9,55.3,18.1,,-0.1091,,0.4974,,0.0634,,0.3751,False,True,False,True,False,2,False,True,False,False
short,NQ,S7,"0,2",3.44,"{""entry_tf"": 5, ""vwap"": true, ""time_stop"": 60, ""legs"": false, ""leg_max"": 2, ""legs_mgmt"": ""same"", ""leg_window"": 60, ""ma"": 100, ""dyn"": false, ""entry_mode"": ""close"", ""pb_frac"": 0.7, ""pb_wait"": 15, ""gap"": ""off"", ""body_min"": 0.3, ""volf"": ""skip_high"", ""dow"": ""none"", ""big_thr"": 20, ""big_sl"": 35, ""big_tp"": 130, ""std_sl"": 30, ""std_tp"": 0, ""leg_gap"": 10, ""leg_sl"": 45, ""leg_tp"": 0, ""gap_min"": 0, ""be_at"": 1.5, ""partial"": 1.5, ""trail"": 1.5}",352,169,0.1959,3.906,-6.31,91,39,-0.1013,-1.386,-10.18,443,208,0.1348,3.139,-9.1,53,32,-0.0692,-0.553,-6.48,1820,785,0.0175,1.184,-26.86,348,171,0.1068,2.217,-9.1,95,37,0.2376,2.527,-2.77,344,168,0.1818,3.608,-7.03,99,40,-0.0283,-0.367,-13.0,343,152,0.0705,1.529,-9.33,100,56,0.3555,3.46,-3.53,0.0175,0.0713,5.1,-1.5,4.0,19.2,6.4,3.6,-9.0,4.1,9.5,18.5,12.5,,-0.1013,,0.2376,,-0.0283,,0.3555,False,True,False,True,False,2,False,False,False,False
short,NQ,S8,"0,3",3.42,"{""entry_tf"": 5, ""vwap"": false, ""time_stop"": 120, ""legs"": false, ""leg_max"": 6, ""legs_mgmt"": ""same"", ""leg_window"": 30, ""ma"": 100, ""dyn"": false, ""entry_mode"": ""close"", ""pb_frac"": 0.3, ""pb_wait"": 5, ""gap"": ""off"", ""body_min"": 0, ""volf"": ""off"", ""dow"": ""none"", ""big_thr"": 20, ""big_sl"": 30, ""big_tp"": 130, ""std_sl"": 30, ""std_tp"": 60, ""leg_gap"": 25, ""leg_sl"": 45, ""leg_tp"": 60, ""gap_min"": 50, ""be_at"": 0, ""partial"": 0, ""trail"": 3.0}",352,280,0.3561,3.611,-11.02,91,68,-0.0689,-0.443,-11.33,443,348,0.2688,3.162,-12.63,53,51,0.0771,0.282,-10.41,1820,1385,0.0189,0.732,-47.74,348,278,0.2003,2.14,-13.75,95,70,0.5197,2.642,-7.11,344,274,0.2461,2.573,-13.85,99,74,0.3478,1.88,-5.51,343,264,0.2385,2.503,-14.62,100,84,0.3726,1.996,-8.3,0.0189,0.1599,9.1,-5.2,9.2,3.8,24.8,12.8,-18.0,-2.1,20.4,56.1,26.6,,-0.0689,,0.5197,,0.3478,,0.3726,False,True,True,True,False,3,True,True,False,False
short,NQ,S9,0,3.398,"{""entry_tf"": 5, ""vwap"": true, ""time_stop"": 120, ""legs"": false, ""leg_max"": 1, ""legs_mgmt"": ""same"", ""leg_window"": 120, ""ma"": 100, ""dyn"": false, ""entry_mode"": ""close"", ""pb_frac"": 0.3, ""pb_wait"": 15, ""gap"": ""off"", ""body_min"": 0.3, ""volf"": ""skip_high"", ""dow"": ""none"", ""big_thr"": 20, ""big_sl"": 35, ""big_tp"": 200, ""std_sl"": 20, ""std_tp"": 60, ""leg_gap"": 25, ""leg_sl"": 45, ""leg_tp"": 90, ""gap_min"": 0, ""be_at"": 1.5, ""partial"": 2.0, ""trail"": 0}",352,169,0.2506,3.896,-8.5,91,39,-0.09,-0.974,-10.12,443,208,0.1806,3.29,-12.31,53,32,-0.1589,-1.125,-8.53,1820,785,0.0246,1.226,-34.73,348,171,0.1483,2.372,-13.13,95,37,0.299,2.631,-3.28,344,168,0.2089,3.291,-11.31,99,40,0.0824,0.765,-10.49,343,152,0.1353,2.272,-11.5,100,56,0.3361,2.567,-4.17,0.0246,0.1015,12.3,-6.1,10.7,25.9,13.7,-5.8,-10.3,4.5,14.3,24.3,15.9,,-0.09,,0.299,,0.0824,,0.3361,False,True,False,True,False,2,True,False,False,False
short,NQ,S10,"0,2",3.394,"{""entry_tf"": 5, ""vwap"": false, ""time_stop"": 90, ""legs"": false, ""leg_max"": 2, ""legs_mgmt"": ""fixed"", ""leg_window"": 60, ""ma"": 100, ""dyn"": false, ""entry_mode"": ""close"", ""pb_frac"": 0.5, ""pb_wait"": 30, ""gap"": ""off"", ""body_min"": 0.5, ""volf"": ""off"", ""dow"": ""none"", ""big_thr"": 20, ""big_sl"": 35, ""big_tp"": 100, ""std_sl"": 15, ""std_tp"": 30, ""leg_gap"": 25, ""leg_sl"": 25, ""leg_tp"": 115, ""gap_min"": 20, ""be_at"": 1.5, ""partial"": 1.5, ""trail"": 0}",352,159,0.1822,3.578,-9.25,91,36,0.0124,0.14,-6.14,443,195,0.1473,3.308,-10.35,53,25,-0.1495,-1.285,-7.75,1820,668,0.0259,1.483,-31.43,348,154,0.1163,2.323,-7.25,95,41,0.2612,2.703,-4.07,344,161,0.1761,3.37,-8.28,99,34,0.0476,0.584,-4.46,343,144,0.117,2.407,-8.28,100,51,0.2516,2.398,-5.27,0.0259,0.0933,4.7,2.0,17.2,37.9,8.5,-10.4,-10.6,-2.1,3.0,38.9,8.0,,0.0124,,0.2612,,0.0476,,0.2516,False,True,False,True,False,2,True,False,False,False
short,NQ,S11,0,3.375,"{""entry_tf"": 5, ""vwap"": true, ""time_stop"": 240, ""legs"": false, ""leg_max"": 6, ""legs_mgmt"": ""same"", ""leg_window"": 30, ""ma"": 100, ""dyn"": false, ""entry_mode"": ""close"", ""pb_frac"": 0.5, ""pb_wait"": 5, ""gap"": ""off"", ""body_min"": 0.5, ""volf"": ""off"", ""dow"": ""none"", ""big_thr"": 20, ""big_sl"": 40, ""big_tp"": 150, ""std_sl"": 30, ""std_tp"": 0, ""leg_gap"": 20, ""leg_sl"": 45, ""leg_tp"": 0, ""gap_min"": 50, ""be_at"": 1.5, ""partial"": 1.5, ""trail"": 1.5}",352,159,0.1766,3.507,-10.02,91,36,-0.0274,-0.34,-5.08,443,195,0.1347,3.099,-10.15,53,25,-0.1405,-1.419,-7.24,1820,666,0.0386,2.375,-20.79,348,154,0.0952,1.983,-8.03,95,41,0.2794,2.813,-3.88,344,161,0.1664,3.258,-9.05,99,34,0.0247,0.314,-6.52,343,144,0.0945,2.017,-10.46,100,51,0.2726,2.597,-4.82,0.0386,0.1023,12.5,7.0,25.5,17.6,11.3,3.4,-3.1,-3.8,23.9,29.9,2.2,,-0.0274,,0.2794,,0.0247,,0.2726,False,True,False,True,False,2,True,False,False,False
short,NQ,S12,0,3.36,"{""entry_tf"": 5, ""vwap"": true, ""time_stop"": 120, ""legs"": true, ""leg_max"": 1, ""legs_mgmt"": ""same"", ""leg_window"": 60, ""ma"": 100, ""dyn"": false, ""entry_mode"": ""close"", ""pb_frac"": 0.5, ""pb_wait"": 15, ""gap"": ""off"", ""body_min"": 0.3, ""volf"": ""off"", ""dow"": ""none"", ""big_thr"": 20, ""big_sl"": 35, ""big_tp"": 100, ""std_sl"": 20, ""std_tp"": 80, ""leg_gap"": 25, ""leg_sl"": 45, ""leg_tp"": 0, ""gap_min"": 100, ""be_at"": 1.5, ""partial"": 1.5, ""trail"": 2.0}",352,208,0.2173,3.708,-7.71,91,48,-0.0949,-0.973,-8.53,443,256,0.1531,3.001,-9.22,53,37,-0.0618,-0.352,-7.36,1820,959,0.0303,1.432,-32.33,348,205,0.1257,2.161,-9.97,95,51,0.2537,2.407,-4.38,344,205,0.1689,2.894,-8.7,99,51,0.0985,0.939,-4.68,343,191,0.1122,1.984,-8.63,100,65,0.2936,2.553,-4.17,0.0303,0.0707,9.2,0.7,7.2,25.8,20.1,-4.2,-7.4,3.8,-8.8,43.9,5.4,,-0.0949,,0.2537,,0.0985,,0.2936,False,True,True,True,False,3,True,False,False,False
short,NQ,S13,"0,1",3.359,"{""entry_tf"": 1, ""vwap"": true, ""time_stop"": 180, ""legs"": false, ""leg_max"": 2, ""legs_mgmt"": ""same"", ""leg_window"": 120, ""ma"": 100, ""dyn"": false, ""entry_mode"": ""close"", ""pb_frac"": 0.7, ""pb_wait"": 30, ""gap"": ""off"", ""body_min"": 0.3, ""volf"": ""off"", ""dow"": ""none"", ""big_thr"": 15, ""big_sl"": 35, ""big_tp"": 150, ""std_sl"": 20, ""std_tp"": 0, ""leg_gap"": 25, ""leg_sl"": 35, ""leg_tp"": 0, ""gap_min"": 50, ""be_at"": 0, ""partial"": 2.0, ""trail"": 3.0}",352,200,0.2448,3.436,-10.75,91,49,-0.0363,-0.317,-9.81,443,249,0.187,3.04,-12.27,53,34,-0.053,-0.326,-9.32,1820,916,0.0369,1.533,-33.44,348,199,0.1559,2.271,-10.75,95,50,0.301,2.189,-7.73,344,191,0.2122,3.036,-8.48,99,58,0.0996,0.77,-6.47,343,192,0.1618,2.342,-19.74,100,57,0.2735,2.036,-8.31,0.0369,0.1503,3.8,-13.2,0.9,21.7,14.7,15.3,3.8,20.1,32.8,47.7,9.8,,-0.0363,,0.301,,0.0996,,0.2735,False,True,True,True,False,3,True,False,False,False
short,NQ,S14,0,3.338,"{""entry_tf"": 5, ""vwap"": false, ""time_stop"": 120, ""legs"": false, ""leg_max"": 4, ""legs_mgmt"": ""same"", ""leg_window"": 30, ""ma"": 100, ""dyn"": true, ""entry_mode"": ""close"", ""pb_frac"": 0.5, ""pb_wait"": 5, ""gap"": ""off"", ""body_min"": 0.3, ""volf"": ""off"", ""dow"": ""none"", ""big_thr"": 20, ""big_sl"": 50, ""big_tp"": 0, ""std_sl"": 35, ""std_tp"": 0, ""leg_gap"": 25, ""leg_sl"": 35, ""leg_tp"": 0, ""gap_min"": 50, ""be_at"": 2.0, ""partial"": 1.5, ""trail"": 2.0}",352,215,0.2008,3.422,-9.79,91,48,-0.1072,-1.087,-9.05,443,263,0.1375,2.687,-11.05,53,38,-0.2416,-1.97,-11.79,1820,999,0.0438,1.787,-29.42,348,213,0.0942,1.626,-13.45,95,50,0.2963,2.751,-6.05,344,207,0.1515,2.622,-9.44,99,56,0.0888,0.808,-6.07,343,197,0.1223,2.108,-9.12,100,66,0.1897,1.75,-6.81,0.0438,0.0705,2.3,-8.9,7.2,30.5,32.1,11.8,-3.5,8.2,7.7,27.5,-4.3,,-0.1072,,0.2963,,0.0888,,0.1897,False,True,True,True,False,3,True,False,False,False
short,NQ,S15,"1,3",3.106,"{""entry_tf"": 5, ""vwap"": true, ""time_stop"": 999, ""legs"": true, ""leg_max"": 1, ""legs_mgmt"": ""same"", ""leg_window"": 60, ""ma"": 0, ""dyn"": true, ""entry_mode"": ""close"", ""pb_frac"": 0.3, ""pb_wait"": 5, ""gap"": ""off"", ""body_min"": 0.3, ""volf"": ""off"", ""dow"": ""none"", ""big_thr"": 15, ""big_sl"": 30, ""big_tp"": 115, ""std_sl"": 35, ""std_tp"": 30, ""leg_gap"": 10, ""leg_sl"": 35, ""leg_tp"": 140, ""gap_min"": 0, ""be_at"": 0, ""partial"": 0, ""trail"": 3.0}",352,270,0.347,3.305,-12.97,91,64,0.1375,0.709,-14.0,443,334,0.304,3.285,-15.5,53,37,-0.0684,-0.3,-7.17,1820,1374,0.071,1.695,-30.4,348,262,0.2673,2.618,-15.89,95,72,0.4383,2.043,-7.34,344,267,0.3434,3.183,-12.74,99,67,0.167,0.954,-11.14,343,253,0.2845,2.7,-12.88,100,81,0.3709,1.918,-6.63,0.071,0.1493,2.9,1.7,4.6,52.3,16.4,2.1,42.7,6.5,5.8,59.5,23.5,,0.1375,,0.4383,,0.167,,0.3709,False,True,True,True,True,3,True,False,False,False
short,NQ,S16,1,2.919,"{""entry_tf"": 5, ""vwap"": true, ""time_stop"": 240, ""legs"": false, ""leg_max"": 1, ""legs_mgmt"": ""fixed"", ""leg_window"": 60, ""ma"": 100, ""dyn"": false, ""entry_mode"": ""close"", ""pb_frac"": 0.3, ""pb_wait"": 5, ""gap"": ""off"", ""body_min"": 0, ""volf"": ""skip_low"", ""dow"": ""fri"", ""big_thr"": 15, ""big_sl"": 35, ""big_tp"": 200, ""std_sl"": 30, ""std_tp"": 42, ""leg_gap"": 15, ""leg_sl"": 35, ""leg_tp"": 140, ""gap_min"": 20, ""be_at"": 2.0, ""partial"": 0, ""trail"": 3.0}",352,164,0.2622,3.028,-10.85,91,36,-0.0791,-0.643,-15.65,443,200,0.1921,2.61,-11.11,53,23,-0.0208,-0.118,-7.41,1820,763,-0.0018,-0.087,-28.63,348,161,0.2312,2.6,-10.16,95,39,0.0486,0.456,-6.46,344,159,0.1634,2.044,-11.26,99,41,0.2917,1.653,-6.43,343,148,0.1136,1.463,-14.32,100,52,0.4613,2.486,-8.65,-0.0018,0.1262,9.6,-4.2,-1.6,-1.0,-15.5,10.2,-1.2,0.4,13.6,38.7,24.7,,-0.0791,,0.0486,,0.2917,,0.4613,False,False,True,True,False,2,False,False,False,False
short,NQ,S17,1,2.511,"{""entry_tf"": 5, ""vwap"": true, ""time_stop"": 60, ""legs"": true, ""leg_max"": 4, ""legs_mgmt"": ""fixed"", ""leg_window"": 60, ""ma"": 100, ""dyn"": true, ""entry_mode"": ""close"", ""pb_frac"": 0.3, ""pb_wait"": 15, ""gap"": ""off"", ""body_min"": 0, ""volf"": ""off"", ""dow"": ""none"", ""big_thr"": 15, ""big_sl"": 30, ""big_tp"": 115, ""std_sl"": 25, ""std_tp"": 60, ""leg_gap"": 20, ""leg_sl"": 45, ""leg_tp"": 60, ""gap_min"": 100, ""be_at"": 0.5, ""partial"": 0, ""trail"": 0}",352,256,0.2117,2.841,-9.62,91,60,0.0448,0.369,-7.04,443,316,0.1774,2.759,-12.83,53,47,0.0395,0.231,-5.27,1820,1270,0.0069,0.261,-58.49,348,246,0.1971,2.693,-12.83,95,70,0.1055,0.786,-4.49,344,254,0.1722,2.349,-10.98,99,62,0.1955,1.46,-5.45,343,238,0.1294,1.84,-10.92,100,78,0.3424,2.274,-4.31,0.0069,0.0738,-2.6,-31.8,-8.3,29.9,28.9,26.5,-5.6,-24.4,-18.8,58.4,8.2,,0.0448,,0.1055,,0.1955,,0.3424,False,True,True,True,True,3,False,True,False,True
short,NQ,S18,1,3.25,"{""entry_tf"": 5, ""vwap"": false, ""time_stop"": 120, ""legs"": true, ""leg_max"": 2, ""legs_mgmt"": ""same"", ""leg_window"": 30, ""ma"": 100, ""dyn"": false, ""entry_mode"": ""close"", ""pb_frac"": 0.3, ""pb_wait"": 5, ""gap"": ""off"", ""body_min"": 0.3, ""volf"": ""off"", ""dow"": ""none"", ""big_thr"": 15, ""big_sl"": 35, ""big_tp"": 130, ""std_sl"": 15, ""std_tp"": 50, ""leg_gap"": 15, ""leg_sl"": 25, ""leg_tp"": 90, ""gap_min"": 0, ""be_at"": 0, ""partial"": 3.0, ""trail"": 1.5}",352,224,0.2442,3.38,-8.03,91,48,-0.0755,-0.738,-7.1,443,272,0.1785,2.906,-9.85,53,41,-0.1394,-0.843,-11.62,1820,1011,0.0435,1.852,-28.4,348,216,0.1666,2.491,-10.09,95,56,0.2221,1.498,-4.5,344,216,0.1883,2.668,-9.54,99,56,0.1444,1.164,-7.28,343,203,0.115,1.705,-9.85,100,69,0.3965,2.808,-3.93,0.0435,0.0918,0.5,-6.6,5.0,35.6,11.9,28.7,-5.6,9.6,11.9,31.6,5.8,,-0.0755,,0.2221,,0.1444,,0.3965,False,True,True,True,True,3,True,False,False,False
short,NQ,S19,1,3.155,"{""entry_tf"": 5, ""vwap"": false, ""time_stop"": 180, ""legs"": true, ""leg_max"": 6, ""legs_mgmt"": ""fixed"", ""leg_window"": 120, ""ma"": 100, ""dyn"": false, ""entry_mode"": ""close"", ""pb_frac"": 0.3, ""pb_wait"": 15, ""gap"": ""off"", ""body_min"": 0.5, ""volf"": ""off"", ""dow"": ""none"", ""big_thr"": 10, ""big_sl"": 35, ""big_tp"": 200, ""std_sl"": 25, ""std_tp"": 50, ""leg_gap"": 15, ""leg_sl"": 45, ""leg_tp"": 140, ""gap_min"": 100, ""be_at"": 0, ""partial"": 3.0, ""trail"": 3.0}",352,167,0.2679,3.549,-10.61,91,36,0.0439,0.362,-5.85,443,203,0.2219,3.409,-11.65,53,26,-0.1855,-1.311,-8.99,1820,678,0.0472,2.343,-21.28,348,155,0.1868,2.586,-9.85,95,48,0.3504,2.369,-6.47,344,169,0.2564,3.344,-10.24,99,34,0.1019,0.873,-8.09,343,151,0.1538,2.212,-9.58,100,52,0.4555,2.849,-5.18,0.0472,0.1752,12.8,5.2,31.5,23.7,15.0,6.9,-7.5,-1.6,44.3,36.2,18.1,,0.0439,,0.3504,,0.1019,,0.4555,False,True,False,True,True,2,True,False,False,False
short,NQ,S20,"1,2",3.136,"{""entry_tf"": 1, ""vwap"": true, ""time_stop"": 120, ""legs"": true, ""leg_max"": 1, ""legs_mgmt"": ""fixed"", ""leg_window"": 120, ""ma"": 100, ""dyn"": false, ""entry_mode"": ""close"", ""pb_frac"": 0.7, ""pb_wait"": 30, ""gap"": ""off"", ""body_min"": 0.3, ""volf"": ""off"", ""dow"": ""none"", ""big_thr"": 15, ""big_sl"": 40, ""big_tp"": 115, ""std_sl"": 25, ""std_tp"": 60, ""leg_gap"": 25, ""leg_sl"": 45, ""leg_tp"": 0, ""gap_min"": 20, ""be_at"": 1.0, ""partial"": 3.0, ""trail"": 3.0}",352,207,0.2047,2.994,-10.11,91,49,0.0611,0.507,-6.47,443,256,0.1752,2.932,-10.33,53,35,0.0197,0.125,-8.62,1820,917,0.0233,1.171,-20.01,348,205,0.1611,2.356,-10.08,95,51,0.2268,1.86,-5.75,344,197,0.2269,3.235,-11.02,99,59,-0.0045,-0.042,-8.71,343,196,0.1433,2.168,-11.05,100,60,0.2845,2.092,-6.25,0.0233,0.1258,2.5,-6.3,15.6,10.6,5.7,1.9,0.9,11.3,26.7,48.3,3.9,,0.0611,,0.2268,,-0.0045,,0.2845,False,True,False,True,False,2,True,True,False,False
short,NQ,S21,1,2.849,"{""entry_tf"": 5, ""vwap"": true, ""time_stop"": 120, ""legs"": true, ""leg_max"": 1, ""legs_mgmt"": ""fixed"", ""leg_window"": 120, ""ma"": 100, ""dyn"": false, ""entry_mode"": ""close"", ""pb_frac"": 0.5, ""pb_wait"": 15, ""gap"": ""off"", ""body_min"": 0.5, ""volf"": ""off"", ""dow"": ""mon"", ""big_thr"": 25, ""big_sl"": 35, ""big_tp"": 100, ""std_sl"": 20, ""std_tp"": 42, ""leg_gap"": 20, ""leg_sl"": 45, ""leg_tp"": 140, ""gap_min"": 0, ""be_at"": 1.5, ""partial"": 0, ""trail"": 1.5}",352,127,0.1636,3.11,-7.1,91,29,0.0434,0.512,-4.48,443,156,0.1389,3.064,-7.24,53,20,-0.2172,-2.604,-10.83,1820,528,0.0076,0.517,-39.3,348,123,0.1336,2.655,-6.4,95,33,0.1585,1.531,-3.16,344,129,0.1767,3.264,-6.27,99,27,0.0076,0.102,-10.26,343,115,0.0941,1.928,-7.24,100,41,0.2929,2.669,-3.69,0.0076,0.0749,10.5,4.0,15.8,12.7,-1.7,-12.6,-9.5,-5.4,3.7,29.2,1.9,,0.0434,,0.1585,,0.0076,,0.2929,False,True,False,True,True,2,False,False,False,False
short,NQ,S22,1,2.252,"{""entry_tf"": 1, ""vwap"": true, ""time_stop"": 60, ""legs"": true, ""leg_max"": 4, ""legs_mgmt"": ""fixed"", ""leg_window"": 60, ""ma"": 0, ""dyn"": true, ""entry_mode"": ""close"", ""pb_frac"": 0.3, ""pb_wait"": 5, ""gap"": ""off"", ""body_min"": 0.7, ""volf"": ""off"", ""dow"": ""none"", ""big_thr"": 20, ""big_sl"": 40, ""big_tp"": 100, ""std_sl"": 35, ""std_tp"": 42, ""leg_gap"": 10, ""leg_sl"": 35, ""leg_tp"": 140, ""gap_min"": 100, ""be_at"": 2.0, ""partial"": 0, ""trail"": 3.0}",352,118,0.1498,2.567,-7.19,91,17,0.0101,0.142,-4.15,443,135,0.1211,2.487,-8.21,53,9,0.0439,0.479,-2.04,1820,427,0.0092,0.467,-24.29,348,107,0.1469,2.654,-4.16,95,28,0.0268,0.263,-8.02,344,101,0.1027,1.901,-8.21,99,34,0.185,1.677,-3.12,343,104,0.1066,1.979,-8.21,100,31,0.1711,1.536,-7.19,0.0092,0.0836,1.3,-3.0,-12.4,5.3,9.6,29.9,-0.5,-13.5,5.8,38.3,10.0,,0.0101,,0.0268,,0.185,,0.1711,False,False,True,True,False,2,False,True,False,False
short,NQ,S23,1,2.959,"{""entry_tf"": 5, ""vwap"": true, ""time_stop"": 180, ""legs"": true, ""leg_max"": 1, ""legs_mgmt"": ""fixed"", ""leg_window"": 120, ""ma"": 100, ""dyn"": true, ""entry_mode"": ""close"", ""pb_frac"": 0.5, ""pb_wait"": 5, ""gap"": ""off"", ""body_min"": 0.3, ""volf"": ""off"", ""dow"": ""mon"", ""big_thr"": 25, ""big_sl"": 40, ""big_tp"": 130, ""std_sl"": 20, ""std_tp"": 30, ""leg_gap"": 25, ""leg_sl"": 25, ""leg_tp"": 115, ""gap_min"": 100, ""be_at"": 1.0, ""partial"": 3.0, ""trail"": 1.5}",352,166,0.1812,3.088,-6.2,91,37,-0.0132,-0.154,-9.37,443,203,0.1413,2.825,-9.8,53,29,-0.0847,-0.675,-4.74,1820,793,-0.0033,-0.162,-39.85,348,165,0.1285,2.368,-9.62,95,38,0.188,1.545,-3.11,344,162,0.1755,2.991,-7.74,99,41,0.0223,0.244,-6.77,343,149,0.1065,1.949,-11.5,100,54,0.2605,2.221,-5.14,-0.0033,0.116,-7.2,-5.4,-12.7,25.9,-0.7,-3.1,-9.3,6.6,38.5,26.9,2.0,,-0.0132,,0.188,,0.0223,,0.2605,False,True,False,True,True,2,False,False,False,False
short,NQ,S24,1,2.622,"{""entry_tf"": 1, ""vwap"": false, ""time_stop"": 120, ""legs"": true, ""leg_max"": 2, ""legs_mgmt"": ""same"", ""leg_window"": 120, ""ma"": 100, ""dyn"": false, ""entry_mode"": ""close"", ""pb_frac"": 0.7, ""pb_wait"": 15, ""gap"": ""against"", ""body_min"": 0, ""volf"": ""off"", ""dow"": ""fri"", ""big_thr"": 20, ""big_sl"": 40, ""big_tp"": 115, ""std_sl"": 20, ""std_tp"": 30, ""leg_gap"": 15, ""leg_sl"": 45, ""leg_tp"": 90, ""gap_min"": 20, ""be_at"": 0, ""partial"": 2.0, ""trail"": 2.0}",352,107,0.1434,2.822,-11.33,91,29,0.0698,0.802,-5.55,443,136,0.1282,2.904,-9.17,53,24,0.0256,0.21,-3.87,1820,347,0.0266,2.068,-16.67,348,114,0.1333,2.554,-10.36,95,22,0.1096,1.434,-2.8,344,103,0.1663,3.289,-5.94,99,33,-0.004,-0.045,-10.4,343,105,0.0699,1.487,-7.97,100,31,0.3283,3.029,-4.12,0.0266,0.0941,1.6,4.9,7.2,6.1,21.8,-2.6,1.6,8.0,4.3,38.4,16.9,,0.0698,,0.1096,,-0.004,,0.3283,True,True,False,True,True,3,True,True,True,True
short,NQ,S25,1,2.988,"{""entry_tf"": 5, ""vwap"": false, ""time_stop"": 180, ""legs"": false, ""leg_max"": 6, ""legs_mgmt"": ""fixed"", ""leg_window"": 120, ""ma"": 100, ""dyn"": false, ""entry_mode"": ""close"", ""pb_frac"": 0.7, ""pb_wait"": 15, ""gap"": ""off"", ""body_min"": 0.3, ""volf"": ""off"", ""dow"": ""mon"", ""big_thr"": 15, ""big_sl"": 35, ""big_tp"": 150, ""std_sl"": 30, ""std_tp"": 30, ""leg_gap"": 15, ""leg_sl"": 35, ""leg_tp"": 90, ""gap_min"": 0, ""be_at"": 0.5, ""partial"": 0, ""trail"": 1.5}",352,172,0.1743,3.091,-6.35,91,37,-0.0674,-0.948,-6.44,443,209,0.1247,2.633,-8.46,53,30,-0.1517,-1.946,-8.01,1820,805,0.0098,0.658,-33.45,348,172,0.1286,2.345,-9.12,95,37,0.1103,1.203,-3.22,344,163,0.1305,2.468,-6.39,99,46,0.1043,0.989,-5.04,343,155,0.0872,1.716,-7.32,100,54,0.253,2.188,-3.26,0.0098,0.0802,0.8,8.7,5.0,4.9,3.8,14.7,-9.5,-10.6,12.5,26.3,2.7,,-0.0674,,0.1103,,0.1043,,0.253,False,True,True,True,True,3,False,False,False,False
short,NQ,S26,1,3.284,"{""entry_tf"": 5, ""vwap"": true, ""time_stop"": 60, ""legs"": true, ""leg_max"": 2, ""legs_mgmt"": ""same"", ""leg_window"": 120, ""ma"": 100, ""dyn"": false, ""entry_mode"": ""close"", ""pb_frac"": 0.3, ""pb_wait"": 30, ""gap"": ""off"", ""body_min"": 0.3, ""volf"": ""off"", ""dow"": ""fri"", ""big_thr"": 10, ""big_sl"": 35, ""big_tp"": 100, ""std_sl"": 15, ""std_tp"": 50, ""leg_gap"": 15, ""leg_sl"": 45, ""leg_tp"": 0, ""gap_min"": 0, ""be_at"": 1.0, ""partial"": 3.0, ""trail"": 1.5}",352,179,0.1922,3.384,-9.63,91,39,-0.0673,-0.728,-6.83,443,218,0.1389,2.822,-10.65,53,31,0.021,0.088,-7.19,1820,783,0.021,1.153,-27.34,348,174,0.1306,2.321,-9.95,95,44,0.1691,1.679,-3.16,344,176,0.1756,3.05,-9.62,99,42,0.0112,0.124,-7.07,343,161,0.0617,1.181,-7.95,100,57,0.4037,3.346,-4.42,0.021,0.0856,2.3,9.7,12.9,22.9,-8.4,20.2,-3.0,-18.4,12.7,34.4,7.1,,-0.0673,,0.1691,,0.0112,,0.4037,False,True,False,True,True,2,True,True,True,True
short,NQ,S27,1,2.457,"{""entry_tf"": 5, ""vwap"": true, ""time_stop"": 240, ""legs"": false, ""leg_max"": 2, ""legs_mgmt"": ""same"", ""leg_window"": 120, ""ma"": 0, ""dyn"": false, ""entry_mode"": ""close"", ""pb_frac"": 0.7, ""pb_wait"": 5, ""gap"": ""off"", ""body_min"": 0, ""volf"": ""off"", ""dow"": ""fri"", ""big_thr"": 20, ""big_sl"": 25, ""big_tp"": 200, ""std_sl"": 25, ""std_tp"": 60, ""leg_gap"": 10, ""leg_sl"": 35, ""leg_tp"": 60, ""gap_min"": 100, ""be_at"": 0, ""partial"": 0, ""trail"": 3.0}",352,248,0.3425,2.941,-16.24,91,62,0.0146,0.069,-15.01,443,310,0.2752,2.691,-17.43,53,37,-0.0697,-0.278,-12.15,1820,1277,0.0427,1.255,-43.12,348,246,0.3248,2.684,-19.43,95,64,0.0932,0.535,-15.77,344,243,0.2667,2.326,-13.84,99,67,0.3046,1.353,-6.97,343,238,0.1731,1.562,-15.95,100,72,0.6251,2.57,-6.3,0.0427,0.1629,18.6,3.4,12.5,-0.4,-16.5,38.0,53.6,-31.3,8.9,65.2,23.0,,0.0146,,0.0932,,0.3046,,0.6251,False,False,True,True,False,2,True,False,False,False
short,NQ,S28,2,3.362,"{""entry_tf"": 1, ""vwap"": false, ""time_stop"": 90, ""legs"": false, ""leg_max"": 1, ""legs_mgmt"": ""fixed"", ""leg_window"": 30, ""ma"": 100, ""dyn"": false, ""entry_mode"": ""close"", ""pb_frac"": 0.5, ""pb_wait"": 5, ""gap"": ""off"", ""body_min"": 0.5, ""volf"": ""off"", ""dow"": ""none"", ""big_thr"": 20, ""big_sl"": 40, ""big_tp"": 130, ""std_sl"": 20, ""std_tp"": 50, ""leg_gap"": 20, ""leg_sl"": 25, ""leg_tp"": 60, ""gap_min"": 100, ""be_at"": 1.5, ""partial"": 2.0, ""trail"": 0}",352,152,0.1926,3.401,-6.48,91,30,-0.0048,-0.056,-7.28,443,182,0.1521,3.141,-8.54,53,23,0.0573,0.402,-7.22,1820,632,0.0223,1.3,-16.55,348,145,0.1194,2.25,-9.01,95,37,0.2717,2.384,-4.62,344,139,0.1953,3.466,-7.22,99,43,0.0018,0.02,-6.31,343,140,0.1183,2.189,-12.52,100,42,0.2679,2.501,-5.25,0.0223,0.1006,4.1,1.1,2.4,4.8,4.9,1.8,4.2,17.5,7.5,42.6,15.1,,-0.0048,,0.2717,,0.0018,,0.2679,False,True,False,True,False,2,True,True,False,False
short,NQ,S29,2,3.326,"{""entry_tf"": 5, ""vwap"": false, ""time_stop"": 180, ""legs"": true, ""leg_max"": 4, ""legs_mgmt"": ""same"", ""leg_window"": 120, ""ma"": 100, ""dyn"": false, ""entry_mode"": ""close"", ""pb_frac"": 0.5, ""pb_wait"": 5, ""gap"": ""off"", ""body_min"": 0.5, ""volf"": ""skip_high"", ""dow"": ""none"", ""big_thr"": 10, ""big_sl"": 30, ""big_tp"": 100, ""std_sl"": 20, ""std_tp"": 0, ""leg_gap"": 15, ""leg_sl"": 35, ""leg_tp"": 140, ""gap_min"": 20, ""be_at"": 0, ""partial"": 2.0, ""trail"": 2.0}",352,137,0.1768,3.14,-10.21,91,31,-0.0427,-0.492,-8.91,443,168,0.1317,2.725,-11.35,53,23,-0.1795,-1.574,-9.15,1820,554,0.0419,2.354,-23.29,348,131,0.0745,1.445,-14.32,95,37,0.3412,2.83,-2.19,344,144,0.2043,3.427,-9.27,99,24,-0.1204,-2.177,-15.27,343,121,0.0739,1.443,-9.72,100,47,0.33,2.742,-3.25,0.0419,0.1023,16.4,-2.4,27.3,22.0,19.8,5.8,-9.0,-3.9,31.8,18.7,3.3,,-0.0427,,0.3412,,-0.1204,,0.33,False,True,False,True,False,2,True,False,False,False
short,NQ,S30,2,3.337,"{""entry_tf"": 5, ""vwap"": false, ""time_stop"": 90, ""legs"": false, ""leg_max"": 6, ""legs_mgmt"": ""fixed"", ""leg_window"": 30, ""ma"": 100, ""dyn"": false, ""entry_mode"": ""close"", ""pb_frac"": 0.3, ""pb_wait"": 5, ""gap"": ""off"", ""body_min"": 0.5, ""volf"": ""off"", ""dow"": ""fri"", ""big_thr"": 15, ""big_sl"": 35, ""big_tp"": 80, ""std_sl"": 35, ""std_tp"": 80, ""leg_gap"": 25, ""leg_sl"": 25, ""leg_tp"": 0, ""gap_min"": 50, ""be_at"": 1.5, ""partial"": 2.0, ""trail"": 3.0}",352,132,0.1844,3.705,-6.32,91,30,-0.06,-0.78,-7.25,443,162,0.1342,3.133,-8.32,53,18,-0.1118,-1.145,-5.07,1820,545,0.0309,2.198,-19.85,348,129,0.1068,2.209,-7.25,95,33,0.2344,2.559,-3.14,344,135,0.1854,3.639,-6.39,99,27,-0.0438,-0.62,-9.48,343,119,0.0653,1.445,-8.17,100,43,0.3705,3.487,-3.14,0.0309,0.109,9.2,3.4,16.6,19.5,14.0,6.2,-4.9,-7.8,21.2,29.9,10.4,,-0.06,,0.2344,,-0.0438,,0.3705,False,True,False,True,False,2,True,False,False,False
short,NQ,S31,2,3.237,"{""entry_tf"": 5, ""vwap"": true, ""time_stop"": 60, ""legs"": true, ""leg_max"": 2, ""legs_mgmt"": ""fixed"", ""leg_window"": 120, ""ma"": 100, ""dyn"": false, ""entry_mode"": ""close"", ""pb_frac"": 0.3, ""pb_wait"": 30, ""gap"": ""off"", ""body_min"": 0.5, ""volf"": ""off"", ""dow"": ""none"", ""big_thr"": 15, ""big_sl"": 30, ""big_tp"": 100, ""std_sl"": 30, ""std_tp"": 80, ""leg_gap"": 25, ""leg_sl"": 45, ""leg_tp"": 115, ""gap_min"": 0, ""be_at"": 1.5, ""partial"": 3.0, ""trail"": 0}",352,163,0.2399,3.545,-7.41,91,36,-0.0158,-0.148,-6.61,443,199,0.1874,3.214,-9.06,53,25,-0.2113,-1.572,-10.16,1820,667,0.0301,1.853,-26.24,348,154,0.1333,2.125,-8.45,95,45,0.3856,2.686,-4.18,344,165,0.2388,3.427,-6.98,99,34,0.0088,0.093,-7.9,343,148,0.1341,2.112,-7.94,100,51,0.3702,2.697,-4.17,0.0301,0.1235,7.0,5.7,19.4,21.4,7.5,5.2,-10.5,-0.8,20.4,41.6,3.3,,-0.0158,,0.3856,,0.0088,,0.3702,False,True,False,True,False,2,True,False,False,False
short,NQ,S32,2,3.188,"{""entry_tf"": 1, ""vwap"": true, ""time_stop"": 240, ""legs"": true, ""leg_max"": 2, ""legs_mgmt"": ""fixed"", ""leg_window"": 60, ""ma"": 100, ""dyn"": false, ""entry_mode"": ""close"", ""pb_frac"": 0.3, ""pb_wait"": 15, ""gap"": ""off"", ""body_min"": 0.3, ""volf"": ""mid"", ""dow"": ""none"", ""big_thr"": 10, ""big_sl"": 50, ""big_tp"": 80, ""std_sl"": 30, ""std_tp"": 50, ""leg_gap"": 10, ""leg_sl"": 45, ""leg_tp"": 115, ""gap_min"": 50, ""be_at"": 1.5, ""partial"": 0, ""trail"": 0}",352,144,0.1381,2.752,-6.15,91,31,0.0332,0.363,-5.81,443,175,0.1166,2.64,-7.65,53,24,0.0132,0.088,-6.15,1820,564,0.012,0.809,-18.14,348,143,0.0744,1.49,-9.7,95,32,0.2709,2.926,-3.55,344,133,0.1742,3.404,-6.15,99,42,-0.0838,-1.01,-11.37,343,133,0.1141,2.239,-8.67,100,42,0.125,1.426,-9.7,0.012,0.0932,2.7,-8.5,6.8,8.8,17.1,-10.9,4.3,1.4,15.1,38.1,5.3,,0.0332,,0.2709,,-0.0838,,0.125,False,True,False,True,False,2,False,True,False,False
short,NQ,S33,2,3.162,"{""entry_tf"": 1, ""vwap"": true, ""time_stop"": 90, ""legs"": true, ""leg_max"": 1, ""legs_mgmt"": ""same"", ""leg_window"": 60, ""ma"": 100, ""dyn"": true, ""entry_mode"": ""close"", ""pb_frac"": 0.5, ""pb_wait"": 15, ""gap"": ""off"", ""body_min"": 0.3, ""volf"": ""off"", ""dow"": ""none"", ""big_thr"": 20, ""big_sl"": 35, ""big_tp"": 115, ""std_sl"": 35, ""std_tp"": 0, ""leg_gap"": 25, ""leg_sl"": 45, ""leg_tp"": 90, ""gap_min"": 20, ""be_at"": 2.0, ""partial"": 3.0, ""trail"": 3.0}",352,208,0.2514,3.177,-10.55,91,50,-0.0101,-0.08,-7.3,443,258,0.1976,2.896,-12.42,53,34,-0.1196,-0.762,-10.22,1820,937,0.0067,0.231,-56.93,348,206,0.164,2.168,-12.57,95,52,0.3208,2.06,-5.93,344,199,0.2559,3.227,-10.37,99,59,-0.0048,-0.037,-11.58,343,198,0.1591,2.089,-17.12,100,60,0.3297,2.179,-7.75,0.0067,0.1222,-6.5,-24.0,-10.0,40.9,7.6,-14.3,9.4,9.2,14.3,57.3,-2.3,,-0.0101,,0.3208,,-0.0048,,0.3297,False,True,False,True,False,2,False,False,False,False
short,NQ,S34,2,3.152,"{""entry_tf"": 5, ""vwap"": true, ""time_stop"": 120, ""legs"": false, ""leg_max"": 2, ""legs_mgmt"": ""same"", ""leg_window"": 30, ""ma"": 100, ""dyn"": false, ""entry_mode"": ""close"", ""pb_frac"": 0.3, ""pb_wait"": 15, ""gap"": ""off"", ""body_min"": 0.5, ""volf"": ""off"", ""dow"": ""mon"", ""big_thr"": 20, ""big_sl"": 35, ""big_tp"": 100, ""std_sl"": 15, ""std_tp"": 0, ""leg_gap"": 15, ""leg_sl"": 35, ""leg_tp"": 60, ""gap_min"": 20, ""be_at"": 1.0, ""partial"": 1.0, ""trail"": 1.5}",352,124,0.1202,3.13,-5.57,91,29,0.0246,0.377,-3.11,443,153,0.1006,3.013,-5.68,53,20,-0.1902,-2.496,-9.39,1820,526,0.0133,0.969,-31.7,348,123,0.0832,2.204,-5.16,95,30,0.164,2.315,-2.03,344,126,0.1281,3.29,-5.64,99,27,0.0049,0.079,-8.5,343,112,0.0781,2.139,-5.68,100,41,0.1774,2.277,-4.01,0.0133,0.057,2.0,-3.9,18.3,25.8,1.8,-7.2,-10.4,-2.1,7.8,19.5,-2.2,,0.0246,,0.164,,0.0049,,0.1774,False,True,False,True,False,2,False,False,False,False
short,NQ,S35,2,3.149,"{""entry_tf"": 1, ""vwap"": true, ""time_stop"": 60, ""legs"": false, ""leg_max"": 2, ""legs_mgmt"": ""fixed"", ""leg_window"": 30, ""ma"": 100, ""dyn"": true, ""entry_mode"": ""close"", ""pb_frac"": 0.3, ""pb_wait"": 15, ""gap"": ""off"", ""body_min"": 0.3, ""volf"": ""off"", ""dow"": ""fri"", ""big_thr"": 15, ""big_sl"": 30, ""big_tp"": 100, ""std_sl"": 20, ""std_tp"": 42, ""leg_gap"": 20, ""leg_sl"": 45, ""leg_tp"": 60, ""gap_min"": 50, ""be_at"": 0, ""partial"": 0, ""trail"": 3.0}",352,167,0.2188,2.944,-9.39,91,37,-0.0734,-0.65,-9.38,443,204,0.1588,2.493,-10.17,53,28,-0.044,-0.268,-9.11,1820,726,0.0119,0.453,-40.72,348,162,0.0987,1.418,-11.39,95,42,0.379,2.524,-5.23,344,157,0.2619,3.453,-7.49,99,47,-0.1997,-1.991,-22.22,343,157,0.0925,1.328,-17.05,100,47,0.386,2.611,-4.16,0.0119,0.0988,-0.7,-16.6,-11.3,47.9,-4.4,-1.6,4.4,4.0,8.7,43.4,6.8,,-0.0734,,0.379,,-0.1997,,0.386,False,True,False,True,False,2,False,False,False,False
short,NQ,S36,2,3.147,"{""entry_tf"": 5, ""vwap"": false, ""time_stop"": 180, ""legs"": false, ""leg_max"": 6, ""legs_mgmt"": ""fixed"", ""leg_window"": 120, ""ma"": 100, ""dyn"": true, ""entry_mode"": ""close"", ""pb_frac"": 0.3, ""pb_wait"": 15, ""gap"": ""off"", ""body_min"": 0.5, ""volf"": ""skip_high"", ""dow"": ""none"", ""big_thr"": 15, ""big_sl"": 40, ""big_tp"": 100, ""std_sl"": 20, ""std_tp"": 30, ""leg_gap"": 20, ""leg_sl"": 25, ""leg_tp"": 60, ""gap_min"": 0, ""be_at"": 0, ""partial"": 3.0, ""trail"": 0}",352,130,0.1889,3.32,-7.29,91,31,0.0319,0.319,-6.85,443,161,0.1567,3.148,-9.88,53,22,-0.1815,-1.579,-9.03,1820,546,0.0502,2.403,-24.17,348,130,0.1035,1.876,-11.47,95,31,0.3513,3.148,-2.08,344,137,0.2104,3.503,-7.82,99,24,-0.03,-0.402,-11.81,343,115,0.1266,2.366,-7.92,100,46,0.2597,2.138,-5.14,0.0502,0.1149,9.1,-13.6,15.3,52.4,23.2,1.5,-4.3,7.8,31.7,24.9,4.9,,0.0319,,0.3513,,-0.03,,0.2597,False,True,False,True,False,2,True,False,False,False
short,NQ,S37,3,2.533,"{""entry_tf"": 5, ""vwap"": false, ""time_stop"": 60, ""legs"": true, ""leg_max"": 6, ""legs_mgmt"": ""fixed"", ""leg_window"": 120, ""ma"": 100, ""dyn"": true, ""entry_mode"": ""close"", ""pb_frac"": 0.3, ""pb_wait"": 15, ""gap"": ""with"", ""body_min"": 0.3, ""volf"": ""off"", ""dow"": ""none"", ""big_thr"": 20, ""big_sl"": 35, ""big_tp"": 150, ""std_sl"": 20, ""std_tp"": 42, ""leg_gap"": 15, ""leg_sl"": 25, ""leg_tp"": 60, ""gap_min"": 0, ""be_at"": 0, ""partial"": 2.0, ""trail"": 3.0}",352,105,0.1588,2.952,-7.66,91,14,0.1173,1.434,-2.09,443,119,0.1503,3.272,-8.24,53,22,0.1606,0.723,-4.12,1820,539,0.0275,1.26,-45.52,348,97,0.1034,2.046,-7.43,95,22,0.3221,3.041,-3.14,344,86,0.1661,3.219,-6.18,99,33,0.0954,0.951,-4.15,343,91,0.1685,3.189,-5.74,100,28,0.0879,0.952,-4.97,0.0275,0.0791,-2.6,-21.5,-4.9,44.2,17.6,14.1,-4.4,7.5,12.3,27.5,17.7,,0.1173,,0.3221,,0.0954,,0.0879,True,True,True,True,True,4,True,True,True,True
short,NQ,S38,3,2.543,"{""entry_tf"": 5, ""vwap"": true, ""time_stop"": 90, ""legs"": false, ""leg_max"": 2, ""legs_mgmt"": ""fixed"", ""leg_window"": 30, ""ma"": 100, ""dyn"": true, ""entry_mode"": ""close"", ""pb_frac"": 0.7, ""pb_wait"": 15, ""gap"": ""with"", ""body_min"": 0, ""volf"": ""off"", ""dow"": ""none"", ""big_thr"": 15, ""big_sl"": 50, ""big_tp"": 115, ""std_sl"": 25, ""std_tp"": 50, ""leg_gap"": 20, ""leg_sl"": 35, ""leg_tp"": 140, ""gap_min"": 0, ""be_at"": 2.0, ""partial"": 2.0, ""trail"": 0}",352,115,0.1263,2.706,-7.12,91,20,0.0743,0.969,-2.07,443,135,0.1157,2.868,-6.16,53,22,0.0197,0.166,-3.18,1820,595,-0.0093,-0.507,-49.4,348,108,0.0838,1.854,-8.85,95,27,0.2325,2.636,-3.09,344,98,0.1253,2.803,-4.13,99,37,0.082,0.895,-5.15,343,106,0.1343,2.884,-7.18,100,29,0.0518,0.649,-5.14,-0.0093,0.0548,-4.7,-23.8,-7.1,22.7,3.3,-0.1,0.8,-8.0,5.9,15.0,14.1,,0.0743,,0.2325,,0.082,,0.0518,True,True,True,False,False,3,False,True,False,False
short,NQ,S39,3,2.389,"{""entry_tf"": 5, ""vwap"": false, ""time_stop"": 180, ""legs"": true, ""leg_max"": 1, ""legs_mgmt"": ""same"", ""leg_window"": 30, ""ma"": 100, ""dyn"": true, ""entry_mode"": ""close"", ""pb_frac"": 0.5, ""pb_wait"": 15, ""gap"": ""with"", ""body_min"": 0, ""volf"": ""off"", ""dow"": ""none"", ""big_thr"": 15, ""big_sl"": 40, ""big_tp"": 115, ""std_sl"": 15, ""std_tp"": 60, ""leg_gap"": 20, ""leg_sl"": 25, ""leg_tp"": 140, ""gap_min"": 0, ""be_at"": 2.0, ""partial"": 1.0, ""trail"": 0}",352,133,0.1089,2.484,-6.37,91,24,0.0289,0.4,-4.16,443,157,0.0925,2.44,-7.26,53,26,-0.0904,-0.851,-7.33,1820,706,-0.0179,-0.995,-67.27,348,124,0.0658,1.57,-7.92,95,33,0.1901,2.194,-2.31,344,114,0.0908,2.169,-5.49,99,43,0.0985,1.128,-3.19,343,126,0.1127,2.554,-6.23,100,31,0.0232,0.321,-5.93,-0.0179,0.0574,1.3,-33.0,-22.3,25.0,9.4,-8.7,-0.3,-4.1,10.0,15.2,5.5,,0.0289,,0.1901,,0.0985,,0.0232,False,True,True,False,False,2,False,False,False,False
short,NQ,S40,3,2.552,"{""entry_tf"": 5, ""vwap"": true, ""time_stop"": 120, ""legs"": false, ""leg_max"": 1, ""legs_mgmt"": ""same"", ""leg_window"": 60, ""ma"": 100, ""dyn"": false, ""entry_mode"": ""close"", ""pb_frac"": 0.3, ""pb_wait"": 5, ""gap"": ""with"", ""body_min"": 0, ""volf"": ""off"", ""dow"": ""none"", ""big_thr"": 10, ""big_sl"": 30, ""big_tp"": 0, ""std_sl"": 35, ""std_tp"": 60, ""leg_gap"": 25, ""leg_sl"": 45, ""leg_tp"": 90, ""gap_min"": 0, ""be_at"": 2.0, ""partial"": 0, ""trail"": 2.0}",352,115,0.166,2.495,-7.86,91,20,0.2351,1.553,-2.08,443,135,0.1802,2.937,-7.51,53,22,0.01,0.051,-7.29,1820,595,0.0318,1.705,-22.94,348,108,0.1656,2.357,-6.75,95,27,0.2334,1.877,-2.77,344,98,0.2096,2.974,-6.06,99,37,0.0781,0.633,-5.08,343,106,0.1965,2.755,-8.11,100,29,0.1242,1.051,-4.97,0.0318,0.1032,1.4,-7.4,6.2,19.7,8.0,34.7,0.5,-5.2,14.9,34.2,15.4,,0.2351,,0.2334,,0.0781,,0.1242,True,True,False,True,True,3,True,True,True,True
short,NQ,S41,3,2.343,"{""entry_tf"": 5, ""vwap"": true, ""time_stop"": 120, ""legs"": false, ""leg_max"": 6, ""legs_mgmt"": ""same"", ""leg_window"": 120, ""ma"": 100, ""dyn"": true, ""entry_mode"": ""close"", ""pb_frac"": 0.3, ""pb_wait"": 30, ""gap"": ""with"", ""body_min"": 0, ""volf"": ""off"", ""dow"": ""none"", ""big_thr"": 25, ""big_sl"": 50, ""big_tp"": 200, ""std_sl"": 25, ""std_tp"": 50, ""leg_gap"": 20, ""leg_sl"": 45, ""leg_tp"": 90, ""gap_min"": 0, ""be_at"": 0, ""partial"": 2.0, ""trail"": 2.0}",352,115,0.1334,2.794,-7.85,91,20,0.0999,1.242,-2.1,443,135,0.1265,3.057,-6.82,53,22,-0.1182,-1.16,-7.31,1820,595,0.0183,0.944,-45.9,348,108,0.101,2.187,-6.99,95,27,0.2199,2.383,-4.06,344,98,0.1391,3.014,-5.26,99,37,0.0826,0.894,-6.39,343,106,0.145,3.009,-7.43,100,29,0.0632,0.799,-3.18,0.0183,0.0723,-6.4,-15.0,-6.6,32.4,12.0,18.7,-0.8,-0.9,11.8,22.7,3.9,,0.0999,,0.2199,,0.0826,,0.0632,True,True,True,True,True,4,False,False,False,False
short,NQ,S42,3,2.804,"{""entry_tf"": 5, ""vwap"": false, ""time_stop"": 120, ""legs"": false, ""leg_max"": 2, ""legs_mgmt"": ""fixed"", ""leg_window"": 30, ""ma"": 0, ""dyn"": false, ""entry_mode"": ""close"", ""pb_frac"": 0.7, ""pb_wait"": 5, ""gap"": ""with"", ""body_min"": 0, ""volf"": ""off"", ""dow"": ""none"", ""big_thr"": 20, ""big_sl"": 50, ""big_tp"": 150, ""std_sl"": 25, ""std_tp"": 42, ""leg_gap"": 15, ""leg_sl"": 35, ""leg_tp"": 115, ""gap_min"": 0, ""be_at"": 2.0, ""partial"": 0, ""trail"": 1.5}",352,164,0.1746,3.196,-7.12,91,35,0.0416,0.443,-6.34,443,199,0.1472,3.096,-8.08,53,26,0.0003,0.002,-8.09,1820,874,-0.0121,-0.667,-39.92,348,157,0.123,2.303,-10.22,95,42,0.2361,2.272,-3.53,344,144,0.1473,2.858,-7.23,99,55,0.1472,1.279,-6.8,343,161,0.167,2.963,-9.66,100,38,0.0793,0.952,-3.78,-0.0121,0.0901,0.5,-4.4,-3.7,-12.4,9.1,-18.1,22.1,-15.1,13.9,38.9,3.1,,0.0416,,0.2361,,0.1472,,0.0793,False,True,True,True,True,3,False,True,False,True
short,NQ,S43,3,2.235,"{""entry_tf"": 5, ""vwap"": false, ""time_stop"": 999, ""legs"": true, ""leg_max"": 6, ""legs_mgmt"": ""fixed"", ""leg_window"": 60, ""ma"": 100, ""dyn"": false, ""entry_mode"": ""close"", ""pb_frac"": 0.3, ""pb_wait"": 30, ""gap"": ""with"", ""body_min"": 0, ""volf"": ""off"", ""dow"": ""none"", ""big_thr"": 15, ""big_sl"": 50, ""big_tp"": 0, ""std_sl"": 20, ""std_tp"": 0, ""leg_gap"": 20, ""leg_sl"": 25, ""leg_tp"": 0, ""gap_min"": 0, ""be_at"": 1.0, ""partial"": 2.0, ""trail"": 2.0}",352,132,0.1346,2.651,-8.82,91,24,0.0949,1.05,-3.07,443,156,0.1264,2.847,-6.25,53,29,0.1474,0.638,-6.2,1820,680,0.0072,0.386,-26.12,348,123,0.1017,2.059,-5.2,95,33,0.2169,2.166,-3.83,344,113,0.1212,2.461,-6.31,99,43,0.1446,1.431,-5.84,343,126,0.1416,2.748,-7.17,100,30,0.0743,0.862,-7.38,0.0072,0.1139,-1.6,-7.4,0.4,3.5,11.5,4.1,1.4,1.2,42.0,14.5,21.8,,0.0949,,0.2169,,0.1446,,0.0743,True,True,True,True,True,4,False,True,False,True
short,NQ,S44,3,2.921,"{""entry_tf"": 1, ""vwap"": false, ""time_stop"": 120, ""legs"": false, ""leg_max"": 1, ""legs_mgmt"": ""fixed"", ""leg_window"": 120, ""ma"": 100, ""dyn"": false, ""entry_mode"": ""close"", ""pb_frac"": 0.5, ""pb_wait"": 15, ""gap"": ""off"", ""body_min"": 0, ""volf"": ""off"", ""dow"": ""none"", ""big_thr"": 10, ""big_sl"": 50, ""big_tp"": 150, ""std_sl"": 30, ""std_tp"": 80, ""leg_gap"": 15, ""leg_sl"": 25, ""leg_tp"": 140, ""gap_min"": 0, ""be_at"": 1.0, ""partial"": 0, ""trail"": 2.0}",352,279,0.2135,2.962,-7.01,91,68,0.0222,0.174,-10.46,443,347,0.1742,2.761,-12.79,53,51,-0.0589,-0.323,-9.66,1820,1385,0.0215,0.997,-23.61,348,277,0.1135,1.623,-11.66,95,70,0.3966,2.789,-7.25,344,273,0.2181,2.987,-13.61,99,74,0.0218,0.178,-9.44,343,264,0.1629,2.3,-18.27,100,83,0.2132,1.543,-7.53,0.0215,0.1533,1.3,-10.8,21.1,5.4,2.8,4.7,6.2,8.5,38.4,51.1,2.2,,0.0222,,0.3966,,0.0218,,0.2132,False,True,False,True,True,2,True,False,False,False
short,NQ,S45,3,3.228,"{""entry_tf"": 1, ""vwap"": true, ""time_stop"": 120, ""legs"": true, ""leg_max"": 1, ""legs_mgmt"": ""same"", ""leg_window"": 30, ""ma"": 100, ""dyn"": true, ""entry_mode"": ""close"", ""pb_frac"": 0.5, ""pb_wait"": 5, ""gap"": ""off"", ""body_min"": 0.3, ""volf"": ""off"", ""dow"": ""none"", ""big_thr"": 20, ""big_sl"": 40, ""big_tp"": 150, ""std_sl"": 20, ""std_tp"": 42, ""leg_gap"": 25, ""leg_sl"": 35, ""leg_tp"": 140, ""gap_min"": 20, ""be_at"": 2.0, ""partial"": 0, ""trail"": 0}",352,208,0.3138,3.523,-12.57,91,50,-0.0053,-0.042,-9.41,443,258,0.2482,3.277,-13.47,53,34,-0.2683,-2.044,-14.22,1820,937,-0.0021,-0.071,-83.29,348,206,0.1987,2.393,-14.13,95,52,0.4297,2.409,-5.17,344,199,0.2992,3.39,-10.32,99,59,0.071,0.497,-7.73,343,198,0.2289,2.7,-11.39,100,60,0.3145,1.881,-10.46,-0.0021,0.1721,-9.9,-37.1,-21.2,31.3,14.4,3.8,8.9,5.9,29.9,65.7,-3.3,,-0.0053,,0.4297,,0.071,,0.3145,False,True,False,True,True,2,False,False,False,False
short,NQ,S46,3,2.217,"{""entry_tf"": 5, ""vwap"": false, ""time_stop"": 60, ""legs"": false, ""leg_max"": 4, ""legs_mgmt"": ""fixed"", ""leg_window"": 120, ""ma"": 100, ""dyn"": false, ""entry_mode"": ""close"", ""pb_frac"": 0.5, ""pb_wait"": 15, ""gap"": ""with"", ""body_min"": 0, ""volf"": ""off"", ""dow"": ""none"", ""big_thr"": 20, ""big_sl"": 30, ""big_tp"": 80, ""std_sl"": 25, ""std_tp"": 60, ""leg_gap"": 20, ""leg_sl"": 35, ""leg_tp"": 60, ""gap_min"": 0, ""be_at"": 0, ""partial"": 1.0, ""trail"": 3.0}",352,131,0.1101,2.573,-7.33,91,24,0.0748,1.11,-3.17,443,155,0.1028,2.802,-7.37,53,25,-0.1484,-1.385,-10.75,1820,680,-0.0066,-0.482,-35.25,348,123,0.077,1.901,-5.94,95,32,0.1974,2.337,-3.12,344,112,0.1035,2.536,-6.87,99,43,0.1005,1.213,-3.17,343,125,0.1216,2.858,-6.33,100,30,0.0386,0.54,-5.69,-0.0066,0.0567,1.7,-3.3,-3.4,-1.4,12.1,-12.2,-1.5,-4.1,5.2,24.1,-2.0,,0.0748,,0.1974,,0.1005,,0.0386,True,True,True,False,False,3,False,False,False,False
short,NQ,S47,3,2.802,"{""entry_tf"": 1, ""vwap"": false, ""time_stop"": 90, ""legs"": true, ""leg_max"": 2, ""legs_mgmt"": ""fixed"", ""leg_window"": 30, ""ma"": 100, ""dyn"": false, ""entry_mode"": ""close"", ""pb_frac"": 0.5, ""pb_wait"": 30, ""gap"": ""off"", ""body_min"": 0.3, ""volf"": ""off"", ""dow"": ""none"", ""big_thr"": 25, ""big_sl"": 50, ""big_tp"": 0, ""std_sl"": 20, ""std_tp"": 80, ""leg_gap"": 15, ""leg_sl"": 45, ""leg_tp"": 0, ""gap_min"": 100, ""be_at"": 0, ""partial"": 3.0, ""trail"": 1.5}",352,228,0.2631,3.073,-6.8,91,58,0.029,0.211,-9.35,443,286,0.215,2.913,-6.8,53,37,-0.189,-1.451,-10.77,1820,975,0.0158,0.741,-27.41,348,229,0.1882,2.176,-9.36,95,57,0.3135,2.337,-6.34,344,220,0.2231,2.98,-8.1,99,66,0.1871,0.919,-5.8,343,222,0.2205,2.545,-10.74,100,64,0.1964,1.437,-8.13,0.0158,0.134,0.3,-3.6,14.9,17.2,-15.5,5.3,-2.6,12.8,7.9,47.7,17.3,,0.029,,0.3135,,0.1871,,0.1964,False,True,True,True,True,3,False,False,False,False
short,NQ,LIVE_COMP,,,"{""entry_tf"": 1, ""vwap"": true, ""time_stop"": 120, ""legs"": true, ""leg_max"": 6, ""legs_mgmt"": ""fixed"", ""leg_window"": 120, ""ma"": 0, ""dyn"": false, ""big_thr"": 15, ""big_sl"": 35, ""big_tp"": 115, ""std_sl"": 25, ""std_tp"": 42, ""leg_gap"": 15, ""leg_sl"": 35, ""leg_tp"": 115, ""be_at"": 0, ""partial"": 0, ""trail"": 0, ""entry_mode"": ""close"", ""pb_frac"": 0.5, ""pb_wait"": 15, ""gap"": ""off"", ""gap_min"": 0, ""body_min"": 0, ""volf"": ""off"", ""dow"": ""none""}",352,317,0.3318,3.004,-15.24,91,74,-0.1144,-0.692,-16.02,443,391,0.2401,2.542,-20.42,53,52,-0.0455,-0.188,-14.5,1820,1555,0.0004,0.013,-35.55,348,306,0.2353,2.194,-16.42,95,85,0.2578,1.295,-14.73,344,296,0.2227,2.176,-25.31,99,95,0.3006,1.316,-8.28,343,304,0.2251,2.102,-22.35,100,87,0.2918,1.456,-11.39,0.0004,0.1685,-3.5,-9.6,-9.4,8.8,4.7,16.8,2.0,-9.0,26.8,56.5,18.5,,-0.1144,,0.2578,,0.3006,,0.2918,False,True,True,True,False,3,False,False,False,False
short,NQ,LIVE_COMP+MA100,,,"{""entry_tf"": 1, ""vwap"": true, ""time_stop"": 120, ""legs"": true, ""leg_max"": 6, ""legs_mgmt"": ""fixed"", ""leg_window"": 120, ""ma"": 100, ""dyn"": false, ""big_thr"": 15, ""big_sl"": 35, ""big_tp"": 115, ""std_sl"": 25, ""std_tp"": 42, ""leg_gap"": 15, ""leg_sl"": 35, ""leg_tp"": 115, ""be_at"": 0, ""partial"": 0, ""trail"": 0, ""entry_mode"": ""close"", ""pb_frac"": 0.5, ""pb_wait"": 15, ""gap"": ""off"", ""gap_min"": 0, ""body_min"": 0, ""volf"": ""off"", ""dow"": ""none""}",352,253,0.3252,3.324,-12.28,91,59,-0.0379,-0.249,-10.09,443,312,0.2506,2.981,-12.28,53,50,-0.0065,-0.027,-13.46,1820,1188,0.0189,0.745,-27.94,348,249,0.1955,2.079,-12.28,95,63,0.4524,2.436,-8.89,344,242,0.2856,2.969,-12.14,99,70,0.1292,0.75,-10.35,343,237,0.2399,2.568,-15.64,100,75,0.2875,1.513,-11.39,0.0189,0.1856,-3.5,-9.6,14.0,8.9,10.0,4.7,7.2,2.7,32.7,64.7,17.1,,-0.0379,,0.4524,,0.1292,,0.2875,False,True,True,True,False,3,True,False,False,False
short,SPX500,S0,"0,3",2.581,"{""entry_tf"": 5, ""vwap"": true, ""time_stop"": 999, ""legs"": true, ""leg_max"": 4, ""legs_mgmt"": ""same"", ""leg_window"": 60, ""ma"": 100, ""dyn"": true, ""entry_mode"": ""close"", ""pb_frac"": 0.7, ""pb_wait"": 30, ""gap"": ""off"", ""body_min"": 0.5, ""volf"": ""off"", ""dow"": ""none"", ""big_thr"": 10, ""big_sl"": 50, ""big_tp"": 130, ""std_sl"": 15, ""std_tp"": 30, ""leg_gap"": 25, ""leg_sl"": 35, ""leg_tp"": 115, ""gap_min"": 0, ""be_at"": 2.0, ""partial"": 2.0, ""trail"": 1.5}",352,154,0.1728,3.19,-5.24,91,36,-0.0581,-0.698,-9.04,443,190,0.1254,2.695,-8.55,26,16,0.0458,0.214,-6.89,1364,557,-0.027,-1.171,-55.29,348,148,0.0668,1.389,-9.52,95,42,0.3401,2.734,-4.96,344,146,0.1348,2.539,-6.44,99,44,0.0928,0.961,-3.78,343,146,0.1076,2.018,-7.81,100,44,0.1865,1.965,-5.37,-0.0257,0.0933,-5.3,-34.8,-8.5,23.9,-18.0,11.6,-1.1,-4.9,23.7,18.8,16.4,,-0.0581,,0.3401,,0.0928,,0.1865,False,True,True,True,False,3,False,True,False,False
short,SPX500,S1,"0,3",2.427,"{""entry_tf"": 5, ""vwap"": true, ""time_stop"": 180, ""legs"": true, ""leg_max"": 6, ""legs_mgmt"": ""fixed"", ""leg_window"": 60, ""ma"": 100, ""dyn"": false, ""entry_mode"": ""close"", ""pb_frac"": 0.7, ""pb_wait"": 15, ""gap"": ""off"", ""body_min"": 0.5, ""volf"": ""off"", ""dow"": ""none"", ""big_thr"": 10, ""big_sl"": 50, ""big_tp"": 100, ""std_sl"": 20, ""std_tp"": 80, ""leg_gap"": 25, ""leg_sl"": 25, ""leg_tp"": 115, ""gap_min"": 50, ""be_at"": 0, ""partial"": 0, ""trail"": 3.0}",352,153,0.1672,3.122,-6.99,91,36,-0.0286,-0.327,-9.59,443,189,0.127,2.74,-11.24,26,16,0.0379,0.17,-6.57,1364,542,-0.0072,-0.334,-32.04,348,148,0.0736,1.472,-14.7,95,41,0.3224,2.867,-5.38,344,145,0.122,2.329,-8.73,99,44,0.1444,1.45,-8.89,343,145,0.1266,2.401,-11.19,100,44,0.1282,1.321,-6.57,-0.0104,0.0969,-11.6,-18.1,9.2,13.7,-12.5,2.2,1.9,0.2,29.9,10.8,20.2,,-0.0286,,0.3224,,0.1444,,0.1282,False,True,True,True,False,3,False,True,False,False
short,SPX500,S2,"0,2,3",2.555,"{""entry_tf"": 5, ""vwap"": false, ""time_stop"": 180, ""legs"": true, ""leg_max"": 2, ""legs_mgmt"": ""same"", ""leg_window"": 120, ""ma"": 0, ""dyn"": true, ""entry_mode"": ""close"", ""pb_frac"": 0.7, ""pb_wait"": 30, ""gap"": ""off"", ""body_min"": 0.5, ""volf"": ""off"", ""dow"": ""none"", ""big_thr"": 15, ""big_sl"": 50, ""big_tp"": 115, ""std_sl"": 35, ""std_tp"": 80, ""leg_gap"": 25, ""leg_sl"": 35, ""leg_tp"": 90, ""gap_min"": 20, ""be_at"": 0.5, ""partial"": 0, ""trail"": 3.0}",352,183,0.1496,2.823,-5.68,91,43,0.012,0.125,-6.53,443,226,0.1214,2.605,-8.95,26,16,0.0005,0.003,-5.61,1364,686,-0.0464,-2.136,-67.54,348,173,0.0731,1.485,-8.03,95,53,0.298,2.498,-3.2,344,172,0.1637,3.017,-5.66,99,54,-0.0257,-0.294,-11.31,343,180,0.104,1.917,-8.99,100,46,0.1811,2.032,-4.6,-0.044,0.0683,-6.9,-33.6,-13.3,9.5,-14.4,-2.0,-1.2,-1.5,2.8,30.6,8.8,,0.012,,0.298,,-0.0257,,0.1811,False,True,False,True,False,2,False,True,False,False
short,SPX500,S3,0,2.388,"{""entry_tf"": 5, ""vwap"": true, ""time_stop"": 120, ""legs"": true, ""leg_max"": 6, ""legs_mgmt"": ""fixed"", ""leg_window"": 30, ""ma"": 100, ""dyn"": true, ""entry_mode"": ""close"", ""pb_frac"": 0.5, ""pb_wait"": 30, ""gap"": ""off"", ""body_min"": 0.5, ""volf"": ""off"", ""dow"": ""none"", ""big_thr"": 10, ""big_sl"": 50, ""big_tp"": 130, ""std_sl"": 25, ""std_tp"": 0, ""leg_gap"": 25, ""leg_sl"": 45, ""leg_tp"": 140, ""gap_min"": 0, ""be_at"": 2.0, ""partial"": 2.0, ""trail"": 0}",352,154,0.1691,3.15,-6.45,91,36,-0.0313,-0.372,-8.73,443,190,0.1279,2.771,-10.67,26,16,0.0504,0.219,-6.61,1364,557,-0.0395,-1.519,-62.52,348,148,0.0917,1.777,-11.36,95,42,0.2608,2.555,-7.5,344,146,0.1227,2.376,-8.56,99,44,0.1463,1.427,-5.35,343,146,0.1078,2.098,-8.27,100,44,0.1971,1.903,-6.47,-0.0397,0.0951,-10.9,-41.7,-4.8,24.6,-13.7,2.4,-1.1,-11.9,19.7,22.6,17.8,,-0.0313,,0.2608,,0.1463,,0.1971,False,True,True,True,False,3,False,True,False,False
short,SPX500,S4,0,2.365,"{""entry_tf"": 5, ""vwap"": true, ""time_stop"": 90, ""legs"": false, ""leg_max"": 6, ""legs_mgmt"": ""fixed"", ""leg_window"": 60, ""ma"": 100, ""dyn"": true, ""entry_mode"": ""close"", ""pb_frac"": 0.5, ""pb_wait"": 15, ""gap"": ""off"", ""body_min"": 0.5, ""volf"": ""off"", ""dow"": ""none"", ""big_thr"": 15, ""big_sl"": 50, ""big_tp"": 0, ""std_sl"": 25, ""std_tp"": 30, ""leg_gap"": 25, ""leg_sl"": 35, ""leg_tp"": 60, ""gap_min"": 100, ""be_at"": 0, ""partial"": 2.0, ""trail"": 1.0}",352,149,0.1039,2.657,-5.37,91,35,-0.0569,-1.013,-7.47,443,184,0.0709,2.129,-4.47,26,16,0.0078,0.044,-5.18,1364,541,-0.0427,-2.515,-58.88,348,147,0.045,1.222,-6.51,95,37,0.1656,2.181,-3.35,344,140,0.0754,2.097,-5.81,99,44,0.0551,0.68,-8.3,343,140,0.0497,1.336,-6.19,100,44,0.1434,1.955,-2.9,-0.0402,0.0307,-4.9,-24.1,-7.9,9.3,-13.1,-3.0,-0.8,-13.4,-5.1,17.3,7.0,,-0.0569,,0.1656,,0.0551,,0.1434,False,True,True,True,False,3,False,True,False,False
short,SPX500,S5,"0,2,3",2.886,"{""entry_tf"": 5, ""vwap"": true, ""time_stop"": 999, ""legs"": true, ""leg_max"": 6, ""legs_mgmt"": ""same"", ""leg_window"": 60, ""ma"": 100, ""dyn"": false, ""entry_mode"": ""close"", ""pb_frac"": 0.5, ""pb_wait"": 15, ""gap"": ""off"", ""body_min"": 0.3, ""volf"": ""off"", ""dow"": ""none"", ""big_thr"": 10, ""big_sl"": 50, ""big_tp"": 200, ""std_sl"": 15, ""std_tp"": 60, ""leg_gap"": 25, ""leg_sl"": 35, ""leg_tp"": 0, ""gap_min"": 0, ""be_at"": 0.5, ""partial"": 2.0, ""trail"": 2.0}",352,205,0.1277,2.532,-7.5,91,51,0.046,0.503,-4.63,443,256,0.1109,2.504,-8.75,26,20,0.1557,0.689,-4.57,1364,737,-0.0099,-0.447,-49.92,348,203,0.0586,1.202,-12.24,95,53,0.3029,2.981,-3.25,344,197,0.149,2.99,-6.63,99,59,-0.0214,-0.225,-11.02,343,197,0.0936,1.877,-9.82,100,59,0.1704,1.777,-5.46,-0.0098,0.0528,-8.4,-30.5,-2.8,12.2,0.4,10.7,2.9,1.4,-2.0,23.0,15.7,,0.046,,0.3029,,-0.0214,,0.1704,False,True,False,True,False,2,False,True,False,False
short,SPX500,S6,"0,2",2.407,"{""entry_tf"": 5, ""vwap"": true, ""time_stop"": 120, ""legs"": true, ""leg_max"": 4, ""legs_mgmt"": ""same"", ""leg_window"": 30, ""ma"": 100, ""dyn"": false, ""entry_mode"": ""close"", ""pb_frac"": 0.3, ""pb_wait"": 30, ""gap"": ""off"", ""body_min"": 0.3, ""volf"": ""off"", ""dow"": ""none"", ""big_thr"": 10, ""big_sl"": 50, ""big_tp"": 115, ""std_sl"": 25, ""std_tp"": 30, ""leg_gap"": 25, ""leg_sl"": 25, ""leg_tp"": 90, ""gap_min"": 20, ""be_at"": 1.5, ""partial"": 3.0, ""trail"": 1.5}",352,205,0.152,2.572,-8.81,91,51,0.0211,0.204,-6.92,443,256,0.1251,2.424,-12.12,26,20,0.0678,0.298,-6.63,1364,737,0.0121,0.57,-24.36,348,203,0.0536,0.998,-14.74,95,53,0.3869,2.864,-5.11,344,197,0.16,2.692,-7.08,99,59,0.004,0.039,-11.42,343,197,0.113,1.897,-10.25,100,59,0.1668,1.626,-6.99,0.0127,0.0885,1.0,-16.7,13.0,20.2,-10.7,12.6,2.2,-3.4,24.6,26.6,5.4,,0.0211,,0.3869,,0.004,,0.1668,False,True,False,True,False,2,True,True,False,False
short,SPX500,S7,"0,3",2.31,"{""entry_tf"": 5, ""vwap"": false, ""time_stop"": 90, ""legs"": false, ""leg_max"": 1, ""legs_mgmt"": ""same"", ""leg_window"": 120, ""ma"": 100, ""dyn"": true, ""entry_mode"": ""close"", ""pb_frac"": 0.3, ""pb_wait"": 30, ""gap"": ""off"", ""body_min"": 0.5, ""volf"": ""off"", ""dow"": ""none"", ""big_thr"": 20, ""big_sl"": 40, ""big_tp"": 80, ""std_sl"": 35, ""std_tp"": 80, ""leg_gap"": 20, ""leg_sl"": 35, ""leg_tp"": 0, ""gap_min"": 50, ""be_at"": 2.0, ""partial"": 0, ""trail"": 0}",352,149,0.1409,2.682,-7.81,91,35,-0.0786,-0.889,-8.64,443,184,0.0959,2.096,-10.79,26,16,-0.1969,-0.973,-9.84,1364,541,-0.0473,-1.936,-74.57,348,147,0.0317,0.627,-11.77,95,37,0.3308,3.244,-6.51,344,140,0.1007,1.958,-7.5,99,44,0.079,0.793,-9.23,343,140,0.1016,1.968,-10.45,100,44,0.0763,0.775,-5.67,-0.0423,0.0307,-2.7,-33.5,-7.8,6.3,-16.7,-5.1,-1.1,-0.3,-11.2,13.6,11.5,,-0.0786,,0.3308,,0.079,,0.0763,False,True,True,True,False,3,False,False,False,False
short,SPX500,S8,0,2.29,"{""entry_tf"": 5, ""vwap"": true, ""time_stop"": 90, ""legs"": true, ""leg_max"": 2, ""legs_mgmt"": ""fixed"", ""leg_window"": 120, ""ma"": 0, ""dyn"": true, ""entry_mode"": ""close"", ""pb_frac"": 0.7, ""pb_wait"": 30, ""gap"": ""off"", ""body_min"": 0.5, ""volf"": ""skip_high"", ""dow"": ""none"", ""big_thr"": 15, ""big_sl"": 50, ""big_tp"": 80, ""std_sl"": 15, ""std_tp"": 80, ""leg_gap"": 20, ""leg_sl"": 45, ""leg_tp"": 115, ""gap_min"": 20, ""be_at"": 1.5, ""partial"": 3.0, ""trail"": 1.5}",352,151,0.1101,2.465,-6.4,91,33,-0.1059,-1.54,-13.21,443,184,0.0658,1.711,-8.87,26,15,-0.0652,-0.369,-5.95,1364,537,-0.0177,-0.828,-38.92,348,141,0.042,1.01,-12.04,95,43,0.1528,1.629,-5.65,344,145,0.0889,1.971,-6.01,99,39,-0.0146,-0.209,-8.27,343,143,0.0459,1.05,-10.3,100,41,0.1338,1.671,-4.42,-0.0171,0.0448,0.7,-20.1,-8.0,9.7,-9.0,3.8,-2.1,0.6,9.3,19.2,-2.5,,-0.1059,,0.1528,,-0.0146,,0.1338,False,True,False,True,False,2,False,False,False,False
short,SPX500,S9,0,2.289,"{""entry_tf"": 5, ""vwap"": true, ""time_stop"": 999, ""legs"": false, ""leg_max"": 1, ""legs_mgmt"": ""fixed"", ""leg_window"": 120, ""ma"": 0, ""dyn"": true, ""entry_mode"": ""close"", ""pb_frac"": 0.7, ""pb_wait"": 30, ""gap"": ""off"", ""body_min"": 0.5, ""volf"": ""off"", ""dow"": ""none"", ""big_thr"": 15, ""big_sl"": 50, ""big_tp"": 0, ""std_sl"": 25, ""std_tp"": 0, ""leg_gap"": 25, ""leg_sl"": 35, ""leg_tp"": 90, ""gap_min"": 50, ""be_at"": 0, ""partial"": 3.0, ""trail"": 1.0}",352,178,0.1156,2.554,-5.37,91,42,-0.0439,-0.63,-10.15,443,220,0.0828,2.133,-6.86,26,16,0.0619,0.282,-5.18,1364,667,-0.0287,-1.377,-42.61,348,171,0.0716,1.638,-7.21,95,49,0.1241,1.468,-6.33,344,166,0.0874,2.122,-7.04,99,54,0.0669,0.679,-7.75,343,174,0.0543,1.238,-9.98,100,46,0.1808,2.187,-2.9,-0.0268,0.0368,-3.7,-22.6,-4.3,11.3,-15.8,-0.8,-1.3,-1.3,-6.4,26.2,4.6,,-0.0439,,0.1241,,0.0669,,0.1808,False,True,True,True,False,3,False,True,False,False
short,SPX500,S10,"0,2",2.385,"{""entry_tf"": 5, ""vwap"": false, ""time_stop"": 120, ""legs"": false, ""leg_max"": 1, ""legs_mgmt"": ""same"", ""leg_window"": 120, ""ma"": 0, ""dyn"": true, ""entry_mode"": ""close"", ""pb_frac"": 0.3, ""pb_wait"": 5, ""gap"": ""off"", ""body_min"": 0.5, ""volf"": ""off"", ""dow"": ""none"", ""big_thr"": 15, ""big_sl"": 50, ""big_tp"": 100, ""std_sl"": 35, ""std_tp"": 0, ""leg_gap"": 10, ""leg_sl"": 35, ""leg_tp"": 60, ""gap_min"": 100, ""be_at"": 0.5, ""partial"": 2.0, ""trail"": 3.0}",352,178,0.1294,2.85,-5.46,91,42,0.0025,0.03,-4.64,443,220,0.1033,2.587,-6.55,26,16,0.0428,0.238,-4.5,1364,667,-0.0579,-3.012,-82.31,348,171,0.0626,1.423,-6.3,95,49,0.2525,2.749,-3.2,344,166,0.1375,3.045,-3.81,99,54,-0.0156,-0.184,-10.0,343,174,0.0842,1.842,-9.26,100,46,0.1691,2.066,-3.6,-0.0541,0.0561,-4.8,-34.5,-13.2,0.4,-16.8,-4.2,-1.2,-3.5,-2.9,29.1,9.7,,0.0025,,0.2525,,-0.0156,,0.1691,False,True,False,True,False,2,False,True,False,False
short,SPX500,S11,"0,1,3",2.284,"{""entry_tf"": 5, ""vwap"": false, ""time_stop"": 999, ""legs"": false, ""leg_max"": 4, ""legs_mgmt"": ""same"", ""leg_window"": 30, ""ma"": 0, ""dyn"": true, ""entry_mode"": ""close"", ""pb_frac"": 0.3, ""pb_wait"": 30, ""gap"": ""off"", ""body_min"": 0.5, ""volf"": ""off"", ""dow"": ""none"", ""big_thr"": 20, ""big_sl"": 50, ""big_tp"": 100, ""std_sl"": 35, ""std_tp"": 42, ""leg_gap"": 15, ""leg_sl"": 25, ""leg_tp"": 90, ""gap_min"": 20, ""be_at"": 0, ""partial"": 3.0, ""trail"": 2.0}",352,178,0.1406,2.653,-7.76,91,42,0.0002,0.002,-8.33,443,220,0.1118,2.391,-13.02,26,16,-0.029,-0.138,-8.37,1364,667,-0.0549,-2.181,-73.78,348,171,0.0903,1.719,-7.8,95,49,0.1903,1.866,-8.24,344,166,0.1199,2.3,-11.04,99,54,0.0833,0.797,-10.43,343,174,0.098,1.825,-12.03,100,46,0.1591,1.68,-4.24,-0.0563,0.0726,-20.0,-31.7,-14.1,14.8,-20.8,9.9,-2.2,-17.0,9.4,28.1,6.6,,0.0002,,0.1903,,0.0833,,0.1591,False,True,True,True,False,3,False,False,False,False
short,SPX500,S12,"0,3",2.21,"{""entry_tf"": 5, ""vwap"": false, ""time_stop"": 999, ""legs"": false, ""leg_max"": 1, ""legs_mgmt"": ""same"", ""leg_window"": 60, ""ma"": 100, ""dyn"": false, ""entry_mode"": ""close"", ""pb_frac"": 0.7, ""pb_wait"": 30, ""gap"": ""off"", ""body_min"": 0.5, ""volf"": ""off"", ""dow"": ""none"", ""big_thr"": 10, ""big_sl"": 30, ""big_tp"": 100, ""std_sl"": 15, ""std_tp"": 30, ""leg_gap"": 15, ""leg_sl"": 35, ""leg_tp"": 0, ""gap_min"": 20, ""be_at"": 0, ""partial"": 3.0, ""trail"": 0}",352,149,0.1963,2.763,-11.31,91,35,-0.0791,-0.716,-10.3,443,184,0.1397,2.288,-11.31,26,16,-0.1868,-0.723,-10.04,1364,541,0.0154,0.536,-27.91,348,147,0.088,1.312,-13.27,95,37,0.329,2.318,-9.95,344,140,0.1261,1.854,-13.27,99,44,0.1871,1.366,-12.16,343,140,0.1435,2.081,-9.1,100,44,0.1268,0.967,-6.72,0.0091,0.0852,-10.2,-16.2,17.9,20.1,-8.7,21.4,-1.1,-10.1,10.9,21.1,15.9,,-0.0791,,0.329,,0.1871,,0.1268,False,True,True,True,False,3,True,False,False,False
short,SPX500,S13,"0,2",2.59,"{""entry_tf"": 5, ""vwap"": false, ""time_stop"": 240, ""legs"": true, ""leg_max"": 6, ""legs_mgmt"": ""same"", ""leg_window"": 60, ""ma"": 100, ""dyn"": true, ""entry_mode"": ""close"", ""pb_frac"": 0.5, ""pb_wait"": 30, ""gap"": ""off"", ""body_min"": 0.3, ""volf"": ""off"", ""dow"": ""none"", ""big_thr"": 25, ""big_sl"": 50, ""big_tp"": 100, ""std_sl"": 35, ""std_tp"": 0, ""leg_gap"": 10, ""leg_sl"": 35, ""leg_tp"": 90, ""gap_min"": 100, ""be_at"": 0.5, ""partial"": 3.0, ""trail"": 0}",352,231,0.1575,2.367,-16.88,91,57,0.0673,0.668,-5.12,443,288,0.139,2.446,-16.65,26,21,0.066,0.377,-3.82,1364,879,-0.0932,-3.356,-141.03,348,222,0.0864,1.465,-18.84,95,66,0.3319,2.184,-3.51,344,226,0.1926,2.86,-11.57,99,62,-0.0473,-0.487,-16.83,343,222,0.1156,1.891,-16.91,100,66,0.2192,1.578,-6.69,-0.0919,0.0677,-15.5,-71.1,-33.7,12.6,-15.0,-15.5,-1.1,7.1,-4.8,36.3,12.1,,0.0673,,0.3319,,-0.0473,,0.2192,True,True,False,True,False,3,False,True,False,False
short,SPX500,S14,"0,2,3",2.186,"{""entry_tf"": 5, ""vwap"": true, ""time_stop"": 60, ""legs"": false, ""leg_max"": 6, ""legs_mgmt"": ""same"", ""leg_window"": 30, ""ma"": 100, ""dyn"": true, ""entry_mode"": ""close"", ""pb_frac"": 0.7, ""pb_wait"": 15, ""gap"": ""off"", ""body_min"": 0.5, ""volf"": ""skip_low"", ""dow"": ""none"", ""big_thr"": 10, ""big_sl"": 50, ""big_tp"": 100, ""std_sl"": 35, ""std_tp"": 50, ""leg_gap"": 15, ""leg_sl"": 45, ""leg_tp"": 90, ""gap_min"": 0, ""be_at"": 1.5, ""partial"": 3.0, ""trail"": 3.0}",352,117,0.1056,2.49,-5.99,91,27,0.0083,0.109,-4.52,443,144,0.0856,2.299,-9.16,26,12,0.0123,0.067,-5.35,1364,411,-0.0372,-1.972,-57.54,348,118,0.0559,1.326,-11.52,95,26,0.1945,2.479,-5.34,344,109,0.1038,2.456,-6.79,99,35,0.0223,0.285,-6.62,343,105,0.0786,1.887,-9.72,100,39,0.1096,1.331,-5.36,-0.0371,0.0406,-6.7,-40.1,-12.2,13.0,-11.1,8.8,-1.1,-4.1,-1.0,20.9,5.6,,0.0083,,0.1945,,0.0223,,0.1096,False,True,False,True,False,2,False,True,False,False
short,SPX500,S15,1,1.866,"{""entry_tf"": 5, ""vwap"": false, ""time_stop"": 999, ""legs"": true, ""leg_max"": 2, ""legs_mgmt"": ""same"", ""leg_window"": 30, ""ma"": 0, ""dyn"": true, ""entry_mode"": ""close"", ""pb_frac"": 0.3, ""pb_wait"": 30, ""gap"": ""off"", ""body_min"": 0, ""volf"": ""off"", ""dow"": ""none"", ""big_thr"": 15, ""big_sl"": 50, ""big_tp"": 200, ""std_sl"": 15, ""std_tp"": 60, ""leg_gap"": 10, ""leg_sl"": 25, ""leg_tp"": 140, ""gap_min"": 20, ""be_at"": 1.5, ""partial"": 0, ""trail"": 2.0}",352,376,0.1514,1.482,-23.33,91,98,0.1015,0.544,-11.66,443,474,0.1412,1.572,-19.04,26,28,0.0022,0.006,-9.25,1364,1503,-0.1164,-2.37,-217.65,348,367,0.2054,1.999,-26.44,95,107,-0.094,-0.517,-30.66,344,372,0.1586,1.519,-14.49,99,102,0.0807,0.467,-18.65,343,369,0.064,0.64,-20.6,100,105,0.4058,2.043,-7.93,-0.1119,0.0516,-30.2,-94.5,-84.2,27.5,8.7,29.5,-2.2,-15.8,-8.3,19.8,20.6,,0.1015,,-0.094,,0.0807,,0.4058,True,False,True,True,False,3,False,True,False,False
short,SPX500,S16,1,1.737,"{""entry_tf"": 5, ""vwap"": true, ""time_stop"": 999, ""legs"": false, ""leg_max"": 6, ""legs_mgmt"": ""same"", ""leg_window"": 120, ""ma"": 0, ""dyn"": false, ""entry_mode"": ""close"", ""pb_frac"": 0.5, ""pb_wait"": 30, ""gap"": ""against"", ""body_min"": 0, ""volf"": ""off"", ""dow"": ""none"", ""big_thr"": 10, ""big_sl"": 40, ""big_tp"": 100, ""std_sl"": 35, ""std_tp"": 0, ""leg_gap"": 25, ""leg_sl"": 25, ""leg_tp"": 115, ""gap_min"": 0, ""be_at"": 0, ""partial"": 3.0, ""trail"": 0}",352,149,0.0855,1.439,-10.59,91,45,0.0817,0.66,-8.63,443,194,0.0847,1.58,-13.54,26,9,-0.239,-1.679,-6.21,1364,618,0.0189,0.689,-27.95,348,153,0.1143,1.857,-11.64,95,41,-0.0237,-0.22,-18.9,344,152,0.1086,1.754,-11.64,99,42,0.0017,0.016,-13.51,343,152,0.0626,1.041,-13.27,100,42,0.1606,1.363,-4.32,0.0122,0.0743,2.7,-10.6,-5.6,15.9,21.6,-9.8,-2.2,5.5,8.7,29.1,2.0,,0.0817,,-0.0237,,0.0017,,0.1606,True,False,False,True,False,2,True,False,False,False
short,SPX500,S17,1,1.652,"{""entry_tf"": 5, ""vwap"": true, ""time_stop"": 180, ""legs"": false, ""leg_max"": 4, ""legs_mgmt"": ""fixed"", ""leg_window"": 60, ""ma"": 0, ""dyn"": false, ""entry_mode"": ""close"", ""pb_frac"": 0.7, ""pb_wait"": 30, ""gap"": ""off"", ""body_min"": 0, ""volf"": ""off"", ""dow"": ""none"", ""big_thr"": 10, ""big_sl"": 25, ""big_tp"": 115, ""std_sl"": 20, ""std_tp"": 80, ""leg_gap"": 10, ""leg_sl"": 35, ""leg_tp"": 60, ""gap_min"": 20, ""be_at"": 0.5, ""partial"": 3.0, ""trail"": 0}",352,304,0.1114,1.432,-10.99,91,77,0.0982,0.724,-7.65,443,381,0.1087,1.603,-16.15,26,24,-0.2016,-0.994,-8.54,1364,1180,-0.0503,-1.613,-90.85,348,300,0.1522,1.971,-12.29,95,81,-0.0509,-0.363,-14.22,344,291,0.1129,1.502,-12.45,99,90,0.0941,0.609,-9.9,343,298,0.0965,1.25,-12.92,100,83,0.1505,1.062,-9.57,-0.0483,0.0216,-15.8,-42.8,-30.8,19.3,-8.4,9.4,-1.3,0.8,-37.4,63.4,-17.9,,0.0982,,-0.0509,,0.0941,,0.1505,True,False,True,True,False,3,False,False,False,False
short,SPX500,S18,1,1.663,"{""entry_tf"": 5, ""vwap"": true, ""time_stop"": 180, ""legs"": true, ""leg_max"": 6, ""legs_mgmt"": ""same"", ""leg_window"": 30, ""ma"": 0, ""dyn"": false, ""entry_mode"": ""close"", ""pb_frac"": 0.3, ""pb_wait"": 30, ""gap"": ""off"", ""body_min"": 0.3, ""volf"": ""off"", ""dow"": ""none"", ""big_thr"": 15, ""big_sl"": 25, ""big_tp"": 150, ""std_sl"": 25, ""std_tp"": 80, ""leg_gap"": 20, ""leg_sl"": 35, ""leg_tp"": 90, ""gap_min"": 50, ""be_at"": 0.5, ""partial"": 3.0, ""trail"": 3.0}",352,249,0.1273,1.72,-9.29,91,64,0.1152,0.84,-7.52,443,313,0.1248,1.914,-12.48,26,20,-0.1073,-0.49,-6.91,1364,928,-0.0015,-0.054,-37.06,348,242,0.1486,2.012,-11.35,95,71,0.0376,0.272,-12.29,344,239,0.146,1.971,-10.39,99,74,0.051,0.372,-8.39,343,249,0.1126,1.5,-15.41,100,64,0.1666,1.273,-7.77,-0.0002,0.0409,-0.7,-20.7,-7.8,24.2,-12.6,6.6,-1.3,12.0,-25.1,52.9,-5.3,,0.1152,,0.0376,,0.051,,0.1666,True,False,False,True,False,2,False,False,False,False
short,SPX500,S19,1,1.64,"{""entry_tf"": 5, ""vwap"": true, ""time_stop"": 240, ""legs"": false, ""leg_max"": 1, ""legs_mgmt"": ""fixed"", ""leg_window"": 30, ""ma"": 100, ""dyn"": true, ""entry_mode"": ""close"", ""pb_frac"": 0.7, ""pb_wait"": 5, ""gap"": ""against"", ""body_min"": 0, ""volf"": ""off"", ""dow"": ""none"", ""big_thr"": 10, ""big_sl"": 50, ""big_tp"": 150, ""std_sl"": 35, ""std_tp"": 50, ""leg_gap"": 20, ""leg_sl"": 35, ""leg_tp"": 115, ""gap_min"": 0, ""be_at"": 1.5, ""partial"": 0, ""trail"": 0}",352,126,0.0836,1.564,-7.68,91,37,0.1449,1.225,-6.3,443,163,0.0962,1.965,-8.63,26,9,-0.2884,-3.157,-7.5,1364,489,-0.0307,-1.226,-61.94,348,132,0.1346,2.34,-10.31,95,31,-0.0443,-0.512,-11.85,344,128,0.104,1.849,-8.52,99,35,0.069,0.698,-6.61,343,124,0.0464,0.882,-9.61,100,39,0.2672,2.246,-4.39,-0.0328,0.0926,-12.7,-33.8,-12.7,8.0,9.2,-7.7,-1.1,3.6,10.6,35.4,3.8,,0.1449,,-0.0443,,0.069,,0.2672,True,False,True,True,False,3,False,False,False,False
short,SPX500,S20,1,1.632,"{""entry_tf"": 5, ""vwap"": true, ""time_stop"": 180, ""legs"": false, ""leg_max"": 1, ""legs_mgmt"": ""fixed"", ""leg_window"": 120, ""ma"": 0, ""dyn"": true, ""entry_mode"": ""close"", ""pb_frac"": 0.7, ""pb_wait"": 15, ""gap"": ""against"", ""body_min"": 0, ""volf"": ""off"", ""dow"": ""fri"", ""big_thr"": 15, ""big_sl"": 50, ""big_tp"": 100, ""std_sl"": 15, ""std_tp"": 50, ""leg_gap"": 20, ""leg_sl"": 25, ""leg_tp"": 90, ""gap_min"": 0, ""be_at"": 2.0, ""partial"": 3.0, ""trail"": 0}",352,131,0.0729,1.53,-5.68,91,36,0.0373,0.398,-6.31,443,167,0.0656,1.544,-7.94,26,9,-0.1345,-0.906,-4.22,1364,491,-0.0132,-0.55,-54.27,348,129,0.0955,1.974,-7.76,95,38,-0.044,-0.501,-15.19,344,133,0.0466,0.97,-12.31,99,34,0.1316,1.448,-3.46,343,129,0.0562,1.166,-10.47,100,38,0.0978,1.088,-6.64,-0.0169,0.0433,-18.6,-31.9,-7.2,25.7,1.9,-3.8,-2.2,11.8,-3.3,29.8,-3.1,,0.0373,,-0.044,,0.1316,,0.0978,True,False,True,True,False,3,False,False,False,False
short,SPX500,S21,"1,3",2.018,"{""entry_tf"": 1, ""vwap"": false, ""time_stop"": 240, ""legs"": true, ""leg_max"": 4, ""legs_mgmt"": ""fixed"", ""leg_window"": 30, ""ma"": 100, ""dyn"": false, ""entry_mode"": ""close"", ""pb_frac"": 0.7, ""pb_wait"": 30, ""gap"": ""off"", ""body_min"": 0.7, ""volf"": ""off"", ""dow"": ""none"", ""big_thr"": 20, ""big_sl"": 40, ""big_tp"": 115, ""std_sl"": 30, ""std_tp"": 80, ""leg_gap"": 10, ""leg_sl"": 25, ""leg_tp"": 140, ""gap_min"": 20, ""be_at"": 0.5, ""partial"": 1.5, ""trail"": 2.0}",352,107,0.1667,2.081,-6.87,91,17,-0.0252,-0.594,-4.32,443,124,0.1273,1.978,-8.34,26,6,0.0256,0.274,-1.36,1364,307,-0.0053,-0.382,-24.12,348,103,0.1288,1.654,-12.37,95,21,0.1219,1.302,-2.55,344,88,0.0862,1.274,-9.26,99,36,0.2703,1.631,-4.68,343,93,0.0953,1.668,-6.02,100,31,0.2371,1.147,-6.23,-0.0036,0.076,1.0,-6.0,8.9,4.3,-16.8,7.5,-0.1,-4.0,5.2,24.3,18.2,,-0.0252,,0.1219,,0.2703,,0.2371,False,True,True,True,True,3,False,True,False,True
short,SPX500,S22,1,2.172,"{""entry_tf"": 5, ""vwap"": true, ""time_stop"": 180, ""legs"": false, ""leg_max"": 1, ""legs_mgmt"": ""same"", ""leg_window"": 120, ""ma"": 0, ""dyn"": true, ""entry_mode"": ""close"", ""pb_frac"": 0.3, ""pb_wait"": 5, ""gap"": ""off"", ""body_min"": 0.3, ""volf"": ""off"", ""dow"": ""none"", ""big_thr"": 10, ""big_sl"": 50, ""big_tp"": 115, ""std_sl"": 25, ""std_tp"": 30, ""leg_gap"": 15, ""leg_sl"": 25, ""leg_tp"": 140, ""gap_min"": 20, ""be_at"": 2.0, ""partial"": 3.0, ""trail"": 1.0}",352,241,0.1224,2.511,-5.94,91,62,-0.0219,-0.268,-9.98,443,303,0.0928,2.193,-8.28,26,20,-0.0103,-0.064,-4.62,1364,918,-0.0448,-1.968,-66.65,348,238,0.0901,1.895,-7.11,95,65,0.1027,1.107,-6.2,344,230,0.1154,2.446,-7.64,99,73,0.0143,0.152,-8.8,343,239,0.0474,0.999,-11.65,100,64,0.2485,2.72,-4.09,-0.0406,0.0315,-4.9,-40.6,-9.2,10.0,-13.1,0.0,-1.3,0.6,-13.9,35.3,-2.2,,-0.0219,,0.1027,,0.0143,,0.2485,False,True,False,True,True,2,False,False,False,False
short,SPX500,S23,1,1.768,"{""entry_tf"": 5, ""vwap"": true, ""time_stop"": 240, ""legs"": false, ""leg_max"": 1, ""legs_mgmt"": ""fixed"", ""leg_window"": 60, ""ma"": 0, ""dyn"": true, ""entry_mode"": ""close"", ""pb_frac"": 0.5, ""pb_wait"": 5, ""gap"": ""off"", ""body_min"": 0, ""volf"": ""off"", ""dow"": ""none"", ""big_thr"": 15, ""big_sl"": 50, ""big_tp"": 115, ""std_sl"": 15, ""std_tp"": 0, ""leg_gap"": 10, ""leg_sl"": 35, ""leg_tp"": 0, ""gap_min"": 0, ""be_at"": 0, ""partial"": 3.0, ""trail"": 2.0}",352,304,0.1416,1.879,-13.9,91,77,0.0837,0.576,-10.54,443,381,0.1297,1.938,-12.7,26,24,-0.3062,-1.354,-13.78,1364,1180,-0.0763,-2.041,-147.3,348,300,0.153,2.025,-14.72,95,81,0.0442,0.308,-13.87,344,291,0.1381,1.832,-12.94,99,90,0.1007,0.693,-12.61,343,298,0.0838,1.105,-14.78,100,83,0.2872,2.037,-6.72,-0.0751,0.0486,-25.7,-78.0,-32.7,11.9,8.3,22.5,-2.2,-12.2,-16.6,36.4,2.4,,0.0837,,0.0442,,0.1007,,0.2872,True,False,True,True,False,3,False,False,False,False
short,SPX500,S24,1,1.82,"{""entry_tf"": 5, ""vwap"": true, ""time_stop"": 999, ""legs"": true, ""leg_max"": 2, ""legs_mgmt"": ""same"", ""leg_window"": 60, ""ma"": 100, ""dyn"": true, ""entry_mode"": ""close"", ""pb_frac"": 0.3, ""pb_wait"": 30, ""gap"": ""off"", ""body_min"": 0, ""volf"": ""off"", ""dow"": ""none"", ""big_thr"": 15, ""big_sl"": 50, ""big_tp"": 0, ""std_sl"": 35, ""std_tp"": 60, ""leg_gap"": 15, ""leg_sl"": 45, ""leg_tp"": 90, ""gap_min"": 50, ""be_at"": 1.0, ""partial"": 0, ""trail"": 3.0}",352,266,0.1831,1.996,-14.04,91,66,0.0718,0.462,-7.89,443,332,0.1603,2.013,-11.92,26,25,0.0395,0.095,-11.01,1364,1022,-0.0827,-1.97,-154.56,348,261,0.1662,1.865,-14.21,95,71,0.1387,0.783,-14.34,344,258,0.1916,2.042,-12.26,99,74,0.0516,0.359,-8.21,343,255,0.0982,1.126,-16.82,100,77,0.3734,2.009,-6.1,-0.0911,0.086,-40.9,-76.5,-47.1,21.7,-10.7,19.5,-1.1,4.0,-6.9,43.6,17.6,,0.0718,,0.1387,,0.0516,,0.3734,False,True,False,True,True,2,False,True,False,True
short,SPX500,S25,1,1.55,"{""entry_tf"": 5, ""vwap"": true, ""time_stop"": 999, ""legs"": true, ""leg_max"": 1, ""legs_mgmt"": ""same"", ""leg_window"": 30, ""ma"": 0, ""dyn"": false, ""entry_mode"": ""close"", ""pb_frac"": 0.5, ""pb_wait"": 5, ""gap"": ""off"", ""body_min"": 0, ""volf"": ""skip_high"", ""dow"": ""none"", ""big_thr"": 10, ""big_sl"": 25, ""big_tp"": 100, ""std_sl"": 35, ""std_tp"": 0, ""leg_gap"": 10, ""leg_sl"": 25, ""leg_tp"": 90, ""gap_min"": 100, ""be_at"": 1.5, ""partial"": 0, ""trail"": 3.0}",352,268,0.1263,1.329,-18.05,91,61,0.0799,0.46,-8.68,443,329,0.1167,1.397,-22.56,26,23,-0.2757,-0.871,-9.92,1364,944,0.0436,1.115,-25.97,348,253,0.1621,1.715,-16.8,95,76,-0.0496,-0.28,-21.55,344,258,0.1439,1.479,-24.52,99,71,0.0223,0.141,-13.45,343,259,0.0924,0.979,-17.51,100,70,0.2002,1.118,-11.03,0.035,0.0531,-7.7,-6.5,-2.7,26.9,15.4,16.9,-2.3,10.4,-9.8,60.6,-25.1,,0.0799,,-0.0496,,0.0223,,0.2002,True,False,False,True,False,2,True,False,False,False
short,SPX500,S26,1,1.508,"{""entry_tf"": 5, ""vwap"": true, ""time_stop"": 999, ""legs"": true, ""leg_max"": 4, ""legs_mgmt"": ""fixed"", ""leg_window"": 120, ""ma"": 0, ""dyn"": true, ""entry_mode"": ""close"", ""pb_frac"": 0.5, ""pb_wait"": 30, ""gap"": ""with"", ""body_min"": 0.3, ""volf"": ""off"", ""dow"": ""none"", ""big_thr"": 15, ""big_sl"": 25, ""big_tp"": 80, ""std_sl"": 35, ""std_tp"": 42, ""leg_gap"": 10, ""leg_sl"": 45, ""leg_tp"": 90, ""gap_min"": 0, ""be_at"": 0.5, ""partial"": 0, ""trail"": 1.5}",352,128,0.0696,1.372,-9.83,91,29,0.0565,0.594,-5.02,443,157,0.0669,1.494,-10.06,26,12,-0.105,-1.712,-3.01,1364,490,-0.0633,-2.96,-92.19,348,123,0.0975,1.806,-8.75,95,34,-0.0453,-0.692,-5.69,344,120,0.0632,1.24,-12.2,99,37,0.0798,0.849,-4.35,343,122,0.0345,0.741,-11.0,100,35,0.1779,1.522,-3.62,-0.0612,0.0072,-1.7,-26.7,-13.4,8.5,-23.8,-18.6,0.0,-12.5,-18.5,24.2,-3.9,,0.0565,,-0.0453,,0.0798,,0.1779,True,False,True,True,False,3,False,False,False,False
short,SPX500,S27,1,2.016,"{""entry_tf"": 5, ""vwap"": false, ""time_stop"": 120, ""legs"": false, ""leg_max"": 2, ""legs_mgmt"": ""fixed"", ""leg_window"": 30, ""ma"": 0, ""dyn"": false, ""entry_mode"": ""close"", ""pb_frac"": 0.3, ""pb_wait"": 15, ""gap"": ""off"", ""body_min"": 0.3, ""volf"": ""off"", ""dow"": ""none"", ""big_thr"": 25, ""big_sl"": 50, ""big_tp"": 130, ""std_sl"": 35, ""std_tp"": 42, ""leg_gap"": 25, ""leg_sl"": 25, ""leg_tp"": 140, ""gap_min"": 0, ""be_at"": 2.0, ""partial"": 3.0, ""trail"": 0}",352,249,0.1377,2.126,-10.82,91,63,-0.0164,-0.131,-12.46,443,312,0.106,1.84,-16.27,26,20,-0.1883,-0.767,-13.98,1364,969,-0.0067,-0.279,-24.03,348,242,0.1025,1.57,-10.2,95,70,0.1191,0.969,-10.81,344,238,0.1223,1.885,-21.19,99,74,0.0496,0.396,-14.97,343,247,0.0704,1.071,-15.23,100,65,0.2284,1.916,-6.43,-0.0014,0.0358,8.7,-14.1,-0.5,14.6,-3.4,6.1,1.4,-14.8,-9.9,31.7,-4.5,,-0.0164,,0.1191,,0.0496,,0.2284,False,True,True,True,True,3,False,False,False,False
short,SPX500,S28,"1,3",2.149,"{""entry_tf"": 5, ""vwap"": true, ""time_stop"": 999, ""legs"": false, ""leg_max"": 1, ""legs_mgmt"": ""fixed"", ""leg_window"": 60, ""ma"": 0, ""dyn"": false, ""entry_mode"": ""close"", ""pb_frac"": 0.7, ""pb_wait"": 30, ""gap"": ""off"", ""body_min"": 0.5, ""volf"": ""off"", ""dow"": ""none"", ""big_thr"": 15, ""big_sl"": 40, ""big_tp"": 115, ""std_sl"": 30, ""std_tp"": 0, ""leg_gap"": 15, ""leg_sl"": 35, ""leg_tp"": 0, ""gap_min"": 50, ""be_at"": 0, ""partial"": 0, ""trail"": 0}",352,178,0.2056,2.752,-9.74,91,42,-0.0806,-0.694,-10.49,443,220,0.1468,2.287,-13.83,26,16,-0.068,-0.263,-9.08,1364,667,0.0175,0.523,-31.63,348,171,0.1314,1.815,-11.68,95,49,0.2035,1.466,-6.94,344,166,0.1281,1.793,-11.31,99,54,0.2121,1.467,-8.88,343,174,0.1405,1.958,-14.47,100,46,0.1686,1.183,-6.5,0.0194,0.0779,9.2,-0.5,-1.4,6.3,24.9,3.3,-2.2,-11.7,4.8,29.0,12.6,,-0.0806,,0.2035,,0.2121,,0.1686,False,True,True,True,True,3,True,False,False,False
short,SPX500,S29,2,2.5,"{""entry_tf"": 5, ""vwap"": false, ""time_stop"": 90, ""legs"": false, ""leg_max"": 6, ""legs_mgmt"": ""same"", ""leg_window"": 30, ""ma"": 0, ""dyn"": false, ""entry_mode"": ""close"", ""pb_frac"": 0.3, ""pb_wait"": 5, ""gap"": ""off"", ""body_min"": 0.3, ""volf"": ""off"", ""dow"": ""none"", ""big_thr"": 15, ""big_sl"": 50, ""big_tp"": 80, ""std_sl"": 25, ""std_tp"": 30, ""leg_gap"": 20, ""leg_sl"": 25, ""leg_tp"": 115, ""gap_min"": 100, ""be_at"": 0.5, ""partial"": 2.0, ""trail"": 3.0}",352,249,0.0781,1.735,-6.95,91,63,0.0318,0.363,-4.51,443,312,0.0686,1.713,-8.99,26,20,0.0282,0.17,-4.57,1364,969,-0.021,-1.046,-42.4,348,242,0.053,1.166,-10.31,95,70,0.1256,1.495,-4.95,344,238,0.1176,2.645,-7.01,99,74,-0.1017,-1.149,-18.69,343,247,0.0317,0.696,-11.35,100,65,0.195,2.366,-3.25,-0.0182,0.0275,-4.8,-21.2,-12.3,14.3,-3.6,3.4,0.5,-2.4,-5.2,22.5,0.5,,0.0318,,0.1256,,-0.1017,,0.195,True,True,False,True,False,3,False,True,False,False
short,SPX500,S30,2,2.368,"{""entry_tf"": 5, ""vwap"": false, ""time_stop"": 240, ""legs"": false, ""leg_max"": 6, ""legs_mgmt"": ""fixed"", ""leg_window"": 30, ""ma"": 100, ""dyn"": false, ""entry_mode"": ""close"", ""pb_frac"": 0.7, ""pb_wait"": 30, ""gap"": ""off"", ""body_min"": 0.3, ""volf"": ""off"", ""dow"": ""none"", ""big_thr"": 15, ""big_sl"": 50, ""big_tp"": 115, ""std_sl"": 35, ""std_tp"": 50, ""leg_gap"": 15, ""leg_sl"": 25, ""leg_tp"": 60, ""gap_min"": 0, ""be_at"": 1.5, ""partial"": 3.0, ""trail"": 1.5}",352,208,0.1182,2.157,-11.68,91,50,0.0261,0.258,-6.92,443,258,0.0993,2.056,-15.0,26,20,0.0678,0.298,-6.63,1364,775,0.0256,1.142,-20.5,348,205,0.0553,1.021,-17.96,95,53,0.2607,2.478,-4.96,344,198,0.1349,2.478,-9.48,99,60,-0.0245,-0.236,-14.31,343,198,0.0733,1.35,-13.12,100,60,0.1885,1.801,-6.68,0.0265,0.0717,4.3,-15.3,9.6,19.9,-6.5,23.8,2.2,0.0,22.8,23.8,-0.4,,0.0261,,0.2607,,-0.0245,,0.1885,False,True,False,True,False,2,True,True,False,False
short,SPX500,S31,2,2.357,"{""entry_tf"": 5, ""vwap"": false, ""time_stop"": 90, ""legs"": false, ""leg_max"": 1, ""legs_mgmt"": ""fixed"", ""leg_window"": 30, ""ma"": 0, ""dyn"": false, ""entry_mode"": ""close"", ""pb_frac"": 0.3, ""pb_wait"": 15, ""gap"": ""off"", ""body_min"": 0.3, ""volf"": ""off"", ""dow"": ""none"", ""big_thr"": 10, ""big_sl"": 50, ""big_tp"": 150, ""std_sl"": 20, ""std_tp"": 80, ""leg_gap"": 15, ""leg_sl"": 25, ""leg_tp"": 90, ""gap_min"": 0, ""be_at"": 0.5, ""partial"": 1.5, ""trail"": 1.5}",352,249,0.1003,2.137,-7.11,91,63,0.0779,0.836,-4.67,443,312,0.0957,2.283,-8.28,26,20,0.0981,0.523,-4.51,1364,969,-0.0285,-1.336,-50.9,348,242,0.0759,1.599,-9.8,95,70,0.1684,1.892,-4.32,344,238,0.1472,3.127,-5.86,99,74,-0.083,-0.926,-16.21,343,247,0.0591,1.236,-9.79,100,65,0.2213,2.572,-3.62,-0.0217,0.0452,0.2,-32.6,-8.3,11.7,-6.2,4.7,1.1,-1.9,-3.9,30.0,4.4,,0.0779,,0.1684,,-0.083,,0.2213,True,True,False,True,False,3,False,True,False,False
short,SPX500,S32,2,2.319,"{""entry_tf"": 5, ""vwap"": true, ""time_stop"": 90, ""legs"": false, ""leg_max"": 4, ""legs_mgmt"": ""same"", ""leg_window"": 30, ""ma"": 100, ""dyn"": true, ""entry_mode"": ""close"", ""pb_frac"": 0.3, ""pb_wait"": 30, ""gap"": ""off"", ""body_min"": 0.3, ""volf"": ""off"", ""dow"": ""mon"", ""big_thr"": 15, ""big_sl"": 50, ""big_tp"": 115, ""std_sl"": 35, ""std_tp"": 42, ""leg_gap"": 10, ""leg_sl"": 45, ""leg_tp"": 60, ""gap_min"": 20, ""be_at"": 2.0, ""partial"": 0, ""trail"": 3.0}",352,158,0.1025,1.935,-9.87,91,39,0.0411,0.419,-9.45,443,197,0.0899,1.925,-11.98,26,17,-0.2091,-1.034,-11.11,1364,604,-0.0185,-0.723,-56.36,348,159,0.0534,1.014,-11.03,95,38,0.2235,2.246,-4.28,344,151,0.1371,2.536,-8.44,99,46,-0.0742,-0.83,-16.79,343,149,0.0549,1.071,-14.91,100,48,0.21,1.94,-7.61,-0.0209,0.0328,-12.7,-47.0,1.6,16.2,-3.7,14.8,-1.1,1.9,-2.8,27.5,-9.8,,0.0411,,0.2235,,-0.0742,,0.21,True,True,False,True,False,3,False,False,False,False
short,SPX500,S33,2,2.255,"{""entry_tf"": 5, ""vwap"": false, ""time_stop"": 120, ""legs"": true, ""leg_max"": 6, ""legs_mgmt"": ""same"", ""leg_window"": 60, ""ma"": 100, ""dyn"": false, ""entry_mode"": ""close"", ""pb_frac"": 0.3, ""pb_wait"": 5, ""gap"": ""off"", ""body_min"": 0.3, ""volf"": ""off"", ""dow"": ""none"", ""big_thr"": 15, ""big_sl"": 50, ""big_tp"": 200, ""std_sl"": 25, ""std_tp"": 30, ""leg_gap"": 20, ""leg_sl"": 35, ""leg_tp"": 140, ""gap_min"": 50, ""be_at"": 0.5, ""partial"": 2.0, ""trail"": 1.5}",352,215,0.0999,2.073,-8.61,91,52,-0.0096,-0.12,-4.44,443,267,0.0774,1.854,-9.4,26,20,0.1752,0.764,-4.56,1364,781,0.0016,0.083,-33.23,348,208,0.0327,0.73,-17.21,95,59,0.2414,2.334,-3.13,344,206,0.1211,2.56,-6.53,99,61,-0.0743,-0.851,-15.73,343,207,0.0536,1.133,-11.28,100,60,0.1591,1.804,-4.52,0.0045,0.0347,-1.3,-18.3,-3.3,16.0,-3.7,8.7,2.9,5.4,-0.7,15.3,11.5,,-0.0096,,0.2414,,-0.0743,,0.1591,False,True,False,True,False,2,False,True,False,False
short,SPX500,S34,2,2.18,"{""entry_tf"": 5, ""vwap"": false, ""time_stop"": 90, ""legs"": true, ""leg_max"": 4, ""legs_mgmt"": ""fixed"", ""leg_window"": 30, ""ma"": 0, ""dyn"": true, ""entry_mode"": ""close"", ""pb_frac"": 0.3, ""pb_wait"": 30, ""gap"": ""off"", ""body_min"": 0.3, ""volf"": ""off"", ""dow"": ""none"", ""big_thr"": 15, ""big_sl"": 50, ""big_tp"": 150, ""std_sl"": 25, ""std_tp"": 30, ""leg_gap"": 25, ""leg_sl"": 45, ""leg_tp"": 115, ""gap_min"": 0, ""be_at"": 0.5, ""partial"": 2.0, ""trail"": 0}",352,255,0.1067,2.034,-10.87,91,64,0.111,0.993,-5.87,443,319,0.1076,2.26,-10.15,26,20,0.0534,0.275,-4.83,1364,998,-0.0815,-3.117,-118.9,348,244,0.099,1.825,-9.5,95,75,0.139,1.409,-5.01,344,245,0.1587,2.919,-7.13,99,74,-0.0701,-0.728,-15.8,343,254,0.0758,1.382,-11.84,100,65,0.2166,2.29,-4.68,-0.0781,0.0605,-12.3,-55.1,-28.4,4.6,-6.2,-14.8,-1.2,0.9,-1.3,36.3,3.8,,0.111,,0.139,,-0.0701,,0.2166,True,True,False,True,False,3,False,True,False,False
short,SPX500,S35,2,2.12,"{""entry_tf"": 5, ""vwap"": false, ""time_stop"": 999, ""legs"": true, ""leg_max"": 4, ""legs_mgmt"": ""same"", ""leg_window"": 30, ""ma"": 0, ""dyn"": false, ""entry_mode"": ""close"", ""pb_frac"": 0.5, ""pb_wait"": 30, ""gap"": ""off"", ""body_min"": 0.3, ""volf"": ""skip_high"", ""dow"": ""mon"", ""big_thr"": 10, ""big_sl"": 50, ""big_tp"": 115, ""std_sl"": 20, ""std_tp"": 50, ""leg_gap"": 15, ""leg_sl"": 25, ""leg_tp"": 60, ""gap_min"": 0, ""be_at"": 0.5, ""partial"": 3.0, ""trail"": 1.5}",352,180,0.0927,1.805,-7.2,91,39,0.0078,0.101,-8.05,443,219,0.0753,1.717,-8.34,26,16,0.063,0.357,-3.44,1364,619,0.0005,0.026,-26.99,348,162,0.0375,0.878,-10.07,95,57,0.2136,1.636,-4.32,344,173,0.1293,2.504,-5.51,99,46,-0.1126,-1.477,-19.76,343,171,0.0368,0.725,-19.49,100,48,0.207,2.461,-2.03,0.005,0.058,4.3,-18.1,-3.3,6.0,-2.9,8.0,1.2,12.0,19.0,20.5,-2.0,,0.0078,,0.2136,,-0.1126,,0.207,False,True,False,True,False,2,False,True,False,False
short,SPX500,S36,2,2.081,"{""entry_tf"": 5, ""vwap"": true, ""time_stop"": 60, ""legs"": false, ""leg_max"": 1, ""legs_mgmt"": ""fixed"", ""leg_window"": 60, ""ma"": 100, ""dyn"": true, ""entry_mode"": ""close"", ""pb_frac"": 0.7, ""pb_wait"": 30, ""gap"": ""off"", ""body_min"": 0.3, ""volf"": ""off"", ""dow"": ""none"", ""big_thr"": 10, ""big_sl"": 50, ""big_tp"": 100, ""std_sl"": 35, ""std_tp"": 30, ""leg_gap"": 20, ""leg_sl"": 25, ""leg_tp"": 115, ""gap_min"": 100, ""be_at"": 0.5, ""partial"": 1.5, ""trail"": 1.0}",352,201,0.0822,2.151,-6.68,91,50,-0.0118,-0.18,-5.02,443,251,0.0629,1.89,-10.35,26,20,0.0299,0.204,-3.95,1364,736,-0.0598,-3.51,-86.55,348,202,0.0342,0.931,-9.84,95,49,0.1681,2.204,-2.07,344,192,0.0847,2.262,-7.48,99,59,-0.0127,-0.177,-9.46,343,192,0.0464,1.229,-12.7,100,59,0.1193,1.706,-3.0,-0.0538,0.0103,-2.1,-39.1,-12.2,4.9,-19.7,-11.9,-0.8,3.4,-14.0,19.3,1.9,,-0.0118,,0.1681,,-0.0127,,0.1193,False,True,False,True,False,2,False,True,False,False
short,SPX500,S37,2,2.077,"{""entry_tf"": 5, ""vwap"": true, ""time_stop"": 90, ""legs"": false, ""leg_max"": 2, ""legs_mgmt"": ""same"", ""leg_window"": 120, ""ma"": 0, ""dyn"": false, ""entry_mode"": ""close"", ""pb_frac"": 0.3, ""pb_wait"": 15, ""gap"": ""off"", ""body_min"": 0.3, ""volf"": ""skip_low"", ""dow"": ""none"", ""big_thr"": 20, ""big_sl"": 50, ""big_tp"": 130, ""std_sl"": 30, ""std_tp"": 0, ""leg_gap"": 15, ""leg_sl"": 45, ""leg_tp"": 0, ""gap_min"": 0, ""be_at"": 1.5, ""partial"": 0, ""trail"": 1.5}",352,186,0.1077,1.824,-9.94,91,48,0.0443,0.415,-6.55,443,234,0.0946,1.828,-12.34,26,15,-0.0062,-0.03,-6.71,1364,697,0.0143,0.618,-30.15,348,189,0.0673,1.229,-14.54,95,45,0.1948,1.455,-8.95,344,174,0.1483,2.463,-7.54,99,60,-0.0919,-0.946,-14.89,343,179,0.0592,1.021,-17.88,100,55,0.2162,1.905,-6.63,0.014,0.0601,-1.6,-21.1,-3.0,38.1,-5.9,19.0,1.5,-6.9,12.4,31.8,-7.1,,0.0443,,0.1948,,-0.0919,,0.2162,True,True,False,True,False,3,True,False,False,False
short,SPX500,S38,3,1.747,"{""entry_tf"": 5, ""vwap"": true, ""time_stop"": 60, ""legs"": true, ""leg_max"": 4, ""legs_mgmt"": ""same"", ""leg_window"": 30, ""ma"": 0, ""dyn"": false, ""entry_mode"": ""close"", ""pb_frac"": 0.3, ""pb_wait"": 30, ""gap"": ""against"", ""body_min"": 0, ""volf"": ""off"", ""dow"": ""fri"", ""big_thr"": 15, ""big_sl"": 30, ""big_tp"": 80, ""std_sl"": 15, ""std_tp"": 30, ""leg_gap"": 20, ""leg_sl"": 35, ""leg_tp"": 60, ""gap_min"": 50, ""be_at"": 1.0, ""partial"": 1.0, ""trail"": 3.0}",352,98,0.0359,0.967,-5.82,91,32,0.1314,1.87,-3.03,443,130,0.0556,1.688,-6.24,26,8,-0.1158,-1.001,-4.42,1364,239,-0.0292,-2.414,-42.43,348,99,0.0503,1.479,-9.04,95,31,0.0749,0.835,-8.84,344,107,0.0781,1.996,-6.46,99,23,-0.0229,-0.41,-5.53,343,102,0.0797,2.107,-5.13,100,28,-0.0275,-0.418,-4.42,-0.0275,0.0391,-3.2,-9.3,-4.3,1.1,-7.2,-0.7,-2.2,-13.8,1.1,23.1,-3.0,,0.1314,,0.0749,,-0.0229,,-0.0275,True,True,False,False,False,2,False,False,False,False
short,SPX500,S39,3,1.881,"{""entry_tf"": 1, ""vwap"": true, ""time_stop"": 180, ""legs"": true, ""leg_max"": 4, ""legs_mgmt"": ""same"", ""leg_window"": 60, ""ma"": 0, ""dyn"": false, ""entry_mode"": ""close"", ""pb_frac"": 0.5, ""pb_wait"": 5, ""gap"": ""off"", ""body_min"": 0.7, ""volf"": ""off"", ""dow"": ""none"", ""big_thr"": 25, ""big_sl"": 50, ""big_tp"": 80, ""std_sl"": 30, ""std_tp"": 60, ""leg_gap"": 10, ""leg_sl"": 25, ""leg_tp"": 60, ""gap_min"": 0, ""be_at"": 1.0, ""partial"": 2.0, ""trail"": 3.0}",352,127,0.1169,2.341,-9.29,91,20,-0.016,-0.322,-4.47,443,147,0.0896,2.182,-9.35,26,6,-0.1094,-0.942,-3.32,1364,377,0.0077,0.445,-20.33,348,118,0.0886,1.869,-11.48,95,29,0.093,1.156,-4.32,344,106,0.0575,1.323,-8.63,99,41,0.2012,1.934,-7.03,343,111,0.0899,2.102,-7.25,100,36,0.0885,0.823,-7.44,0.0064,0.056,-5.5,-7.9,5.3,0.9,-9.5,15.7,1.5,8.6,8.4,21.3,2.1,,-0.016,,0.093,,0.2012,,0.0885,False,True,True,True,True,3,True,False,False,False
short,SPX500,S40,3,1.544,"{""entry_tf"": 5, ""vwap"": false, ""time_stop"": 90, ""legs"": false, ""leg_max"": 2, ""legs_mgmt"": ""fixed"", ""leg_window"": 120, ""ma"": 0, ""dyn"": true, ""entry_mode"": ""close"", ""pb_frac"": 0.5, ""pb_wait"": 30, ""gap"": ""off"", ""body_min"": 0.5, ""volf"": ""skip_low"", ""dow"": ""none"", ""big_thr"": 15, ""big_sl"": 25, ""big_tp"": 100, ""std_sl"": 25, ""std_tp"": 30, ""leg_gap"": 15, ""leg_sl"": 35, ""leg_tp"": 140, ""gap_min"": 0, ""be_at"": 1.5, ""partial"": 0, ""trail"": 3.0}",352,140,0.1169,1.718,-9.09,91,33,0.1416,1.036,-4.77,443,173,0.1219,2.002,-10.48,26,12,-0.1279,-0.511,-10.0,1364,502,-0.0923,-3.222,-126.82,348,137,0.0824,1.209,-11.28,95,36,0.2668,1.984,-7.18,344,129,0.1481,2.162,-9.15,99,44,0.0309,0.234,-10.36,343,133,0.1553,2.197,-12.16,100,40,0.0075,0.064,-12.02,-0.0865,0.0377,-11.4,-60.6,-16.7,-0.6,-13.0,-11.1,-2.4,-8.8,-19.5,37.0,2.5,,0.1416,,0.2668,,0.0309,,0.0075,True,True,False,False,False,2,False,False,False,False
short,SPX500,S41,3,1.524,"{""entry_tf"": 1, ""vwap"": true, ""time_stop"": 999, ""legs"": true, ""leg_max"": 1, ""legs_mgmt"": ""same"", ""leg_window"": 120, ""ma"": 0, ""dyn"": false, ""entry_mode"": ""close"", ""pb_frac"": 0.5, ""pb_wait"": 5, ""gap"": ""off"", ""body_min"": 0.7, ""volf"": ""off"", ""dow"": ""none"", ""big_thr"": 10, ""big_sl"": 50, ""big_tp"": 80, ""std_sl"": 30, ""std_tp"": 60, ""leg_gap"": 10, ""leg_sl"": 35, ""leg_tp"": 0, ""gap_min"": 0, ""be_at"": 0.5, ""partial"": 2.0, ""trail"": 2.0}",352,124,0.0649,1.653,-9.89,91,20,0.0077,0.165,-3.32,443,144,0.0532,1.627,-9.95,26,6,0.0074,0.1,-1.28,1364,376,0.0001,0.005,-20.44,348,115,0.0479,1.307,-12.08,95,29,0.0725,1.007,-4.32,344,104,0.027,0.797,-9.06,99,40,0.1443,1.671,-4.03,343,110,0.0673,1.82,-6.88,100,34,0.0047,0.068,-6.44,-0.0004,0.0221,-3.1,-8.2,4.3,-3.8,-7.3,7.2,-0.1,10.5,-1.7,14.3,1.3,,0.0077,,0.0725,,0.1443,,0.0047,False,True,True,False,False,2,False,True,False,False
short,SPX500,S42,3,2.175,"{""entry_tf"": 5, ""vwap"": false, ""time_stop"": 90, ""legs"": true, ""leg_max"": 2, ""legs_mgmt"": ""fixed"", ""leg_window"": 30, ""ma"": 100, ""dyn"": false, ""entry_mode"": ""close"", ""pb_frac"": 0.5, ""pb_wait"": 30, ""gap"": ""off"", ""body_min"": 0.5, ""volf"": ""off"", ""dow"": ""none"", ""big_thr"": 20, ""big_sl"": 50, ""big_tp"": 130, ""std_sl"": 25, ""std_tp"": 42, ""leg_gap"": 25, ""leg_sl"": 25, ""leg_tp"": 90, ""gap_min"": 20, ""be_at"": 0, ""partial"": 0, ""trail"": 2.0}",352,153,0.1381,2.597,-4.78,91,36,0.0241,0.218,-5.01,443,189,0.1147,2.388,-7.27,26,16,0.0139,0.06,-8.72,1364,542,0.0109,0.543,-20.68,348,148,0.0818,1.526,-9.25,95,41,0.235,2.204,-7.6,344,145,0.1189,2.177,-6.37,99,44,0.0998,0.993,-8.14,343,145,0.1027,1.902,-7.74,100,44,0.1557,1.489,-4.08,0.0099,0.0632,-2.4,-7.5,10.0,17.7,-17.5,10.4,2.5,1.2,12.0,16.1,11.4,,0.0241,,0.235,,0.0998,,0.1557,False,True,True,True,True,3,True,True,True,True
short,SPX500,LIVE_COMP,,,"{""entry_tf"": 1, ""vwap"": true, ""time_stop"": 120, ""legs"": true, ""leg_max"": 6, ""legs_mgmt"": ""fixed"", ""leg_window"": 120, ""ma"": 0, ""dyn"": false, ""big_thr"": 15, ""big_sl"": 35, ""big_tp"": 115, ""std_sl"": 25, ""std_tp"": 42, ""leg_gap"": 15, ""leg_sl"": 35, ""leg_tp"": 115, ""be_at"": 0, ""partial"": 0, ""trail"": 0, ""entry_mode"": ""close"", ""pb_frac"": 0.5, ""pb_wait"": 15, ""gap"": ""off"", ""gap_min"": 0, ""body_min"": 0, ""volf"": ""off"", ""dow"": ""none""}",352,322,0.0567,0.564,-34.05,91,80,-0.2013,-1.237,-35.79,443,402,0.0037,0.043,-50.48,26,24,-0.1825,-0.565,-13.09,1364,1179,-0.0291,-0.808,-66.56,348,311,0.0377,0.377,-41.43,95,91,-0.121,-0.712,-19.91,344,313,-0.0694,-0.73,-65.05,99,89,0.2576,1.276,-18.57,343,313,-0.0151,-0.157,-52.25,100,89,0.0683,0.349,-14.52,-0.0326,-0.0358,-16.5,-16.3,-18.0,23.3,-41.0,12.7,2.1,6.6,-9.7,-17.9,0.7,,-0.2013,,-0.121,,0.2576,,0.0683,False,False,True,True,False,2,False,False,False,False
short,SPX500,LIVE_COMP+MA100,,,"{""entry_tf"": 1, ""vwap"": true, ""time_stop"": 120, ""legs"": true, ""leg_max"": 6, ""legs_mgmt"": ""fixed"", ""leg_window"": 120, ""ma"": 100, ""dyn"": false, ""big_thr"": 15, ""big_sl"": 35, ""big_tp"": 115, ""std_sl"": 25, ""std_tp"": 42, ""leg_gap"": 15, ""leg_sl"": 35, ""leg_tp"": 115, ""be_at"": 0, ""partial"": 0, ""trail"": 0, ""entry_mode"": ""close"", ""pb_frac"": 0.5, ""pb_wait"": 15, ""gap"": ""off"", ""gap_min"": 0, ""body_min"": 0, ""volf"": ""off"", ""dow"": ""none""}",352,269,0.1235,1.295,-16.51,91,65,-0.0687,-0.447,-23.72,443,334,0.084,1.023,-23.62,26,24,-0.1825,-0.565,-13.09,1364,935,0.0027,0.086,-44.46,348,263,0.0896,0.945,-30.14,95,71,0.0635,0.393,-12.0,344,262,0.0425,0.467,-33.25,99,72,0.2284,1.222,-15.14,343,256,0.0661,0.73,-27.95,100,78,0.1454,0.767,-11.54,-0.0025,0.02,-19.6,-16.3,9.3,31.7,-37.3,15.0,3.2,10.4,-10.7,8.7,9.7,,-0.0687,,0.0635,,0.2284,,0.1454,False,True,True,True,False,3,True,False,False,False
short,UK100,S0,"0,1",0.165,"{""entry_tf"": 5, ""vwap"": true, ""time_stop"": 999, ""legs"": false, ""leg_max"": 4, ""legs_mgmt"": ""fixed"", ""leg_window"": 60, ""ma"": 100, ""dyn"": true, ""entry_mode"": ""pb"", ""pb_frac"": 0.5, ""pb_wait"": 30, ""gap"": ""off"", ""body_min"": 0, ""volf"": ""skip_low"", ""dow"": ""none"", ""big_thr"": 25, ""big_sl"": 25, ""big_tp"": 0, ""std_sl"": 35, ""std_tp"": 42, ""leg_gap"": 20, ""leg_sl"": 45, ""leg_tp"": 115, ""gap_min"": 0, ""be_at"": 0, ""partial"": 0, ""trail"": 0}",367,123,0.083,0.578,-24.67,92,21,-0.3169,-5.201,-27.89,459,144,0.0028,0.024,-35.0,23,7,-0.3902,-3.172,-7.67,201,57,-0.1483,-1.526,-39.65,357,109,0.0704,0.484,-26.19,102,35,-0.2339,-2.241,-28.24,358,103,-0.0704,-0.628,-46.82,101,41,0.2622,0.765,-23.66,357,116,-0.1358,-1.299,-77.81,102,28,0.4878,1.333,-18.41,-0.1483,-0.0495,,,,,,,,-29.8,-41.2,26.8,-26.1,,-0.3169,,-0.2339,,0.2622,,0.4878,False,False,True,True,False,2,False,False,False,False
short,UK100,S1,1,0.22,"{""entry_tf"": 1, ""vwap"": true, ""time_stop"": 180, ""legs"": false, ""leg_max"": 2, ""legs_mgmt"": ""fixed"", ""leg_window"": 120, ""ma"": 0, ""dyn"": false, ""entry_mode"": ""close"", ""pb_frac"": 0.3, ""pb_wait"": 15, ""gap"": ""against"", ""body_min"": 0, ""volf"": ""off"", ""dow"": ""fri"", ""big_thr"": 25, ""big_sl"": 50, ""big_tp"": 100, ""std_sl"": 20, ""std_tp"": 60, ""leg_gap"": 10, ""leg_sl"": 35, ""leg_tp"": 115, ""gap_min"": 0, ""be_at"": 0, ""partial"": 2.0, ""trail"": 0}",367,120,-0.0497,-1.197,-27.06,92,31,0.1061,1.154,-5.1,459,151,-0.0184,-0.485,-23.46,23,9,-0.0782,-0.421,-3.6,201,70,-0.1532,-2.668,-32.59,357,112,0.0322,0.741,-13.03,102,39,-0.1957,-2.57,-21.27,358,122,-0.0481,-1.107,-25.63,101,29,0.0867,1.117,-3.6,357,114,-0.0133,-0.312,-20.03,102,37,-0.0365,-0.431,-13.63,-0.1532,-0.0614,,,,,,,,-30.8,-28.4,-13.4,0.9,,0.1061,,-0.1957,,0.0867,,-0.0365,True,False,True,False,False,2,False,False,False,False
short,UK100,S2,1,0.202,"{""entry_tf"": 5, ""vwap"": true, ""time_stop"": 180, ""legs"": true, ""leg_max"": 6, ""legs_mgmt"": ""fixed"", ""leg_window"": 60, ""ma"": 0, ""dyn"": true, ""entry_mode"": ""pb"", ""pb_frac"": 0.5, ""pb_wait"": 15, ""gap"": ""off"", ""body_min"": 0, ""volf"": ""off"", ""dow"": ""fri"", ""big_thr"": 20, ""big_sl"": 50, ""big_tp"": 100, ""std_sl"": 30, ""std_tp"": 30, ""leg_gap"": 25, ""leg_sl"": 45, ""leg_tp"": 60, ""gap_min"": 0, ""be_at"": 2.0, ""partial"": 0, ""trail"": 2.0}",367,112,-0.0139,-0.356,-26.25,92,25,-0.0267,-0.364,-8.51,459,137,-0.0165,-0.477,-30.24,23,4,-0.0785,-0.872,-2.97,201,74,-0.114,-2.048,-32.56,357,102,0.0372,0.931,-16.44,102,35,-0.2043,-3.146,-22.16,358,107,-0.0621,-1.674,-29.8,101,30,0.1453,1.735,-6.84,357,112,-0.0393,-0.993,-25.79,102,25,0.0634,0.907,-7.71,-0.114,-0.0491,,,,,,,,-22.9,-17.0,-15.7,-0.3,,-0.0267,,-0.2043,,0.1453,,0.0634,False,False,True,True,False,2,False,False,False,False
short,UK100,S3,1,0.025,"{""entry_tf"": 1, ""vwap"": true, ""time_stop"": 180, ""legs"": false, ""leg_max"": 1, ""legs_mgmt"": ""fixed"", ""leg_window"": 60, ""ma"": 0, ""dyn"": true, ""entry_mode"": ""close"", ""pb_frac"": 0.5, ""pb_wait"": 5, ""gap"": ""against"", ""body_min"": 0, ""volf"": ""off"", ""dow"": ""fri"", ""big_thr"": 10, ""big_sl"": 40, ""big_tp"": 0, ""std_sl"": 35, ""std_tp"": 80, ""leg_gap"": 10, ""leg_sl"": 35, ""leg_tp"": 0, ""gap_min"": 20, ""be_at"": 1.5, ""partial"": 3.0, ""trail"": 1.0}",367,110,-0.0495,-1.412,-20.26,92,28,0.2035,2.191,-3.33,459,138,0.0012,0.035,-14.84,23,9,0.01,0.069,-2.12,201,58,-0.1397,-3.533,-28.09,357,103,0.0338,0.851,-8.77,102,35,-0.1131,-1.811,-13.13,358,112,-0.0054,-0.138,-14.86,101,26,0.0245,0.357,-2.86,357,103,0.0287,0.734,-11.13,102,35,-0.095,-1.402,-14.44,-0.1397,-0.0212,,,,,,,,-28.1,-17.8,-0.7,5.2,,0.2035,,-0.1131,,0.0245,,-0.095,True,False,True,False,False,2,False,True,False,False
short,UK100,S4,"1,3",0.045,"{""entry_tf"": 1, ""vwap"": true, ""time_stop"": 180, ""legs"": true, ""leg_max"": 6, ""legs_mgmt"": ""fixed"", ""leg_window"": 30, ""ma"": 0, ""dyn"": false, ""entry_mode"": ""close"", ""pb_frac"": 0.5, ""pb_wait"": 30, ""gap"": ""against"", ""body_min"": 0, ""volf"": ""skip_high"", ""dow"": ""fri"", ""big_thr"": 20, ""big_sl"": 40, ""big_tp"": 115, ""std_sl"": 35, ""std_tp"": 60, ""leg_gap"": 20, ""leg_sl"": 45, ""leg_tp"": 140, ""gap_min"": 20, ""be_at"": 2.0, ""partial"": 0, ""trail"": 3.0}",367,96,-0.0181,-0.383,-20.54,92,28,0.0679,0.716,-7.58,459,124,-0.0008,-0.02,-22.72,23,9,-0.3194,-1.641,-9.97,201,54,-0.2436,-5.099,-48.96,357,95,0.0368,0.773,-7.97,102,29,-0.1326,-1.473,-19.17,358,99,-0.0402,-0.869,-29.36,101,25,0.1387,1.407,-5.2,357,94,0.042,0.856,-11.65,102,30,-0.1508,-1.897,-17.89,-0.2436,-0.0328,,,,,,,,-49.0,-15.0,-8.2,-4.9,,0.0679,,-0.1326,,0.1387,,-0.1508,True,False,True,False,False,2,False,False,False,False
short,UK100,S5,2,0.342,"{""entry_tf"": 5, ""vwap"": true, ""time_stop"": 120, ""legs"": false, ""leg_max"": 6, ""legs_mgmt"": ""same"", ""leg_window"": 120, ""ma"": 0, ""dyn"": true, ""entry_mode"": ""close"", ""pb_frac"": 0.7, ""pb_wait"": 30, ""gap"": ""against"", ""body_min"": 0, ""volf"": ""off"", ""dow"": ""fri"", ""big_thr"": 25, ""big_sl"": 35, ""big_tp"": 200, ""std_sl"": 15, ""std_tp"": 0, ""leg_gap"": 10, ""leg_sl"": 45, ""leg_tp"": 90, ""gap_min"": 50, ""be_at"": 1.5, ""partial"": 3.0, ""trail"": 3.0}",367,104,0.0177,0.346,-18.68,92,22,-0.0502,-0.592,-14.04,459,126,0.004,0.092,-23.94,23,9,0.0414,0.145,-6.17,201,43,-0.0483,-0.842,-17.56,357,95,-0.0172,-0.358,-19.49,102,31,0.0784,0.743,-9.95,358,98,0.0406,0.772,-14.76,101,28,-0.1256,-1.713,-13.81,357,94,-0.0109,-0.221,-21.0,102,32,0.0562,0.564,-7.81,-0.0483,-0.03,,,,,,,,-9.7,-9.7,-12.0,3.6,,-0.0502,,0.0784,,-0.1256,,0.0562,False,True,False,True,False,2,False,True,False,False
short,UK100,S6,2,0.325,"{""entry_tf"": 5, ""vwap"": false, ""time_stop"": 999, ""legs"": false, ""leg_max"": 6, ""legs_mgmt"": ""same"", ""leg_window"": 60, ""ma"": 0, ""dyn"": false, ""entry_mode"": ""pb"", ""pb_frac"": 0.3, ""pb_wait"": 30, ""gap"": ""off"", ""body_min"": 0, ""volf"": ""skip_low"", ""dow"": ""mon"", ""big_thr"": 10, ""big_sl"": 35, ""big_tp"": 0, ""std_sl"": 30, ""std_tp"": 0, ""leg_gap"": 20, ""leg_sl"": 35, ""leg_tp"": 115, ""gap_min"": 50, ""be_at"": 2.0, ""partial"": 3.0, ""trail"": 0}",367,163,0.0384,0.326,-25.27,92,41,-0.0494,-0.339,-17.26,459,204,0.0208,0.211,-27.1,23,12,0.0752,0.324,-2.57,201,110,-0.0421,-0.406,-25.65,357,160,-0.0178,-0.198,-33.75,102,44,0.1558,0.497,-14.78,358,155,0.13,1.056,-17.11,101,49,-0.3662,-3.868,-40.72,357,155,-0.0153,-0.134,-35.19,102,49,0.1471,0.772,-12.82,-0.0421,-0.0359,,,,,,,,-8.5,-32.2,1.2,10.0,,-0.0494,,0.1558,,-0.3662,,0.1471,False,True,False,True,False,2,False,True,False,False
short,UK100,S7,2,0.234,"{""entry_tf"": 1, ""vwap"": true, ""time_stop"": 999, ""legs"": true, ""leg_max"": 6, ""legs_mgmt"": ""fixed"", ""leg_window"": 60, ""ma"": 100, ""dyn"": true, ""entry_mode"": ""pb"", ""pb_frac"": 0.5, ""pb_wait"": 15, ""gap"": ""off"", ""body_min"": 0, ""volf"": ""off"", ""dow"": ""mon"", ""big_thr"": 20, ""big_sl"": 30, ""big_tp"": 0, ""std_sl"": 25, ""std_tp"": 60, ""leg_gap"": 20, ""leg_sl"": 45, ""leg_tp"": 115, ""gap_min"": 50, ""be_at"": 0.5, ""partial"": 0, ""trail"": 0}",367,151,0.0679,0.329,-30.36,92,37,0.1795,0.675,-13.02,459,188,0.0902,0.52,-39.65,23,12,0.0097,0.044,-4.6,201,66,-0.1699,-3.457,-40.11,357,140,-0.0861,-0.909,-42.6,102,48,0.7074,1.006,-11.12,358,141,0.1904,0.861,-27.35,101,47,-0.2647,-3.389,-26.74,357,151,0.1421,0.661,-30.89,102,37,-0.0913,-0.438,-18.99,-0.1699,-0.0113,,,,,,,,-34.1,-56.8,68.4,-18.5,,0.1795,,0.7074,,-0.2647,,-0.0913,True,True,False,False,False,2,False,True,False,False
short,UK100,S8,2,0.076,"{""entry_tf"": 1, ""vwap"": true, ""time_stop"": 180, ""legs"": true, ""leg_max"": 6, ""legs_mgmt"": ""fixed"", ""leg_window"": 60, ""ma"": 0, ""dyn"": true, ""entry_mode"": ""pb"", ""pb_frac"": 0.3, ""pb_wait"": 15, ""gap"": ""with"", ""body_min"": 0, ""volf"": ""off"", ""dow"": ""fri"", ""big_thr"": 10, ""big_sl"": 50, ""big_tp"": 115, ""std_sl"": 15, ""std_tp"": 0, ""leg_gap"": 15, ""leg_sl"": 35, ""leg_tp"": 115, ""gap_min"": 20, ""be_at"": 2.0, ""partial"": 2.0, ""trail"": 0}",367,102,-0.003,-0.074,-18.38,92,25,-0.0071,-0.09,-11.77,459,127,-0.0038,-0.106,-17.43,23,7,0.2953,1.605,-1.13,201,50,-0.0267,-0.506,-13.02,357,105,-0.0177,-0.425,-13.67,102,22,0.0448,0.609,-5.36,358,95,0.0246,0.597,-8.64,101,32,-0.1046,-1.362,-12.46,357,97,-0.0404,-1.038,-20.94,102,30,0.1242,1.386,-6.12,-0.0267,-0.0413,,,,,,,,-5.4,-24.8,-7.8,13.1,,-0.0071,,0.0448,,-0.1046,,0.1242,False,True,False,True,False,2,False,True,False,False
short,UK100,S9,3,0.718,"{""entry_tf"": 1, ""vwap"": false, ""time_stop"": 60, ""legs"": false, ""leg_max"": 6, ""legs_mgmt"": ""fixed"", ""leg_window"": 120, ""ma"": 0, ""dyn"": false, ""entry_mode"": ""close"", ""pb_frac"": 0.5, ""pb_wait"": 30, ""gap"": ""against"", ""body_min"": 0.3, ""volf"": ""off"", ""dow"": ""none"", ""big_thr"": 15, ""big_sl"": 40, ""big_tp"": 200, ""std_sl"": 25, ""std_tp"": 42, ""leg_gap"": 10, ""leg_sl"": 45, ""leg_tp"": 115, ""gap_min"": 50, ""be_at"": 1.0, ""partial"": 0, ""trail"": 3.0}",367,108,-0.0178,-0.349,-24.08,92,26,0.2019,1.536,-3.07,459,134,0.0262,0.537,-23.39,23,7,0.0544,0.246,-3.5,201,55,-0.1421,-2.749,-29.5,357,103,0.0227,0.418,-13.62,102,31,0.0384,0.352,-11.41,358,109,0.0366,0.63,-22.6,101,25,-0.0105,-0.127,-6.79,357,97,0.0807,1.4,-14.67,102,37,-0.1644,-1.952,-20.05,-0.1421,-0.0118,,,,,,,,-28.6,-13.0,-12.2,18.9,,0.2019,,0.0384,,-0.0105,,-0.1644,True,True,False,False,False,2,False,True,False,False
short,UK100,S10,3,0.423,"{""entry_tf"": 1, ""vwap"": true, ""time_stop"": 90, ""legs"": true, ""leg_max"": 1, ""legs_mgmt"": ""same"", ""leg_window"": 60, ""ma"": 0, ""dyn"": false, ""entry_mode"": ""close"", ""pb_frac"": 0.7, ""pb_wait"": 30, ""gap"": ""against"", ""body_min"": 0, ""volf"": ""off"", ""dow"": ""none"", ""big_thr"": 10, ""big_sl"": 50, ""big_tp"": 130, ""std_sl"": 15, ""std_tp"": 42, ""leg_gap"": 10, ""leg_sl"": 25, ""leg_tp"": 0, ""gap_min"": 50, ""be_at"": 0, ""partial"": 0, ""trail"": 1.5}",367,133,-0.0041,-0.088,-17.19,92,38,0.077,0.744,-4.56,459,171,0.0121,0.282,-16.2,23,12,-0.0726,-0.387,-4.23,201,64,-0.1431,-2.912,-28.76,357,133,0.0057,0.123,-11.86,102,38,0.0347,0.326,-7.68,358,139,0.0156,0.313,-17.15,101,32,-0.0003,-0.004,-6.16,357,128,0.0523,1.022,-11.15,102,43,-0.1285,-1.812,-20.99,-0.1431,-0.0397,,,,,,,,-28.8,-23.5,-7.2,3.8,,0.077,,0.0347,,-0.0003,,-0.1285,True,True,False,False,False,2,False,False,False,False
short,UK100,S11,3,0.177,"{""entry_tf"": 1, ""vwap"": true, ""time_stop"": 60, ""legs"": true, ""leg_max"": 6, ""legs_mgmt"": ""fixed"", ""leg_window"": 60, ""ma"": 0, ""dyn"": true, ""entry_mode"": ""close"", ""pb_frac"": 0.5, ""pb_wait"": 15, ""gap"": ""against"", ""body_min"": 0, ""volf"": ""off"", ""dow"": ""fri"", ""big_thr"": 15, ""big_sl"": 50, ""big_tp"": 200, ""std_sl"": 15, ""std_tp"": 0, ""leg_gap"": 15, ""leg_sl"": 45, ""leg_tp"": 60, ""gap_min"": 20, ""be_at"": 0, ""partial"": 0, ""trail"": 1.0}",367,123,-0.0295,-0.772,-22.9,92,40,0.1212,1.145,-4.19,459,163,0.0007,0.019,-15.08,23,10,-0.1216,-1.009,-4.28,201,62,-0.1451,-3.577,-29.87,357,123,0.0239,0.57,-9.31,102,40,-0.0804,-0.993,-16.81,358,132,-0.014,-0.326,-17.48,101,31,0.0528,0.699,-3.66,357,126,0.0243,0.551,-8.43,102,37,-0.0819,-1.266,-13.76,-0.1451,-0.0298,,,,,,,,-29.2,-18.2,-8.5,5.0,,0.1212,,-0.0804,,0.0528,,-0.0819,True,False,True,False,False,2,False,False,False,False
short,UK100,S12,3,0.162,"{""entry_tf"": 1, ""vwap"": true, ""time_stop"": 999, ""legs"": false, ""leg_max"": 2, ""legs_mgmt"": ""fixed"", ""leg_window"": 30, ""ma"": 100, ""dyn"": true, ""entry_mode"": ""close"", ""pb_frac"": 0.5, ""pb_wait"": 15, ""gap"": ""against"", ""body_min"": 0, ""volf"": ""off"", ""dow"": ""fri"", ""big_thr"": 20, ""big_sl"": 40, ""big_tp"": 200, ""std_sl"": 35, ""std_tp"": 60, ""leg_gap"": 15, ""leg_sl"": 35, ""leg_tp"": 90, ""gap_min"": 0, ""be_at"": 2.0, ""partial"": 0, ""trail"": 1.0}",367,102,-0.0276,-0.766,-12.17,92,25,0.1552,1.949,-2.73,459,127,0.009,0.273,-11.94,23,9,-0.0102,-0.078,-2.12,201,51,-0.1008,-2.369,-20.39,357,94,0.031,0.817,-8.95,102,33,-0.068,-1.013,-10.32,358,101,-0.0165,-0.461,-12.51,101,26,0.0997,1.243,-2.86,357,97,0.0477,1.199,-8.53,102,30,-0.1262,-2.46,-12.85,-0.1008,-0.017,,,,,,,,-20.3,-20.2,11.5,-2.3,,0.1552,,-0.068,,0.0997,,-0.1262,True,False,True,False,False,2,False,False,False,False
short,UK100,S13,3,0.147,"{""entry_tf"": 1, ""vwap"": true, ""time_stop"": 90, ""legs"": true, ""leg_max"": 1, ""legs_mgmt"": ""fixed"", ""leg_window"": 120, ""ma"": 100, ""dyn"": false, ""entry_mode"": ""close"", ""pb_frac"": 0.3, ""pb_wait"": 30, ""gap"": ""against"", ""body_min"": 0, ""volf"": ""off"", ""dow"": ""fri"", ""big_thr"": 10, ""big_sl"": 50, ""big_tp"": 130, ""std_sl"": 30, ""std_tp"": 50, ""leg_gap"": 10, ""leg_sl"": 25, ""leg_tp"": 60, ""gap_min"": 0, ""be_at"": 0.5, ""partial"": 0, ""trail"": 1.0}",367,115,-0.0298,-0.839,-19.38,92,32,0.1013,1.132,-2.6,459,147,-0.0035,-0.104,-13.0,23,10,-0.0866,-0.622,-2.99,201,56,-0.1331,-3.377,-26.76,357,110,0.0096,0.267,-8.29,102,37,-0.0492,-0.586,-15.93,358,116,-0.0168,-0.431,-17.63,101,31,0.0437,0.668,-4.66,357,114,0.0251,0.606,-8.47,102,33,-0.1034,-2.394,-11.02,-0.1331,-0.0179,,,,,,,,-26.8,-11.4,-2.5,0.4,,0.1013,,-0.0492,,0.0437,,-0.1034,True,False,True,False,False,2,False,False,False,False
short,UK100,S14,3,0.142,"{""entry_tf"": 1, ""vwap"": false, ""time_stop"": 999, ""legs"": true, ""leg_max"": 4, ""legs_mgmt"": ""fixed"", ""leg_window"": 60, ""ma"": 0, ""dyn"": false, ""entry_mode"": ""close"", ""pb_frac"": 0.7, ""pb_wait"": 30, ""gap"": ""against"", ""body_min"": 0.5, ""volf"": ""off"", ""dow"": ""none"", ""big_thr"": 15, ""big_sl"": 40, ""big_tp"": 115, ""std_sl"": 25, ""std_tp"": 80, ""leg_gap"": 10, ""leg_sl"": 25, ""leg_tp"": 60, ""gap_min"": 0, ""be_at"": 2.0, ""partial"": 2.0, ""trail"": 1.5}",367,127,-0.0144,-0.294,-20.57,92,31,0.0278,0.353,-4.02,459,158,-0.006,-0.141,-20.86,23,9,-0.089,-0.883,-3.41,201,65,-0.1868,-3.601,-39.03,357,118,-0.0266,-0.627,-21.55,102,40,0.0662,0.554,-9.69,358,123,-0.0118,-0.242,-21.19,101,35,0.0148,0.177,-5.78,357,121,0.0294,0.567,-14.59,102,37,-0.1297,-2.314,-15.29,-0.1868,-0.0314,,,,,,,,-37.6,-11.3,-13.5,2.8,,0.0278,,0.0662,,0.0148,,-0.1297,True,True,True,False,False,3,False,False,False,False
short,UK100,S15,3,0.083,"{""entry_tf"": 1, ""vwap"": true, ""time_stop"": 180, ""legs"": true, ""leg_max"": 4, ""legs_mgmt"": ""fixed"", ""leg_window"": 60, ""ma"": 0, ""dyn"": false, ""entry_mode"": ""close"", ""pb_frac"": 0.3, ""pb_wait"": 15, ""gap"": ""against"", ""body_min"": 0, ""volf"": ""skip_high"", ""dow"": ""fri"", ""big_thr"": 15, ""big_sl"": 30, ""big_tp"": 0, ""std_sl"": 15, ""std_tp"": 0, ""leg_gap"": 20, ""leg_sl"": 45, ""leg_tp"": 90, ""gap_min"": 20, ""be_at"": 1.5, ""partial"": 3.0, ""trail"": 1.0}",367,96,-0.0414,-1.122,-17.12,92,28,0.109,1.294,-3.57,459,124,-0.0112,-0.33,-14.32,23,9,-0.2626,-2.645,-6.04,201,54,-0.1741,-4.177,-34.99,357,95,0.0158,0.399,-10.11,102,29,-0.106,-1.645,-15.01,358,99,-0.0326,-0.89,-15.24,101,25,0.0644,0.763,-3.34,357,94,0.0252,0.615,-9.81,102,30,-0.1388,-2.663,-14.85,-0.1741,-0.0292,,,,,,,,-35.0,-17.4,5.2,-12.5,,0.109,,-0.106,,0.0644,,-0.1388,True,False,True,False,False,2,False,False,False,False
short,UK100,S16,3,0.026,"{""entry_tf"": 1, ""vwap"": true, ""time_stop"": 60, ""legs"": true, ""leg_max"": 1, ""legs_mgmt"": ""fixed"", ""leg_window"": 60, ""ma"": 0, ""dyn"": false, ""entry_mode"": ""close"", ""pb_frac"": 0.5, ""pb_wait"": 15, ""gap"": ""against"", ""body_min"": 0, ""volf"": ""off"", ""dow"": ""none"", ""big_thr"": 25, ""big_sl"": 30, ""big_tp"": 130, ""std_sl"": 20, ""std_tp"": 0, ""leg_gap"": 10, ""leg_sl"": 25, ""leg_tp"": 115, ""gap_min"": 0, ""be_at"": 0, ""partial"": 0, ""trail"": 1.0}",367,172,-0.0234,-0.386,-19.75,92,51,0.0929,0.738,-7.02,459,223,-0.0001,-0.002,-15.78,23,15,-0.258,-1.93,-5.95,201,96,-0.2269,-3.579,-45.6,357,169,-0.0073,-0.134,-18.32,102,54,0.0253,0.163,-18.97,358,177,0.0105,0.166,-18.55,101,46,-0.0377,-0.357,-12.26,357,173,0.0331,0.5,-11.78,102,50,-0.1161,-1.418,-18.87,-0.2269,-0.0409,,,,,,,,-45.6,-27.1,-2.9,-1.9,,0.0929,,0.0253,,-0.0377,,-0.1161,True,True,False,False,False,2,False,False,False,False
short,UK100,LIVE_COMP,,,"{""entry_tf"": 1, ""vwap"": true, ""time_stop"": 120, ""legs"": true, ""leg_max"": 6, ""legs_mgmt"": ""fixed"", ""leg_window"": 120, ""ma"": 0, ""dyn"": false, ""big_thr"": 15, ""big_sl"": 35, ""big_tp"": 115, ""std_sl"": 25, ""std_tp"": 42, ""leg_gap"": 15, ""leg_sl"": 35, ""leg_tp"": 115, ""be_at"": 0, ""partial"": 0, ""trail"": 0, ""entry_mode"": ""close"", ""pb_frac"": 0.5, ""pb_wait"": 15, ""gap"": ""off"", ""gap_min"": 0, ""body_min"": 0, ""volf"": ""off"", ""dow"": ""none""}",367,333,-0.2742,-2.939,-104.49,92,95,-0.2076,-1.156,-36.66,459,428,-0.2608,-3.149,-128.3,23,26,0.0374,0.086,-10.71,201,173,-0.2427,-1.912,-63.1,357,332,-0.2949,-3.401,-118.82,102,96,-0.1415,-0.656,-33.73,358,333,-0.2541,-2.685,-96.12,101,95,-0.2846,-1.669,-37.62,357,338,-0.2447,-2.55,-95.95,102,90,-0.3172,-1.967,-39.21,-0.2427,-0.3099,,,,,,,,-48.8,-83.5,-68.6,-44.1,,-0.2076,,-0.1415,,-0.2846,,-0.3172,False,False,False,False,False,0,False,True,False,False
short,UK100,LIVE_COMP+MA100,,,"{""entry_tf"": 1, ""vwap"": true, ""time_stop"": 120, ""legs"": true, ""leg_max"": 6, ""legs_mgmt"": ""fixed"", ""leg_window"": 120, ""ma"": 100, ""dyn"": false, ""big_thr"": 15, ""big_sl"": 35, ""big_tp"": 115, ""std_sl"": 25, ""std_tp"": 42, ""leg_gap"": 15, ""leg_sl"": 35, ""leg_tp"": 115, ""be_at"": 0, ""partial"": 0, ""trail"": 0, ""entry_mode"": ""close"", ""pb_frac"": 0.5, ""pb_wait"": 15, ""gap"": ""off"", ""gap_min"": 0, ""body_min"": 0, ""volf"": ""off"", ""dow"": ""none""}",367,281,-0.2205,-2.554,-86.49,92,75,-0.2575,-1.668,-30.12,459,356,-0.2279,-3.013,-111.04,23,26,0.0374,0.086,-10.71,201,125,-0.1617,-1.473,-45.53,357,272,-0.2838,-3.714,-108.6,102,84,-0.0323,-0.154,-25.16,358,275,-0.2143,-2.462,-79.72,101,81,-0.2761,-1.822,-35.48,357,283,-0.2036,-2.314,-78.69,102,73,-0.313,-2.161,-38.78,-0.1617,-0.2645,,,,,,,,-32.5,-65.1,-60.8,-41.5,,-0.2575,,-0.0323,,-0.2761,,-0.313,False,False,False,False,False,0,False,True,False,False
short,US30,S0,0,1.987,"{""entry_tf"": 5, ""vwap"": false, ""time_stop"": 240, ""legs"": false, ""leg_max"": 2, ""legs_mgmt"": ""same"", ""leg_window"": 120, ""ma"": 0, ""dyn"": false, ""entry_mode"": ""close"", ""pb_frac"": 0.5, ""pb_wait"": 15, ""gap"": ""with"", ""body_min"": 0, ""volf"": ""off"", ""dow"": ""mon"", ""big_thr"": 25, ""big_sl"": 30, ""big_tp"": 200, ""std_sl"": 30, ""std_tp"": 50, ""leg_gap"": 15, ""leg_sl"": 25, ""leg_tp"": 0, ""gap_min"": 50, ""be_at"": 0, ""partial"": 1.5, ""trail"": 1.5}",351,92,0.088,2.604,-5.35,90,29,-0.1419,-2.5,-12.91,441,121,0.0411,1.388,-7.82,38,8,-0.0109,-0.136,-2.99,1542,290,-0.0051,-0.38,-28.82,346,93,0.0238,0.774,-4.99,95,28,0.1043,1.31,-4.38,342,92,0.0294,0.854,-7.99,99,29,0.0817,1.429,-5.11,341,92,0.0245,0.727,-7.53,100,29,0.0976,1.592,-4.13,0.0003,0.0312,6.4,2.3,-9.2,-3.5,-11.4,2.6,16.7,-3.5,5.3,11.1,2.4,,-0.1419,,0.1043,,0.0817,,0.0976,False,True,True,True,False,3,False,False,False,False
short,US30,S1,0,1.909,"{""entry_tf"": 1, ""vwap"": false, ""time_stop"": 999, ""legs"": false, ""leg_max"": 1, ""legs_mgmt"": ""fixed"", ""leg_window"": 120, ""ma"": 0, ""dyn"": false, ""entry_mode"": ""close"", ""pb_frac"": 0.7, ""pb_wait"": 15, ""gap"": ""with"", ""body_min"": 0, ""volf"": ""off"", ""dow"": ""none"", ""big_thr"": 20, ""big_sl"": 50, ""big_tp"": 100, ""std_sl"": 20, ""std_tp"": 42, ""leg_gap"": 15, ""leg_sl"": 25, ""leg_tp"": 115, ""gap_min"": 50, ""be_at"": 0, ""partial"": 2.0, ""trail"": 1.0}",351,103,0.0782,2.385,-3.87,90,29,0.025,0.478,-2.38,441,132,0.0674,2.387,-5.47,38,16,-0.1477,-1.961,-7.57,1542,409,0.0052,0.384,-24.51,346,97,0.0625,2.12,-4.45,95,35,0.0851,1.133,-5.01,342,102,0.0554,1.771,-5.35,99,30,0.1086,1.697,-2.69,341,104,0.0592,1.829,-7.07,100,28,0.0952,1.658,-2.05,0.0079,0.0635,7.8,2.1,-10.5,4.0,-10.5,1.1,9.3,9.9,8.9,23.4,1.3,,0.025,,0.0851,,0.1086,,0.0952,False,True,True,True,False,3,False,False,False,False
short,US30,S2,"0,1",2.005,"{""entry_tf"": 1, ""vwap"": true, ""time_stop"": 999, ""legs"": false, ""leg_max"": 1, ""legs_mgmt"": ""same"", ""leg_window"": 60, ""ma"": 100, ""dyn"": false, ""entry_mode"": ""close"", ""pb_frac"": 0.3, ""pb_wait"": 15, ""gap"": ""with"", ""body_min"": 0, ""volf"": ""off"", ""dow"": ""none"", ""big_thr"": 25, ""big_sl"": 50, ""big_tp"": 115, ""std_sl"": 20, ""std_tp"": 0, ""leg_gap"": 15, ""leg_sl"": 25, ""leg_tp"": 90, ""gap_min"": 0, ""be_at"": 0, ""partial"": 3.0, ""trail"": 1.0}",351,118,0.0879,2.411,-6.05,90,26,0.0341,0.648,-3.5,441,144,0.0769,2.485,-5.4,38,15,-0.1626,-2.567,-7.44,1542,423,-0.0173,-1.266,-33.17,346,111,0.0804,2.344,-3.8,95,33,0.0641,0.904,-5.66,342,109,0.0776,2.242,-3.36,99,35,0.0743,1.085,-3.33,341,107,0.0403,1.226,-8.12,100,37,0.2016,2.638,-1.74,-0.0177,0.0686,-2.8,-14.2,-8.9,-1.1,-1.1,7.0,-4.0,-4.6,13.8,22.5,-0.1,,0.0341,,0.0641,,0.0743,,0.2016,False,True,True,True,False,3,False,False,False,False
short,US30,S3,0,1.89,"{""entry_tf"": 1, ""vwap"": true, ""time_stop"": 60, ""legs"": false, ""leg_max"": 1, ""legs_mgmt"": ""fixed"", ""leg_window"": 120, ""ma"": 0, ""dyn"": false, ""entry_mode"": ""close"", ""pb_frac"": 0.3, ""pb_wait"": 5, ""gap"": ""with"", ""body_min"": 0, ""volf"": ""skip_low"", ""dow"": ""none"", ""big_thr"": 15, ""big_sl"": 40, ""big_tp"": 115, ""std_sl"": 20, ""std_tp"": 0, ""leg_gap"": 15, ""leg_sl"": 35, ""leg_tp"": 140, ""gap_min"": 20, ""be_at"": 0.5, ""partial"": 2.0, ""trail"": 1.5}",351,101,0.081,2.302,-5.99,90,26,-0.0127,-0.279,-3.98,441,127,0.0619,2.094,-5.84,38,11,-0.0218,-0.374,-2.47,1542,399,0.0042,0.298,-17.2,346,93,0.0568,1.83,-3.38,95,34,0.0804,1.034,-6.21,342,100,0.0499,1.516,-5.1,99,27,0.1032,1.562,-2.09,341,96,0.0425,1.324,-7.27,100,31,0.1278,1.821,-3.28,0.0065,0.0752,0.6,1.6,-10.8,4.6,7.8,8.0,-5.7,4.8,20.3,23.2,2.0,,-0.0127,,0.0804,,0.1032,,0.1278,False,True,True,True,False,3,False,False,False,False
short,US30,S4,0,1.883,"{""entry_tf"": 1, ""vwap"": true, ""time_stop"": 999, ""legs"": true, ""leg_max"": 4, ""legs_mgmt"": ""same"", ""leg_window"": 30, ""ma"": 0, ""dyn"": false, ""entry_mode"": ""close"", ""pb_frac"": 0.7, ""pb_wait"": 15, ""gap"": ""with"", ""body_min"": 0, ""volf"": ""off"", ""dow"": ""none"", ""big_thr"": 20, ""big_sl"": 35, ""big_tp"": 200, ""std_sl"": 35, ""std_tp"": 42, ""leg_gap"": 25, ""leg_sl"": 35, ""leg_tp"": 60, ""gap_min"": 0, ""be_at"": 0, ""partial"": 1.5, ""trail"": 1.5}",351,158,0.1116,2.154,-12.08,90,37,0.0134,0.172,-7.55,441,195,0.0915,2.069,-12.46,38,15,-0.2402,-2.934,-10.71,1542,626,-0.006,-0.308,-21.68,346,145,0.0815,1.775,-7.12,95,50,0.1282,1.076,-7.63,342,150,0.101,1.954,-7.37,99,45,0.0588,0.707,-5.64,341,150,0.0586,1.207,-14.43,100,45,0.2039,1.988,-3.16,-0.0074,0.0863,-11.6,1.3,-9.9,10.5,-6.2,4.7,-2.0,0.8,16.3,33.8,-6.0,,0.0134,,0.1282,,0.0588,,0.2039,False,True,True,True,False,3,False,False,False,False
short,US30,S5,0,1.808,"{""entry_tf"": 1, ""vwap"": true, ""time_stop"": 999, ""legs"": true, ""leg_max"": 2, ""legs_mgmt"": ""same"", ""leg_window"": 120, ""ma"": 0, ""dyn"": false, ""entry_mode"": ""close"", ""pb_frac"": 0.7, ""pb_wait"": 5, ""gap"": ""with"", ""body_min"": 0.3, ""volf"": ""skip_low"", ""dow"": ""none"", ""big_thr"": 15, ""big_sl"": 25, ""big_tp"": 100, ""std_sl"": 25, ""std_tp"": 42, ""leg_gap"": 15, ""leg_sl"": 35, ""leg_tp"": 115, ""gap_min"": 20, ""be_at"": 1.5, ""partial"": 1.5, ""trail"": 0}",351,95,0.1223,2.406,-10.42,90,26,-0.0317,-0.521,-7.05,441,121,0.0908,2.142,-12.43,38,8,-0.1341,-1.905,-5.1,1542,347,-0.0017,-0.096,-35.43,346,92,0.0854,1.819,-6.95,95,29,0.1107,1.134,-5.48,342,95,0.082,1.696,-7.05,99,26,0.1216,1.375,-5.37,341,88,0.0408,0.974,-14.32,100,33,0.2616,2.192,-2.15,-0.0029,0.089,-6.9,0.7,0.5,2.3,4.4,2.2,-19.8,11.6,14.6,31.4,3.9,,-0.0317,,0.1107,,0.1216,,0.2616,False,True,True,True,False,3,False,False,False,False
short,US30,S6,0,1.79,"{""entry_tf"": 5, ""vwap"": false, ""time_stop"": 240, ""legs"": false, ""leg_max"": 6, ""legs_mgmt"": ""same"", ""leg_window"": 60, ""ma"": 0, ""dyn"": false, ""entry_mode"": ""close"", ""pb_frac"": 0.5, ""pb_wait"": 15, ""gap"": ""with"", ""body_min"": 0, ""volf"": ""off"", ""dow"": ""none"", ""big_thr"": 25, ""big_sl"": 30, ""big_tp"": 115, ""std_sl"": 25, ""std_tp"": 0, ""leg_gap"": 25, ""leg_sl"": 45, ""leg_tp"": 0, ""gap_min"": 0, ""be_at"": 1.0, ""partial"": 2.0, ""trail"": 0}",351,181,0.125,2.074,-9.85,90,46,-0.2027,-2.22,-18.43,441,227,0.0581,1.121,-11.36,38,11,-0.1233,-1.66,-4.5,1542,731,-0.0124,-0.517,-43.32,346,176,0.0366,0.644,-10.8,95,51,0.1364,1.114,-4.63,342,170,0.0438,0.776,-9.8,99,57,0.1077,0.869,-10.34,341,173,0.0177,0.306,-11.87,100,54,0.196,1.696,-5.58,-0.013,0.0187,-20.0,1.2,4.2,0.7,2.3,27.2,-8.2,-29.2,-10.5,18.5,-1.2,,-0.2027,,0.1364,,0.1077,,0.196,False,True,True,True,False,3,False,False,False,False
short,US30,S7,"0,1",1.945,"{""entry_tf"": 1, ""vwap"": false, ""time_stop"": 240, ""legs"": true, ""leg_max"": 4, ""legs_mgmt"": ""same"", ""leg_window"": 30, ""ma"": 0, ""dyn"": true, ""entry_mode"": ""close"", ""pb_frac"": 0.7, ""pb_wait"": 5, ""gap"": ""with"", ""body_min"": 0, ""volf"": ""off"", ""dow"": ""none"", ""big_thr"": 25, ""big_sl"": 40, ""big_tp"": 60, ""std_sl"": 20, ""std_tp"": 0, ""leg_gap"": 10, ""leg_sl"": 35, ""leg_tp"": 90, ""gap_min"": 50, ""be_at"": 0.5, ""partial"": 1.0, ""trail"": 1.5}",351,133,0.0706,2.132,-3.75,90,35,-0.0016,-0.031,-2.89,441,168,0.0558,1.96,-4.84,38,15,-0.0824,-1.127,-4.59,1542,640,-0.0211,-1.313,-66.1,346,121,0.0679,2.074,-3.89,95,47,0.012,0.21,-3.4,342,132,0.0396,1.268,-6.04,99,36,0.1119,1.682,-3.12,341,129,0.0345,1.157,-5.52,100,39,0.1286,1.752,-2.41,-0.0275,0.0562,-10.2,-36.1,-16.5,1.4,-3.5,-0.1,0.8,18.1,11.5,16.5,3.6,,-0.0016,,0.012,,0.1119,,0.1286,False,False,True,True,False,2,False,False,False,False
short,US30,S8,0,1.764,"{""entry_tf"": 5, ""vwap"": false, ""time_stop"": 180, ""legs"": false, ""leg_max"": 2, ""legs_mgmt"": ""same"", ""leg_window"": 30, ""ma"": 0, ""dyn"": true, ""entry_mode"": ""close"", ""pb_frac"": 0.3, ""pb_wait"": 5, ""gap"": ""with"", ""body_min"": 0, ""volf"": ""off"", ""dow"": ""none"", ""big_thr"": 10, ""big_sl"": 30, ""big_tp"": 60, ""std_sl"": 25, ""std_tp"": 30, ""leg_gap"": 15, ""leg_sl"": 45, ""leg_tp"": 140, ""gap_min"": 50, ""be_at"": 1.0, ""partial"": 1.0, ""trail"": 1.5}",351,119,0.0745,2.368,-6.12,90,35,-0.1264,-1.876,-10.91,441,154,0.0335,1.162,-6.42,38,11,-0.0184,-0.206,-3.08,1542,548,-0.0173,-1.094,-38.47,346,118,0.0339,1.045,-6.86,95,36,0.0319,0.511,-3.68,342,117,0.0211,0.661,-5.03,99,37,0.0764,1.161,-4.76,341,118,0.0159,0.484,-5.03,100,36,0.0935,1.564,-3.86,-0.0086,0.0213,10.6,-7.1,-13.7,3.5,-7.3,7.7,-0.0,-8.1,-0.5,7.1,5.8,,-0.1264,,0.0319,,0.0764,,0.0935,False,True,True,True,False,3,False,False,False,False
short,US30,S9,0,1.76,"{""entry_tf"": 1, ""vwap"": true, ""time_stop"": 60, ""legs"": true, ""leg_max"": 2, ""legs_mgmt"": ""same"", ""leg_window"": 120, ""ma"": 100, ""dyn"": false, ""entry_mode"": ""close"", ""pb_frac"": 0.5, ""pb_wait"": 5, ""gap"": ""with"", ""body_min"": 0, ""volf"": ""off"", ""dow"": ""none"", ""big_thr"": 15, ""big_sl"": 35, ""big_tp"": 115, ""std_sl"": 20, ""std_tp"": 42, ""leg_gap"": 20, ""leg_sl"": 35, ""leg_tp"": 0, ""gap_min"": 20, ""be_at"": 2.0, ""partial"": 0, ""trail"": 1.5}",351,114,0.0963,1.825,-9.14,90,28,-0.0357,-0.541,-6.18,441,142,0.0693,1.57,-9.61,38,15,-0.2364,-2.812,-10.71,1542,324,0.0008,0.051,-18.14,346,104,0.0619,1.413,-4.43,95,38,0.0966,0.749,-7.19,342,112,0.081,1.513,-6.86,99,30,0.0289,0.432,-4.63,341,105,0.0234,0.508,-12.57,100,37,0.2259,1.985,-2.23,-0.0002,0.077,-0.2,-0.6,6.2,-0.2,-7.3,7.1,-3.9,-1.6,17.6,27.9,-6.9,,-0.0357,,0.0966,,0.0289,,0.2259,False,True,False,True,False,2,False,False,False,False
short,US30,S10,0,1.754,"{""entry_tf"": 1, ""vwap"": true, ""time_stop"": 60, ""legs"": false, ""leg_max"": 1, ""legs_mgmt"": ""fixed"", ""leg_window"": 120, ""ma"": 0, ""dyn"": false, ""entry_mode"": ""close"", ""pb_frac"": 0.5, ""pb_wait"": 5, ""gap"": ""with"", ""body_min"": 0, ""volf"": ""skip_low"", ""dow"": ""none"", ""big_thr"": 10, ""big_sl"": 25, ""big_tp"": 80, ""std_sl"": 35, ""std_tp"": 60, ""leg_gap"": 10, ""leg_sl"": 25, ""leg_tp"": 0, ""gap_min"": 0, ""be_at"": 2.0, ""partial"": 1.0, ""trail"": 2.0}",351,116,0.0713,1.844,-10.04,90,28,0.0215,0.365,-4.59,441,144,0.0611,1.849,-9.1,38,11,-0.0357,-0.342,-4.57,1542,497,-0.0205,-1.323,-37.44,346,109,0.0401,1.117,-7.64,95,35,0.1377,1.728,-4.75,342,109,0.0624,1.704,-6.47,99,35,0.0567,0.753,-4.36,341,109,0.0419,1.146,-11.11,100,35,0.1265,1.69,-3.85,-0.018,0.0656,-4.5,-5.3,-12.9,0.3,-1.8,3.1,-11.5,2.3,15.7,21.7,1.7,,0.0215,,0.1377,,0.0567,,0.1265,False,True,True,True,False,3,False,False,False,False
short,US30,S11,0,1.743,"{""entry_tf"": 1, ""vwap"": false, ""time_stop"": 999, ""legs"": false, ""leg_max"": 1, ""legs_mgmt"": ""same"", ""leg_window"": 30, ""ma"": 0, ""dyn"": false, ""entry_mode"": ""close"", ""pb_frac"": 0.5, ""pb_wait"": 30, ""gap"": ""with"", ""body_min"": 0, ""volf"": ""skip_low"", ""dow"": ""none"", ""big_thr"": 10, ""big_sl"": 50, ""big_tp"": 200, ""std_sl"": 30, ""std_tp"": 0, ""leg_gap"": 20, ""leg_sl"": 25, ""leg_tp"": 140, ""gap_min"": 20, ""be_at"": 1.5, ""partial"": 3.0, ""trail"": 1.5}",351,115,0.0815,1.797,-11.1,90,30,-0.0528,-0.79,-4.57,441,145,0.0541,1.399,-13.59,38,13,-0.2239,-3.108,-9.27,1542,489,-0.0119,-0.666,-29.16,346,102,0.0529,1.295,-8.02,95,43,0.0584,0.582,-8.23,342,116,0.0477,1.093,-11.95,99,29,0.076,0.917,-3.19,341,112,0.0204,0.472,-16.79,100,33,0.169,1.992,-2.81,-0.0138,0.0314,-14.2,4.2,-23.1,5.4,-0.7,11.7,-8.7,2.3,-3.5,25.9,-11.5,,-0.0528,,0.0584,,0.076,,0.169,False,True,True,True,False,3,False,False,False,False
short,US30,S12,0,1.737,"{""entry_tf"": 5, ""vwap"": false, ""time_stop"": 60, ""legs"": false, ""leg_max"": 6, ""legs_mgmt"": ""fixed"", ""leg_window"": 30, ""ma"": 0, ""dyn"": false, ""entry_mode"": ""close"", ""pb_frac"": 0.7, ""pb_wait"": 30, ""gap"": ""off"", ""body_min"": 0, ""volf"": ""off"", ""dow"": ""none"", ""big_thr"": 25, ""big_sl"": 35, ""big_tp"": 60, ""std_sl"": 15, ""std_tp"": 30, ""leg_gap"": 10, ""leg_sl"": 45, ""leg_tp"": 0, ""gap_min"": 20, ""be_at"": 1.0, ""partial"": 1.0, ""trail"": 1.0}",351,351,0.0988,1.993,-14.82,90,90,-0.0311,-0.336,-9.07,441,441,0.0723,1.65,-11.79,38,38,-0.2228,-1.844,-9.13,1542,1541,-0.0808,-3.612,-129.77,346,346,0.0615,1.26,-11.63,95,95,0.1116,1.131,-6.83,342,342,0.0749,1.523,-6.65,99,99,0.0636,0.659,-12.23,341,341,0.0863,1.699,-12.76,100,100,0.0246,0.288,-7.87,-0.0791,0.0596,-18.2,-19.7,-24.3,1.9,-4.8,-13.2,-22.4,-32.2,2.5,15.5,10.4,,-0.0311,,0.1116,,0.0636,,0.0246,False,True,True,False,False,2,False,False,False,False
short,US30,S13,0,1.731,"{""entry_tf"": 5, ""vwap"": true, ""time_stop"": 999, ""legs"": false, ""leg_max"": 4, ""legs_mgmt"": ""fixed"", ""leg_window"": 120, ""ma"": 0, ""dyn"": true, ""entry_mode"": ""close"", ""pb_frac"": 0.5, ""pb_wait"": 15, ""gap"": ""off"", ""body_min"": 0, ""volf"": ""off"", ""dow"": ""fri"", ""big_thr"": 10, ""big_sl"": 25, ""big_tp"": 200, ""std_sl"": 35, ""std_tp"": 60, ""leg_gap"": 25, ""leg_sl"": 25, ""leg_tp"": 115, ""gap_min"": 100, ""be_at"": 1.5, ""partial"": 1.5, ""trail"": 3.0}",351,239,0.1395,1.991,-16.73,90,56,-0.0769,-0.606,-15.83,441,295,0.0953,1.547,-16.13,38,26,-0.2918,-2.139,-11.16,1542,1036,-0.0659,-2.106,-112.15,346,236,0.0712,1.032,-13.91,95,59,0.1832,1.342,-10.12,342,223,0.0917,1.346,-14.06,99,72,0.1076,0.763,-14.01,341,230,0.0978,1.387,-15.4,100,65,0.0869,0.685,-7.63,-0.058,0.0586,-3.8,-27.5,-29.4,2.8,-9.2,26.3,-39.4,-17.2,9.2,10.1,5.8,,-0.0769,,0.1832,,0.1076,,0.0869,False,True,True,True,False,3,False,False,False,False
short,US30,S14,0,1.682,"{""entry_tf"": 5, ""vwap"": false, ""time_stop"": 90, ""legs"": true, ""leg_max"": 4, ""legs_mgmt"": ""fixed"", ""leg_window"": 60, ""ma"": 0, ""dyn"": false, ""entry_mode"": ""close"", ""pb_frac"": 0.3, ""pb_wait"": 5, ""gap"": ""with"", ""body_min"": 0, ""volf"": ""off"", ""dow"": ""none"", ""big_thr"": 25, ""big_sl"": 30, ""big_tp"": 150, ""std_sl"": 20, ""std_tp"": 50, ""leg_gap"": 15, ""leg_sl"": 25, ""leg_tp"": 140, ""gap_min"": 50, ""be_at"": 2.0, ""partial"": 2.0, ""trail"": 1.5}",351,119,0.0837,2.071,-6.49,90,35,-0.1718,-2.587,-14.69,441,154,0.0316,0.896,-7.56,38,11,-0.0542,-0.562,-4.07,1542,395,-0.0035,-0.206,-28.61,346,118,0.0013,0.036,-8.2,95,36,0.1417,1.519,-3.82,342,117,0.0216,0.541,-7.56,99,37,0.0661,0.88,-4.73,341,119,0.0323,0.776,-8.41,100,35,0.0292,0.457,-4.81,-0.0042,0.0266,-3.8,3.7,-11.0,-0.7,-5.0,8.0,4.8,-3.0,5.2,9.1,0.1,,-0.1718,,0.1417,,0.0661,,0.0292,False,True,True,True,False,3,False,False,False,False
short,US30,S15,1,2.004,"{""entry_tf"": 1, ""vwap"": false, ""time_stop"": 240, ""legs"": false, ""leg_max"": 4, ""legs_mgmt"": ""fixed"", ""leg_window"": 60, ""ma"": 100, ""dyn"": false, ""entry_mode"": ""close"", ""pb_frac"": 0.3, ""pb_wait"": 5, ""gap"": ""off"", ""body_min"": 0.7, ""volf"": ""off"", ""dow"": ""none"", ""big_thr"": 15, ""big_sl"": 35, ""big_tp"": 80, ""std_sl"": 15, ""std_tp"": 0, ""leg_gap"": 25, ""leg_sl"": 45, ""leg_tp"": 140, ""gap_min"": 100, ""be_at"": 1.0, ""partial"": 1.0, ""trail"": 0}",351,102,0.0333,1.035,-6.8,90,21,0.0471,0.844,-4.21,441,123,0.0361,1.289,-9.84,38,12,-0.0657,-0.789,-4.98,1542,280,-0.0126,-0.996,-38.75,346,96,0.0641,2.019,-6.84,95,27,-0.0655,-1.115,-5.78,342,96,0.0333,1.029,-8.91,99,27,0.0461,0.823,-4.37,341,93,0.0238,0.76,-11.6,100,30,0.0783,1.257,-4.37,-0.0111,0.024,-2.2,-20.9,-2.7,0.0,6.2,-4.6,1.7,3.9,-3.8,19.4,-3.3,,0.0471,,-0.0655,,0.0461,,0.0783,True,False,True,True,False,3,False,False,False,False
short,US30,S16,1,1.999,"{""entry_tf"": 1, ""vwap"": true, ""time_stop"": 60, ""legs"": true, ""leg_max"": 2, ""legs_mgmt"": ""same"", ""leg_window"": 60, ""ma"": 100, ""dyn"": false, ""entry_mode"": ""close"", ""pb_frac"": 0.3, ""pb_wait"": 15, ""gap"": ""off"", ""body_min"": 0.5, ""volf"": ""skip_high"", ""dow"": ""none"", ""big_thr"": 20, ""big_sl"": 40, ""big_tp"": 115, ""std_sl"": 35, ""std_tp"": 0, ""leg_gap"": 10, ""leg_sl"": 25, ""leg_tp"": 0, ""gap_min"": 100, ""be_at"": 0, ""partial"": 0, ""trail"": 1.0}",351,158,0.0724,1.4,-9.03,90,34,0.0545,0.731,-2.65,441,192,0.0688,1.567,-8.21,38,24,-0.0867,-0.945,-6.29,1542,462,0.002,0.165,-21.58,346,160,0.1146,2.186,-6.36,95,32,-0.098,-1.429,-9.07,342,148,0.0744,1.413,-8.8,99,44,0.0494,0.689,-5.15,341,136,0.0202,0.504,-11.32,100,56,0.2344,1.725,-5.3,0.0025,0.0425,1.2,0.7,6.2,-0.1,6.4,-6.0,-5.2,0.9,-8.0,24.5,6.5,,0.0545,,-0.098,,0.0494,,0.2344,True,False,True,True,False,3,False,False,False,False
short,US30,S17,1,1.946,"{""entry_tf"": 1, ""vwap"": true, ""time_stop"": 90, ""legs"": true, ""leg_max"": 1, ""legs_mgmt"": ""fixed"", ""leg_window"": 120, ""ma"": 100, ""dyn"": false, ""entry_mode"": ""close"", ""pb_frac"": 0.3, ""pb_wait"": 5, ""gap"": ""off"", ""body_min"": 0.5, ""volf"": ""skip_high"", ""dow"": ""fri"", ""big_thr"": 25, ""big_sl"": 40, ""big_tp"": 130, ""std_sl"": 15, ""std_tp"": 30, ""leg_gap"": 25, ""leg_sl"": 25, ""leg_tp"": 60, ""gap_min"": 50, ""be_at"": 0, ""partial"": 3.0, ""trail"": 1.0}",351,111,0.0552,1.326,-7.99,90,29,0.0839,1.006,-2.65,441,140,0.061,1.639,-8.49,38,20,-0.1261,-1.563,-7.27,1542,363,0.0059,0.436,-20.7,346,119,0.0971,2.151,-5.51,95,21,-0.0705,-1.378,-6.09,342,109,0.0531,1.204,-8.2,99,31,0.0884,1.348,-2.66,341,104,0.0382,1.037,-7.64,100,36,0.1391,1.315,-6.24,0.0071,0.0395,3.5,-12.2,0.0,1.9,12.6,2.2,-4.5,8.5,-3.3,24.2,-1.3,,0.0839,,-0.0705,,0.0884,,0.1391,True,False,True,True,False,3,False,False,False,False
short,US30,S18,1,1.93,"{""entry_tf"": 1, ""vwap"": false, ""time_stop"": 60, ""legs"": true, ""leg_max"": 6, ""legs_mgmt"": ""same"", ""leg_window"": 30, ""ma"": 100, ""dyn"": false, ""entry_mode"": ""close"", ""pb_frac"": 0.5, ""pb_wait"": 5, ""gap"": ""off"", ""body_min"": 0.5, ""volf"": ""off"", ""dow"": ""none"", ""big_thr"": 25, ""big_sl"": 50, ""big_tp"": 130, ""std_sl"": 15, ""std_tp"": 60, ""leg_gap"": 10, ""leg_sl"": 25, ""leg_tp"": 0, ""gap_min"": 20, ""be_at"": 1.5, ""partial"": 2.0, ""trail"": 1.0}",351,184,0.0995,1.929,-10.03,90,39,0.0417,0.552,-5.35,441,223,0.0877,1.999,-10.37,38,24,-0.1689,-2.079,-8.25,1542,568,0.0074,0.452,-27.15,346,181,0.1172,2.273,-5.67,95,42,-0.0196,-0.252,-7.23,342,175,0.1024,1.959,-5.02,99,48,0.0371,0.497,-7.45,341,157,0.0311,0.753,-9.94,100,66,0.2807,2.145,-4.1,0.0102,0.0605,3.1,-12.1,1.4,0.7,14.1,7.8,-3.6,5.9,-6.1,23.4,13.6,,0.0417,,-0.0196,,0.0371,,0.2807,True,False,False,True,False,2,False,False,False,False
short,US30,S19,1,1.901,"{""entry_tf"": 1, ""vwap"": true, ""time_stop"": 180, ""legs"": false, ""leg_max"": 4, ""legs_mgmt"": ""same"", ""leg_window"": 120, ""ma"": 100, ""dyn"": true, ""entry_mode"": ""close"", ""pb_frac"": 0.5, ""pb_wait"": 15, ""gap"": ""off"", ""body_min"": 0.7, ""volf"": ""off"", ""dow"": ""none"", ""big_thr"": 20, ""big_sl"": 35, ""big_tp"": 80, ""std_sl"": 15, ""std_tp"": 0, ""leg_gap"": 15, ""leg_sl"": 35, ""leg_tp"": 115, ""gap_min"": 20, ""be_at"": 2.0, ""partial"": 1.0, ""trail"": 2.0}",351,102,0.0383,1.144,-8.47,90,21,0.0746,1.347,-4.17,441,123,0.0457,1.579,-11.59,38,12,-0.1273,-1.533,-5.36,1542,280,-0.0139,-1.074,-36.85,346,96,0.0715,2.201,-7.92,95,27,-0.0482,-0.766,-5.73,342,96,0.0515,1.522,-8.94,99,27,0.0257,0.471,-4.75,341,93,0.0302,0.947,-12.44,100,30,0.0987,1.477,-2.76,-0.0138,0.0278,-2.1,-19.0,-8.2,0.0,0.6,-4.1,1.6,8.2,-4.3,23.3,-6.7,,0.0746,,-0.0482,,0.0257,,0.0987,True,False,True,True,False,3,False,False,False,False
short,US30,S20,1,1.86,"{""entry_tf"": 1, ""vwap"": false, ""time_stop"": 240, ""legs"": true, ""leg_max"": 4, ""legs_mgmt"": ""fixed"", ""leg_window"": 30, ""ma"": 100, ""dyn"": false, ""entry_mode"": ""close"", ""pb_frac"": 0.3, ""pb_wait"": 15, ""gap"": ""off"", ""body_min"": 0.7, ""volf"": ""skip_low"", ""dow"": ""none"", ""big_thr"": 15, ""big_sl"": 35, ""big_tp"": 130, ""std_sl"": 30, ""std_tp"": 42, ""leg_gap"": 25, ""leg_sl"": 45, ""leg_tp"": 90, ""gap_min"": 100, ""be_at"": 0, ""partial"": 0, ""trail"": 1.0}",351,95,0.0568,1.52,-8.4,90,19,0.1024,1.343,-2.46,441,114,0.0661,1.968,-5.66,38,7,-0.0346,-0.922,-1.56,1542,226,0.0014,0.148,-16.42,346,87,0.0806,2.105,-3.76,95,27,0.0133,0.191,-4.61,342,90,0.0721,1.801,-5.52,99,24,0.0453,0.796,-2.63,341,82,0.055,1.564,-6.84,100,32,0.1041,1.198,-5.22,0.0001,0.0589,-4.9,-7.5,0.1,0.0,-1.3,7.4,2.0,4.3,9.6,16.5,9.0,,0.1024,,0.0133,,0.0453,,0.1041,True,False,True,True,False,3,False,False,False,False
short,US30,S21,1,1.803,"{""entry_tf"": 1, ""vwap"": false, ""time_stop"": 90, ""legs"": true, ""leg_max"": 2, ""legs_mgmt"": ""same"", ""leg_window"": 30, ""ma"": 100, ""dyn"": false, ""entry_mode"": ""close"", ""pb_frac"": 0.5, ""pb_wait"": 30, ""gap"": ""off"", ""body_min"": 0.7, ""volf"": ""off"", ""dow"": ""none"", ""big_thr"": 25, ""big_sl"": 25, ""big_tp"": 0, ""std_sl"": 25, ""std_tp"": 60, ""leg_gap"": 10, ""leg_sl"": 25, ""leg_tp"": 115, ""gap_min"": 50, ""be_at"": 1.5, ""partial"": 2.0, ""trail"": 1.0}",351,125,0.0457,1.008,-7.34,90,27,0.1336,1.664,-3.41,441,152,0.0637,1.604,-5.97,38,14,-0.0278,-0.375,-2.07,1542,301,-0.0015,-0.127,-22.59,346,116,0.0886,1.908,-5.67,95,36,-0.0272,-0.375,-6.65,342,120,0.0687,1.418,-6.45,99,32,0.0462,0.813,-2.15,341,112,0.0179,0.506,-12.73,100,40,0.2199,1.746,-4.59,-0.005,0.0407,-6.6,-9.4,-5.5,0.0,4.6,5.5,-3.0,6.0,-4.0,23.2,4.9,,0.1336,,-0.0272,,0.0462,,0.2199,True,False,True,True,False,3,False,False,False,False
short,US30,S22,1,1.78,"{""entry_tf"": 1, ""vwap"": true, ""time_stop"": 999, ""legs"": false, ""leg_max"": 6, ""legs_mgmt"": ""fixed"", ""leg_window"": 60, ""ma"": 100, ""dyn"": true, ""entry_mode"": ""close"", ""pb_frac"": 0.5, ""pb_wait"": 30, ""gap"": ""off"", ""body_min"": 0.5, ""volf"": ""skip_low"", ""dow"": ""fri"", ""big_thr"": 15, ""big_sl"": 40, ""big_tp"": 60, ""std_sl"": 20, ""std_tp"": 60, ""leg_gap"": 10, ""leg_sl"": 45, ""leg_tp"": 115, ""gap_min"": 20, ""be_at"": 2.0, ""partial"": 2.0, ""trail"": 1.0}",351,101,0.0402,1.392,-5.64,90,20,0.1133,2.331,-1.27,441,121,0.0552,2.198,-4.83,38,13,-0.0587,-0.973,-3.9,1542,334,-0.0014,-0.117,-41.92,346,99,0.0713,2.465,-4.33,95,22,-0.0035,-0.072,-3.26,342,95,0.0346,1.248,-6.21,99,26,0.1261,2.214,-1.31,341,84,0.0577,2.114,-3.32,100,37,0.0466,0.778,-8.1,0.0055,0.0468,9.7,-26.3,-7.3,1.6,7.0,16.0,-2.6,11.2,6.3,12.4,8.0,,0.1133,,-0.0035,,0.1261,,0.0466,True,False,True,True,False,3,False,False,False,False
short,US30,S23,1,1.78,"{""entry_tf"": 1, ""vwap"": true, ""time_stop"": 240, ""legs"": true, ""leg_max"": 6, ""legs_mgmt"": ""same"", ""leg_window"": 30, ""ma"": 0, ""dyn"": false, ""entry_mode"": ""close"", ""pb_frac"": 0.5, ""pb_wait"": 15, ""gap"": ""off"", ""body_min"": 0.7, ""volf"": ""mid"", ""dow"": ""none"", ""big_thr"": 10, ""big_sl"": 50, ""big_tp"": 60, ""std_sl"": 35, ""std_tp"": 80, ""leg_gap"": 20, ""leg_sl"": 25, ""leg_tp"": 90, ""gap_min"": 100, ""be_at"": 0.5, ""partial"": 0, ""trail"": 1.0}",351,97,0.0415,1.497,-4.99,90,21,0.0769,1.849,-0.9,441,118,0.0487,2.061,-4.27,38,7,-0.0304,-1.125,-1.15,1542,246,-0.0059,-0.771,-16.49,346,93,0.0675,2.528,-3.44,95,25,-0.0196,-0.389,-4.48,342,92,0.0558,1.964,-4.13,99,26,0.0241,0.636,-2.33,341,84,0.0358,1.566,-5.53,100,34,0.0929,1.343,-3.03,-0.0059,0.0284,-0.6,-0.6,-3.8,0.1,2.5,-1.3,-4.0,-2.1,-2.9,17.5,1.8,,0.0769,,-0.0196,,0.0241,,0.0929,True,False,True,True,False,3,False,False,False,False
short,US30,S24,1,1.777,"{""entry_tf"": 1, ""vwap"": false, ""time_stop"": 180, ""legs"": false, ""leg_max"": 2, ""legs_mgmt"": ""fixed"", ""leg_window"": 120, ""ma"": 100, ""dyn"": false, ""entry_mode"": ""close"", ""pb_frac"": 0.7, ""pb_wait"": 30, ""gap"": ""off"", ""body_min"": 0.7, ""volf"": ""off"", ""dow"": ""none"", ""big_thr"": 20, ""big_sl"": 40, ""big_tp"": 0, ""std_sl"": 20, ""std_tp"": 80, ""leg_gap"": 20, ""leg_sl"": 45, ""leg_tp"": 115, ""gap_min"": 0, ""be_at"": 0.5, ""partial"": 3.0, ""trail"": 1.0}",351,102,0.0462,1.402,-5.01,90,21,0.0781,1.643,-1.53,441,123,0.0527,1.884,-6.49,38,12,-0.0645,-1.091,-3.8,1542,280,-0.0022,-0.218,-26.95,346,96,0.073,2.345,-3.83,95,27,-0.0213,-0.34,-4.84,342,96,0.0581,1.746,-5.44,99,27,0.0341,0.708,-2.71,341,93,0.0337,1.154,-7.62,100,30,0.1176,1.621,-3.1,-0.0022,0.0467,-2.7,-14.0,-4.6,0.0,5.6,7.5,0.0,4.4,5.2,16.6,4.6,,0.0781,,-0.0213,,0.0341,,0.1176,True,False,True,True,False,3,False,False,False,False
short,US30,S25,1,1.776,"{""entry_tf"": 1, ""vwap"": false, ""time_stop"": 60, ""legs"": false, ""leg_max"": 1, ""legs_mgmt"": ""fixed"", ""leg_window"": 120, ""ma"": 100, ""dyn"": true, ""entry_mode"": ""close"", ""pb_frac"": 0.3, ""pb_wait"": 30, ""gap"": ""off"", ""body_min"": 0.5, ""volf"": ""off"", ""dow"": ""fri"", ""big_thr"": 15, ""big_sl"": 40, ""big_tp"": 150, ""std_sl"": 15, ""std_tp"": 0, ""leg_gap"": 20, ""leg_sl"": 35, ""leg_tp"": 90, ""gap_min"": 50, ""be_at"": 1.5, ""partial"": 3.0, ""trail"": 1.0}",351,122,0.0591,1.532,-6.94,90,29,0.0905,1.28,-2.57,441,151,0.0655,1.931,-5.18,38,19,-0.1288,-1.628,-7.33,1542,433,-0.0014,-0.095,-43.56,346,125,0.0787,2.067,-5.25,95,26,0.0173,0.233,-5.54,342,120,0.0524,1.314,-6.94,99,31,0.1107,1.789,-2.11,341,111,0.0501,1.386,-6.65,100,40,0.1179,1.396,-6.16,0.0042,0.0487,14.3,-30.2,-1.0,2.4,7.4,10.2,-4.2,8.0,-1.9,21.8,5.3,,0.0905,,0.0173,,0.1107,,0.1179,True,False,True,True,False,3,False,False,False,False
short,US30,S26,1,1.775,"{""entry_tf"": 1, ""vwap"": false, ""time_stop"": 90, ""legs"": false, ""leg_max"": 4, ""legs_mgmt"": ""fixed"", ""leg_window"": 120, ""ma"": 100, ""dyn"": true, ""entry_mode"": ""close"", ""pb_frac"": 0.5, ""pb_wait"": 15, ""gap"": ""off"", ""body_min"": 0.7, ""volf"": ""skip_high"", ""dow"": ""none"", ""big_thr"": 20, ""big_sl"": 40, ""big_tp"": 100, ""std_sl"": 15, ""std_tp"": 50, ""leg_gap"": 25, ""leg_sl"": 25, ""leg_tp"": 60, ""gap_min"": 0, ""be_at"": 1.5, ""partial"": 0, ""trail"": 3.0}",351,88,0.0384,0.945,-9.9,90,18,0.0816,1.049,-4.21,441,106,0.0472,1.311,-14.06,38,12,-0.2238,-3.264,-8.5,1542,221,-0.0111,-0.794,-30.23,346,87,0.0888,2.056,-8.57,95,19,-0.1041,-1.927,-11.3,342,81,0.0593,1.449,-12.26,99,25,0.0053,0.07,-6.36,341,79,0.0178,0.45,-15.4,100,27,0.1476,1.765,-4.23,-0.0122,0.0265,3.5,-17.1,-5.3,0.0,6.6,-4.3,-0.9,-3.1,-12.9,27.4,-6.6,,0.0816,,-0.1041,,0.0053,,0.1476,True,False,False,True,False,2,False,False,False,False
short,US30,S27,1,1.771,"{""entry_tf"": 1, ""vwap"": false, ""time_stop"": 180, ""legs"": true, ""leg_max"": 6, ""legs_mgmt"": ""fixed"", ""leg_window"": 30, ""ma"": 0, ""dyn"": false, ""entry_mode"": ""close"", ""pb_frac"": 0.3, ""pb_wait"": 30, ""gap"": ""with"", ""body_min"": 0, ""volf"": ""skip_low"", ""dow"": ""none"", ""big_thr"": 20, ""big_sl"": 40, ""big_tp"": 115, ""std_sl"": 15, ""std_tp"": 50, ""leg_gap"": 15, ""leg_sl"": 45, ""leg_tp"": 90, ""gap_min"": 20, ""be_at"": 0.5, ""partial"": 1.0, ""trail"": 1.0}",351,136,0.0604,1.612,-6.64,90,34,0.0041,0.072,-2.97,441,170,0.0489,1.527,-7.44,38,13,0.0024,0.042,-2.05,1542,521,0.0049,0.333,-19.14,346,119,0.0673,1.894,-3.66,95,51,-0.0183,-0.252,-7.34,342,136,0.0445,1.179,-7.73,99,34,0.0642,1.107,-2.09,341,128,0.0099,0.316,-9.16,100,42,0.1821,1.984,-1.61,0.0032,0.0546,-4.2,-1.4,-7.6,1.7,2.6,2.6,-3.8,15.6,14.0,15.9,3.8,,0.0041,,-0.0183,,0.0642,,0.1821,False,False,True,True,False,2,False,True,False,False
short,US30,S28,2,2.048,"{""entry_tf"": 5, ""vwap"": false, ""time_stop"": 240, ""legs"": false, ""leg_max"": 1, ""legs_mgmt"": ""same"", ""leg_window"": 120, ""ma"": 0, ""dyn"": true, ""entry_mode"": ""close"", ""pb_frac"": 0.3, ""pb_wait"": 30, ""gap"": ""off"", ""body_min"": 0.3, ""volf"": ""skip_high"", ""dow"": ""none"", ""big_thr"": 25, ""big_sl"": 35, ""big_tp"": 200, ""std_sl"": 25, ""std_tp"": 0, ""leg_gap"": 20, ""leg_sl"": 35, ""leg_tp"": 0, ""gap_min"": 20, ""be_at"": 1.5, ""partial"": 2.0, ""trail"": 2.0}",351,214,0.0533,0.88,-14.63,90,54,0.1344,0.951,-8.28,441,268,0.0699,1.243,-17.13,38,25,-0.3704,-2.453,-14.38,1542,873,-0.058,-2.149,-109.23,346,215,0.0331,0.524,-13.14,95,53,0.2036,1.67,-6.83,342,209,0.1476,2.252,-11.85,99,59,-0.1988,-1.944,-20.34,341,204,0.0625,0.968,-18.67,100,64,0.095,0.835,-6.13,-0.0509,0.0293,2.9,-0.9,-9.0,-3.4,-16.5,23.3,-54.5,-27.4,-6.0,22.5,-12.5,,0.1344,,0.2036,,-0.1988,,0.095,True,True,False,True,False,3,False,False,False,False
short,US30,S29,2,1.968,"{""entry_tf"": 1, ""vwap"": true, ""time_stop"": 60, ""legs"": false, ""leg_max"": 6, ""legs_mgmt"": ""same"", ""leg_window"": 30, ""ma"": 100, ""dyn"": false, ""entry_mode"": ""close"", ""pb_frac"": 0.5, ""pb_wait"": 30, ""gap"": ""off"", ""body_min"": 0.7, ""volf"": ""off"", ""dow"": ""none"", ""big_thr"": 25, ""big_sl"": 50, ""big_tp"": 100, ""std_sl"": 35, ""std_tp"": 30, ""leg_gap"": 10, ""leg_sl"": 35, ""leg_tp"": 0, ""gap_min"": 100, ""be_at"": 1.0, ""partial"": 2.0, ""trail"": 1.5}",351,102,0.0434,1.236,-6.17,90,21,0.0906,1.446,-4.06,441,123,0.053,1.725,-9.12,38,12,-0.1854,-2.87,-7.17,1542,280,0.0038,0.367,-14.34,346,96,0.052,1.539,-5.96,95,27,0.0569,0.786,-4.69,342,96,0.0878,2.392,-7.1,99,27,-0.0669,-1.33,-6.58,341,93,0.0367,1.074,-12.03,100,30,0.1087,1.573,-3.82,0.0021,0.0335,1.4,-7.5,-2.8,0.0,7.7,-0.3,5.7,-0.7,-4.8,19.2,-0.8,,0.0906,,0.0569,,-0.0669,,0.1087,True,True,False,True,False,3,False,False,False,False
short,US30,S30,"2,3",2.363,"{""entry_tf"": 5, ""vwap"": true, ""time_stop"": 240, ""legs"": false, ""leg_max"": 6, ""legs_mgmt"": ""same"", ""leg_window"": 120, ""ma"": 0, ""dyn"": false, ""entry_mode"": ""close"", ""pb_frac"": 0.7, ""pb_wait"": 15, ""gap"": ""against"", ""body_min"": 0, ""volf"": ""off"", ""dow"": ""none"", ""big_thr"": 25, ""big_sl"": 35, ""big_tp"": 60, ""std_sl"": 20, ""std_tp"": 42, ""leg_gap"": 10, ""leg_sl"": 25, ""leg_tp"": 0, ""gap_min"": 20, ""be_at"": 0.5, ""partial"": 1.0, ""trail"": 2.0}",351,120,0.0362,1.261,-7.47,90,26,0.1153,2.074,-1.31,441,146,0.0523,2.05,-7.61,38,22,-0.03,-0.343,-2.87,1542,534,-0.0367,-2.796,-67.83,346,114,0.0486,1.749,-6.52,95,32,0.066,1.069,-5.27,342,116,0.0586,1.974,-5.53,99,30,0.0307,0.625,-6.06,341,114,0.0813,2.745,-6.45,100,32,-0.0464,-0.957,-7.54,-0.0372,0.0421,-5.0,-1.0,-1.5,-0.6,-10.3,-19.9,-15.0,-9.1,10.6,6.2,8.0,,0.1153,,0.066,,0.0307,,-0.0464,True,True,True,False,False,3,False,False,False,False
short,US30,S31,2,1.892,"{""entry_tf"": 5, ""vwap"": true, ""time_stop"": 999, ""legs"": true, ""leg_max"": 2, ""legs_mgmt"": ""same"", ""leg_window"": 120, ""ma"": 0, ""dyn"": false, ""entry_mode"": ""close"", ""pb_frac"": 0.3, ""pb_wait"": 5, ""gap"": ""off"", ""body_min"": 0.3, ""volf"": ""off"", ""dow"": ""none"", ""big_thr"": 10, ""big_sl"": 35, ""big_tp"": 100, ""std_sl"": 15, ""std_tp"": 80, ""leg_gap"": 25, ""leg_sl"": 35, ""leg_tp"": 140, ""gap_min"": 20, ""be_at"": 0, ""partial"": 2.0, ""trail"": 1.5}",351,243,0.115,1.925,-12.83,90,57,0.0168,0.159,-12.02,441,300,0.0949,1.818,-14.94,38,25,-0.3378,-2.908,-14.33,1542,1042,-0.0297,-1.118,-55.16,346,241,0.0713,1.193,-16.8,95,59,0.181,1.703,-5.27,342,228,0.1372,2.328,-10.22,99,72,-0.0511,-0.459,-15.13,341,227,0.0722,1.268,-15.79,100,73,0.1726,1.395,-5.83,-0.0246,0.0846,-2.8,-18.6,-5.8,-0.8,11.2,11.0,-21.4,-14.0,11.8,10.0,17.5,,0.0168,,0.181,,-0.0511,,0.1726,False,True,False,True,False,2,False,False,False,False
short,US30,S32,2,1.826,"{""entry_tf"": 5, ""vwap"": true, ""time_stop"": 120, ""legs"": false, ""leg_max"": 4, ""legs_mgmt"": ""fixed"", ""leg_window"": 60, ""ma"": 100, ""dyn"": true, ""entry_mode"": ""close"", ""pb_frac"": 0.5, ""pb_wait"": 15, ""gap"": ""off"", ""body_min"": 0.3, ""volf"": ""off"", ""dow"": ""none"", ""big_thr"": 25, ""big_sl"": 35, ""big_tp"": 0, ""std_sl"": 30, ""std_tp"": 0, ""leg_gap"": 15, ""leg_sl"": 25, ""leg_tp"": 115, ""gap_min"": 50, ""be_at"": 0, ""partial"": 2.0, ""trail"": 2.0}",351,188,0.0812,1.304,-12.91,90,43,0.0844,0.739,-6.38,441,231,0.0819,1.495,-11.61,38,25,-0.3437,-2.121,-13.4,1542,723,-0.0119,-0.449,-35.53,346,187,0.0222,0.371,-13.45,95,44,0.2992,2.329,-3.45,342,179,0.1351,2.163,-8.47,99,52,-0.102,-0.91,-14.66,341,169,0.1071,1.705,-14.89,100,62,-0.0041,-0.036,-7.91,-0.0043,0.0425,10.2,1.3,-13.2,-1.5,2.1,13.3,-12.3,-7.1,-2.3,9.5,6.0,,0.0844,,0.2992,,-0.102,,-0.0041,True,True,False,False,False,2,False,False,False,False
short,US30,S33,"2,3",2.019,"{""entry_tf"": 5, ""vwap"": true, ""time_stop"": 60, ""legs"": true, ""leg_max"": 6, ""legs_mgmt"": ""same"", ""leg_window"": 30, ""ma"": 0, ""dyn"": false, ""entry_mode"": ""close"", ""pb_frac"": 0.5, ""pb_wait"": 5, ""gap"": ""against"", ""body_min"": 0.3, ""volf"": ""off"", ""dow"": ""none"", ""big_thr"": 20, ""big_sl"": 35, ""big_tp"": 150, ""std_sl"": 15, ""std_tp"": 80, ""leg_gap"": 25, ""leg_sl"": 35, ""leg_tp"": 115, ""gap_min"": 0, ""be_at"": 0.5, ""partial"": 3.0, ""trail"": 1.0}",351,119,0.0368,1.141,-7.31,90,27,0.1621,2.035,-1.72,441,146,0.0624,2.046,-6.13,38,19,-0.1279,-2.471,-5.24,1542,555,-0.0363,-2.588,-74.38,346,116,0.0474,1.417,-6.08,95,30,0.1167,1.633,-4.48,342,114,0.0826,2.298,-3.72,99,32,-0.0077,-0.142,-6.33,341,114,0.0883,2.512,-7.9,100,32,-0.026,-0.434,-6.12,-0.0376,0.0522,-12.1,3.4,-0.6,-1.1,-7.6,-13.2,-23.0,-9.0,8.9,17.5,0.9,,0.1621,,0.1167,,-0.0077,,-0.026,True,True,False,False,False,2,False,False,False,False
short,US30,S34,2,1.79,"{""entry_tf"": 5, ""vwap"": true, ""time_stop"": 90, ""legs"": false, ""leg_max"": 4, ""legs_mgmt"": ""fixed"", ""leg_window"": 60, ""ma"": 100, ""dyn"": false, ""entry_mode"": ""close"", ""pb_frac"": 0.7, ""pb_wait"": 15, ""gap"": ""against"", ""body_min"": 0, ""volf"": ""off"", ""dow"": ""none"", ""big_thr"": 10, ""big_sl"": 40, ""big_tp"": 200, ""std_sl"": 30, ""std_tp"": 30, ""leg_gap"": 15, ""leg_sl"": 35, ""leg_tp"": 0, ""gap_min"": 0, ""be_at"": 2.0, ""partial"": 0, ""trail"": 2.0}",351,111,0.0528,1.07,-7.96,90,26,0.1253,1.13,-4.19,441,137,0.0676,1.491,-9.88,38,24,0.0269,0.104,-7.16,1542,495,-0.0419,-2.516,-79.4,346,109,0.025,0.492,-10.16,95,28,0.2227,2.261,-2.09,342,111,0.0973,1.907,-6.59,99,26,-0.0348,-0.354,-7.33,341,107,0.1081,2.008,-7.79,100,30,-0.0704,-0.904,-12.79,-0.0428,0.0609,-7.1,-4.5,-2.5,-0.2,-18.0,-24.4,-13.5,-1.7,12.0,8.8,17.8,,0.1253,,0.2227,,-0.0348,,-0.0704,True,True,False,False,False,2,False,True,False,False
short,US30,S35,2,1.788,"{""entry_tf"": 5, ""vwap"": true, ""time_stop"": 90, ""legs"": false, ""leg_max"": 6, ""legs_mgmt"": ""fixed"", ""leg_window"": 120, ""ma"": 0, ""dyn"": true, ""entry_mode"": ""close"", ""pb_frac"": 0.3, ""pb_wait"": 5, ""gap"": ""off"", ""body_min"": 0.3, ""volf"": ""off"", ""dow"": ""mon"", ""big_thr"": 15, ""big_sl"": 35, ""big_tp"": 130, ""std_sl"": 25, ""std_tp"": 50, ""leg_gap"": 15, ""leg_sl"": 35, ""leg_tp"": 140, ""gap_min"": 50, ""be_at"": 2.0, ""partial"": 1.5, ""trail"": 2.0}",351,187,0.049,0.931,-13.01,90,45,0.0389,0.386,-8.03,441,232,0.0469,1.006,-15.4,38,21,-0.3247,-2.311,-12.8,1542,824,-0.0426,-1.732,-75.9,346,186,0.0121,0.231,-17.29,95,46,0.1738,1.706,-5.55,342,177,0.1013,1.871,-9.7,99,55,-0.1408,-1.598,-18.55,341,173,0.0321,0.62,-19.42,100,59,0.0976,0.922,-5.55,-0.0401,0.0321,-4.4,-2.2,-10.4,-3.2,-7.9,3.4,-33.3,-9.2,7.8,-3.4,3.1,,0.0389,,0.1738,,-0.1408,,0.0976,True,True,False,True,False,3,False,False,False,False
short,US30,S36,2,1.957,"{""entry_tf"": 5, ""vwap"": false, ""time_stop"": 240, ""legs"": false, ""leg_max"": 2, ""legs_mgmt"": ""fixed"", ""leg_window"": 120, ""ma"": 0, ""dyn"": true, ""entry_mode"": ""close"", ""pb_frac"": 0.3, ""pb_wait"": 5, ""gap"": ""against"", ""body_min"": 0, ""volf"": ""off"", ""dow"": ""none"", ""big_thr"": 25, ""big_sl"": 35, ""big_tp"": 115, ""std_sl"": 30, ""std_tp"": 42, ""leg_gap"": 10, ""leg_sl"": 45, ""leg_tp"": 140, ""gap_min"": 20, ""be_at"": 0, ""partial"": 2.0, ""trail"": 1.5}",351,144,0.0565,1.3,-7.04,90,34,0.1411,1.634,-3.18,441,178,0.0738,1.899,-8.98,38,25,-0.2034,-1.373,-10.55,1542,726,-0.0883,-4.271,-140.05,346,139,0.0581,1.348,-6.89,95,39,0.1307,1.478,-5.71,342,144,0.1003,2.172,-7.96,99,34,-0.0178,-0.268,-8.21,341,138,0.1004,2.257,-8.76,100,40,-0.0172,-0.218,-8.5,-0.0859,0.0509,-16.6,-23.0,-19.1,1.8,-2.5,-25.3,-39.1,-20.5,11.0,13.0,-0.3,,0.1411,,0.1307,,-0.0178,,-0.0172,True,True,False,False,False,2,False,False,False,False
short,US30,S37,"2,3",1.995,"{""entry_tf"": 5, ""vwap"": false, ""time_stop"": 60, ""legs"": true, ""leg_max"": 6, ""legs_mgmt"": ""fixed"", ""leg_window"": 120, ""ma"": 0, ""dyn"": true, ""entry_mode"": ""close"", ""pb_frac"": 0.7, ""pb_wait"": 30, ""gap"": ""against"", ""body_min"": 0.3, ""volf"": ""off"", ""dow"": ""none"", ""big_thr"": 10, ""big_sl"": 40, ""big_tp"": 200, ""std_sl"": 30, ""std_tp"": 0, ""leg_gap"": 25, ""leg_sl"": 45, ""leg_tp"": 90, ""gap_min"": 20, ""be_at"": 0.5, ""partial"": 2.0, ""trail"": 1.0}",351,104,0.029,1.096,-4.0,90,24,0.1672,2.084,-1.73,441,128,0.0572,2.132,-4.6,38,18,-0.2012,-3.396,-7.74,1542,515,-0.023,-1.64,-53.02,346,100,0.0473,1.59,-3.71,95,28,0.0933,1.523,-2.95,342,102,0.0674,2.103,-4.65,99,26,0.0221,0.492,-4.65,341,98,0.0836,2.614,-4.6,100,30,-0.0327,-0.729,-5.22,-0.0229,0.0415,-4.1,-2.4,2.2,-0.7,-4.6,-7.1,-19.1,-2.6,6.1,15.1,-3.2,,0.1672,,0.0933,,0.0221,,-0.0327,True,True,False,False,False,2,False,False,False,False
short,US30,S38,2,1.763,"{""entry_tf"": 5, ""vwap"": true, ""time_stop"": 60, ""legs"": false, ""leg_max"": 4, ""legs_mgmt"": ""same"", ""leg_window"": 120, ""ma"": 100, ""dyn"": true, ""entry_mode"": ""close"", ""pb_frac"": 0.5, ""pb_wait"": 15, ""gap"": ""against"", ""body_min"": 0, ""volf"": ""off"", ""dow"": ""none"", ""big_thr"": 25, ""big_sl"": 40, ""big_tp"": 150, ""std_sl"": 25, ""std_tp"": 80, ""leg_gap"": 15, ""leg_sl"": 25, ""leg_tp"": 140, ""gap_min"": 0, ""be_at"": 0.5, ""partial"": 2.0, ""trail"": 0}",351,111,0.0379,1.152,-6.7,90,26,0.1105,1.361,-3.27,441,137,0.0527,1.7,-6.6,38,24,-0.0518,-0.391,-7.61,1542,495,-0.0278,-1.759,-60.46,346,109,0.0267,0.785,-7.91,95,28,0.1474,2.037,-1.44,342,111,0.0725,1.959,-5.48,99,26,-0.0154,-0.296,-5.39,341,107,0.0763,2.1,-5.47,100,30,-0.0277,-0.485,-7.53,-0.0337,0.0217,-16.9,-15.1,-20.5,0.1,-7.8,1.1,-6.7,9.3,-4.3,6.1,9.6,,0.1105,,0.1474,,-0.0154,,-0.0277,True,True,False,False,False,2,False,False,False,False
short,US30,S39,2,1.698,"{""entry_tf"": 5, ""vwap"": true, ""time_stop"": 60, ""legs"": false, ""leg_max"": 1, ""legs_mgmt"": ""same"", ""leg_window"": 120, ""ma"": 0, ""dyn"": false, ""entry_mode"": ""close"", ""pb_frac"": 0.3, ""pb_wait"": 30, ""gap"": ""off"", ""body_min"": 0.3, ""volf"": ""off"", ""dow"": ""none"", ""big_thr"": 10, ""big_sl"": 35, ""big_tp"": 100, ""std_sl"": 35, ""std_tp"": 80, ""leg_gap"": 15, ""leg_sl"": 25, ""leg_tp"": 90, ""gap_min"": 0, ""be_at"": 1.0, ""partial"": 2.0, ""trail"": 1.0}",351,239,0.0803,1.725,-11.89,90,56,0.0316,0.372,-6.41,441,295,0.0704,1.72,-10.92,38,25,-0.2443,-2.956,-9.29,1542,1028,-0.0171,-0.94,-51.25,346,237,0.0463,1.011,-11.72,95,58,0.1579,1.757,-5.51,342,224,0.0846,1.864,-6.54,99,71,0.0211,0.228,-9.9,341,223,0.0805,1.724,-13.38,100,72,0.0359,0.423,-6.02,-0.0177,0.0452,-5.3,-11.0,16.4,1.0,6.1,-5.7,-21.8,-9.3,-7.3,17.4,8.5,,0.0316,,0.1579,,0.0211,,0.0359,False,True,False,True,False,2,False,False,False,False
short,US30,S40,2,1.69,"{""entry_tf"": 5, ""vwap"": false, ""time_stop"": 90, ""legs"": false, ""leg_max"": 4, ""legs_mgmt"": ""fixed"", ""leg_window"": 30, ""ma"": 100, ""dyn"": false, ""entry_mode"": ""close"", ""pb_frac"": 0.3, ""pb_wait"": 5, ""gap"": ""off"", ""body_min"": 0.3, ""volf"": ""skip_high"", ""dow"": ""mon"", ""big_thr"": 10, ""big_sl"": 40, ""big_tp"": 130, ""std_sl"": 35, ""std_tp"": 60, ""leg_gap"": 10, ""leg_sl"": 45, ""leg_tp"": 140, ""gap_min"": 20, ""be_at"": 2.0, ""partial"": 0, ""trail"": 2.0}",351,138,0.0401,0.77,-12.59,90,33,0.0462,0.477,-8.69,441,171,0.0414,0.901,-14.09,38,20,-0.2828,-1.809,-11.86,1542,500,-0.0059,-0.346,-26.14,346,139,-0.0124,-0.25,-19.62,95,32,0.2372,2.131,-3.03,342,132,0.1115,2.049,-8.23,99,39,-0.2009,-2.647,-22.76,341,126,0.0357,0.704,-17.19,100,45,0.0606,0.575,-5.69,-0.0092,0.0331,-3.6,5.8,-2.7,-0.2,-7.1,9.4,-14.1,-3.0,11.7,0.4,-2.4,,0.0462,,0.2372,,-0.2009,,0.0606,True,True,False,True,False,3,False,False,False,False
short,US30,S41,2,1.679,"{""entry_tf"": 5, ""vwap"": true, ""time_stop"": 240, ""legs"": false, ""leg_max"": 4, ""legs_mgmt"": ""same"", ""leg_window"": 120, ""ma"": 0, ""dyn"": false, ""entry_mode"": ""close"", ""pb_frac"": 0.5, ""pb_wait"": 15, ""gap"": ""off"", ""body_min"": 0.3, ""volf"": ""off"", ""dow"": ""none"", ""big_thr"": 15, ""big_sl"": 40, ""big_tp"": 100, ""std_sl"": 15, ""std_tp"": 42, ""leg_gap"": 15, ""leg_sl"": 25, ""leg_tp"": 0, ""gap_min"": 50, ""be_at"": 1.5, ""partial"": 3.0, ""trail"": 3.0}",351,239,0.0603,0.928,-10.4,90,56,0.0987,0.764,-10.59,441,295,0.0682,1.174,-12.31,38,25,-0.421,-2.943,-17.41,1542,1028,-0.0569,-1.925,-92.4,346,237,0.047,0.709,-11.53,95,58,0.1452,1.215,-7.15,342,224,0.1268,1.904,-9.53,99,71,-0.1345,-1.16,-14.79,341,223,0.0506,0.788,-15.07,100,72,0.1278,0.967,-8.51,-0.0555,0.0347,-15.1,-22.8,9.3,-4.0,-6.0,1.7,-39.4,-16.9,-5.7,13.8,-2.7,,0.0987,,0.1452,,-0.1345,,0.1278,True,True,False,True,False,3,False,False,False,False
short,US30,S42,2,1.668,"{""entry_tf"": 5, ""vwap"": false, ""time_stop"": 60, ""legs"": false, ""leg_max"": 1, ""legs_mgmt"": ""same"", ""leg_window"": 30, ""ma"": 0, ""dyn"": false, ""entry_mode"": ""close"", ""pb_frac"": 0.3, ""pb_wait"": 5, ""gap"": ""off"", ""body_min"": 0.3, ""volf"": ""off"", ""dow"": ""none"", ""big_thr"": 25, ""big_sl"": 35, ""big_tp"": 60, ""std_sl"": 30, ""std_tp"": 30, ""leg_gap"": 25, ""leg_sl"": 25, ""leg_tp"": 115, ""gap_min"": 50, ""be_at"": 0.5, ""partial"": 0, ""trail"": 1.5}",351,257,0.0643,1.399,-12.1,90,60,0.0766,0.87,-6.29,441,317,0.0668,1.639,-13.6,38,26,-0.1495,-1.935,-7.29,1542,1085,-0.0278,-1.576,-54.17,346,252,0.0492,1.082,-13.42,95,65,0.1308,1.436,-5.73,342,243,0.1,2.173,-9.32,99,74,-0.0481,-0.556,-13.43,341,241,0.081,1.744,-12.72,100,76,0.0183,0.216,-6.23,-0.0301,0.0451,-4.6,-11.1,-0.5,2.8,5.6,1.7,-21.7,-22.7,-8.6,11.9,18.9,,0.0766,,0.1308,,-0.0481,,0.0183,True,True,False,False,False,2,False,False,False,False
short,US30,S43,3,2.441,"{""entry_tf"": 5, ""vwap"": false, ""time_stop"": 240, ""legs"": false, ""leg_max"": 1, ""legs_mgmt"": ""fixed"", ""leg_window"": 120, ""ma"": 100, ""dyn"": false, ""entry_mode"": ""close"", ""pb_frac"": 0.3, ""pb_wait"": 30, ""gap"": ""against"", ""body_min"": 0, ""volf"": ""off"", ""dow"": ""fri"", ""big_thr"": 10, ""big_sl"": 35, ""big_tp"": 150, ""std_sl"": 30, ""std_tp"": 42, ""leg_gap"": 15, ""leg_sl"": 35, ""leg_tp"": 60, ""gap_min"": 0, ""be_at"": 1.0, ""partial"": 1.5, ""trail"": 1.0}",351,113,0.0359,1.184,-6.21,90,27,0.078,1.291,-2.9,441,140,0.0445,1.641,-5.86,38,20,-0.1764,-1.758,-7.47,1542,463,-0.0065,-0.504,-25.53,346,109,0.0179,0.614,-7.56,95,31,0.1415,2.108,-3.76,342,117,0.0379,1.193,-5.0,99,23,0.0672,1.338,-3.28,341,110,0.0894,2.824,-7.29,100,30,-0.1086,-2.24,-11.83,-0.0095,0.0485,-10.4,-4.4,-2.7,-0.6,-2.1,4.8,-11.1,10.3,11.2,12.2,-0.2,,0.078,,0.1415,,0.0672,,-0.1086,True,True,True,False,False,3,False,False,False,False
short,US30,S44,3,2.3,"{""entry_tf"": 5, ""vwap"": true, ""time_stop"": 90, ""legs"": false, ""leg_max"": 4, ""legs_mgmt"": ""same"", ""leg_window"": 120, ""ma"": 0, ""dyn"": false, ""entry_mode"": ""close"", ""pb_frac"": 0.5, ""pb_wait"": 15, ""gap"": ""against"", ""body_min"": 0, ""volf"": ""skip_low"", ""dow"": ""none"", ""big_thr"": 15, ""big_sl"": 35, ""big_tp"": 130, ""std_sl"": 30, ""std_tp"": 80, ""leg_gap"": 25, ""leg_sl"": 35, ""leg_tp"": 90, ""gap_min"": 20, ""be_at"": 0, ""partial"": 2.0, ""trail"": 1.0}",351,100,0.0151,0.527,-8.06,90,23,0.175,2.511,-2.01,441,123,0.0477,1.765,-6.21,38,18,-0.0243,-0.18,-3.77,1542,440,-0.0197,-1.586,-47.06,346,96,0.0374,1.252,-5.31,95,27,0.0852,1.367,-4.47,342,98,0.0504,1.618,-5.25,99,25,0.0383,0.711,-5.7,341,94,0.0803,2.568,-5.16,100,29,-0.0636,-1.232,-9.5,-0.0182,0.047,-1.6,-3.6,6.4,-0.0,6.9,-11.8,-19.8,-7.1,14.0,6.0,8.1,,0.175,,0.0852,,0.0383,,-0.0636,True,True,True,False,False,3,False,False,False,False
short,US30,S45,3,2.233,"{""entry_tf"": 5, ""vwap"": false, ""time_stop"": 240, ""legs"": false, ""leg_max"": 4, ""legs_mgmt"": ""same"", ""leg_window"": 30, ""ma"": 100, ""dyn"": true, ""entry_mode"": ""close"", ""pb_frac"": 0.7, ""pb_wait"": 15, ""gap"": ""against"", ""body_min"": 0, ""volf"": ""skip_high"", ""dow"": ""none"", ""big_thr"": 25, ""big_sl"": 25, ""big_tp"": 80, ""std_sl"": 30, ""std_tp"": 42, ""leg_gap"": 20, ""leg_sl"": 25, ""leg_tp"": 140, ""gap_min"": 20, ""be_at"": 1.5, ""partial"": 2.0, ""trail"": 2.0}",351,95,0.0621,1.518,-9.09,90,21,0.0965,1.303,-3.26,441,116,0.0691,1.925,-10.16,38,24,-0.1973,-1.115,-11.15,1542,424,-0.044,-2.454,-74.2,346,93,0.0468,1.167,-9.36,95,23,0.1506,1.882,-6.17,342,96,0.0723,1.695,-8.92,99,20,0.058,0.933,-4.24,341,87,0.1137,2.771,-6.92,100,29,-0.0831,-1.153,-12.36,-0.0419,0.0542,-8.5,-19.4,-5.2,-1.1,-5.4,-12.0,-10.3,-8.6,18.3,13.2,-5.6,,0.0965,,0.1506,,0.058,,-0.0831,True,True,True,False,False,3,False,False,False,False
short,US30,S46,3,2.225,"{""entry_tf"": 5, ""vwap"": false, ""time_stop"": 240, ""legs"": false, ""leg_max"": 1, ""legs_mgmt"": ""same"", ""leg_window"": 60, ""ma"": 0, ""dyn"": false, ""entry_mode"": ""close"", ""pb_frac"": 0.3, ""pb_wait"": 5, ""gap"": ""against"", ""body_min"": 0, ""volf"": ""off"", ""dow"": ""none"", ""big_thr"": 10, ""big_sl"": 30, ""big_tp"": 80, ""std_sl"": 25, ""std_tp"": 42, ""leg_gap"": 25, ""leg_sl"": 45, ""leg_tp"": 0, ""gap_min"": 20, ""be_at"": 2.0, ""partial"": 0, ""trail"": 1.0}",351,145,0.0409,1.084,-7.4,90,35,0.1637,2.027,-2.42,441,180,0.066,1.921,-6.76,38,25,-0.1658,-1.328,-8.53,1542,630,-0.0371,-2.376,-68.15,346,141,0.0526,1.426,-6.64,95,39,0.1149,1.338,-7.12,342,146,0.064,1.632,-7.28,99,34,0.0729,1.023,-6.14,341,139,0.1047,2.549,-7.69,100,41,-0.0659,-1.179,-10.38,-0.0352,0.0597,-1.2,-5.5,-0.9,-1.9,2.4,-11.3,-32.6,-8.1,19.1,9.7,1.7,,0.1637,,0.1149,,0.0729,,-0.0659,True,True,True,False,False,3,False,False,False,False
short,US30,S47,3,2.196,"{""entry_tf"": 5, ""vwap"": false, ""time_stop"": 180, ""legs"": true, ""leg_max"": 2, ""legs_mgmt"": ""same"", ""leg_window"": 60, ""ma"": 0, ""dyn"": true, ""entry_mode"": ""close"", ""pb_frac"": 0.3, ""pb_wait"": 15, ""gap"": ""against"", ""body_min"": 0, ""volf"": ""skip_high"", ""dow"": ""fri"", ""big_thr"": 15, ""big_sl"": 35, ""big_tp"": 115, ""std_sl"": 20, ""std_tp"": 60, ""leg_gap"": 15, ""leg_sl"": 25, ""leg_tp"": 140, ""gap_min"": 20, ""be_at"": 0, ""partial"": 2.0, ""trail"": 1.0}",351,104,0.0204,0.669,-6.33,90,26,0.1661,1.66,-1.69,441,130,0.0501,1.575,-6.23,38,17,-0.1049,-1.123,-5.75,1542,491,-0.028,-1.91,-46.93,346,101,0.0303,0.857,-5.79,95,29,0.1223,1.703,-5.05,342,108,0.0607,1.554,-5.97,99,22,0.0135,0.312,-3.8,341,103,0.0885,2.3,-6.85,100,27,-0.0806,-1.687,-8.06,-0.0281,0.0316,-9.0,-7.9,-8.7,1.0,2.2,-2.7,-16.0,-6.0,2.9,15.0,-2.4,,0.1661,,0.1223,,0.0135,,-0.0806,True,True,False,False,False,2,False,False,False,False
short,US30,S48,3,2.178,"{""entry_tf"": 5, ""vwap"": true, ""time_stop"": 60, ""legs"": false, ""leg_max"": 2, ""legs_mgmt"": ""fixed"", ""leg_window"": 60, ""ma"": 0, ""dyn"": true, ""entry_mode"": ""close"", ""pb_frac"": 0.3, ""pb_wait"": 30, ""gap"": ""against"", ""body_min"": 0, ""volf"": ""off"", ""dow"": ""fri"", ""big_thr"": 25, ""big_sl"": 40, ""big_tp"": 0, ""std_sl"": 20, ""std_tp"": 42, ""leg_gap"": 20, ""leg_sl"": 45, ""leg_tp"": 115, ""gap_min"": 0, ""be_at"": 0, ""partial"": 2.0, ""trail"": 1.0}",351,117,0.0236,0.781,-5.93,90,25,0.1338,1.678,-2.86,441,142,0.0461,1.584,-5.34,38,17,-0.0802,-1.036,-4.72,1542,541,-0.0589,-3.961,-97.77,346,112,0.0334,1.02,-6.05,95,30,0.0921,1.463,-2.72,342,112,0.0538,1.589,-4.4,99,30,0.0192,0.346,-4.22,341,114,0.0855,2.423,-6.0,100,28,-0.0883,-2.119,-9.08,-0.0548,0.0356,-7.3,-13.2,-18.4,0.3,-12.9,-12.4,-29.8,1.6,4.1,18.8,-3.9,,0.1338,,0.0921,,0.0192,,-0.0883,True,True,False,False,False,2,False,False,False,False
short,US30,S49,3,2.127,"{""entry_tf"": 5, ""vwap"": false, ""time_stop"": 240, ""legs"": false, ""leg_max"": 1, ""legs_mgmt"": ""same"", ""leg_window"": 60, ""ma"": 0, ""dyn"": false, ""entry_mode"": ""close"", ""pb_frac"": 0.3, ""pb_wait"": 15, ""gap"": ""against"", ""body_min"": 0, ""volf"": ""off"", ""dow"": ""fri"", ""big_thr"": 15, ""big_sl"": 35, ""big_tp"": 200, ""std_sl"": 15, ""std_tp"": 50, ""leg_gap"": 10, ""leg_sl"": 45, ""leg_tp"": 0, ""gap_min"": 0, ""be_at"": 1.5, ""partial"": 0, ""trail"": 1.0}",351,141,0.0328,0.96,-6.77,90,34,0.1425,1.346,-3.61,441,175,0.0552,1.586,-8.12,38,20,-0.1657,-1.521,-7.47,1542,638,-0.0401,-2.397,-82.24,346,137,0.0369,0.951,-7.77,95,38,0.1216,1.565,-5.51,342,143,0.051,1.239,-6.31,99,32,0.0694,1.134,-4.29,341,138,0.1017,2.435,-10.06,100,37,-0.1037,-1.928,-10.86,-0.0445,0.0622,-19.2,-2.3,-15.9,-0.7,-12.0,-9.3,-23.9,8.5,14.9,19.6,-2.4,,0.1425,,0.1216,,0.0694,,-0.1037,True,True,True,False,False,3,False,False,False,False
short,US30,S50,3,2.1,"{""entry_tf"": 5, ""vwap"": false, ""time_stop"": 60, ""legs"": true, ""leg_max"": 6, ""legs_mgmt"": ""fixed"", ""leg_window"": 120, ""ma"": 0, ""dyn"": false, ""entry_mode"": ""close"", ""pb_frac"": 0.5, ""pb_wait"": 5, ""gap"": ""against"", ""body_min"": 0, ""volf"": ""off"", ""dow"": ""none"", ""big_thr"": 25, ""big_sl"": 35, ""big_tp"": 60, ""std_sl"": 15, ""std_tp"": 60, ""leg_gap"": 15, ""leg_sl"": 35, ""leg_tp"": 60, ""gap_min"": 20, ""be_at"": 0.5, ""partial"": 1.5, ""trail"": 1.0}",351,148,0.0351,1.05,-5.61,90,37,0.0995,1.546,-2.85,441,185,0.0483,1.624,-7.06,38,26,-0.0948,-0.91,-6.08,1542,653,-0.0459,-2.893,-92.15,346,146,0.0275,0.87,-4.85,95,39,0.1237,1.647,-6.04,342,149,0.0548,1.576,-7.28,99,36,0.0258,0.463,-5.02,341,144,0.0812,2.309,-6.72,100,41,-0.064,-1.248,-9.13,-0.0476,0.0386,-11.6,5.7,-8.2,-2.6,-9.2,-12.0,-24.3,-17.8,9.9,9.7,0.7,,0.0995,,0.1237,,0.0258,,-0.064,True,True,True,False,False,3,False,False,False,False
short,US30,S51,3,2.06,"{""entry_tf"": 5, ""vwap"": false, ""time_stop"": 120, ""legs"": false, ""leg_max"": 6, ""legs_mgmt"": ""fixed"", ""leg_window"": 60, ""ma"": 100, ""dyn"": false, ""entry_mode"": ""close"", ""pb_frac"": 0.5, ""pb_wait"": 30, ""gap"": ""against"", ""body_min"": 0, ""volf"": ""off"", ""dow"": ""none"", ""big_thr"": 20, ""big_sl"": 35, ""big_tp"": 100, ""std_sl"": 30, ""std_tp"": 50, ""leg_gap"": 15, ""leg_sl"": 35, ""leg_tp"": 60, ""gap_min"": 20, ""be_at"": 0, ""partial"": 2.0, ""trail"": 1.0}",351,111,0.0415,1.33,-4.67,90,27,0.126,2.132,-1.5,441,138,0.0588,2.124,-4.57,38,25,-0.1616,-1.26,-7.42,1542,435,-0.01,-0.799,-32.42,346,107,0.0337,1.142,-5.14,95,31,0.1502,2.158,-3.8,342,116,0.0616,1.904,-4.7,99,22,0.0489,0.943,-2.8,341,106,0.0968,3.008,-5.27,100,32,-0.0708,-1.38,-9.79,-0.01,0.0495,-1.2,1.7,2.8,-0.5,-0.8,-9.6,-8.5,-0.8,9.7,11.7,3.0,,0.126,,0.1502,,0.0489,,-0.0708,True,True,True,False,False,3,False,False,False,False
short,US30,S52,3,2.037,"{""entry_tf"": 5, ""vwap"": false, ""time_stop"": 90, ""legs"": false, ""leg_max"": 1, ""legs_mgmt"": ""same"", ""leg_window"": 60, ""ma"": 0, ""dyn"": false, ""entry_mode"": ""close"", ""pb_frac"": 0.3, ""pb_wait"": 30, ""gap"": ""against"", ""body_min"": 0, ""volf"": ""off"", ""dow"": ""fri"", ""big_thr"": 10, ""big_sl"": 50, ""big_tp"": 130, ""std_sl"": 20, ""std_tp"": 42, ""leg_gap"": 25, ""leg_sl"": 25, ""leg_tp"": 140, ""gap_min"": 0, ""be_at"": 0.5, ""partial"": 1.0, ""trail"": 1.0}",351,141,0.052,1.866,-3.97,90,34,0.0409,0.79,-3.96,441,175,0.0497,2.024,-6.18,38,20,0.016,0.197,-3.86,1542,638,-0.0297,-2.454,-54.32,346,137,0.0256,0.954,-4.86,95,38,0.1376,2.383,-3.04,342,143,0.0489,1.697,-5.64,99,32,0.0526,1.157,-2.37,341,138,0.0755,2.694,-7.37,100,37,-0.0382,-0.765,-6.87,-0.0312,0.0492,-10.5,-8.5,-6.5,0.2,-0.9,-9.5,-13.2,-3.5,11.7,7.9,11.4,,0.0409,,0.1376,,0.0526,,-0.0382,True,True,True,False,False,3,False,True,False,False
short,US30,S53,3,2.021,"{""entry_tf"": 5, ""vwap"": true, ""time_stop"": 180, ""legs"": false, ""leg_max"": 4, ""legs_mgmt"": ""same"", ""leg_window"": 60, ""ma"": 0, ""dyn"": false, ""entry_mode"": ""close"", ""pb_frac"": 0.3, ""pb_wait"": 15, ""gap"": ""against"", ""body_min"": 0, ""volf"": ""off"", ""dow"": ""fri"", ""big_thr"": 25, ""big_sl"": 35, ""big_tp"": 80, ""std_sl"": 15, ""std_tp"": 50, ""leg_gap"": 10, ""leg_sl"": 25, ""leg_tp"": 0, ""gap_min"": 0, ""be_at"": 0.5, ""partial"": 3.0, ""trail"": 2.0}",351,117,0.0513,1.347,-5.66,90,25,0.0689,0.947,-2.43,441,142,0.0549,1.626,-6.46,38,17,0.0438,0.478,-1.53,1542,541,-0.0255,-1.395,-59.61,346,112,0.0287,0.815,-11.19,95,30,0.1501,1.684,-4.69,342,112,0.0564,1.429,-5.43,99,30,0.0496,0.785,-4.32,341,114,0.0975,2.377,-7.71,100,28,-0.0906,-1.898,-9.06,-0.0329,0.0509,-21.8,1.4,-18.5,2.8,-11.5,4.1,-22.3,10.4,11.3,17.5,4.3,,0.0689,,0.1501,,0.0496,,-0.0906,True,True,True,False,False,3,False,True,False,False
short,US30,S54,3,2.003,"{""entry_tf"": 5, ""vwap"": true, ""time_stop"": 240, ""legs"": false, ""leg_max"": 2, ""legs_mgmt"": ""fixed"", ""leg_window"": 30, ""ma"": 100, ""dyn"": true, ""entry_mode"": ""close"", ""pb_frac"": 0.7, ""pb_wait"": 30, ""gap"": ""against"", ""body_min"": 0, ""volf"": ""off"", ""dow"": ""fri"", ""big_thr"": 15, ""big_sl"": 35, ""big_tp"": 60, ""std_sl"": 25, ""std_tp"": 50, ""leg_gap"": 20, ""leg_sl"": 45, ""leg_tp"": 60, ""gap_min"": 0, ""be_at"": 1.5, ""partial"": 2.0, ""trail"": 1.0}",351,93,0.0233,0.839,-4.96,90,19,0.0802,1.407,-2.7,441,112,0.0349,1.396,-4.16,38,17,-0.093,-1.101,-4.95,1542,392,-0.0157,-1.274,-32.14,346,88,0.0039,0.145,-6.44,95,24,0.148,2.346,-2.8,342,91,0.0426,1.426,-3.96,99,21,0.0085,0.201,-3.17,341,88,0.0726,2.422,-5.72,100,24,-0.0936,-2.413,-9.36,-0.019,0.0142,-11.5,-6.3,-3.0,-0.3,-3.2,2.5,-12.5,2.3,-4.0,9.8,-0.5,,0.0802,,0.148,,0.0085,,-0.0936,True,True,False,False,False,2,False,False,False,False
short,US30,LIVE_COMP,,,"{""entry_tf"": 1, ""vwap"": true, ""time_stop"": 120, ""legs"": true, ""leg_max"": 6, ""legs_mgmt"": ""fixed"", ""leg_window"": 120, ""ma"": 0, ""dyn"": false, ""big_thr"": 15, ""big_sl"": 35, ""big_tp"": 115, ""std_sl"": 25, ""std_tp"": 42, ""leg_gap"": 15, ""leg_sl"": 35, ""leg_tp"": 115, ""be_at"": 0, ""partial"": 0, ""trail"": 0, ""entry_mode"": ""close"", ""pb_frac"": 0.5, ""pb_wait"": 15, ""gap"": ""off"", ""gap_min"": 0, ""body_min"": 0, ""volf"": ""off"", ""dow"": ""none""}",351,353,0.0446,0.414,-31.93,90,87,-0.3497,-2.255,-30.42,441,440,-0.0359,-0.392,-46.6,38,38,-0.2639,-0.98,-13.69,1542,1349,-0.0202,-0.527,-59.06,346,347,-0.0619,-0.615,-36.29,95,93,0.0588,0.273,-12.86,342,341,-0.0425,-0.404,-41.55,99,99,-0.0129,-0.069,-10.46,341,331,-0.0507,-0.507,-43.42,100,109,0.0146,0.067,-18.4,-0.0152,0.0171,1.3,2.3,-28.2,4.0,10.0,11.2,-27.8,1.5,-2.7,39.2,-35.9,,-0.3497,,0.0588,,-0.0129,,0.0146,False,True,False,True,False,2,False,False,False,False
short,US30,LIVE_COMP+MA100,,,"{""entry_tf"": 1, ""vwap"": true, ""time_stop"": 120, ""legs"": true, ""leg_max"": 6, ""legs_mgmt"": ""fixed"", ""leg_window"": 120, ""ma"": 100, ""dyn"": false, ""big_thr"": 15, ""big_sl"": 35, ""big_tp"": 115, ""std_sl"": 25, ""std_tp"": 42, ""leg_gap"": 15, ""leg_sl"": 35, ""leg_tp"": 115, ""be_at"": 0, ""partial"": 0, ""trail"": 0, ""entry_mode"": ""close"", ""pb_frac"": 0.5, ""pb_wait"": 15, ""gap"": ""off"", ""gap_min"": 0, ""body_min"": 0, ""volf"": ""off"", ""dow"": ""none""}",351,282,0.0012,0.013,-29.33,90,70,-0.2459,-1.735,-21.08,441,352,-0.0492,-0.613,-36.87,38,38,-0.2639,-0.98,-13.69,1542,938,0.0205,0.675,-26.34,346,283,-0.0528,-0.58,-28.37,95,69,-0.036,-0.212,-14.97,342,274,-0.0367,-0.397,-31.17,99,78,-0.0925,-0.572,-17.83,341,261,-0.0984,-1.17,-35.81,100,91,0.1184,0.572,-13.28,0.0221,-0.0118,5.9,2.3,7.5,1.1,13.2,13.0,2.1,-8.1,-14.7,18.7,-21.3,,-0.2459,,-0.036,,-0.0925,,0.1184,False,False,False,True,False,1,True,False,False,False
