track,inst,tag,sel_folds,robust_max,params,short_train0_days,short_train0_n,short_train0_Rday,short_train0_t,short_train0_maxDD,short_held0_days,short_held0_n,short_held0_Rday,short_held0_t,short_held0_maxDD,short_win_days,short_win_n,short_win_Rday,short_win_t,short_win_maxDD,final_days,final_n,final_Rday,final_t,final_maxDD,stress_days,stress_n,stress_Rday,stress_t,stress_maxDD,long_train0_days,long_train0_n,long_train0_Rday,long_train0_t,long_train0_maxDD,long_held0_days,long_held0_n,long_held0_Rday,long_held0_t,long_held0_maxDD,long_train1_days,long_train1_n,long_train1_Rday,long_train1_t,long_train1_maxDD,long_held1_days,long_held1_n,long_held1_Rday,long_held1_t,long_held1_maxDD,long_train2_days,long_train2_n,long_train2_Rday,long_train2_t,long_train2_maxDD,long_held2_days,long_held2_n,long_held2_Rday,long_held2_t,long_held2_maxDD,long_train3_days,long_train3_n,long_train3_Rday,long_train3_t,long_train3_maxDD,long_held3_days,long_held3_n,long_held3_Rday,long_held3_t,long_held3_maxDD,long_win_days,long_win_n,long_win_Rday,long_win_t,long_win_maxDD,pre2024_Rday,since2024_Rday,R_2016,R_2017,R_2018,R_2019,R_2020,R_2021,R_2022,R_2023,R_2024,R_2025,R_2026,long_held0_pre_Rday,long_held0_post_Rday,long_held1_pre_Rday,long_held1_post_Rday,long_held2_pre_Rday,long_held2_post_Rday,long_held3_pre_Rday,long_held3_post_Rday,A0,A1,A2,A3,A_held,A_4folds,B_stress,C_final,ALL,AC
long,GER40,LIVE_COMP,,,"{""entry_tf"": 1, ""vwap"": true, ""time_stop"": 120, ""legs"": true, ""leg_max"": 6, ""legs_mgmt"": ""fixed"", ""leg_window"": 120, ""ma"": 0, ""dyn"": false, ""big_thr"": 15, ""big_sl"": 35, ""big_tp"": 115, ""std_sl"": 25, ""std_tp"": 42, ""leg_gap"": 15, ""leg_sl"": 35, ""leg_tp"": 115, ""be_at"": 0, ""partial"": 0, ""trail"": 0, ""entry_mode"": ""close"", ""pb_frac"": 0.5, ""pb_wait"": 15, ""gap"": ""off"", ""gap_min"": 0, ""body_min"": 0, ""volf"": ""off"", ""dow"": ""none""}",366,316,0.0479,0.523,-24.71,94,86,-0.296,-1.775,-31.88,460,402,-0.0224,-0.277,-35.44,39,42,0.7033,1.594,-6.92,1861,1579,-0.1409,-4.079,-280.1,1980,1694,-0.081,-2.308,-204.99,523,447,-0.1984,-3.054,-107.84,1960,1672,-0.105,-3.012,-241.22,543,469,-0.1076,-1.605,-70.51,1961,1680,-0.1349,-3.89,-287.11,542,461,0.0005,0.008,-40.67,1962,1681,-0.1013,-2.89,-215.99,541,460,-0.1211,-1.842,-88.97,2503,2141,-0.1056,-3.413,-301.31,-0.1407,-0.003,-2.9,-63.3,-20.0,-11.5,-49.6,-6.0,-67.4,-44.4,7.6,-9.7,27.5,-0.2082,-0.1689,-0.1544,0.0286,-0.0469,0.1354,-0.1452,-0.0531,False,False,False,False,False,0,True,True,False,False
long,GER40,LIVE_COMP+MA100,,,"{""entry_tf"": 1, ""vwap"": true, ""time_stop"": 120, ""legs"": true, ""leg_max"": 6, ""legs_mgmt"": ""fixed"", ""leg_window"": 120, ""ma"": 100, ""dyn"": false, ""big_thr"": 15, ""big_sl"": 35, ""big_tp"": 115, ""std_sl"": 25, ""std_tp"": 42, ""leg_gap"": 15, ""leg_sl"": 35, ""leg_tp"": 115, ""be_at"": 0, ""partial"": 0, ""trail"": 0, ""entry_mode"": ""close"", ""pb_frac"": 0.5, ""pb_wait"": 15, ""gap"": ""off"", ""gap_min"": 0, ""body_min"": 0, ""volf"": ""off"", ""dow"": ""none""}",366,252,0.0595,0.725,-20.27,94,72,-0.169,-1.062,-19.51,460,324,0.0128,0.176,-26.55,39,42,0.7033,1.594,-6.92,1861,1024,-0.0756,-2.792,-158.41,1980,1180,-0.0265,-0.914,-101.86,523,317,-0.1292,-2.357,-71.19,1960,1158,-0.0454,-1.575,-132.97,543,339,-0.057,-1.019,-40.42,1961,1177,-0.0754,-2.629,-181.55,542,320,0.0514,0.903,-22.34,1962,1185,-0.044,-1.505,-114.9,541,312,-0.0621,-1.171,-57.46,2503,1497,-0.0479,-1.87,-164.42,-0.0761,0.0321,-2.9,-52.0,-19.0,-0.7,-45.7,14.8,-12.1,-25.8,13.9,2.6,31.5,-0.1464,-0.0771,-0.0833,0.0195,0.0177,0.1471,-0.0843,0.0001,False,False,True,False,False,1,True,True,False,False
long,NDX100,L0,0,1.758,"{""entry_tf"": 5, ""vwap"": true, ""time_stop"": 240, ""legs"": false, ""leg_max"": 6, ""legs_mgmt"": ""fixed"", ""leg_window"": 120, ""ma"": 100, ""dyn"": true, ""entry_mode"": ""close"", ""pb_frac"": 0.7, ""pb_wait"": 30, ""gap"": ""off"", ""body_min"": 0.5, ""volf"": ""off"", ""dow"": ""none"", ""big_thr"": 10, ""big_sl"": 35, ""big_tp"": 0, ""std_sl"": 25, ""std_tp"": 0, ""leg_gap"": 15, ""leg_sl"": 25, ""leg_tp"": 115, ""gap_min"": 100, ""be_at"": 1.5, ""partial"": 0, ""trail"": 0}",351,160,0.211,2.236,-16.27,91,36,-0.0757,-0.633,-7.64,442,196,0.152,1.922,-15.39,38,21,-0.0906,-0.397,-5.26,1817,694,0.1043,2.6,-39.29,1915,765,0.098,2.59,-42.56,520,205,0.1314,1.656,-13.78,1922,746,0.1189,3.109,-41.95,513,224,0.0536,0.699,-29.85,1916,785,0.1154,2.856,-38.85,519,185,0.0675,1.126,-18.21,1895,757,0.103,2.656,-30.51,540,213,0.1125,1.543,-33.47,2435,970,0.1051,3.07,-39.29,0.0998,0.1076,11.8,5.3,66.3,59.0,27.4,29.9,1.2,-10.4,35.0,-6.3,34.4,0.1755,-0.0051,0.003,0.2013,0.0648,0.0751,0.0625,0.2541,False,True,True,True,False,3,True,False,False,False
long,NDX100,L1,"0,1,2",2.014,"{""entry_tf"": 5, ""vwap"": true, ""time_stop"": 999, ""legs"": false, ""leg_max"": 6, ""legs_mgmt"": ""same"", ""leg_window"": 120, ""ma"": 0, ""dyn"": false, ""entry_mode"": ""close"", ""pb_frac"": 0.5, ""pb_wait"": 30, ""gap"": ""off"", ""body_min"": 0.5, ""volf"": ""off"", ""dow"": ""none"", ""big_thr"": 15, ""big_sl"": 35, ""big_tp"": 100, ""std_sl"": 30, ""std_tp"": 80, ""leg_gap"": 10, ""leg_sl"": 45, ""leg_tp"": 0, ""gap_min"": 100, ""be_at"": 1.5, ""partial"": 3.0, ""trail"": 3.0}",351,198,0.1759,2.561,-13.65,91,45,0.0227,0.192,-10.09,442,243,0.1443,2.413,-12.08,38,21,-0.0966,-0.537,-8.23,1817,903,0.061,2.555,-27.17,1915,977,0.0709,2.877,-20.95,520,255,0.0878,1.887,-10.89,1922,954,0.0783,3.196,-20.32,513,278,0.0604,1.269,-24.74,1916,982,0.0874,3.532,-28.9,519,250,0.027,0.59,-16.83,1895,964,0.0659,2.695,-25.5,540,268,0.1047,2.196,-15.13,2435,1232,0.0745,3.421,-27.17,0.0584,0.1141,12.8,17.3,33.7,13.4,13.5,1.4,19.3,0.2,36.7,29.1,1.0,0.0828,0.1032,0.0267,0.1589,0.0239,0.0358,0.0449,0.2739,True,True,False,True,False,3,True,False,False,False
long,NDX100,L2,0,1.705,"{""entry_tf"": 5, ""vwap"": false, ""time_stop"": 180, ""legs"": false, ""leg_max"": 6, ""legs_mgmt"": ""fixed"", ""leg_window"": 60, ""ma"": 100, ""dyn"": false, ""entry_mode"": ""close"", ""pb_frac"": 0.7, ""pb_wait"": 15, ""gap"": ""off"", ""body_min"": 0.5, ""volf"": ""off"", ""dow"": ""none"", ""big_thr"": 25, ""big_sl"": 40, ""big_tp"": 60, ""std_sl"": 25, ""std_tp"": 80, ""leg_gap"": 25, ""leg_sl"": 35, ""leg_tp"": 60, ""gap_min"": 100, ""be_at"": 1.0, ""partial"": 0, ""trail"": 2.0}",351,160,0.1565,3.098,-6.99,91,36,-0.1078,-1.587,-8.76,442,196,0.1021,2.386,-9.48,38,21,-0.17,-1.327,-9.78,1817,694,0.0505,2.635,-28.68,1915,765,0.0587,2.982,-38.41,520,205,0.0297,0.874,-15.11,1922,746,0.0559,2.928,-25.3,513,224,0.0397,1.037,-25.34,1916,785,0.0633,3.232,-34.06,519,185,0.0124,0.359,-9.64,1895,757,0.0436,2.282,-25.59,540,213,0.0837,2.201,-18.12,2435,970,0.0525,3.07,-34.02,0.0483,0.0584,13.6,5.2,25.3,25.8,35.3,-5.5,-5.0,-2.4,8.4,25.9,-4.7,0.0508,-0.0357,-0.0032,0.1648,0.0214,-0.0132,0.0664,0.1327,False,False,False,True,False,1,True,False,False,False
long,NDX100,L3,"0,2",1.952,"{""entry_tf"": 5, ""vwap"": true, ""time_stop"": 60, ""legs"": false, ""leg_max"": 1, ""legs_mgmt"": ""same"", ""leg_window"": 120, ""ma"": 0, ""dyn"": true, ""entry_mode"": ""close"", ""pb_frac"": 0.5, ""pb_wait"": 30, ""gap"": ""off"", ""body_min"": 0.7, ""volf"": ""off"", ""dow"": ""none"", ""big_thr"": 20, ""big_sl"": 50, ""big_tp"": 130, ""std_sl"": 20, ""std_tp"": 42, ""leg_gap"": 25, ""leg_sl"": 35, ""leg_tp"": 140, ""gap_min"": 50, ""be_at"": 1.0, ""partial"": 0, ""trail"": 1.5}",351,108,0.1079,2.589,-9.59,91,26,-0.0067,-0.086,-4.07,442,134,0.0843,2.29,-6.72,38,11,0.0028,0.031,-2.06,1817,464,0.0499,3.182,-12.59,1915,509,0.0511,3.264,-11.88,520,138,0.0576,1.81,-6.82,1922,504,0.063,3.928,-14.47,513,143,0.0128,0.443,-14.82,1916,515,0.0541,3.411,-14.12,519,132,0.0464,1.529,-10.72,1895,515,0.0457,2.851,-12.82,540,132,0.0763,2.605,-7.04,2435,647,0.0525,3.732,-14.56,0.0434,0.06,-11.4,4.1,16.5,34.3,5.0,13.9,16.9,3.8,12.9,14.2,10.1,0.0708,0.0166,-0.0115,0.0835,0.0726,-0.0281,0.0413,0.1754,True,False,False,True,False,2,True,True,False,False
long,NDX100,L4,0,1.612,"{""entry_tf"": 1, ""vwap"": true, ""time_stop"": 120, ""legs"": true, ""leg_max"": 6, ""legs_mgmt"": ""same"", ""leg_window"": 60, ""ma"": 0, ""dyn"": false, ""entry_mode"": ""close"", ""pb_frac"": 0.3, ""pb_wait"": 30, ""gap"": ""off"", ""body_min"": 0.7, ""volf"": ""off"", ""dow"": ""none"", ""big_thr"": 20, ""big_sl"": 35, ""big_tp"": 115, ""std_sl"": 30, ""std_tp"": 42, ""leg_gap"": 10, ""leg_sl"": 35, ""leg_tp"": 115, ""gap_min"": 0, ""be_at"": 2.0, ""partial"": 1.0, ""trail"": 3.0}",351,134,0.1181,2.487,-8.58,91,24,-0.0263,-0.336,-7.03,442,158,0.0884,2.149,-9.65,38,15,0.4775,1.818,-1.05,1817,487,0.0171,1.236,-13.68,1915,549,0.0404,2.673,-12.61,520,137,-0.0301,-1.147,-21.19,1922,530,0.0229,1.544,-14.45,513,156,0.0343,1.209,-7.01,1916,547,0.0248,1.654,-14.11,519,139,0.0273,0.998,-9.57,1895,534,0.0233,1.592,-11.11,540,152,0.0323,1.092,-10.06,2435,686,0.0253,1.925,-13.68,0.0178,0.0493,4.6,-2.5,-1.7,3.9,5.8,13.0,3.7,7.1,-4.5,32.5,20.6,-0.0316,-0.0255,0.0404,0.0165,0.0191,0.0507,0.015,0.0811,False,True,True,True,False,3,True,True,False,False
long,NDX100,L5,0,1.774,"{""entry_tf"": 5, ""vwap"": true, ""time_stop"": 90, ""legs"": true, ""leg_max"": 4, ""legs_mgmt"": ""same"", ""leg_window"": 120, ""ma"": 0, ""dyn"": true, ""entry_mode"": ""close"", ""pb_frac"": 0.7, ""pb_wait"": 5, ""gap"": ""off"", ""body_min"": 0.7, ""volf"": ""off"", ""dow"": ""none"", ""big_thr"": 20, ""big_sl"": 50, ""big_tp"": 150, ""std_sl"": 20, ""std_tp"": 80, ""leg_gap"": 25, ""leg_sl"": 35, ""leg_tp"": 115, ""gap_min"": 50, ""be_at"": 1.5, ""partial"": 0, ""trail"": 1.5}",351,113,0.0949,2.129,-8.54,91,27,0.0019,0.02,-6.15,442,140,0.0758,1.88,-5.87,38,11,-0.038,-0.452,-2.42,1817,481,0.0519,2.954,-15.02,1915,528,0.0479,2.766,-15.08,520,144,0.0634,1.806,-8.09,1922,522,0.0635,3.589,-15.0,513,150,0.0052,0.16,-16.14,1916,534,0.0553,3.126,-16.26,519,138,0.0363,1.114,-11.31,1895,538,0.0463,2.567,-19.02,540,134,0.0686,2.269,-9.25,2435,672,0.0513,3.294,-17.75,0.0457,0.0494,-8.3,7.4,16.8,40.1,0.7,11.9,17.8,0.8,10.7,14.0,4.3,0.0821,0.0054,-0.0155,0.0655,0.0536,-0.0128,0.0391,0.1522,True,False,False,True,True,2,True,False,False,False
long,NDX100,L6,0,1.574,"{""entry_tf"": 5, ""vwap"": false, ""time_stop"": 180, ""legs"": true, ""leg_max"": 1, ""legs_mgmt"": ""same"", ""leg_window"": 120, ""ma"": 0, ""dyn"": true, ""entry_mode"": ""close"", ""pb_frac"": 0.5, ""pb_wait"": 30, ""gap"": ""off"", ""body_min"": 0.5, ""volf"": ""off"", ""dow"": ""none"", ""big_thr"": 20, ""big_sl"": 40, ""big_tp"": 0, ""std_sl"": 20, ""std_tp"": 0, ""leg_gap"": 25, ""leg_sl"": 35, ""leg_tp"": 140, ""gap_min"": 20, ""be_at"": 0.5, ""partial"": 3.0, ""trail"": 1.5}",351,204,0.1607,2.679,-11.68,91,46,-0.0253,-0.262,-10.34,442,250,0.1224,2.366,-13.23,38,21,0.0238,0.165,-3.56,1817,926,0.0656,2.838,-24.71,1915,1002,0.0646,2.86,-18.27,520,263,0.08,1.707,-10.34,1922,979,0.0789,3.424,-22.26,513,286,0.0266,0.609,-20.36,1916,1007,0.0703,3.035,-25.57,519,258,0.0592,1.377,-12.67,1895,993,0.0649,2.781,-21.69,540,272,0.0783,1.878,-19.29,2435,1265,0.0679,3.33,-24.71,0.0673,0.0745,17.8,-4.2,13.3,42.0,14.2,21.6,22.1,1.5,18.7,27.4,0.8,0.1054,0.0014,-0.0122,0.1397,0.0758,0.012,0.0452,0.1718,True,False,True,True,True,3,True,True,True,True
long,NDX100,L7,0,1.588,"{""entry_tf"": 5, ""vwap"": true, ""time_stop"": 180, ""legs"": false, ""leg_max"": 4, ""legs_mgmt"": ""fixed"", ""leg_window"": 30, ""ma"": 100, ""dyn"": true, ""entry_mode"": ""close"", ""pb_frac"": 0.7, ""pb_wait"": 30, ""gap"": ""off"", ""body_min"": 0.5, ""volf"": ""off"", ""dow"": ""none"", ""big_thr"": 15, ""big_sl"": 30, ""big_tp"": 0, ""std_sl"": 25, ""std_tp"": 60, ""leg_gap"": 15, ""leg_sl"": 45, ""leg_tp"": 60, ""gap_min"": 50, ""be_at"": 1.5, ""partial"": 0, ""trail"": 3.0}",351,160,0.2505,2.782,-14.53,91,36,0.0831,0.505,-6.79,442,196,0.2161,2.728,-11.22,38,21,-0.1472,-0.679,-6.17,1817,694,0.1064,2.838,-38.78,1915,765,0.1098,3.129,-49.01,520,205,0.1547,1.894,-18.65,1922,746,0.1324,3.564,-44.95,513,224,0.0706,1.038,-30.5,1916,785,0.1219,3.276,-39.05,519,185,0.1098,1.625,-15.86,1895,757,0.12,3.192,-32.9,540,213,0.1171,1.795,-34.41,2435,970,0.1194,3.657,-38.78,0.1034,0.1575,10.6,7.4,33.9,84.7,50.0,17.4,-1.6,-5.2,40.1,19.3,32.2,0.1756,0.0901,-0.0098,0.3049,0.1142,0.0975,0.0656,0.2628,True,False,True,True,True,3,True,False,False,False
long,NDX100,L8,"0,1,2,3",2.155,"{""entry_tf"": 5, ""vwap"": true, ""time_stop"": 999, ""legs"": true, ""leg_max"": 1, ""legs_mgmt"": ""same"", ""leg_window"": 60, ""ma"": 100, ""dyn"": false, ""entry_mode"": ""close"", ""pb_frac"": 0.7, ""pb_wait"": 5, ""gap"": ""off"", ""body_min"": 0.5, ""volf"": ""off"", ""dow"": ""none"", ""big_thr"": 15, ""big_sl"": 40, ""big_tp"": 130, ""std_sl"": 30, ""std_tp"": 60, ""leg_gap"": 25, ""leg_sl"": 25, ""leg_tp"": 60, ""gap_min"": 100, ""be_at"": 2.0, ""partial"": 3.0, ""trail"": 0}",351,163,0.237,3.407,-8.47,91,36,0.0363,0.316,-6.21,442,199,0.1957,3.249,-10.5,38,21,-0.0023,-0.011,-5.39,1817,696,0.0434,2.157,-25.38,1915,769,0.0687,3.117,-24.68,520,206,0.0753,1.767,-8.62,1922,748,0.0736,3.382,-15.17,513,227,0.0573,1.281,-22.77,1916,789,0.0785,3.51,-29.39,519,186,0.0391,0.972,-12.1,1895,762,0.0678,3.051,-17.08,540,213,0.0784,1.89,-17.88,2435,975,0.0701,3.581,-25.38,0.041,0.1488,12.5,14.5,15.4,12.5,20.4,4.4,-2.9,1.5,39.5,35.5,16.8,0.0672,0.1005,0.0006,0.2227,0.0076,0.1287,0.0148,0.2583,True,True,True,True,True,4,True,False,False,False
long,NDX100,L9,0,1.476,"{""entry_tf"": 5, ""vwap"": false, ""time_stop"": 240, ""legs"": false, ""leg_max"": 4, ""legs_mgmt"": ""same"", ""leg_window"": 30, ""ma"": 0, ""dyn"": true, ""entry_mode"": ""close"", ""pb_frac"": 0.5, ""pb_wait"": 15, ""gap"": ""off"", ""body_min"": 0.5, ""volf"": ""off"", ""dow"": ""none"", ""big_thr"": 10, ""big_sl"": 30, ""big_tp"": 130, ""std_sl"": 15, ""std_tp"": 42, ""leg_gap"": 20, ""leg_sl"": 35, ""leg_tp"": 115, ""gap_min"": 100, ""be_at"": 0.5, ""partial"": 3.0, ""trail"": 2.0}",351,198,0.1497,2.372,-9.01,91,45,0.0413,0.42,-7.05,442,243,0.1274,2.355,-9.63,38,21,-0.1334,-1.38,-7.74,1817,903,0.0484,2.148,-25.79,1915,977,0.0574,2.517,-24.35,520,255,0.0337,0.793,-13.46,1922,954,0.061,2.665,-25.07,513,278,0.0199,0.476,-17.59,1916,982,0.0519,2.305,-34.0,519,250,0.0541,1.21,-12.01,1895,964,0.0436,1.944,-24.62,540,268,0.0829,1.85,-15.14,2435,1232,0.0523,2.604,-35.34,0.052,0.064,15.0,-8.1,3.5,37.0,14.0,19.7,28.2,-10.0,-0.4,34.7,0.2,0.0425,0.0067,0.0078,0.0554,0.0879,-0.0419,0.0234,0.2511,True,False,False,True,True,2,True,False,False,False
long,NDX100,L10,"0,1,2,3",1.911,"{""entry_tf"": 5, ""vwap"": false, ""time_stop"": 120, ""legs"": true, ""leg_max"": 2, ""legs_mgmt"": ""same"", ""leg_window"": 30, ""ma"": 100, ""dyn"": false, ""entry_mode"": ""close"", ""pb_frac"": 0.5, ""pb_wait"": 5, ""gap"": ""off"", ""body_min"": 0.5, ""volf"": ""off"", ""dow"": ""none"", ""big_thr"": 15, ""big_sl"": 25, ""big_tp"": 200, ""std_sl"": 30, ""std_tp"": 0, ""leg_gap"": 10, ""leg_sl"": 25, ""leg_tp"": 60, ""gap_min"": 50, ""be_at"": 2.0, ""partial"": 3.0, ""trail"": 3.0}",351,174,0.2567,3.083,-10.95,91,36,0.0636,0.468,-7.59,442,210,0.217,3.017,-11.79,38,23,-0.5168,-4.247,-19.46,1817,723,0.0511,2.298,-39.71,1915,806,0.0719,2.895,-48.06,520,218,0.0917,1.78,-15.38,1922,784,0.0817,3.293,-28.3,513,240,0.0552,1.067,-34.46,1916,833,0.0919,3.514,-45.46,519,191,0.0177,0.426,-16.15,1895,799,0.0644,2.542,-32.4,540,225,0.1173,2.44,-22.0,2435,1024,0.0761,3.396,-42.81,0.0495,0.1497,12.4,2.5,24.2,24.9,37.8,7.2,-10.4,-4.2,36.7,34.6,1.6,0.0797,0.1287,-0.0214,0.2784,0.0288,-0.0141,0.0534,0.2981,True,False,False,True,False,2,True,False,False,False
long,NDX100,L11,0,1.644,"{""entry_tf"": 5, ""vwap"": true, ""time_stop"": 180, ""legs"": true, ""leg_max"": 1, ""legs_mgmt"": ""same"", ""leg_window"": 60, ""ma"": 100, ""dyn"": false, ""entry_mode"": ""close"", ""pb_frac"": 0.3, ""pb_wait"": 15, ""gap"": ""off"", ""body_min"": 0.5, ""volf"": ""off"", ""dow"": ""none"", ""big_thr"": 15, ""big_sl"": 50, ""big_tp"": 100, ""std_sl"": 30, ""std_tp"": 0, ""leg_gap"": 20, ""leg_sl"": 35, ""leg_tp"": 90, ""gap_min"": 0, ""be_at"": 2.0, ""partial"": 1.0, ""trail"": 1.0}",351,164,0.1097,3.126,-8.56,91,36,-0.0472,-0.844,-5.06,442,200,0.0774,2.554,-7.99,38,21,-0.0614,-0.6,-5.49,1817,697,0.0265,2.197,-15.0,1915,770,0.0301,2.4,-27.06,520,208,0.0303,1.277,-6.68,1922,750,0.0339,2.745,-14.67,513,228,0.0162,0.644,-19.27,1916,792,0.0342,2.712,-26.08,519,186,0.0155,0.659,-5.12,1895,765,0.026,2.074,-15.72,540,213,0.0447,1.88,-13.02,2435,978,0.0302,2.718,-24.17,0.0255,0.0408,8.5,2.5,15.6,21.4,9.6,-3.9,-4.3,-0.8,7.5,16.9,-1.5,0.0444,-0.0135,-0.0187,0.118,0.0249,-0.0115,0.0266,0.0961,False,False,False,True,False,1,True,False,False,False
long,NDX100,L12,"0,2",1.901,"{""entry_tf"": 5, ""vwap"": false, ""time_stop"": 240, ""legs"": false, ""leg_max"": 4, ""legs_mgmt"": ""same"", ""leg_window"": 120, ""ma"": 100, ""dyn"": true, ""entry_mode"": ""close"", ""pb_frac"": 0.7, ""pb_wait"": 5, ""gap"": ""off"", ""body_min"": 0.5, ""volf"": ""off"", ""dow"": ""fri"", ""big_thr"": 20, ""big_sl"": 40, ""big_tp"": 0, ""std_sl"": 35, ""std_tp"": 60, ""leg_gap"": 10, ""leg_sl"": 35, ""leg_tp"": 0, ""gap_min"": 100, ""be_at"": 2.0, ""partial"": 0, ""trail"": 1.5}",351,133,0.174,2.892,-7.28,91,31,-0.0833,-0.983,-7.23,442,164,0.121,2.368,-7.29,38,15,0.1002,0.521,-2.72,1817,566,0.0728,3.055,-23.9,1915,628,0.0753,3.269,-24.8,520,169,0.0997,2.038,-8.42,1922,622,0.08,3.391,-23.66,513,175,0.0827,1.825,-16.28,1916,649,0.0868,3.639,-29.2,519,148,0.0574,1.325,-8.51,1895,620,0.0833,3.433,-16.79,540,177,0.0709,1.745,-28.78,2435,797,0.0805,3.85,-23.9,0.0671,0.1034,-1.2,3.8,20.3,66.2,24.1,17.4,-3.1,0.7,31.0,24.8,11.8,0.1372,-0.0162,0.0387,0.2109,0.0697,0.0226,0.0116,0.2388,False,True,True,True,False,3,True,True,False,False
long,NDX100,L13,"0,2",1.865,"{""entry_tf"": 5, ""vwap"": false, ""time_stop"": 180, ""legs"": true, ""leg_max"": 4, ""legs_mgmt"": ""same"", ""leg_window"": 30, ""ma"": 0, ""dyn"": false, ""entry_mode"": ""close"", ""pb_frac"": 0.3, ""pb_wait"": 15, ""gap"": ""off"", ""body_min"": 0.7, ""volf"": ""off"", ""dow"": ""none"", ""big_thr"": 10, ""big_sl"": 30, ""big_tp"": 0, ""std_sl"": 20, ""std_tp"": 60, ""leg_gap"": 15, ""leg_sl"": 25, ""leg_tp"": 0, ""gap_min"": 20, ""be_at"": 0, ""partial"": 2.0, ""trail"": 3.0}",351,116,0.1449,2.51,-7.44,91,28,0.0888,0.687,-4.24,442,144,0.1334,2.515,-9.55,38,11,0.019,0.099,-4.24,1817,482,0.0502,2.557,-16.91,1915,531,0.0607,2.909,-14.67,520,148,0.0759,1.778,-10.12,1922,525,0.0679,3.255,-12.52,513,154,0.0491,1.147,-22.04,1916,543,0.0777,3.528,-18.79,519,136,0.0133,0.394,-15.29,1895,542,0.0569,2.727,-17.47,540,137,0.0888,2.088,-11.23,2435,679,0.064,3.406,-16.91,0.0469,0.1045,6.1,2.1,19.2,21.2,-3.0,4.2,33.5,6.1,21.4,25.0,19.0,0.0591,0.1276,0.0171,0.1426,0.0284,-0.0293,0.0416,0.2226,True,True,False,True,False,3,True,True,False,False
long,NDX100,L14,0,1.377,"{""entry_tf"": 5, ""vwap"": false, ""time_stop"": 999, ""legs"": false, ""leg_max"": 1, ""legs_mgmt"": ""same"", ""leg_window"": 120, ""ma"": 100, ""dyn"": false, ""entry_mode"": ""close"", ""pb_frac"": 0.7, ""pb_wait"": 5, ""gap"": ""off"", ""body_min"": 0.3, ""volf"": ""off"", ""dow"": ""none"", ""big_thr"": 25, ""big_sl"": 35, ""big_tp"": 115, ""std_sl"": 20, ""std_tp"": 0, ""leg_gap"": 20, ""leg_sl"": 45, ""leg_tp"": 140, ""gap_min"": 100, ""be_at"": 1.5, ""partial"": 0, ""trail"": 3.0}",351,217,0.2817,3.163,-10.9,91,50,-0.1766,-1.669,-15.07,442,267,0.1874,2.514,-12.78,38,33,0.0674,0.247,-7.34,1817,1013,0.0822,2.292,-35.9,1915,1111,0.0928,2.645,-37.86,520,287,0.0605,0.886,-23.86,1922,1101,0.0748,2.139,-53.12,513,297,0.1274,1.846,-28.25,1916,1105,0.1037,2.891,-29.51,519,293,0.02,0.321,-31.0,1895,1078,0.0818,2.307,-39.51,540,320,0.1003,1.526,-16.3,2435,1398,0.0859,2.752,-42.4,0.0786,0.0968,21.3,5.9,15.7,18.3,37.4,30.1,-0.6,22.1,3.6,41.7,17.1,0.121,-0.1266,0.0571,0.3325,0.0196,0.0212,0.0434,0.2612,False,True,False,True,False,2,True,True,False,False
long,NDX100,L15,"1,2,3",2.021,"{""entry_tf"": 5, ""vwap"": true, ""time_stop"": 999, ""legs"": false, ""leg_max"": 6, ""legs_mgmt"": ""same"", ""leg_window"": 60, ""ma"": 0, ""dyn"": false, ""entry_mode"": ""close"", ""pb_frac"": 0.7, ""pb_wait"": 15, ""gap"": ""off"", ""body_min"": 0.5, ""volf"": ""off"", ""dow"": ""none"", ""big_thr"": 15, ""big_sl"": 40, ""big_tp"": 100, ""std_sl"": 30, ""std_tp"": 60, ""leg_gap"": 20, ""leg_sl"": 25, ""leg_tp"": 90, ""gap_min"": 0, ""be_at"": 2.0, ""partial"": 0, ""trail"": 0}",351,198,0.1892,2.832,-10.09,91,45,0.0431,0.365,-10.09,442,243,0.1592,2.723,-13.23,38,21,-0.0911,-0.509,-7.32,1817,903,0.0572,2.507,-16.61,1915,977,0.0646,2.742,-21.63,520,255,0.1151,2.524,-10.09,1922,954,0.0864,3.669,-13.13,513,278,0.0341,0.747,-27.18,1916,982,0.0825,3.477,-24.11,519,250,0.0491,1.105,-14.0,1895,964,0.0737,3.105,-17.63,540,268,0.0816,1.829,-16.14,2435,1232,0.0754,3.601,-16.61,0.0542,0.1289,11.0,14.5,24.2,12.4,12.3,6.0,25.8,-2.9,36.8,37.1,2.3,0.114,0.1187,0.0027,0.1258,0.0315,0.0994,0.0203,0.2548,True,False,True,True,False,3,True,False,False,False
long,NDX100,L16,"1,3",1.746,"{""entry_tf"": 5, ""vwap"": true, ""time_stop"": 180, ""legs"": false, ""leg_max"": 6, ""legs_mgmt"": ""same"", ""leg_window"": 60, ""ma"": 100, ""dyn"": false, ""entry_mode"": ""close"", ""pb_frac"": 0.5, ""pb_wait"": 5, ""gap"": ""off"", ""body_min"": 0.5, ""volf"": ""off"", ""dow"": ""none"", ""big_thr"": 15, ""big_sl"": 50, ""big_tp"": 115, ""std_sl"": 15, ""std_tp"": 30, ""leg_gap"": 20, ""leg_sl"": 45, ""leg_tp"": 115, ""gap_min"": 50, ""be_at"": 2.0, ""partial"": 2.0, ""trail"": 3.0}",351,160,0.1774,3.233,-6.18,91,36,-0.0564,-0.646,-7.22,442,196,0.1293,2.73,-11.36,38,21,-0.011,-0.063,-6.22,1817,694,0.0426,2.21,-16.98,1915,765,0.0523,2.637,-18.02,520,205,0.0738,1.939,-8.5,1922,746,0.0613,3.142,-17.53,513,224,0.0402,1.0,-18.71,1916,785,0.059,2.932,-26.99,519,185,0.0492,1.367,-9.77,1895,757,0.0527,2.65,-14.22,540,213,0.0716,1.901,-13.88,2435,970,0.0569,3.235,-16.98,0.0427,0.0988,12.6,-2.2,23.1,39.2,7.4,2.2,-5.6,4.7,21.9,27.6,11.2,0.0935,0.0126,-0.0047,0.171,0.0353,0.0888,0.0353,0.174,True,False,True,True,False,3,True,False,False,False
long,NDX100,L17,1,1.606,"{""entry_tf"": 5, ""vwap"": true, ""time_stop"": 999, ""legs"": true, ""leg_max"": 1, ""legs_mgmt"": ""same"", ""leg_window"": 60, ""ma"": 100, ""dyn"": false, ""entry_mode"": ""close"", ""pb_frac"": 0.3, ""pb_wait"": 5, ""gap"": ""off"", ""body_min"": 0.5, ""volf"": ""off"", ""dow"": ""none"", ""big_thr"": 25, ""big_sl"": 30, ""big_tp"": 200, ""std_sl"": 35, ""std_tp"": 50, ""leg_gap"": 20, ""leg_sl"": 25, ""leg_tp"": 90, ""gap_min"": 100, ""be_at"": 2.0, ""partial"": 3.0, ""trail"": 2.0}",351,164,0.226,3.395,-10.65,91,36,0.061,0.521,-5.8,442,200,0.192,3.3,-10.41,38,21,-0.2451,-1.643,-9.4,1817,697,0.0234,1.425,-26.0,1915,770,0.0505,2.643,-26.31,520,208,0.0494,1.339,-17.8,1922,750,0.0558,2.952,-20.35,513,228,0.0296,0.77,-27.37,1916,792,0.0643,3.269,-35.82,519,186,-0.0014,-0.044,-11.18,1895,765,0.0376,1.99,-23.69,540,213,0.0947,2.486,-13.73,2435,978,0.0503,2.963,-30.9,0.0232,0.1294,10.7,13.6,12.2,7.3,11.0,-1.1,-8.6,-0.9,21.9,42.7,6.1,0.0389,0.0819,-0.0333,0.2129,0.0047,-0.019,0.0143,0.3223,True,False,False,True,False,2,True,False,False,False
long,NDX100,L18,"1,3",1.776,"{""entry_tf"": 5, ""vwap"": true, ""time_stop"": 120, ""legs"": true, ""leg_max"": 2, ""legs_mgmt"": ""same"", ""leg_window"": 60, ""ma"": 100, ""dyn"": false, ""entry_mode"": ""close"", ""pb_frac"": 0.7, ""pb_wait"": 5, ""gap"": ""off"", ""body_min"": 0.5, ""volf"": ""off"", ""dow"": ""none"", ""big_thr"": 15, ""big_sl"": 40, ""big_tp"": 130, ""std_sl"": 15, ""std_tp"": 60, ""leg_gap"": 10, ""leg_sl"": 25, ""leg_tp"": 140, ""gap_min"": 20, ""be_at"": 2.0, ""partial"": 0, ""trail"": 0}",351,174,0.2041,2.995,-9.42,91,36,0.0034,0.033,-6.21,442,210,0.1628,2.791,-10.58,38,23,-0.0489,-0.23,-7.35,1817,723,0.0446,1.877,-28.45,1915,806,0.0502,2.031,-32.66,520,218,0.1127,2.373,-9.01,1922,784,0.0727,3.014,-21.78,513,240,0.0292,0.566,-31.41,1916,833,0.0676,2.68,-35.39,519,191,0.0486,1.109,-11.44,1895,799,0.0619,2.51,-22.14,540,225,0.0692,1.448,-20.47,2435,1024,0.0635,2.897,-29.01,0.0464,0.1191,23.4,-4.8,23.0,36.6,27.2,-6.5,-5.0,-5.3,29.5,31.2,11.1,0.1173,0.0985,-0.0353,0.2174,0.0308,0.0992,0.0355,0.1648,True,False,True,True,False,3,True,False,False,False
long,NDX100,L19,1,1.596,"{""entry_tf"": 5, ""vwap"": false, ""time_stop"": 90, ""legs"": true, ""leg_max"": 6, ""legs_mgmt"": ""fixed"", ""leg_window"": 30, ""ma"": 0, ""dyn"": false, ""entry_mode"": ""close"", ""pb_frac"": 0.5, ""pb_wait"": 5, ""gap"": ""off"", ""body_min"": 0.5, ""volf"": ""skip_high"", ""dow"": ""none"", ""big_thr"": 15, ""big_sl"": 50, ""big_tp"": 115, ""std_sl"": 20, ""std_tp"": 0, ""leg_gap"": 15, ""leg_sl"": 25, ""leg_tp"": 115, ""gap_min"": 100, ""be_at"": 0, ""partial"": 3.0, ""trail"": 3.0}",351,178,0.1771,2.678,-8.29,91,41,0.0163,0.108,-12.23,442,219,0.144,2.358,-11.4,38,20,-0.1109,-0.639,-7.95,1817,758,0.0308,1.503,-17.16,1915,828,0.0477,2.2,-15.35,520,221,0.0906,1.94,-12.23,1922,806,0.0569,2.639,-13.15,513,243,0.0568,1.191,-28.15,1916,851,0.062,2.705,-25.61,519,198,0.038,1.003,-15.25,1895,818,0.0571,2.502,-12.87,540,231,0.0559,1.437,-12.23,2435,1049,0.0569,2.878,-17.16,0.0277,0.1334,9.7,-9.5,22.5,25.9,3.6,-6.4,11.6,-4.5,37.8,36.6,3.8,0.0958,0.0745,-0.0348,0.3238,0.04,0.0325,0.0235,0.1479,True,False,True,True,False,3,True,False,False,False
long,NDX100,L20,"1,2,3",1.863,"{""entry_tf"": 5, ""vwap"": true, ""time_stop"": 90, ""legs"": true, ""leg_max"": 4, ""legs_mgmt"": ""fixed"", ""leg_window"": 120, ""ma"": 0, ""dyn"": false, ""entry_mode"": ""close"", ""pb_frac"": 0.5, ""pb_wait"": 5, ""gap"": ""off"", ""body_min"": 0.5, ""volf"": ""off"", ""dow"": ""none"", ""big_thr"": 15, ""big_sl"": 35, ""big_tp"": 100, ""std_sl"": 15, ""std_tp"": 80, ""leg_gap"": 20, ""leg_sl"": 25, ""leg_tp"": 0, ""gap_min"": 0, ""be_at"": 0, ""partial"": 0, ""trail"": 0}",351,207,0.1793,2.423,-10.75,91,47,0.1019,0.564,-9.82,442,254,0.1634,2.348,-15.1,38,21,-0.1755,-0.952,-11.23,1817,913,0.0731,2.557,-19.61,1915,991,0.0665,2.363,-25.6,520,263,0.16,2.616,-9.82,1922,967,0.1072,3.648,-19.62,513,287,0.0088,0.168,-33.36,1916,1003,0.0921,3.164,-37.53,519,251,0.0654,1.198,-21.9,1895,984,0.0791,2.713,-18.04,540,270,0.1121,2.063,-15.14,2435,1254,0.0864,3.364,-26.28,0.0714,0.1257,13.9,-4.4,40.2,40.5,13.0,7.2,35.1,-9.2,27.8,44.9,-1.7,0.1648,0.1452,-0.0352,0.1372,0.0717,0.0474,0.0829,0.1944,True,False,True,True,False,3,True,False,False,False
long,NDX100,L21,1,1.56,"{""entry_tf"": 5, ""vwap"": false, ""time_stop"": 240, ""legs"": true, ""leg_max"": 6, ""legs_mgmt"": ""same"", ""leg_window"": 120, ""ma"": 100, ""dyn"": false, ""entry_mode"": ""close"", ""pb_frac"": 0.5, ""pb_wait"": 30, ""gap"": ""off"", ""body_min"": 0.5, ""volf"": ""off"", ""dow"": ""none"", ""big_thr"": 10, ""big_sl"": 35, ""big_tp"": 150, ""std_sl"": 30, ""std_tp"": 30, ""leg_gap"": 20, ""leg_sl"": 45, ""leg_tp"": 140, ""gap_min"": 100, ""be_at"": 0, ""partial"": 2.0, ""trail"": 0}",351,167,0.2364,3.505,-12.17,91,36,0.0421,0.364,-6.38,442,203,0.1964,3.344,-13.29,38,21,-0.1755,-0.988,-9.16,1817,697,0.0355,1.961,-23.53,1915,773,0.0652,3.168,-20.98,520,208,0.0482,1.231,-11.68,1922,750,0.0696,3.424,-22.62,513,231,0.0312,0.765,-25.37,1916,795,0.07,3.38,-25.46,519,186,0.0302,0.795,-11.83,1895,768,0.0508,2.458,-21.31,540,213,0.0994,2.578,-11.54,2435,981,0.0615,3.38,-23.53,0.0327,0.1381,3.9,6.1,20.4,19.1,9.2,8.4,-11.4,6.8,29.5,40.4,8.8,0.0364,0.0847,-0.0068,0.1419,0.0189,0.0626,0.0415,0.2632,True,False,True,True,False,3,True,False,False,False
long,NDX100,L22,"1,2,3",2.129,"{""entry_tf"": 5, ""vwap"": false, ""time_stop"": 180, ""legs"": true, ""leg_max"": 2, ""legs_mgmt"": ""same"", ""leg_window"": 60, ""ma"": 100, ""dyn"": false, ""entry_mode"": ""close"", ""pb_frac"": 0.3, ""pb_wait"": 15, ""gap"": ""off"", ""body_min"": 0.5, ""volf"": ""off"", ""dow"": ""none"", ""big_thr"": 15, ""big_sl"": 50, ""big_tp"": 115, ""std_sl"": 25, ""std_tp"": 50, ""leg_gap"": 20, ""leg_sl"": 25, ""leg_tp"": 115, ""gap_min"": 100, ""be_at"": 2.0, ""partial"": 0, ""trail"": 1.5}",351,166,0.1887,3.371,-6.35,91,36,-0.0701,-0.878,-6.52,442,202,0.1354,2.842,-8.43,38,21,-0.0181,-0.113,-4.48,1817,697,0.0362,2.202,-16.5,1915,772,0.0478,2.695,-21.65,520,208,0.0577,1.721,-8.28,1922,750,0.0522,3.071,-14.31,513,230,0.0413,1.073,-15.75,1916,794,0.057,3.15,-24.2,519,186,0.0238,0.773,-9.04,1895,767,0.0448,2.511,-20.75,540,213,0.0681,2.064,-14.15,2435,980,0.0499,3.183,-19.07,0.0355,0.0902,14.3,4.0,14.3,21.7,11.8,6.5,-4.6,-0.2,23.6,23.4,8.1,0.0813,-0.0154,-0.0148,0.2048,0.0128,0.0553,0.0261,0.1869,False,False,True,True,False,2,True,False,False,False
long,NDX100,L23,1,1.499,"{""entry_tf"": 1, ""vwap"": false, ""time_stop"": 90, ""legs"": true, ""leg_max"": 6, ""legs_mgmt"": ""same"", ""leg_window"": 60, ""ma"": 100, ""dyn"": false, ""entry_mode"": ""close"", ""pb_frac"": 0.3, ""pb_wait"": 5, ""gap"": ""off"", ""body_min"": 0.5, ""volf"": ""skip_high"", ""dow"": ""none"", ""big_thr"": 10, ""big_sl"": 40, ""big_tp"": 200, ""std_sl"": 30, ""std_tp"": 30, ""leg_gap"": 20, ""leg_sl"": 45, ""leg_tp"": 90, ""gap_min"": 0, ""be_at"": 0, ""partial"": 0, ""trail"": 0}",351,137,0.2195,2.717,-10.25,91,29,-0.0248,-0.229,-8.37,442,166,0.1692,2.485,-11.04,38,16,0.0657,0.296,-7.32,1817,547,0.0275,1.7,-20.32,1915,612,0.0602,2.83,-16.68,520,159,0.0317,0.906,-7.42,1922,608,0.0563,2.717,-21.75,513,163,0.0458,1.171,-17.05,1916,621,0.0705,3.299,-18.01,519,150,-0.0064,-0.188,-17.06,1895,596,0.0427,2.101,-18.83,540,175,0.0943,2.259,-12.35,2435,771,0.0541,2.953,-20.32,0.0259,0.1323,0.9,-5.7,11.5,0.3,-1.1,5.7,5.5,32.3,24.0,55.7,4.6,0.0378,0.0129,-0.0107,0.2106,0.029,-0.1072,0.0237,0.294,True,False,False,True,False,2,True,True,False,False
long,NDX100,L24,"1,3",1.458,"{""entry_tf"": 5, ""vwap"": true, ""time_stop"": 120, ""legs"": true, ""leg_max"": 4, ""legs_mgmt"": ""fixed"", ""leg_window"": 30, ""ma"": 0, ""dyn"": false, ""entry_mode"": ""close"", ""pb_frac"": 0.7, ""pb_wait"": 15, ""gap"": ""off"", ""body_min"": 0.3, ""volf"": ""skip_high"", ""dow"": ""fri"", ""big_thr"": 15, ""big_sl"": 50, ""big_tp"": 150, ""std_sl"": 15, ""std_tp"": 42, ""leg_gap"": 15, ""leg_sl"": 25, ""leg_tp"": 115, ""gap_min"": 20, ""be_at"": 2.0, ""partial"": 3.0, ""trail"": 2.0}",351,193,0.1662,2.342,-7.97,91,47,-0.0042,-0.026,-7.75,442,240,0.1311,2.0,-11.59,38,29,0.3626,0.961,-3.2,1817,853,0.0324,1.447,-28.05,1915,930,0.0398,1.697,-25.31,520,248,0.1178,2.297,-9.44,1922,929,0.0577,2.413,-19.07,513,249,0.0518,1.068,-25.9,1916,942,0.0693,2.78,-32.85,519,236,0.0093,0.226,-17.88,1895,914,0.0585,2.366,-16.19,540,264,0.0494,1.15,-18.22,2435,1178,0.0565,2.63,-28.05,0.0281,0.1272,10.6,-2.9,0.7,9.6,2.8,10.0,26.2,-3.2,35.8,37.1,19.5,0.1347,0.0658,-0.0159,0.2491,0.0162,-0.0104,-0.0069,0.2086,True,False,False,False,False,1,True,True,False,False
long,NDX100,L25,1,1.455,"{""entry_tf"": 5, ""vwap"": true, ""time_stop"": 120, ""legs"": false, ""leg_max"": 1, ""legs_mgmt"": ""same"", ""leg_window"": 120, ""ma"": 100, ""dyn"": false, ""entry_mode"": ""close"", ""pb_frac"": 0.5, ""pb_wait"": 15, ""gap"": ""off"", ""body_min"": 0.5, ""volf"": ""off"", ""dow"": ""none"", ""big_thr"": 20, ""big_sl"": 35, ""big_tp"": 100, ""std_sl"": 35, ""std_tp"": 60, ""leg_gap"": 10, ""leg_sl"": 25, ""leg_tp"": 0, ""gap_min"": 0, ""be_at"": 2.0, ""partial"": 2.0, ""trail"": 2.0}",351,160,0.1942,3.516,-8.29,91,36,-0.0143,-0.153,-6.79,442,196,0.1513,3.149,-10.75,38,21,-0.162,-1.008,-9.86,1817,694,0.0231,1.462,-22.0,1915,765,0.0421,2.416,-31.79,520,205,0.0422,1.264,-14.41,1922,746,0.0501,2.888,-20.63,513,224,0.0122,0.361,-26.5,1916,785,0.0514,2.906,-35.65,519,185,0.0078,0.249,-8.94,1895,757,0.0297,1.719,-28.05,540,213,0.0856,2.507,-13.32,2435,970,0.0421,2.727,-31.08,0.0229,0.098,9.9,-0.6,18.1,15.3,15.3,-2.2,-6.0,-6.2,14.9,36.7,2.8,0.0369,0.0586,-0.0315,0.1398,0.0202,-0.0273,0.0221,0.2656,True,False,False,True,False,2,True,False,False,False
long,NDX100,L26,"1,3",1.846,"{""entry_tf"": 5, ""vwap"": true, ""time_stop"": 999, ""legs"": true, ""leg_max"": 6, ""legs_mgmt"": ""fixed"", ""leg_window"": 120, ""ma"": 0, ""dyn"": false, ""entry_mode"": ""close"", ""pb_frac"": 0.3, ""pb_wait"": 30, ""gap"": ""off"", ""body_min"": 0.5, ""volf"": ""off"", ""dow"": ""fri"", ""big_thr"": 15, ""big_sl"": 40, ""big_tp"": 200, ""std_sl"": 35, ""std_tp"": 80, ""leg_gap"": 15, ""leg_sl"": 35, ""leg_tp"": 140, ""gap_min"": 100, ""be_at"": 2.0, ""partial"": 2.0, ""trail"": 1.0}",351,175,0.1688,2.729,-5.03,91,41,0.0487,0.394,-5.52,442,216,0.1441,2.602,-7.27,38,16,-0.2344,-2.964,-8.71,1817,751,0.0349,2.243,-14.89,1915,826,0.0508,2.783,-14.15,520,218,0.0676,1.943,-6.18,1922,812,0.0452,2.681,-12.75,513,232,0.0887,2.042,-16.11,1916,843,0.0638,3.383,-23.2,519,201,0.0195,0.651,-9.68,1895,817,0.0604,3.209,-13.61,540,227,0.0332,1.079,-14.14,2435,1044,0.0544,3.365,-14.89,0.0329,0.1116,10.2,10.6,14.6,11.7,6.6,4.3,12.7,-7.9,14.7,48.0,-2.6,0.0676,0.0674,0.0253,0.2735,0.0251,0.0034,-0.0037,0.1376,True,True,False,False,False,2,True,False,False,False
long,NDX100,L27,2,2.202,"{""entry_tf"": 5, ""vwap"": false, ""time_stop"": 180, ""legs"": false, ""leg_max"": 1, ""legs_mgmt"": ""fixed"", ""leg_window"": 30, ""ma"": 100, ""dyn"": false, ""entry_mode"": ""close"", ""pb_frac"": 0.3, ""pb_wait"": 5, ""gap"": ""off"", ""body_min"": 0.3, ""volf"": ""skip_high"", ""dow"": ""none"", ""big_thr"": 15, ""big_sl"": 30, ""big_tp"": 200, ""std_sl"": 20, ""std_tp"": 0, ""leg_gap"": 25, ""leg_sl"": 45, ""leg_tp"": 115, ""gap_min"": 20, ""be_at"": 2.0, ""partial"": 0, ""trail"": 2.0}",351,180,0.2543,3.138,-10.8,91,41,-0.1062,-1.054,-11.37,442,221,0.1801,2.65,-13.98,38,30,-0.0829,-0.332,-6.61,1817,833,0.0755,2.775,-31.95,1915,911,0.0776,2.783,-28.3,520,240,0.1117,2.085,-13.48,1922,913,0.0847,3.026,-38.46,513,238,0.0856,1.62,-28.18,1916,918,0.1152,4.021,-26.93,519,233,-0.0274,-0.579,-21.6,1895,879,0.0732,2.666,-28.93,540,272,0.1258,2.24,-15.12,2435,1151,0.0849,3.431,-31.95,0.0692,0.1124,10.4,-8.8,26.1,21.5,42.4,31.5,-7.9,16.9,22.5,31.3,12.5,0.1687,-0.0647,-0.007,0.3557,0.012,-0.1392,0.0516,0.3359,False,False,False,True,False,1,True,False,False,False
long,NDX100,L28,2,2.201,"{""entry_tf"": 5, ""vwap"": true, ""time_stop"": 180, ""legs"": false, ""leg_max"": 4, ""legs_mgmt"": ""same"", ""leg_window"": 120, ""ma"": 100, ""dyn"": false, ""entry_mode"": ""close"", ""pb_frac"": 0.3, ""pb_wait"": 5, ""gap"": ""off"", ""body_min"": 0.3, ""volf"": ""skip_high"", ""dow"": ""none"", ""big_thr"": 15, ""big_sl"": 30, ""big_tp"": 0, ""std_sl"": 30, ""std_tp"": 30, ""leg_gap"": 10, ""leg_sl"": 35, ""leg_tp"": 90, ""gap_min"": 20, ""be_at"": 2.0, ""partial"": 1.5, ""trail"": 0}",351,171,0.2683,3.577,-8.58,91,39,-0.062,-0.604,-9.73,442,210,0.2003,3.154,-9.73,38,29,-0.162,-0.676,-9.79,1817,794,0.0439,2.405,-21.72,1915,864,0.0672,3.152,-25.1,520,231,0.0624,1.574,-10.22,1922,867,0.0675,3.134,-22.27,513,228,0.0613,1.614,-20.15,1916,874,0.0922,4.268,-18.3,519,221,-0.0299,-0.804,-29.82,1895,836,0.0475,2.313,-23.37,540,259,0.1316,2.968,-12.77,2435,1095,0.0662,3.523,-21.72,0.0381,0.1317,-0.9,-2.4,16.8,20.0,30.6,3.4,-8.2,13.5,28.1,26.3,20.8,0.0845,-0.0061,0.0057,0.2234,-0.0341,-0.0179,0.0414,0.3868,False,True,False,True,False,2,True,False,False,False
long,NDX100,L29,2,1.96,"{""entry_tf"": 5, ""vwap"": false, ""time_stop"": 180, ""legs"": true, ""leg_max"": 1, ""legs_mgmt"": ""fixed"", ""leg_window"": 30, ""ma"": 100, ""dyn"": false, ""entry_mode"": ""close"", ""pb_frac"": 0.5, ""pb_wait"": 30, ""gap"": ""off"", ""body_min"": 0.5, ""volf"": ""off"", ""dow"": ""none"", ""big_thr"": 15, ""big_sl"": 30, ""big_tp"": 150, ""std_sl"": 30, ""std_tp"": 80, ""leg_gap"": 15, ""leg_sl"": 25, ""leg_tp"": 115, ""gap_min"": 20, ""be_at"": 1.5, ""partial"": 1.5, ""trail"": 3.0}",351,165,0.1813,2.968,-8.61,91,36,-0.0125,-0.129,-5.3,442,201,0.1414,2.688,-10.99,38,22,-0.2773,-1.807,-9.95,1817,705,0.0287,1.668,-36.06,1915,778,0.0454,2.353,-40.83,520,212,0.0489,1.327,-14.39,1922,760,0.0444,2.391,-31.15,513,230,0.053,1.262,-28.37,1916,802,0.061,3.069,-44.93,519,188,-0.0084,-0.259,-17.87,1895,774,0.038,1.959,-30.7,540,216,0.0747,2.068,-19.4,2435,990,0.0462,2.7,-46.51,0.027,0.0976,9.7,4.7,23.3,20.9,19.8,-7.9,-11.4,-7.5,27.3,24.5,-2.0,0.0569,0.0242,-0.0119,0.2423,-0.0078,-0.0101,0.0196,0.2307,True,False,False,True,False,2,True,False,False,False
long,NDX100,L30,2,1.944,"{""entry_tf"": 5, ""vwap"": true, ""time_stop"": 90, ""legs"": true, ""leg_max"": 6, ""legs_mgmt"": ""same"", ""leg_window"": 120, ""ma"": 100, ""dyn"": true, ""entry_mode"": ""close"", ""pb_frac"": 0.7, ""pb_wait"": 5, ""gap"": ""off"", ""body_min"": 0.5, ""volf"": ""skip_high"", ""dow"": ""none"", ""big_thr"": 25, ""big_sl"": 50, ""big_tp"": 130, ""std_sl"": 20, ""std_tp"": 60, ""leg_gap"": 15, ""leg_sl"": 35, ""leg_tp"": 90, ""gap_min"": 0, ""be_at"": 0, ""partial"": 2.0, ""trail"": 1.5}",351,141,0.1517,2.835,-5.79,91,30,-0.0224,-0.302,-6.91,442,171,0.1158,2.559,-8.31,38,19,-0.2538,-2.596,-9.31,1817,619,0.0427,2.177,-23.93,1915,674,0.0525,2.658,-25.42,520,189,0.0554,1.408,-13.61,1922,664,0.0514,2.633,-25.44,513,199,0.0595,1.454,-26.96,1916,711,0.0691,3.338,-28.5,519,152,-0.0059,-0.184,-13.2,1895,669,0.0499,2.503,-19.54,540,194,0.0645,1.693,-19.23,2435,863,0.0531,3.008,-23.93,0.0449,0.0838,16.4,-10.7,1.1,60.0,22.8,-2.5,-3.1,1.8,20.3,23.8,-2.0,0.0584,0.0461,-0.0056,0.2494,0.0035,-0.0326,0.0347,0.1489,True,False,False,True,False,2,True,False,False,False
long,NDX100,L31,2,1.924,"{""entry_tf"": 5, ""vwap"": false, ""time_stop"": 180, ""legs"": false, ""leg_max"": 1, ""legs_mgmt"": ""fixed"", ""leg_window"": 60, ""ma"": 100, ""dyn"": false, ""entry_mode"": ""close"", ""pb_frac"": 0.3, ""pb_wait"": 15, ""gap"": ""off"", ""body_min"": 0.5, ""volf"": ""off"", ""dow"": ""fri"", ""big_thr"": 25, ""big_sl"": 35, ""big_tp"": 0, ""std_sl"": 25, ""std_tp"": 80, ""leg_gap"": 25, ""leg_sl"": 45, ""leg_tp"": 140, ""gap_min"": 0, ""be_at"": 1.5, ""partial"": 0, ""trail"": 1.5}",351,133,0.1733,3.219,-5.77,91,31,-0.0402,-0.485,-6.7,442,164,0.1293,2.799,-7.14,38,15,-0.1155,-0.976,-7.1,1817,566,0.0453,2.586,-22.24,1915,628,0.0584,3.142,-25.41,520,169,0.0598,1.684,-8.72,1922,622,0.0509,2.798,-22.97,513,175,0.0881,2.298,-15.54,1916,649,0.0721,3.792,-25.11,519,148,0.0095,0.294,-10.7,1895,620,0.0576,3.093,-16.68,540,177,0.0626,1.773,-27.56,2435,797,0.0587,3.564,-22.24,0.043,0.0982,15.2,5.3,13.4,26.7,16.0,12.9,-5.6,-1.8,20.2,38.5,-2.4,0.0776,0.0049,0.0429,0.2199,0.0272,-0.0408,0.0031,0.2309,True,True,False,True,False,3,True,False,False,False
long,NDX100,L32,2,1.877,"{""entry_tf"": 5, ""vwap"": true, ""time_stop"": 180, ""legs"": true, ""leg_max"": 4, ""legs_mgmt"": ""same"", ""leg_window"": 30, ""ma"": 0, ""dyn"": false, ""entry_mode"": ""close"", ""pb_frac"": 0.7, ""pb_wait"": 30, ""gap"": ""off"", ""body_min"": 0.5, ""volf"": ""off"", ""dow"": ""none"", ""big_thr"": 15, ""big_sl"": 35, ""big_tp"": 100, ""std_sl"": 15, ""std_tp"": 60, ""leg_gap"": 20, ""leg_sl"": 25, ""leg_tp"": 115, ""gap_min"": 20, ""be_at"": 1.5, ""partial"": 0, ""trail"": 1.5}",351,207,0.1956,2.785,-12.54,91,47,0.0235,0.218,-6.55,442,254,0.1602,2.663,-11.58,38,21,-0.1112,-0.709,-9.94,1817,913,0.0641,2.643,-20.02,1915,991,0.0497,2.091,-33.71,520,263,0.1636,3.118,-11.03,1922,967,0.0905,3.692,-17.19,513,287,0.0124,0.259,-26.56,1916,1003,0.0868,3.449,-19.62,519,251,0.027,0.629,-20.5,1895,984,0.0717,2.852,-16.81,540,270,0.0824,1.886,-16.93,2435,1254,0.0741,3.393,-23.8,0.0648,0.1032,14.8,-7.6,26.7,39.2,13.4,7.2,30.0,-0.1,26.3,32.9,0.3,0.1849,0.0977,-0.0374,0.1576,0.0475,-0.0312,0.0471,0.1823,True,False,False,True,False,2,True,False,False,False
long,NDX100,L33,3,1.629,"{""entry_tf"": 5, ""vwap"": false, ""time_stop"": 120, ""legs"": true, ""leg_max"": 6, ""legs_mgmt"": ""fixed"", ""leg_window"": 60, ""ma"": 0, ""dyn"": false, ""entry_mode"": ""close"", ""pb_frac"": 0.3, ""pb_wait"": 30, ""gap"": ""off"", ""body_min"": 0.5, ""volf"": ""skip_low"", ""dow"": ""none"", ""big_thr"": 15, ""big_sl"": 40, ""big_tp"": 0, ""std_sl"": 35, ""std_tp"": 80, ""leg_gap"": 25, ""leg_sl"": 25, ""leg_tp"": 90, ""gap_min"": 20, ""be_at"": 0, ""partial"": 0, ""trail"": 2.0}",351,163,0.1121,1.707,-12.99,91,36,0.1342,0.956,-8.24,442,199,0.1167,1.957,-15.08,38,14,-0.242,-2.662,-8.15,1817,711,0.0313,1.566,-25.31,1915,773,0.0225,1.103,-31.03,520,207,0.1451,2.861,-8.24,1922,761,0.0544,2.489,-16.72,513,219,0.027,0.649,-29.11,1916,774,0.0493,2.294,-43.27,519,206,0.0462,1.045,-8.09,1895,765,0.0629,2.744,-19.04,540,215,-0.0013,-0.038,-23.07,2435,980,0.0486,2.513,-29.58,0.0307,0.0995,4.0,-4.1,20.3,11.0,6.9,13.1,24.2,-16.7,27.2,34.7,-9.6,0.1378,0.1678,-0.0225,0.1713,0.0466,0.045,-0.0285,0.0758,True,False,True,False,False,2,True,False,False,False
long,NDX100,L34,3,1.455,"{""entry_tf"": 5, ""vwap"": false, ""time_stop"": 90, ""legs"": true, ""leg_max"": 6, ""legs_mgmt"": ""same"", ""leg_window"": 30, ""ma"": 0, ""dyn"": true, ""entry_mode"": ""close"", ""pb_frac"": 0.7, ""pb_wait"": 15, ""gap"": ""off"", ""body_min"": 0.7, ""volf"": ""off"", ""dow"": ""none"", ""big_thr"": 20, ""big_sl"": 40, ""big_tp"": 0, ""std_sl"": 30, ""std_tp"": 0, ""leg_gap"": 15, ""leg_sl"": 25, ""leg_tp"": 60, ""gap_min"": 0, ""be_at"": 0, ""partial"": 2.0, ""trail"": 0}",351,117,0.1526,2.803,-7.37,91,28,0.0946,0.73,-4.57,442,145,0.1406,2.768,-8.41,38,11,-0.0135,-0.123,-3.1,1817,520,0.0463,2.019,-16.87,1915,568,0.0569,2.561,-18.18,520,156,0.0807,1.636,-8.57,1922,559,0.0689,3.014,-17.93,513,165,0.0363,0.8,-33.53,1916,577,0.068,2.863,-25.08,519,147,0.0399,1.035,-15.0,1895,582,0.0679,2.857,-16.75,540,142,0.0415,1.062,-18.3,2435,724,0.062,3.037,-21.41,0.0432,0.1083,-0.7,2.2,6.2,32.8,6.0,9.2,32.9,-6.1,17.7,34.0,14.7,0.0684,0.1188,-0.0126,0.1791,0.0437,0.029,0.005,0.1449,True,False,True,True,True,3,True,False,False,False
long,NDX100,L35,3,1.427,"{""entry_tf"": 5, ""vwap"": false, ""time_stop"": 999, ""legs"": false, ""leg_max"": 1, ""legs_mgmt"": ""same"", ""leg_window"": 30, ""ma"": 100, ""dyn"": true, ""entry_mode"": ""close"", ""pb_frac"": 0.3, ""pb_wait"": 30, ""gap"": ""off"", ""body_min"": 0.5, ""volf"": ""off"", ""dow"": ""fri"", ""big_thr"": 15, ""big_sl"": 30, ""big_tp"": 200, ""std_sl"": 20, ""std_tp"": 80, ""leg_gap"": 15, ""leg_sl"": 45, ""leg_tp"": 0, ""gap_min"": 50, ""be_at"": 0, ""partial"": 0, ""trail"": 0}",351,133,0.2264,2.269,-19.14,91,31,-0.0122,-0.078,-9.5,442,164,0.1773,2.069,-20.56,38,15,-0.1733,-0.872,-7.0,1817,566,0.0692,1.862,-37.07,1915,628,0.0953,2.547,-45.88,520,169,0.0978,1.328,-13.66,1922,622,0.0967,2.571,-28.3,513,175,0.0925,1.28,-25.17,1916,649,0.0917,2.411,-43.14,519,148,0.111,1.605,-23.92,1895,620,0.1056,2.77,-31.45,540,177,0.0615,0.894,-34.87,2435,797,0.0958,2.872,-37.07,0.0653,0.174,11.8,20.2,-5.2,50.7,27.6,35.3,-5.0,-10.7,64.8,4.7,31.4,0.1024,0.0835,0.089,0.1027,0.0771,0.2076,-0.0244,0.3045,True,True,True,False,False,3,True,False,False,False
long,NDX100,L36,3,1.409,"{""entry_tf"": 1, ""vwap"": true, ""time_stop"": 180, ""legs"": true, ""leg_max"": 1, ""legs_mgmt"": ""fixed"", ""leg_window"": 60, ""ma"": 100, ""dyn"": false, ""entry_mode"": ""close"", ""pb_frac"": 0.5, ""pb_wait"": 30, ""gap"": ""with"", ""body_min"": 0.3, ""volf"": ""off"", ""dow"": ""none"", ""big_thr"": 10, ""big_sl"": 50, ""big_tp"": 200, ""std_sl"": 15, ""std_tp"": 0, ""leg_gap"": 10, ""leg_sl"": 35, ""leg_tp"": 0, ""gap_min"": 0, ""be_at"": 1.5, ""partial"": 0, ""trail"": 1.0}",351,115,0.0864,1.896,-8.86,91,25,0.0813,0.711,-5.05,442,140,0.0853,1.977,-9.54,38,10,0.3428,1.119,-0.95,1817,471,0.023,1.581,-20.03,1915,528,0.0208,1.368,-19.55,520,131,0.0607,1.829,-7.92,1922,505,0.0261,1.758,-17.33,513,154,0.0414,1.165,-11.7,1916,518,0.0376,2.31,-15.14,519,141,-0.0013,-0.053,-10.23,1895,521,0.0359,2.207,-13.33,540,138,0.0062,0.24,-9.6,2435,659,0.0293,2.108,-20.03,0.0268,0.0479,8.7,-4.4,-0.9,10.1,9.4,20.0,3.5,4.8,13.7,19.4,9.6,0.0616,0.0576,0.0073,0.1407,-0.0037,0.0053,0.0118,-0.0094,True,True,False,False,False,2,True,True,False,False
long,NDX100,L37,3,1.376,"{""entry_tf"": 1, ""vwap"": true, ""time_stop"": 240, ""legs"": false, ""leg_max"": 1, ""legs_mgmt"": ""same"", ""leg_window"": 120, ""ma"": 100, ""dyn"": false, ""entry_mode"": ""close"", ""pb_frac"": 0.3, ""pb_wait"": 5, ""gap"": ""off"", ""body_min"": 0.3, ""volf"": ""off"", ""dow"": ""none"", ""big_thr"": 15, ""big_sl"": 50, ""big_tp"": 115, ""std_sl"": 25, ""std_tp"": 0, ""leg_gap"": 15, ""leg_sl"": 45, ""leg_tp"": 60, ""gap_min"": 0, ""be_at"": 0, ""partial"": 0, ""trail"": 1.5}",351,203,0.2349,3.971,-6.59,91,47,-0.0402,-0.41,-7.78,442,250,0.1782,3.468,-8.2,38,26,0.1224,0.682,-3.97,1817,926,0.0277,1.283,-33.57,1915,1006,0.0569,2.573,-26.92,520,271,0.0276,0.681,-13.42,1922,998,0.0451,2.083,-29.83,513,279,0.0713,1.631,-11.45,1916,1010,0.0582,2.611,-26.8,519,267,0.0227,0.58,-17.01,1895,1003,0.048,2.197,-21.94,540,274,0.0601,1.415,-17.3,2435,1277,0.0507,2.607,-33.57,0.0277,0.1181,4.8,-16.3,7.2,-4.2,21.5,15.5,4.3,19.9,24.7,35.7,17.2,0.0426,-0.0191,0.0372,0.1708,0.0079,0.0648,-0.0069,0.2496,False,True,False,False,False,1,True,True,False,False
long,NDX100,L38,3,1.45,"{""entry_tf"": 5, ""vwap"": true, ""time_stop"": 60, ""legs"": true, ""leg_max"": 4, ""legs_mgmt"": ""fixed"", ""leg_window"": 120, ""ma"": 0, ""dyn"": false, ""entry_mode"": ""close"", ""pb_frac"": 0.7, ""pb_wait"": 15, ""gap"": ""off"", ""body_min"": 0.5, ""volf"": ""off"", ""dow"": ""none"", ""big_thr"": 20, ""big_sl"": 35, ""big_tp"": 150, ""std_sl"": 15, ""std_tp"": 42, ""leg_gap"": 15, ""leg_sl"": 35, ""leg_tp"": 115, ""gap_min"": 0, ""be_at"": 2.0, ""partial"": 0, ""trail"": 3.0}",351,211,0.1855,2.15,-11.73,91,47,0.1258,0.71,-9.14,442,258,0.1732,2.231,-13.7,38,22,-0.1693,-0.82,-11.9,1817,925,0.0447,1.7,-31.45,1915,1007,0.0436,1.586,-49.08,520,267,0.107,1.833,-16.29,1922,980,0.0615,2.225,-33.84,513,294,0.041,0.71,-35.9,1916,1020,0.0631,2.206,-50.35,519,254,0.0353,0.694,-12.31,1895,999,0.0618,2.143,-35.07,540,275,0.0409,0.829,-24.05,2435,1274,0.0572,2.289,-47.54,0.0463,0.0938,11.8,-0.2,24.6,25.8,13.4,-8.8,30.7,-8.8,8.1,50.2,-6.8,0.097,0.1378,-0.0265,0.2378,0.0502,-0.0073,0.0372,0.0514,True,False,False,True,True,2,True,False,False,False
long,NDX100,LIVE_COMP,,,"{""entry_tf"": 1, ""vwap"": true, ""time_stop"": 120, ""legs"": true, ""leg_max"": 6, ""legs_mgmt"": ""fixed"", ""leg_window"": 120, ""ma"": 0, ""dyn"": false, ""big_thr"": 15, ""big_sl"": 35, ""big_tp"": 115, ""std_sl"": 25, ""std_tp"": 42, ""leg_gap"": 15, ""leg_sl"": 35, ""leg_tp"": 115, ""be_at"": 0, ""partial"": 0, ""trail"": 0, ""entry_mode"": ""close"", ""pb_frac"": 0.5, ""pb_wait"": 15, ""gap"": ""off"", ""gap_min"": 0, ""body_min"": 0, ""volf"": ""off"", ""dow"": ""none""}",351,316,0.3206,2.936,-15.63,91,75,-0.1381,-0.835,-19.11,442,391,0.2261,2.417,-23.0,38,38,0.4139,1.078,-6.31,1817,1564,-0.0305,-1.0,-73.6,1915,1674,0.0369,1.085,-55.34,520,436,-0.0408,-0.657,-33.41,1922,1649,0.0239,0.711,-52.94,513,461,0.0067,0.104,-35.19,1916,1658,0.0173,0.522,-61.3,519,452,0.0315,0.459,-30.89,1895,1647,0.0067,0.198,-77.38,540,463,0.0681,1.073,-23.99,2435,2110,0.0203,0.68,-73.6,-0.026,0.1697,0.4,-15.5,-11.1,-5.2,-8.4,5.2,-7.3,-7.7,34.1,49.6,37.0,-0.0415,-0.0386,-0.059,0.1983,-0.0226,0.1852,-0.0015,0.265,False,False,False,False,False,0,True,True,False,False
long,NDX100,LIVE_COMP+MA100,,,"{""entry_tf"": 1, ""vwap"": true, ""time_stop"": 120, ""legs"": true, ""leg_max"": 6, ""legs_mgmt"": ""fixed"", ""leg_window"": 120, ""ma"": 100, ""dyn"": false, ""big_thr"": 15, ""big_sl"": 35, ""big_tp"": 115, ""std_sl"": 25, ""std_tp"": 42, ""leg_gap"": 15, ""leg_sl"": 35, ""leg_tp"": 115, ""be_at"": 0, ""partial"": 0, ""trail"": 0, ""entry_mode"": ""close"", ""pb_frac"": 0.5, ""pb_wait"": 15, ""gap"": ""off"", ""gap_min"": 0, ""body_min"": 0, ""volf"": ""off"", ""dow"": ""none""}",351,250,0.2987,3.119,-12.55,91,60,-0.0118,-0.075,-10.34,442,310,0.2347,2.835,-12.55,38,37,0.4416,1.155,-6.31,1817,1198,-0.0028,-0.112,-35.67,1915,1306,0.0568,1.941,-28.57,520,345,-0.0023,-0.042,-21.66,1922,1297,0.0357,1.245,-36.33,513,354,0.0761,1.307,-30.39,1916,1304,0.0562,1.928,-30.28,519,347,-0.0001,-0.002,-23.64,1895,1279,0.0363,1.251,-37.0,540,372,0.0717,1.298,-20.5,2435,1651,0.0442,1.718,-35.67,0.0003,0.1824,2.1,-15.5,9.8,-3.3,2.8,-5.7,5.5,5.0,38.1,60.5,30.9,-0.0169,0.0431,-0.0232,0.3658,-0.0192,0.0542,0.0121,0.2405,False,False,False,True,False,1,True,True,False,False
long,NQ,L0,"0,1,3",2.203,"{""entry_tf"": 5, ""vwap"": true, ""time_stop"": 240, ""legs"": false, ""leg_max"": 1, ""legs_mgmt"": ""fixed"", ""leg_window"": 30, ""ma"": 100, ""dyn"": true, ""entry_mode"": ""close"", ""pb_frac"": 0.7, ""pb_wait"": 15, ""gap"": ""off"", ""body_min"": 0.5, ""volf"": ""off"", ""dow"": ""none"", ""big_thr"": 15, ""big_sl"": 35, ""big_tp"": 115, ""std_sl"": 25, ""std_tp"": 50, ""leg_gap"": 15, ""leg_sl"": 35, ""leg_tp"": 60, ""gap_min"": 20, ""be_at"": 0, ""partial"": 3.0, ""trail"": 3.0}",352,159,0.2619,3.582,-8.29,91,36,0.102,0.801,-7.76,443,195,0.229,3.59,-10.36,53,25,-0.1768,-1.321,-11.07,1820,666,0.0562,2.19,-23.72,1918,738,0.0947,3.578,-25.82,521,198,0.0277,0.575,-15.13,1925,722,0.0878,3.367,-20.74,514,214,0.0526,1.031,-30.58,1920,754,0.0741,2.814,-33.2,519,182,0.1036,2.107,-12.36,1898,732,0.0829,3.157,-19.29,541,204,0.0715,1.438,-22.86,2439,936,0.0804,3.461,-28.41,0.0562,0.1516,5.4,-2.7,23.6,50.8,21.2,6.7,-6.2,3.4,27.6,39.7,17.2,0.0051,0.0977,-0.0056,0.2227,0.1296,0.03,0.0028,0.2665,False,False,True,True,False,2,True,False,False,False
long,NQ,L1,0,2.192,"{""entry_tf"": 5, ""vwap"": false, ""time_stop"": 180, ""legs"": false, ""leg_max"": 1, ""legs_mgmt"": ""fixed"", ""leg_window"": 60, ""ma"": 100, ""dyn"": true, ""entry_mode"": ""close"", ""pb_frac"": 0.3, ""pb_wait"": 5, ""gap"": ""off"", ""body_min"": 0.5, ""volf"": ""off"", ""dow"": ""none"", ""big_thr"": 15, ""big_sl"": 30, ""big_tp"": 130, ""std_sl"": 20, ""std_tp"": 30, ""leg_gap"": 20, ""leg_sl"": 35, ""leg_tp"": 0, ""gap_min"": 100, ""be_at"": 2.0, ""partial"": 3.0, ""trail"": 2.0}",352,159,0.2301,3.318,-9.95,91,36,0.0071,0.064,-6.67,443,195,0.1843,3.08,-9.25,53,25,-0.1501,-1.211,-6.92,1820,668,0.0712,2.937,-26.7,1918,740,0.0948,3.799,-26.52,521,198,0.0515,1.123,-11.56,1925,724,0.0927,3.73,-25.94,514,214,0.0588,1.261,-25.51,1920,756,0.0872,3.504,-29.98,519,182,0.0795,1.712,-16.34,1898,732,0.0763,3.125,-23.9,541,206,0.1183,2.386,-16.48,2439,938,0.0856,3.9,-26.7,0.0712,0.128,4.3,5.2,22.2,69.1,22.9,3.0,-5.5,8.4,26.4,34.3,10.5,0.0479,0.0626,0.0087,0.205,0.1251,-0.0501,0.0532,0.3027,True,True,False,True,True,3,True,False,False,False
long,NQ,L2,0,2.079,"{""entry_tf"": 1, ""vwap"": false, ""time_stop"": 999, ""legs"": false, ""leg_max"": 1, ""legs_mgmt"": ""same"", ""leg_window"": 30, ""ma"": 100, ""dyn"": false, ""entry_mode"": ""close"", ""pb_frac"": 0.3, ""pb_wait"": 30, ""gap"": ""off"", ""body_min"": 0.5, ""volf"": ""off"", ""dow"": ""none"", ""big_thr"": 15, ""big_sl"": 35, ""big_tp"": 200, ""std_sl"": 15, ""std_tp"": 42, ""leg_gap"": 10, ""leg_sl"": 45, ""leg_tp"": 0, ""gap_min"": 20, ""be_at"": 0.5, ""partial"": 0, ""trail"": 2.0}",352,152,0.1777,2.753,-5.98,91,30,-0.0807,-1.018,-11.2,443,182,0.1246,2.306,-8.24,53,23,0.0011,0.01,-5.32,1820,632,0.0453,2.419,-16.22,1918,700,0.0639,3.219,-14.49,521,185,0.0086,0.246,-18.22,1925,688,0.0522,2.639,-12.93,514,197,0.0518,1.452,-12.61,1920,712,0.0538,2.721,-18.67,519,173,0.0458,1.282,-7.07,1898,690,0.0492,2.522,-16.83,541,195,0.0623,1.656,-8.69,2439,885,0.0521,3.008,-16.22,0.0453,0.0721,8.4,2.2,-2.0,34.2,-0.3,28.3,0.0,11.7,0.5,27.4,16.8,0.0378,-0.082,0.0369,0.0954,0.0726,-0.0305,0.0125,0.2034,False,True,False,True,False,2,True,True,False,False
long,NQ,L3,"0,1,2",2.456,"{""entry_tf"": 5, ""vwap"": false, ""time_stop"": 999, ""legs"": false, ""leg_max"": 4, ""legs_mgmt"": ""fixed"", ""leg_window"": 120, ""ma"": 0, ""dyn"": false, ""entry_mode"": ""close"", ""pb_frac"": 0.7, ""pb_wait"": 15, ""gap"": ""off"", ""body_min"": 0.5, ""volf"": ""off"", ""dow"": ""none"", ""big_thr"": 10, ""big_sl"": 30, ""big_tp"": 80, ""std_sl"": 35, ""std_tp"": 42, ""leg_gap"": 15, ""leg_sl"": 35, ""leg_tp"": 90, ""gap_min"": 100, ""be_at"": 0, ""partial"": 0, ""trail"": 0}",352,194,0.2386,3.311,-9.87,91,45,0.0895,0.7,-8.83,443,239,0.2079,3.298,-12.99,53,25,-0.2145,-1.642,-10.33,1820,871,0.0746,3.148,-18.11,1918,943,0.0864,3.47,-26.45,521,249,0.1121,2.416,-10.58,1925,927,0.1052,4.253,-15.53,514,265,0.042,0.884,-36.34,1920,948,0.111,4.447,-22.53,519,244,0.021,0.458,-18.8,1898,934,0.083,3.357,-19.15,541,258,0.1228,2.587,-11.99,2439,1192,0.0919,4.186,-21.24,0.0746,0.1426,6.6,12.5,30.4,9.2,25.6,12.0,22.8,16.7,24.7,52.7,-0.5,0.0927,0.1721,-0.0051,0.1796,0.0659,-0.1068,0.0497,0.3303,True,False,False,True,False,2,True,False,False,False
long,NQ,L4,0,2.115,"{""entry_tf"": 5, ""vwap"": false, ""time_stop"": 120, ""legs"": false, ""leg_max"": 1, ""legs_mgmt"": ""fixed"", ""leg_window"": 60, ""ma"": 100, ""dyn"": false, ""entry_mode"": ""close"", ""pb_frac"": 0.5, ""pb_wait"": 5, ""gap"": ""off"", ""body_min"": 0.5, ""volf"": ""off"", ""dow"": ""none"", ""big_thr"": 25, ""big_sl"": 35, ""big_tp"": 200, ""std_sl"": 15, ""std_tp"": 80, ""leg_gap"": 15, ""leg_sl"": 25, ""leg_tp"": 0, ""gap_min"": 0, ""be_at"": 2.0, ""partial"": 2.0, ""trail"": 3.0}",352,159,0.2208,3.329,-9.66,91,36,-0.029,-0.301,-6.38,443,195,0.1695,3.0,-10.7,53,25,-0.2142,-1.753,-10.32,1820,668,0.0637,2.83,-28.92,1918,740,0.0758,3.245,-37.43,521,198,0.0606,1.422,-21.46,1925,724,0.079,3.444,-28.21,514,214,0.0486,1.063,-32.91,1920,756,0.0741,3.165,-47.58,519,182,0.0668,1.585,-12.36,1898,732,0.0732,3.162,-31.69,541,206,0.0705,1.594,-15.5,2439,938,0.0726,3.539,-38.25,0.0637,0.0988,12.3,6.0,33.4,42.4,25.3,4.2,-15.2,7.4,7.8,37.3,4.7,0.0701,0.0313,0.0147,0.1477,0.0879,0.0069,0.0322,0.1792,True,True,True,True,True,4,True,False,False,False
long,NQ,L5,"0,1,2",2.337,"{""entry_tf"": 5, ""vwap"": false, ""time_stop"": 180, ""legs"": false, ""leg_max"": 4, ""legs_mgmt"": ""same"", ""leg_window"": 60, ""ma"": 0, ""dyn"": false, ""entry_mode"": ""close"", ""pb_frac"": 0.5, ""pb_wait"": 30, ""gap"": ""off"", ""body_min"": 0.5, ""volf"": ""off"", ""dow"": ""none"", ""big_thr"": 25, ""big_sl"": 40, ""big_tp"": 100, ""std_sl"": 25, ""std_tp"": 80, ""leg_gap"": 15, ""leg_sl"": 25, ""leg_tp"": 0, ""gap_min"": 0, ""be_at"": 1.5, ""partial"": 3.0, ""trail"": 1.5}",352,194,0.1938,3.226,-11.17,91,45,-0.0102,-0.108,-6.66,443,239,0.1519,2.94,-10.14,53,25,-0.106,-0.903,-5.86,1820,871,0.065,3.038,-18.37,1918,943,0.0672,3.105,-27.82,521,249,0.1025,2.431,-7.9,1925,927,0.0849,3.893,-18.15,514,265,0.037,0.9,-31.15,1920,948,0.0831,3.8,-25.45,519,244,0.044,1.083,-9.68,1898,934,0.0729,3.334,-17.94,541,258,0.0813,1.997,-15.63,2439,1192,0.0748,3.881,-23.04,0.065,0.1035,14.9,7.5,42.8,13.0,8.1,16.1,19.9,-3.9,20.1,38.5,-0.1,0.1147,0.0649,-0.003,0.154,0.0735,-0.0398,0.025,0.2409,True,False,False,True,False,2,True,False,False,False
long,NQ,L6,"0,2",2.208,"{""entry_tf"": 5, ""vwap"": true, ""time_stop"": 240, ""legs"": false, ""leg_max"": 1, ""legs_mgmt"": ""same"", ""leg_window"": 120, ""ma"": 100, ""dyn"": false, ""entry_mode"": ""close"", ""pb_frac"": 0.3, ""pb_wait"": 30, ""gap"": ""off"", ""body_min"": 0.3, ""volf"": ""skip_high"", ""dow"": ""none"", ""big_thr"": 25, ""big_sl"": 35, ""big_tp"": 200, ""std_sl"": 30, ""std_tp"": 80, ""leg_gap"": 15, ""leg_sl"": 45, ""leg_tp"": 60, ""gap_min"": 100, ""be_at"": 1.0, ""partial"": 0, ""trail"": 1.5}",352,169,0.2308,3.8,-6.38,91,39,-0.1043,-1.377,-10.85,443,208,0.1619,3.168,-9.49,53,32,-0.1307,-1.124,-7.53,1820,785,0.0432,2.351,-28.98,1918,845,0.067,3.377,-23.45,521,237,0.0209,0.589,-13.63,1925,859,0.0622,3.132,-30.93,514,223,0.0383,1.083,-31.05,1920,864,0.0711,3.634,-22.87,519,218,0.0056,0.149,-14.6,1898,830,0.0466,2.409,-29.71,541,252,0.0944,2.42,-10.53,2439,1082,0.0572,3.294,-28.98,0.0432,0.0984,9.8,2.9,20.2,19.7,16.3,8.6,-10.6,11.7,18.6,25.3,10.1,0.0496,-0.068,-0.0166,0.1988,0.0274,-0.0565,0.0369,0.2575,False,False,False,True,False,1,True,False,False,False
long,NQ,L7,"0,3",1.9,"{""entry_tf"": 5, ""vwap"": false, ""time_stop"": 90, ""legs"": false, ""leg_max"": 2, ""legs_mgmt"": ""same"", ""leg_window"": 120, ""ma"": 100, ""dyn"": true, ""entry_mode"": ""close"", ""pb_frac"": 0.7, ""pb_wait"": 5, ""gap"": ""off"", ""body_min"": 0.3, ""volf"": ""off"", ""dow"": ""none"", ""big_thr"": 10, ""big_sl"": 30, ""big_tp"": 200, ""std_sl"": 20, ""std_tp"": 60, ""leg_gap"": 20, ""leg_sl"": 45, ""leg_tp"": 115, ""gap_min"": 0, ""be_at"": 0, ""partial"": 0, ""trail"": 3.0}",352,215,0.3388,3.473,-9.59,91,48,0.0119,0.076,-7.75,443,263,0.2716,3.227,-10.69,53,38,-0.2981,-1.955,-14.77,1820,999,0.0952,2.454,-47.83,1918,1090,0.1267,3.286,-40.64,521,286,0.0439,0.624,-29.79,1925,1083,0.0933,2.489,-66.7,514,293,0.1678,2.153,-18.41,1920,1087,0.1123,2.924,-42.83,519,289,0.0968,1.354,-22.89,1898,1062,0.1339,3.422,-39.98,541,314,0.0216,0.325,-35.92,2439,1376,0.109,3.221,-56.89,0.0952,0.1498,5.4,25.7,12.8,78.3,40.1,13.2,-11.2,9.0,9.2,56.4,11.3,0.0753,-0.0537,0.0683,0.4589,0.1109,0.0568,-0.0285,0.1639,False,True,True,False,False,2,True,False,False,False
long,NQ,L8,"0,2",2.14,"{""entry_tf"": 5, ""vwap"": true, ""time_stop"": 999, ""legs"": false, ""leg_max"": 2, ""legs_mgmt"": ""fixed"", ""leg_window"": 60, ""ma"": 100, ""dyn"": false, ""entry_mode"": ""close"", ""pb_frac"": 0.3, ""pb_wait"": 15, ""gap"": ""off"", ""body_min"": 0.5, ""volf"": ""off"", ""dow"": ""fri"", ""big_thr"": 25, ""big_sl"": 25, ""big_tp"": 150, ""std_sl"": 20, ""std_tp"": 0, ""leg_gap"": 20, ""leg_sl"": 45, ""leg_tp"": 115, ""gap_min"": 20, ""be_at"": 2.0, ""partial"": 1.0, ""trail"": 3.0}",352,132,0.1396,2.565,-6.18,91,30,-0.0153,-0.186,-5.12,443,162,0.1078,2.317,-6.84,53,18,-0.2624,-3.979,-13.86,1820,543,0.0585,3.253,-20.53,1918,605,0.0632,3.391,-18.96,521,161,0.0665,1.848,-9.54,1925,599,0.0489,2.7,-18.41,514,167,0.1201,3.039,-13.75,1920,621,0.0708,3.705,-23.38,519,145,0.0383,1.183,-12.1,1898,597,0.0774,4.06,-16.19,541,169,0.0165,0.5,-31.52,2439,766,0.0639,3.861,-20.53,0.0585,0.0797,14.8,8.4,23.0,25.7,16.9,21.4,-2.5,-1.2,12.5,22.3,0.6,0.0856,0.0073,0.0941,0.1961,0.0564,-0.0132,-0.0319,0.1537,True,True,False,False,False,2,True,False,False,False
long,NQ,L9,0,1.871,"{""entry_tf"": 5, ""vwap"": true, ""time_stop"": 240, ""legs"": false, ""leg_max"": 1, ""legs_mgmt"": ""fixed"", ""leg_window"": 60, ""ma"": 100, ""dyn"": true, ""entry_mode"": ""close"", ""pb_frac"": 0.5, ""pb_wait"": 5, ""gap"": ""off"", ""body_min"": 0.5, ""volf"": ""off"", ""dow"": ""none"", ""big_thr"": 25, ""big_sl"": 40, ""big_tp"": 200, ""std_sl"": 35, ""std_tp"": 80, ""leg_gap"": 25, ""leg_sl"": 35, ""leg_tp"": 60, ""gap_min"": 50, ""be_at"": 0, ""partial"": 0, ""trail"": 1.5}",352,159,0.1937,3.246,-8.38,91,36,-0.0488,-0.546,-5.99,443,195,0.1439,2.818,-9.11,53,25,-0.0864,-0.64,-6.46,1820,666,0.0697,3.079,-24.73,1918,738,0.0862,3.797,-21.94,521,198,0.0517,1.216,-10.63,1925,722,0.0834,3.702,-21.25,514,214,0.0618,1.411,-21.97,1920,754,0.0828,3.604,-26.59,519,182,0.0643,1.585,-9.57,1898,732,0.0799,3.496,-24.12,541,204,0.0753,1.808,-16.4,2439,936,0.0789,3.936,-24.73,0.0697,0.1059,4.2,-2.3,19.7,67.9,16.5,21.6,-7.7,6.9,22.0,34.6,4.4,0.0604,0.0249,0.0247,0.1703,0.083,0.0111,0.019,0.2351,True,True,True,True,True,4,True,False,False,False
long,NQ,L10,0,1.858,"{""entry_tf"": 5, ""vwap"": true, ""time_stop"": 240, ""legs"": true, ""leg_max"": 1, ""legs_mgmt"": ""fixed"", ""leg_window"": 120, ""ma"": 100, ""dyn"": true, ""entry_mode"": ""close"", ""pb_frac"": 0.7, ""pb_wait"": 30, ""gap"": ""off"", ""body_min"": 0.5, ""volf"": ""off"", ""dow"": ""fri"", ""big_thr"": 25, ""big_sl"": 30, ""big_tp"": 0, ""std_sl"": 20, ""std_tp"": 50, ""leg_gap"": 25, ""leg_sl"": 35, ""leg_tp"": 0, ""gap_min"": 50, ""be_at"": 2.0, ""partial"": 2.0, ""trail"": 0}",352,136,0.1519,2.288,-9.85,91,30,-0.0542,-0.596,-7.84,443,166,0.1096,1.953,-10.98,53,18,-0.1177,-0.935,-6.25,1820,558,0.0957,3.521,-22.04,1918,622,0.0968,3.543,-20.83,521,166,0.1029,1.89,-10.24,1925,614,0.0835,3.162,-22.15,514,174,0.1527,2.529,-12.82,1920,639,0.1082,3.773,-19.03,519,149,0.0606,1.385,-14.75,1898,618,0.1167,4.139,-13.99,541,170,0.0328,0.678,-31.97,2439,788,0.0981,4.015,-22.04,0.0957,0.105,-4.6,28.4,31.1,65.1,26.2,15.8,1.1,11.2,33.6,3.8,21.4,0.1396,-0.0111,0.1224,0.2415,0.0749,0.02,-0.0221,0.1884,False,True,True,False,False,2,True,False,False,False
long,NQ,L11,"0,1,3",1.991,"{""entry_tf"": 5, ""vwap"": true, ""time_stop"": 90, ""legs"": false, ""leg_max"": 6, ""legs_mgmt"": ""fixed"", ""leg_window"": 60, ""ma"": 100, ""dyn"": true, ""entry_mode"": ""close"", ""pb_frac"": 0.3, ""pb_wait"": 30, ""gap"": ""off"", ""body_min"": 0.5, ""volf"": ""skip_high"", ""dow"": ""none"", ""big_thr"": 20, ""big_sl"": 50, ""big_tp"": 115, ""std_sl"": 25, ""std_tp"": 60, ""leg_gap"": 20, ""leg_sl"": 35, ""leg_tp"": 60, ""gap_min"": 50, ""be_at"": 1.0, ""partial"": 0, ""trail"": 2.0}",352,130,0.1592,3.363,-8.25,91,31,-0.0557,-0.752,-6.32,443,161,0.115,2.82,-11.34,53,22,-0.2162,-2.662,-10.44,1820,544,0.0451,2.633,-16.6,1918,596,0.0557,3.227,-19.23,521,168,0.0687,1.994,-9.41,1925,594,0.0653,3.738,-16.7,514,170,0.0328,0.997,-25.32,1920,624,0.0646,3.643,-26.28,519,140,0.0358,1.155,-13.66,1898,591,0.0559,3.226,-13.06,541,173,0.0673,1.991,-13.02,2439,764,0.0585,3.787,-18.26,0.0451,0.0977,6.7,-0.7,18.5,48.7,16.7,-1.5,-0.8,-5.5,27.6,23.3,-1.9,0.0764,0.0448,-0.0216,0.1916,0.0662,-0.0507,0.0179,0.2074,True,False,False,True,False,2,True,False,False,False
long,NQ,L12,"0,2",2.321,"{""entry_tf"": 5, ""vwap"": true, ""time_stop"": 60, ""legs"": false, ""leg_max"": 4, ""legs_mgmt"": ""fixed"", ""leg_window"": 120, ""ma"": 0, ""dyn"": true, ""entry_mode"": ""close"", ""pb_frac"": 0.3, ""pb_wait"": 15, ""gap"": ""off"", ""body_min"": 0.5, ""volf"": ""off"", ""dow"": ""none"", ""big_thr"": 20, ""big_sl"": 30, ""big_tp"": 0, ""std_sl"": 20, ""std_tp"": 30, ""leg_gap"": 20, ""leg_sl"": 35, ""leg_tp"": 90, ""gap_min"": 0, ""be_at"": 0, ""partial"": 0, ""trail"": 2.0}",352,194,0.2005,2.447,-14.73,91,45,0.0685,0.465,-6.97,443,239,0.1734,2.413,-14.58,53,25,-0.1677,-1.438,-7.86,1820,869,0.092,3.01,-28.27,1918,941,0.0954,3.133,-25.07,521,249,0.1112,1.871,-15.38,1925,925,0.1039,3.411,-30.5,514,265,0.0795,1.34,-30.7,1920,946,0.1036,3.411,-22.32,519,244,0.0811,1.349,-19.54,1898,934,0.0989,3.174,-22.77,541,256,0.0984,1.801,-14.11,2439,1190,0.0988,3.644,-28.27,0.092,0.1189,-3.9,-2.4,37.7,64.0,12.8,14.5,31.6,13.0,31.4,31.3,2.0,0.1154,0.0981,0.025,0.2391,0.1228,-0.0376,0.0654,0.1917,True,True,False,True,False,3,True,False,False,False
long,NQ,L13,0,1.85,"{""entry_tf"": 5, ""vwap"": true, ""time_stop"": 60, ""legs"": true, ""leg_max"": 6, ""legs_mgmt"": ""fixed"", ""leg_window"": 30, ""ma"": 100, ""dyn"": false, ""entry_mode"": ""close"", ""pb_frac"": 0.5, ""pb_wait"": 5, ""gap"": ""off"", ""body_min"": 0.5, ""volf"": ""off"", ""dow"": ""fri"", ""big_thr"": 25, ""big_sl"": 30, ""big_tp"": 130, ""std_sl"": 20, ""std_tp"": 80, ""leg_gap"": 15, ""leg_sl"": 25, ""leg_tp"": 90, ""gap_min"": 100, ""be_at"": 1.5, ""partial"": 1.5, ""trail"": 1.5}",352,140,0.1312,2.466,-5.08,91,30,-0.0503,-0.724,-4.84,443,170,0.0939,2.098,-7.01,53,19,-0.2941,-4.163,-15.04,1820,551,0.0347,2.456,-25.24,1918,619,0.0463,2.864,-27.89,521,166,0.0393,1.34,-9.64,1925,609,0.0385,2.513,-16.06,514,176,0.0684,1.952,-17.82,1920,637,0.0501,3.033,-31.87,519,148,0.0252,0.953,-10.81,1898,615,0.0476,2.96,-20.22,541,170,0.0352,1.168,-26.21,2439,785,0.0448,3.161,-26.1,0.0347,0.0745,11.2,9.0,11.6,32.8,13.8,6.2,-11.1,-10.3,15.9,28.1,-13.5,0.0422,0.0304,0.0291,0.1831,0.0488,-0.0417,-0.0132,0.1725,True,True,False,False,True,2,True,False,False,False
long,NQ,L14,"0,1,3",2.009,"{""entry_tf"": 5, ""vwap"": false, ""time_stop"": 999, ""legs"": false, ""leg_max"": 2, ""legs_mgmt"": ""same"", ""leg_window"": 30, ""ma"": 100, ""dyn"": false, ""entry_mode"": ""close"", ""pb_frac"": 0.5, ""pb_wait"": 30, ""gap"": ""off"", ""body_min"": 0.5, ""volf"": ""off"", ""dow"": ""none"", ""big_thr"": 20, ""big_sl"": 35, ""big_tp"": 200, ""std_sl"": 15, ""std_tp"": 0, ""leg_gap"": 20, ""leg_sl"": 45, ""leg_tp"": 0, ""gap_min"": 20, ""be_at"": 0, ""partial"": 0, ""trail"": 0}",352,159,0.2591,2.589,-15.97,91,36,0.1319,0.583,-8.33,443,195,0.233,2.528,-19.08,53,25,-0.3617,-2.683,-18.14,1820,668,0.1181,3.011,-33.95,1918,740,0.1292,3.281,-31.06,521,198,0.1619,2.035,-18.56,1925,724,0.1346,3.445,-25.21,514,214,0.1422,1.739,-23.93,1920,756,0.1529,3.77,-37.23,519,182,0.0742,1.047,-24.8,1898,732,0.1414,3.469,-32.84,541,206,0.1179,1.681,-14.49,2439,938,0.1362,3.855,-33.95,0.1181,0.1892,21.5,4.9,65.4,40.9,47.2,31.5,-15.2,18.7,50.1,31.7,16.2,0.1391,0.2327,0.122,0.2015,0.0573,0.1223,0.0718,0.2488,True,True,True,True,True,4,True,False,False,False
long,NQ,L15,"1,3",2.299,"{""entry_tf"": 5, ""vwap"": false, ""time_stop"": 999, ""legs"": false, ""leg_max"": 4, ""legs_mgmt"": ""same"", ""leg_window"": 60, ""ma"": 100, ""dyn"": true, ""entry_mode"": ""close"", ""pb_frac"": 0.5, ""pb_wait"": 15, ""gap"": ""off"", ""body_min"": 0.5, ""volf"": ""off"", ""dow"": ""none"", ""big_thr"": 20, ""big_sl"": 50, ""big_tp"": 130, ""std_sl"": 25, ""std_tp"": 30, ""leg_gap"": 15, ""leg_sl"": 45, ""leg_tp"": 115, ""gap_min"": 100, ""be_at"": 0, ""partial"": 0, ""trail"": 1.5}",352,159,0.1978,3.65,-5.59,91,36,-0.0333,-0.384,-5.35,443,195,0.1503,3.212,-7.33,53,25,-0.1839,-1.88,-8.73,1820,668,0.0398,2.124,-25.24,1918,740,0.0573,2.968,-27.2,521,198,0.0686,1.832,-10.04,1925,724,0.0707,3.637,-23.18,514,214,0.0185,0.508,-21.53,1920,756,0.0689,3.475,-21.96,519,182,0.0257,0.769,-13.85,1898,732,0.0534,2.785,-17.25,541,206,0.0818,2.144,-17.47,2439,938,0.0597,3.48,-25.24,0.0398,0.1183,-3.7,-3.4,11.0,45.3,15.2,6.1,-0.7,2.6,25.8,38.7,-1.0,0.0698,0.0648,-0.0265,0.15,0.0359,-0.003,0.0092,0.2877,True,False,False,True,False,2,True,False,False,False
long,NQ,L16,"1,3",1.969,"{""entry_tf"": 1, ""vwap"": false, ""time_stop"": 240, ""legs"": false, ""leg_max"": 4, ""legs_mgmt"": ""fixed"", ""leg_window"": 120, ""ma"": 100, ""dyn"": false, ""entry_mode"": ""close"", ""pb_frac"": 0.5, ""pb_wait"": 30, ""gap"": ""off"", ""body_min"": 0.3, ""volf"": ""off"", ""dow"": ""none"", ""big_thr"": 10, ""big_sl"": 35, ""big_tp"": 150, ""std_sl"": 15, ""std_tp"": 50, ""leg_gap"": 20, ""leg_sl"": 25, ""leg_tp"": 140, ""gap_min"": 100, ""be_at"": 2.0, ""partial"": 2.0, ""trail"": 3.0}",352,210,0.2333,3.227,-12.48,91,53,0.0034,0.027,-8.4,443,263,0.1861,2.954,-14.53,53,35,-0.0663,-0.404,-10.35,1820,962,0.0441,1.811,-30.83,1918,1045,0.0665,2.618,-25.2,521,281,0.0895,1.847,-12.74,1925,1036,0.0744,2.938,-27.56,514,290,0.06,1.228,-24.72,1920,1042,0.0802,3.154,-26.1,519,284,0.0389,0.806,-9.29,1898,1045,0.0744,2.9,-22.75,541,281,0.061,1.302,-16.33,2439,1326,0.0714,3.174,-30.83,0.0441,0.1515,1.4,-10.2,7.5,19.3,19.5,16.8,3.3,22.8,32.9,49.9,7.5,0.1074,0.0339,-0.0059,0.2529,0.044,0.0242,-0.0101,0.2626,True,False,True,False,False,2,True,False,False,False
long,NQ,L17,1,1.912,"{""entry_tf"": 1, ""vwap"": true, ""time_stop"": 999, ""legs"": true, ""leg_max"": 6, ""legs_mgmt"": ""fixed"", ""leg_window"": 30, ""ma"": 100, ""dyn"": false, ""entry_mode"": ""close"", ""pb_frac"": 0.3, ""pb_wait"": 30, ""gap"": ""off"", ""body_min"": 0.3, ""volf"": ""skip_high"", ""dow"": ""none"", ""big_thr"": 15, ""big_sl"": 35, ""big_tp"": 115, ""std_sl"": 30, ""std_tp"": 0, ""leg_gap"": 20, ""leg_sl"": 45, ""leg_tp"": 140, ""gap_min"": 0, ""be_at"": 0, ""partial"": 2.0, ""trail"": 3.0}",352,175,0.2174,3.09,-13.39,91,42,0.0674,0.541,-6.71,443,217,0.1865,3.032,-13.96,53,35,0.0042,0.025,-9.32,1820,743,0.0301,1.466,-23.08,1918,818,0.0531,2.361,-18.5,521,222,0.0699,1.637,-10.98,1925,815,0.0707,3.115,-19.09,514,225,0.0042,0.103,-33.2,1920,827,0.0734,3.225,-16.81,519,213,-0.0052,-0.127,-14.05,1898,817,0.0467,2.076,-18.82,541,223,0.0917,2.152,-11.23,2439,1040,0.0567,2.848,-23.08,0.0301,0.1347,3.5,-11.7,8.4,6.5,29.7,1.4,4.1,12.8,19.8,61.7,2.0,0.0802,0.0379,-0.064,0.2037,0.0169,-0.068,0.024,0.2836,True,False,False,True,False,2,True,True,False,False
long,NQ,L18,"1,3",1.91,"{""entry_tf"": 5, ""vwap"": true, ""time_stop"": 90, ""legs"": true, ""leg_max"": 1, ""legs_mgmt"": ""fixed"", ""leg_window"": 120, ""ma"": 100, ""dyn"": true, ""entry_mode"": ""close"", ""pb_frac"": 0.7, ""pb_wait"": 15, ""gap"": ""off"", ""body_min"": 0.5, ""volf"": ""off"", ""dow"": ""none"", ""big_thr"": 25, ""big_sl"": 50, ""big_tp"": 115, ""std_sl"": 20, ""std_tp"": 80, ""leg_gap"": 10, ""leg_sl"": 35, ""leg_tp"": 60, ""gap_min"": 100, ""be_at"": 2.0, ""partial"": 3.0, ""trail"": 2.0}",352,172,0.2255,3.5,-7.84,91,36,0.0033,0.035,-6.37,443,208,0.1799,3.283,-9.93,53,25,-0.2776,-2.973,-13.69,1820,741,0.0575,2.422,-23.13,1918,817,0.0696,2.906,-39.92,521,217,0.0928,2.053,-10.72,1925,796,0.0757,3.247,-21.02,514,238,0.0702,1.415,-30.32,1920,831,0.0801,3.33,-43.8,519,203,0.0538,1.215,-15.81,1898,813,0.0855,3.502,-18.64,541,221,0.0361,0.859,-26.97,2439,1034,0.0745,3.523,-30.95,0.0575,0.1246,5.4,11.1,21.7,55.7,21.2,0.3,-5.6,-5.2,14.2,52.3,-4.0,0.0902,0.1008,0.0323,0.181,0.067,0.0163,-0.0134,0.1763,True,True,True,False,False,3,True,False,False,False
long,NQ,L19,1,1.911,"{""entry_tf"": 5, ""vwap"": false, ""time_stop"": 240, ""legs"": false, ""leg_max"": 2, ""legs_mgmt"": ""same"", ""leg_window"": 120, ""ma"": 100, ""dyn"": false, ""entry_mode"": ""close"", ""pb_frac"": 0.5, ""pb_wait"": 15, ""gap"": ""off"", ""body_min"": 0.5, ""volf"": ""off"", ""dow"": ""fri"", ""big_thr"": 10, ""big_sl"": 40, ""big_tp"": 100, ""std_sl"": 20, ""std_tp"": 80, ""leg_gap"": 15, ""leg_sl"": 35, ""leg_tp"": 115, ""gap_min"": 0, ""be_at"": 2.0, ""partial"": 0, ""trail"": 3.0}",352,132,0.2019,3.598,-6.22,91,30,0.0014,0.015,-7.22,443,162,0.1607,3.305,-8.28,53,18,-0.02,-0.159,-3.09,1820,545,0.0453,2.49,-24.94,1918,607,0.0605,3.181,-25.6,521,161,0.0833,2.23,-8.4,1925,601,0.0631,3.332,-20.49,514,167,0.0739,1.946,-17.47,1920,623,0.077,3.94,-27.46,519,145,0.0223,0.669,-13.67,1898,597,0.0636,3.321,-15.04,541,171,0.0714,1.965,-22.73,2439,768,0.0654,3.856,-24.94,0.0453,0.1245,22.6,6.2,25.3,20.4,7.9,8.0,-3.7,-4.4,22.6,38.1,15.3,0.0827,0.0849,0.0514,0.1396,0.0443,-0.0402,-0.0207,0.3326,True,True,False,False,True,2,True,False,False,False
long,NQ,L20,"1,3",1.97,"{""entry_tf"": 1, ""vwap"": true, ""time_stop"": 999, ""legs"": true, ""leg_max"": 2, ""legs_mgmt"": ""fixed"", ""leg_window"": 60, ""ma"": 100, ""dyn"": true, ""entry_mode"": ""close"", ""pb_frac"": 0.7, ""pb_wait"": 30, ""gap"": ""off"", ""body_min"": 0.3, ""volf"": ""off"", ""dow"": ""fri"", ""big_thr"": 10, ""big_sl"": 50, ""big_tp"": 0, ""std_sl"": 20, ""std_tp"": 0, ""leg_gap"": 10, ""leg_sl"": 35, ""leg_tp"": 90, ""gap_min"": 100, ""be_at"": 0, ""partial"": 0, ""trail"": 2.0}",352,190,0.2422,2.873,-10.43,91,41,-0.0875,-0.642,-12.24,443,231,0.1745,2.394,-14.52,53,29,-0.0961,-0.613,-8.1,1820,807,0.0854,2.463,-50.03,1918,899,0.0769,2.32,-61.11,521,222,0.2095,2.864,-14.35,1925,873,0.1116,3.347,-30.83,514,248,0.0814,1.125,-44.39,1920,882,0.1122,3.242,-43.35,519,239,0.0795,1.251,-13.52,1898,888,0.1189,3.281,-36.15,541,233,0.0573,1.117,-25.34,2439,1121,0.1053,3.46,-50.03,0.0854,0.1636,9.4,-20.2,9.7,48.3,26.3,49.6,3.9,28.4,54.7,34.4,7.0,0.2739,0.0098,-0.0009,0.3219,0.0965,0.0311,-0.0344,0.3174,True,False,True,False,False,2,True,False,False,False
long,NQ,L21,1,1.805,"{""entry_tf"": 1, ""vwap"": false, ""time_stop"": 90, ""legs"": true, ""leg_max"": 4, ""legs_mgmt"": ""fixed"", ""leg_window"": 60, ""ma"": 100, ""dyn"": false, ""entry_mode"": ""close"", ""pb_frac"": 0.3, ""pb_wait"": 30, ""gap"": ""off"", ""body_min"": 0.5, ""volf"": ""off"", ""dow"": ""none"", ""big_thr"": 15, ""big_sl"": 50, ""big_tp"": 100, ""std_sl"": 35, ""std_tp"": 50, ""leg_gap"": 25, ""leg_sl"": 35, ""leg_tp"": 0, ""gap_min"": 20, ""be_at"": 1.5, ""partial"": 0, ""trail"": 3.0}",352,159,0.1702,3.055,-5.37,91,30,-0.0995,-1.424,-9.03,443,189,0.1148,2.452,-7.5,53,23,-0.0108,-0.088,-7.17,1820,632,0.0279,1.983,-16.24,1918,707,0.0508,3.099,-14.0,521,185,0.0141,0.508,-9.13,1925,693,0.0436,2.704,-13.51,514,199,0.0404,1.362,-9.87,1920,718,0.0452,2.784,-13.81,519,174,0.0347,1.197,-5.47,1898,695,0.0343,2.167,-14.1,541,197,0.0731,2.317,-5.7,2439,892,0.0429,3.028,-16.24,0.0279,0.0872,2.7,0.8,8.3,-5.3,0.4,7.4,3.3,33.1,16.7,35.3,1.4,0.0268,-0.0255,0.0174,0.1077,0.0479,-0.003,0.0273,0.203,False,True,False,True,True,2,True,False,False,False
long,NQ,L22,1,1.767,"{""entry_tf"": 5, ""vwap"": false, ""time_stop"": 90, ""legs"": false, ""leg_max"": 4, ""legs_mgmt"": ""same"", ""leg_window"": 60, ""ma"": 0, ""dyn"": false, ""entry_mode"": ""close"", ""pb_frac"": 0.7, ""pb_wait"": 5, ""gap"": ""off"", ""body_min"": 0.5, ""volf"": ""off"", ""dow"": ""none"", ""big_thr"": 10, ""big_sl"": 40, ""big_tp"": 80, ""std_sl"": 15, ""std_tp"": 42, ""leg_gap"": 15, ""leg_sl"": 45, ""leg_tp"": 90, ""gap_min"": 100, ""be_at"": 1.5, ""partial"": 2.0, ""trail"": 3.0}",352,194,0.1678,2.943,-9.86,91,45,-0.0048,-0.049,-8.37,443,239,0.1323,2.658,-13.2,53,25,-0.1278,-1.051,-5.74,1820,871,0.0418,2.056,-16.08,1918,943,0.0444,2.163,-22.6,521,249,0.111,2.695,-8.37,1925,927,0.0653,3.158,-19.15,514,265,0.0334,0.833,-32.88,1920,948,0.0724,3.449,-25.13,519,244,0.0077,0.203,-13.26,1898,934,0.0592,2.832,-17.86,541,258,0.0565,1.464,-19.87,2439,1192,0.0586,3.188,-19.83,0.0418,0.108,5.3,4.4,27.3,24.4,9.0,0.7,14.3,-9.4,28.4,36.1,-4.4,0.1128,0.1053,-0.0086,0.156,0.0373,-0.0767,-0.0086,0.2411,True,False,False,False,False,1,True,False,False,False
long,NQ,L23,1,2.096,"{""entry_tf"": 5, ""vwap"": false, ""time_stop"": 90, ""legs"": true, ""leg_max"": 4, ""legs_mgmt"": ""same"", ""leg_window"": 120, ""ma"": 100, ""dyn"": false, ""entry_mode"": ""close"", ""pb_frac"": 0.3, ""pb_wait"": 15, ""gap"": ""off"", ""body_min"": 0.5, ""volf"": ""off"", ""dow"": ""fri"", ""big_thr"": 10, ""big_sl"": 50, ""big_tp"": 100, ""std_sl"": 35, ""std_tp"": 60, ""leg_gap"": 15, ""leg_sl"": 25, ""leg_tp"": 140, ""gap_min"": 100, ""be_at"": 1.0, ""partial"": 3.0, ""trail"": 0}",352,140,0.1289,2.866,-6.22,91,30,-0.0547,-0.783,-7.17,443,170,0.0912,2.359,-7.35,53,19,0.0095,0.09,-3.25,1820,553,0.0282,2.313,-15.82,1918,621,0.0399,2.845,-13.75,521,166,0.0473,1.825,-9.5,1925,611,0.0371,2.783,-18.64,514,176,0.0579,1.893,-11.25,1920,639,0.0515,3.599,-24.74,519,148,0.0044,0.186,-11.46,1898,615,0.0393,2.813,-9.67,541,172,0.0492,1.866,-17.05,2439,787,0.0415,3.362,-17.03,0.0282,0.0806,8.7,2.6,15.1,17.6,7.5,6.1,-2.2,-4.0,19.1,20.5,10.7,0.0514,0.0343,0.028,0.1452,0.0216,-0.0446,-0.0089,0.2138,True,True,False,False,True,2,True,True,True,True
long,NQ,L24,"1,2",2.302,"{""entry_tf"": 5, ""vwap"": false, ""time_stop"": 180, ""legs"": false, ""leg_max"": 1, ""legs_mgmt"": ""same"", ""leg_window"": 120, ""ma"": 0, ""dyn"": false, ""entry_mode"": ""close"", ""pb_frac"": 0.3, ""pb_wait"": 30, ""gap"": ""off"", ""body_min"": 0.5, ""volf"": ""skip_low"", ""dow"": ""fri"", ""big_thr"": 20, ""big_sl"": 25, ""big_tp"": 100, ""std_sl"": 35, ""std_tp"": 80, ""leg_gap"": 25, ""leg_sl"": 45, ""leg_tp"": 90, ""gap_min"": 20, ""be_at"": 0, ""partial"": 3.0, ""trail"": 3.0}",352,132,0.1659,2.571,-7.03,91,29,0.0334,0.296,-7.35,443,161,0.1387,2.462,-8.02,53,13,-0.2529,-4.14,-12.36,1820,549,0.0562,2.928,-15.09,1918,607,0.0557,2.728,-21.51,521,158,0.1172,2.86,-7.35,1925,607,0.0705,3.4,-19.61,514,158,0.0625,1.615,-14.15,1920,609,0.0826,3.938,-21.81,519,156,0.0177,0.482,-15.3,1898,593,0.0749,3.629,-11.95,541,172,0.0476,1.207,-22.26,2439,765,0.0688,3.763,-18.39,0.0562,0.1061,7.0,1.1,30.0,12.6,12.5,6.3,29.6,3.0,19.9,31.8,0.5,0.1134,0.1287,0.0454,0.1126,0.0552,-0.0889,-0.0302,0.2685,True,True,False,False,False,2,True,False,False,False
long,NQ,L25,2,2.249,"{""entry_tf"": 5, ""vwap"": false, ""time_stop"": 240, ""legs"": false, ""leg_max"": 2, ""legs_mgmt"": ""fixed"", ""leg_window"": 30, ""ma"": 100, ""dyn"": false, ""entry_mode"": ""close"", ""pb_frac"": 0.3, ""pb_wait"": 15, ""gap"": ""off"", ""body_min"": 0.5, ""volf"": ""off"", ""dow"": ""fri"", ""big_thr"": 10, ""big_sl"": 40, ""big_tp"": 80, ""std_sl"": 30, ""std_tp"": 0, ""leg_gap"": 10, ""leg_sl"": 35, ""leg_tp"": 60, ""gap_min"": 0, ""be_at"": 0, ""partial"": 3.0, ""trail"": 2.0}",352,132,0.1603,3.317,-5.79,91,30,-0.049,-0.626,-7.08,443,162,0.1173,2.806,-7.72,53,18,-0.0468,-0.443,-3.09,1820,545,0.0427,2.756,-21.68,1918,607,0.0524,3.207,-22.5,521,161,0.062,1.971,-8.37,1925,601,0.0539,3.312,-21.7,514,167,0.0566,1.769,-15.98,1920,623,0.0697,4.161,-27.6,519,145,-0.0019,-0.067,-17.0,1898,597,0.0514,3.15,-13.77,541,171,0.0654,2.064,-24.31,2439,768,0.0545,3.755,-21.72,0.0427,0.0889,14.4,8.2,22.6,17.7,17.9,4.9,-2.6,-5.4,16.4,24.9,11.3,0.0724,0.0294,0.0321,0.1284,0.028,-0.087,-0.01,0.2793,True,True,False,False,False,2,True,False,False,False
long,NQ,L26,2,2.245,"{""entry_tf"": 5, ""vwap"": false, ""time_stop"": 60, ""legs"": true, ""leg_max"": 6, ""legs_mgmt"": ""fixed"", ""leg_window"": 120, ""ma"": 0, ""dyn"": true, ""entry_mode"": ""close"", ""pb_frac"": 0.3, ""pb_wait"": 5, ""gap"": ""off"", ""body_min"": 0.5, ""volf"": ""off"", ""dow"": ""none"", ""big_thr"": 25, ""big_sl"": 30, ""big_tp"": 115, ""std_sl"": 20, ""std_tp"": 0, ""leg_gap"": 25, ""leg_sl"": 25, ""leg_tp"": 90, ""gap_min"": 100, ""be_at"": 2.0, ""partial"": 0, ""trail"": 2.0}",352,202,0.2349,2.722,-17.38,91,45,0.0902,0.649,-6.99,443,247,0.2052,2.761,-11.48,53,25,-0.2167,-1.916,-10.45,1820,892,0.1149,3.596,-18.52,1918,969,0.1166,3.669,-24.44,521,255,0.1429,2.284,-20.03,1925,948,0.1292,4.045,-25.59,514,276,0.096,1.565,-30.71,1920,975,0.1294,4.023,-16.8,519,249,0.0957,1.601,-20.56,1898,962,0.1208,3.749,-23.15,541,262,0.127,2.137,-17.94,2439,1224,0.1222,4.313,-25.88,0.1149,0.1436,12.4,22.5,40.5,71.9,5.1,3.8,32.9,20.0,31.8,48.3,-2.6,0.1413,0.1478,0.0503,0.2296,0.15,-0.0588,0.0787,0.2641,True,True,False,True,False,3,True,False,False,False
long,NQ,L27,2,2.234,"{""entry_tf"": 5, ""vwap"": true, ""time_stop"": 180, ""legs"": false, ""leg_max"": 1, ""legs_mgmt"": ""same"", ""leg_window"": 120, ""ma"": 0, ""dyn"": false, ""entry_mode"": ""close"", ""pb_frac"": 0.7, ""pb_wait"": 15, ""gap"": ""off"", ""body_min"": 0.5, ""volf"": ""off"", ""dow"": ""none"", ""big_thr"": 25, ""big_sl"": 40, ""big_tp"": 0, ""std_sl"": 20, ""std_tp"": 80, ""leg_gap"": 25, ""leg_sl"": 45, ""leg_tp"": 0, ""gap_min"": 50, ""be_at"": 0, ""partial"": 2.0, ""trail"": 2.0}",352,194,0.1487,2.309,-13.2,91,45,-0.0302,-0.285,-8.69,443,239,0.112,2.01,-10.07,53,25,-0.0977,-0.685,-5.61,1820,869,0.0741,3.177,-18.74,1918,941,0.0603,2.581,-23.14,521,249,0.1418,2.971,-8.69,1925,925,0.083,3.485,-17.95,514,265,0.0581,1.296,-30.06,1920,946,0.0912,3.818,-23.6,519,244,0.0279,0.631,-16.11,1898,934,0.0791,3.31,-15.54,541,256,0.073,1.647,-15.64,2439,1190,0.0777,3.696,-23.35,0.0741,0.0883,18.2,2.9,42.5,19.1,14.1,13.6,27.1,-2.6,21.8,24.6,3.1,0.1654,0.0683,0.0311,0.1369,0.0504,-0.0362,0.0249,0.2095,True,True,False,True,False,3,True,False,False,False
long,NQ,L28,2,2.177,"{""entry_tf"": 5, ""vwap"": false, ""time_stop"": 180, ""legs"": false, ""leg_max"": 4, ""legs_mgmt"": ""same"", ""leg_window"": 120, ""ma"": 0, ""dyn"": false, ""entry_mode"": ""close"", ""pb_frac"": 0.7, ""pb_wait"": 30, ""gap"": ""off"", ""body_min"": 0.5, ""volf"": ""off"", ""dow"": ""fri"", ""big_thr"": 20, ""big_sl"": 25, ""big_tp"": 80, ""std_sl"": 30, ""std_tp"": 50, ""leg_gap"": 15, ""leg_sl"": 25, ""leg_tp"": 90, ""gap_min"": 100, ""be_at"": 1.5, ""partial"": 2.0, ""trail"": 2.0}",352,158,0.1297,2.396,-7.83,91,38,0.0035,0.036,-5.91,443,196,0.1038,2.182,-9.34,53,18,-0.2708,-3.698,-13.49,1820,708,0.048,2.739,-18.66,1918,771,0.0472,2.575,-17.09,521,200,0.1029,2.805,-8.37,1925,764,0.0617,3.315,-17.49,514,207,0.0493,1.42,-24.43,1920,779,0.0747,3.946,-29.51,519,192,0.0013,0.041,-14.85,1898,757,0.0625,3.365,-16.97,541,214,0.0472,1.345,-21.51,2439,971,0.0591,3.6,-20.41,0.048,0.0916,11.4,6.9,28.2,15.2,13.0,6.7,10.4,-4.3,28.2,22.0,-7.8,0.1067,0.0911,0.0165,0.1452,0.0329,-0.0887,-0.0199,0.2375,True,True,False,False,False,2,True,False,False,False
long,NQ,L29,2,2.17,"{""entry_tf"": 5, ""vwap"": true, ""time_stop"": 999, ""legs"": true, ""leg_max"": 2, ""legs_mgmt"": ""same"", ""leg_window"": 60, ""ma"": 100, ""dyn"": false, ""entry_mode"": ""close"", ""pb_frac"": 0.3, ""pb_wait"": 15, ""gap"": ""off"", ""body_min"": 0.3, ""volf"": ""off"", ""dow"": ""none"", ""big_thr"": 10, ""big_sl"": 35, ""big_tp"": 200, ""std_sl"": 25, ""std_tp"": 80, ""leg_gap"": 20, ""leg_sl"": 25, ""leg_tp"": 90, ""gap_min"": 50, ""be_at"": 1.5, ""partial"": 2.0, ""trail"": 3.0}",352,211,0.2979,3.951,-10.14,91,48,-0.0699,-0.61,-7.49,443,259,0.2223,3.433,-9.42,53,38,-0.1378,-0.788,-9.81,1820,961,0.051,2.143,-20.63,1918,1049,0.0841,3.332,-29.19,521,282,0.0307,0.653,-18.26,1925,1045,0.0739,2.935,-19.91,514,286,0.0681,1.436,-24.79,1920,1054,0.0942,3.703,-21.38,519,277,-0.0069,-0.153,-36.13,1898,1029,0.0597,2.405,-31.79,541,302,0.118,2.382,-13.66,2439,1331,0.0727,3.267,-26.76,0.051,0.1364,13.4,17.0,10.5,17.9,9.5,11.5,-8.2,21.3,26.6,35.1,15.4,0.0404,0.0006,0.0321,0.1735,-0.0225,0.0374,0.0271,0.376,False,True,False,True,False,2,True,False,False,False
long,NQ,L30,2,2.167,"{""entry_tf"": 5, ""vwap"": false, ""time_stop"": 120, ""legs"": false, ""leg_max"": 2, ""legs_mgmt"": ""same"", ""leg_window"": 30, ""ma"": 0, ""dyn"": false, ""entry_mode"": ""close"", ""pb_frac"": 0.3, ""pb_wait"": 30, ""gap"": ""off"", ""body_min"": 0.5, ""volf"": ""off"", ""dow"": ""fri"", ""big_thr"": 10, ""big_sl"": 25, ""big_tp"": 60, ""std_sl"": 35, ""std_tp"": 50, ""leg_gap"": 10, ""leg_sl"": 45, ""leg_tp"": 115, ""gap_min"": 20, ""be_at"": 2.0, ""partial"": 0, ""trail"": 3.0}",352,158,0.1221,2.136,-8.99,91,38,-0.0053,-0.052,-7.19,443,196,0.0959,1.911,-9.5,53,18,-0.3187,-4.827,-15.84,1820,708,0.0489,2.53,-27.9,1918,771,0.0425,2.131,-24.97,521,200,0.0995,2.529,-12.24,1925,764,0.0483,2.425,-23.13,514,207,0.0784,1.986,-15.61,1920,779,0.0715,3.496,-32.58,519,192,-0.0077,-0.218,-14.91,1898,757,0.0659,3.237,-26.72,541,214,0.0153,0.418,-30.02,2439,971,0.0546,3.072,-28.56,0.0489,0.0715,10.0,5.0,29.7,15.3,15.7,11.0,15.4,-13.3,16.8,18.0,-7.4,0.1009,0.095,0.0507,0.1593,0.0189,-0.0834,-0.0304,0.1449,True,True,False,False,False,2,True,False,False,False
long,NQ,L31,2,2.157,"{""entry_tf"": 5, ""vwap"": false, ""time_stop"": 999, ""legs"": false, ""leg_max"": 2, ""legs_mgmt"": ""fixed"", ""leg_window"": 60, ""ma"": 100, ""dyn"": false, ""entry_mode"": ""close"", ""pb_frac"": 0.7, ""pb_wait"": 30, ""gap"": ""off"", ""body_min"": 0.3, ""volf"": ""skip_high"", ""dow"": ""none"", ""big_thr"": 10, ""big_sl"": 30, ""big_tp"": 115, ""std_sl"": 25, ""std_tp"": 0, ""leg_gap"": 25, ""leg_sl"": 25, ""leg_tp"": 0, ""gap_min"": 100, ""be_at"": 1.5, ""partial"": 1.0, ""trail"": 3.0}",352,179,0.158,2.991,-8.5,91,39,-0.1258,-1.628,-13.91,443,218,0.0997,2.205,-12.37,53,34,-0.0847,-0.569,-7.08,1820,820,0.0395,2.125,-29.24,1918,889,0.0495,2.602,-26.77,521,243,0.0202,0.558,-13.26,1925,898,0.0394,2.071,-23.35,514,234,0.0578,1.59,-23.29,1920,903,0.065,3.37,-23.39,519,229,-0.0373,-1.097,-22.71,1898,867,0.0341,1.817,-27.13,541,265,0.0754,1.994,-15.78,2439,1132,0.0433,2.568,-29.24,0.0395,0.0543,7.3,1.1,18.0,15.8,21.7,7.9,-10.6,10.8,11.5,17.0,0.5,0.0455,-0.0582,0.0012,0.2233,-0.0079,-0.1208,0.0247,0.219,False,True,False,True,False,2,True,False,False,False
long,NQ,L32,2,2.151,"{""entry_tf"": 5, ""vwap"": false, ""time_stop"": 240, ""legs"": true, ""leg_max"": 1, ""legs_mgmt"": ""fixed"", ""leg_window"": 30, ""ma"": 0, ""dyn"": true, ""entry_mode"": ""close"", ""pb_frac"": 0.3, ""pb_wait"": 15, ""gap"": ""off"", ""body_min"": 0.5, ""volf"": ""off"", ""dow"": ""none"", ""big_thr"": 20, ""big_sl"": 40, ""big_tp"": 150, ""std_sl"": 15, ""std_tp"": 0, ""leg_gap"": 15, ""leg_sl"": 45, ""leg_tp"": 140, ""gap_min"": 50, ""be_at"": 2.0, ""partial"": 0, ""trail"": 3.0}",352,202,0.1986,2.448,-15.79,91,46,0.0276,0.189,-10.66,443,248,0.1635,2.298,-12.94,53,25,-0.1234,-0.872,-7.4,1820,928,0.1007,2.825,-27.81,1918,1001,0.0795,2.373,-32.87,521,267,0.1938,2.688,-11.58,1925,981,0.1152,3.332,-26.11,514,287,0.0617,0.949,-36.79,1920,1010,0.1103,3.184,-35.96,519,258,0.0803,1.244,-24.9,1898,998,0.1183,3.369,-21.44,541,270,0.0534,0.87,-24.46,2439,1268,0.1039,3.403,-27.81,0.1007,0.1133,27.4,13.1,38.8,55.5,10.2,5.2,23.8,9.2,30.2,26.2,7.2,0.2004,0.173,-0.0002,0.2428,0.14,-0.0893,0.0185,0.1525,True,False,False,True,False,2,True,False,False,False
long,NQ,L33,2,2.138,"{""entry_tf"": 5, ""vwap"": true, ""time_stop"": 90, ""legs"": true, ""leg_max"": 6, ""legs_mgmt"": ""same"", ""leg_window"": 120, ""ma"": 0, ""dyn"": false, ""entry_mode"": ""close"", ""pb_frac"": 0.5, ""pb_wait"": 15, ""gap"": ""off"", ""body_min"": 0.5, ""volf"": ""off"", ""dow"": ""none"", ""big_thr"": 10, ""big_sl"": 25, ""big_tp"": 100, ""std_sl"": 30, ""std_tp"": 80, ""leg_gap"": 15, ""leg_sl"": 45, ""leg_tp"": 140, ""gap_min"": 20, ""be_at"": 0, ""partial"": 1.5, ""trail"": 3.0}",352,207,0.1821,2.624,-9.35,91,47,0.1182,0.85,-7.43,443,254,0.169,2.72,-10.11,53,26,-0.3675,-3.765,-18.43,1820,891,0.0652,3.11,-18.08,1918,970,0.0636,2.855,-30.28,521,260,0.1229,2.691,-7.43,1925,950,0.0825,3.705,-20.05,514,280,0.0531,1.156,-32.62,1920,982,0.0902,3.913,-32.45,519,248,0.0246,0.615,-20.83,1898,967,0.079,3.439,-20.36,541,263,0.0667,1.627,-16.31,2439,1230,0.0763,3.803,-24.73,0.0652,0.1088,9.0,5.1,38.0,19.4,7.6,12.9,36.8,-10.1,11.8,43.9,-7.9,0.1114,0.1585,-0.0055,0.2245,0.071,-0.1073,0.0271,0.1792,True,False,False,True,False,2,True,False,False,False
long,NQ,L34,3,2.028,"{""entry_tf"": 5, ""vwap"": true, ""time_stop"": 120, ""legs"": true, ""leg_max"": 2, ""legs_mgmt"": ""same"", ""leg_window"": 120, ""ma"": 0, ""dyn"": true, ""entry_mode"": ""close"", ""pb_frac"": 0.5, ""pb_wait"": 30, ""gap"": ""off"", ""body_min"": 0.5, ""volf"": ""off"", ""dow"": ""none"", ""big_thr"": 15, ""big_sl"": 50, ""big_tp"": 0, ""std_sl"": 15, ""std_tp"": 50, ""leg_gap"": 10, ""leg_sl"": 35, ""leg_tp"": 140, ""gap_min"": 0, ""be_at"": 1.5, ""partial"": 3.0, ""trail"": 2.0}",352,216,0.1739,2.429,-9.94,91,47,0.0682,0.436,-10.04,443,263,0.1522,2.328,-10.96,53,25,-0.0999,-0.857,-5.71,1820,983,0.0707,2.334,-26.99,1918,1065,0.0471,1.644,-43.75,521,278,0.2144,3.272,-11.4,1925,1039,0.1007,3.42,-23.04,514,304,0.0159,0.261,-47.91,1920,1066,0.0952,3.102,-52.48,519,277,0.0371,0.717,-13.71,1898,1060,0.096,3.073,-27.84,541,283,0.0367,0.762,-20.91,2439,1343,0.0828,3.119,-39.13,0.0707,0.1185,3.3,-6.3,44.9,50.2,18.2,13.0,20.8,-15.4,34.4,36.5,-2.9,0.2247,0.1823,-0.0615,0.2422,0.0737,-0.0669,-0.0009,0.1436,True,False,False,False,False,1,True,False,False,False
long,NQ,L35,3,1.727,"{""entry_tf"": 5, ""vwap"": true, ""time_stop"": 90, ""legs"": false, ""leg_max"": 4, ""legs_mgmt"": ""fixed"", ""leg_window"": 60, ""ma"": 0, ""dyn"": false, ""entry_mode"": ""close"", ""pb_frac"": 0.7, ""pb_wait"": 15, ""gap"": ""off"", ""body_min"": 0.5, ""volf"": ""off"", ""dow"": ""mon"", ""big_thr"": 15, ""big_sl"": 50, ""big_tp"": 130, ""std_sl"": 15, ""std_tp"": 60, ""leg_gap"": 25, ""leg_sl"": 25, ""leg_tp"": 140, ""gap_min"": 20, ""be_at"": 2.0, ""partial"": 3.0, ""trail"": 0}",352,150,0.1392,2.476,-10.25,91,36,-0.015,-0.163,-6.65,443,186,0.1075,2.213,-14.7,53,20,-0.0962,-0.788,-5.65,1820,691,0.0349,1.681,-19.48,1918,743,0.0362,1.759,-20.8,521,200,0.1096,2.551,-12.11,1925,732,0.0607,2.931,-17.63,514,211,0.0187,0.444,-32.65,1920,745,0.0535,2.533,-37.53,519,198,0.0458,1.168,-12.4,1898,736,0.055,2.584,-17.8,541,207,0.0407,1.069,-16.46,2439,943,0.0519,2.788,-19.48,0.0349,0.1016,8.1,2.8,30.6,21.2,3.9,-6.5,8.4,-4.9,40.0,24.1,-6.2,0.1106,0.1067,-0.0416,0.1948,0.0692,-0.0207,0.0091,0.1305,True,False,False,True,True,2,True,False,False,False
long,NQ,L36,3,1.819,"{""entry_tf"": 5, ""vwap"": false, ""time_stop"": 120, ""legs"": true, ""leg_max"": 2, ""legs_mgmt"": ""fixed"", ""leg_window"": 120, ""ma"": 0, ""dyn"": true, ""entry_mode"": ""close"", ""pb_frac"": 0.7, ""pb_wait"": 30, ""gap"": ""off"", ""body_min"": 0.5, ""volf"": ""off"", ""dow"": ""none"", ""big_thr"": 20, ""big_sl"": 40, ""big_tp"": 130, ""std_sl"": 25, ""std_tp"": 0, ""leg_gap"": 20, ""leg_sl"": 25, ""leg_tp"": 115, ""gap_min"": 100, ""be_at"": 2.0, ""partial"": 2.0, ""trail"": 0}",352,202,0.2131,2.958,-9.83,91,47,0.1037,0.616,-8.79,443,249,0.1907,2.849,-10.85,53,25,-0.1348,-1.112,-6.74,1820,905,0.0734,2.66,-20.69,1918,979,0.0816,2.983,-21.56,521,261,0.1219,2.083,-10.56,1925,961,0.0991,3.579,-21.48,514,279,0.0567,1.007,-34.31,1920,988,0.097,3.371,-25.75,519,252,0.065,1.345,-15.03,1898,976,0.0954,3.307,-19.76,541,264,0.0719,1.488,-14.55,2439,1240,0.0902,3.625,-21.04,0.0734,0.1396,8.0,8.7,24.1,44.4,13.4,13.4,19.5,2.1,31.3,46.7,1.3,0.1013,0.1861,-0.012,0.2577,0.1057,-0.0508,0.0323,0.1842,True,False,False,True,True,2,True,False,False,False
long,NQ,L37,3,1.705,"{""entry_tf"": 5, ""vwap"": true, ""time_stop"": 120, ""legs"": false, ""leg_max"": 6, ""legs_mgmt"": ""fixed"", ""leg_window"": 120, ""ma"": 0, ""dyn"": false, ""entry_mode"": ""close"", ""pb_frac"": 0.5, ""pb_wait"": 5, ""gap"": ""off"", ""body_min"": 0.5, ""volf"": ""skip_low"", ""dow"": ""none"", ""big_thr"": 15, ""big_sl"": 35, ""big_tp"": 80, ""std_sl"": 30, ""std_tp"": 60, ""leg_gap"": 20, ""leg_sl"": 25, ""leg_tp"": 0, ""gap_min"": 100, ""be_at"": 0, ""partial"": 3.0, ""trail"": 3.0}",352,160,0.1656,2.855,-11.03,91,35,0.0318,0.323,-7.07,443,195,0.1381,2.741,-13.1,53,18,-0.2277,-2.436,-11.21,1820,680,0.0359,1.938,-17.27,1918,741,0.0462,2.37,-24.21,521,202,0.0889,2.304,-7.62,1925,740,0.0586,2.99,-17.8,514,203,0.0427,1.134,-27.69,1920,744,0.0662,3.357,-27.62,519,199,0.0148,0.402,-14.92,1898,737,0.0581,2.945,-17.24,541,206,0.0453,1.23,-15.22,2439,943,0.0553,3.178,-24.18,0.0359,0.1123,5.0,-3.0,25.5,11.1,14.1,4.5,12.6,-4.4,22.0,43.9,-8.5,0.0772,0.1251,-0.006,0.1851,0.0481,-0.08,-0.0065,0.192,True,False,False,False,False,1,True,False,False,False
long,NQ,L38,3,1.612,"{""entry_tf"": 5, ""vwap"": false, ""time_stop"": 240, ""legs"": false, ""leg_max"": 6, ""legs_mgmt"": ""fixed"", ""leg_window"": 30, ""ma"": 0, ""dyn"": false, ""entry_mode"": ""close"", ""pb_frac"": 0.7, ""pb_wait"": 30, ""gap"": ""off"", ""body_min"": 0.5, ""volf"": ""off"", ""dow"": ""none"", ""big_thr"": 15, ""big_sl"": 50, ""big_tp"": 150, ""std_sl"": 25, ""std_tp"": 50, ""leg_gap"": 20, ""leg_sl"": 35, ""leg_tp"": 140, ""gap_min"": 100, ""be_at"": 0, ""partial"": 0, ""trail"": 0}",352,194,0.1816,2.553,-13.13,91,45,0.0022,0.017,-8.3,443,239,0.1447,2.328,-13.59,53,25,-0.106,-0.699,-8.3,1820,871,0.0472,2.113,-18.46,1918,943,0.0521,2.22,-28.48,521,249,0.1259,2.649,-11.92,1925,927,0.0728,3.063,-17.07,514,265,0.0496,1.084,-28.2,1920,948,0.0707,2.983,-34.96,519,244,0.0575,1.246,-16.12,1898,934,0.0793,3.283,-14.51,541,258,0.0278,0.647,-21.93,2439,1192,0.0679,3.22,-18.46,0.0472,0.1289,15.2,7.1,28.4,12.4,-1.7,21.2,9.9,-6.7,39.1,33.0,2.1,0.1296,0.1145,0.0113,0.1616,0.0584,0.0546,-0.0268,0.1825,True,True,True,False,False,3,True,False,False,False
long,NQ,L39,3,1.566,"{""entry_tf"": 5, ""vwap"": false, ""time_stop"": 180, ""legs"": true, ""leg_max"": 1, ""legs_mgmt"": ""fixed"", ""leg_window"": 120, ""ma"": 0, ""dyn"": false, ""entry_mode"": ""close"", ""pb_frac"": 0.7, ""pb_wait"": 15, ""gap"": ""off"", ""body_min"": 0.5, ""volf"": ""skip_high"", ""dow"": ""none"", ""big_thr"": 15, ""big_sl"": 40, ""big_tp"": 100, ""std_sl"": 30, ""std_tp"": 80, ""leg_gap"": 20, ""leg_sl"": 45, ""leg_tp"": 60, ""gap_min"": 100, ""be_at"": 2.0, ""partial"": 3.0, ""trail"": 1.0}",352,166,0.1432,3.14,-5.31,91,41,-0.0246,-0.39,-5.69,443,207,0.1087,2.815,-6.03,53,22,-0.2011,-3.83,-10.37,1820,721,0.0332,2.313,-12.52,1918,782,0.0431,2.872,-12.99,521,211,0.0539,1.86,-5.84,1925,773,0.0544,3.596,-10.63,514,220,0.0118,0.419,-31.45,1920,800,0.0433,2.883,-22.3,519,193,0.0533,1.84,-7.36,1898,773,0.0474,3.099,-11.44,541,220,0.0388,1.424,-10.65,2439,993,0.0454,3.408,-12.52,0.0332,0.0816,10.0,-1.3,32.3,10.5,-0.2,1.7,7.5,-0.2,17.3,25.7,-3.1,0.0602,0.0344,-0.0453,0.1787,0.0799,-0.0221,0.0127,0.1128,True,False,False,True,True,2,True,False,False,False
long,NQ,L40,3,1.549,"{""entry_tf"": 1, ""vwap"": true, ""time_stop"": 90, ""legs"": true, ""leg_max"": 4, ""legs_mgmt"": ""same"", ""leg_window"": 60, ""ma"": 100, ""dyn"": true, ""entry_mode"": ""close"", ""pb_frac"": 0.5, ""pb_wait"": 15, ""gap"": ""off"", ""body_min"": 0.5, ""volf"": ""off"", ""dow"": ""none"", ""big_thr"": 10, ""big_sl"": 50, ""big_tp"": 150, ""std_sl"": 20, ""std_tp"": 50, ""leg_gap"": 10, ""leg_sl"": 35, ""leg_tp"": 60, ""gap_min"": 50, ""be_at"": 1.5, ""partial"": 0, ""trail"": 3.0}",352,179,0.2113,3.113,-5.2,91,33,-0.0604,-0.649,-8.09,443,212,0.1555,2.706,-7.22,53,23,-0.091,-0.882,-5.77,1820,699,0.0408,1.732,-28.13,1918,780,0.0571,2.394,-41.24,521,209,0.0544,1.158,-15.54,1925,763,0.0617,2.612,-22.55,514,226,0.037,0.763,-30.67,1920,800,0.0573,2.346,-35.65,519,189,0.0537,1.255,-10.25,1898,771,0.0578,2.375,-20.49,541,218,0.0519,1.19,-20.04,2439,989,0.0565,2.657,-28.13,0.0408,0.1027,9.8,-4.2,-14.3,27.1,8.6,8.4,6.0,32.8,8.3,50.5,-0.0,0.0832,-0.0347,-0.0118,0.1796,0.0642,0.0237,0.0206,0.1407,False,False,True,True,True,2,True,False,False,False
long,NQ,LIVE_COMP,,,"{""entry_tf"": 1, ""vwap"": true, ""time_stop"": 120, ""legs"": true, ""leg_max"": 6, ""legs_mgmt"": ""fixed"", ""leg_window"": 120, ""ma"": 0, ""dyn"": false, ""big_thr"": 15, ""big_sl"": 35, ""big_tp"": 115, ""std_sl"": 25, ""std_tp"": 42, ""leg_gap"": 15, ""leg_sl"": 35, ""leg_tp"": 115, ""be_at"": 0, ""partial"": 0, ""trail"": 0, ""entry_mode"": ""close"", ""pb_frac"": 0.5, ""pb_wait"": 15, ""gap"": ""off"", ""gap_min"": 0, ""body_min"": 0, ""volf"": ""off"", ""dow"": ""none""}",352,317,0.3318,3.004,-15.24,91,74,-0.1144,-0.692,-16.02,443,391,0.2401,2.542,-20.42,53,52,-0.0455,-0.188,-14.5,1820,1555,0.0004,0.013,-35.55,1918,1658,0.0532,1.562,-35.92,521,443,0.0057,0.089,-27.32,1925,1647,0.0512,1.508,-39.94,514,454,0.0124,0.193,-36.44,1920,1656,0.0502,1.499,-37.59,519,445,0.0165,0.244,-31.14,1898,1640,0.0263,0.773,-42.87,541,461,0.1018,1.589,-21.42,2439,2101,0.0431,1.432,-35.55,0.0004,0.1685,-3.5,-9.6,-9.4,8.8,4.7,16.8,2.0,-9.0,26.8,56.5,18.5,0.018,-0.0325,-0.0438,0.177,-0.0312,0.1524,0.0302,0.3052,False,False,False,True,False,1,True,False,False,False
long,NQ,LIVE_COMP+MA100,,,"{""entry_tf"": 1, ""vwap"": true, ""time_stop"": 120, ""legs"": true, ""leg_max"": 6, ""legs_mgmt"": ""fixed"", ""leg_window"": 120, ""ma"": 100, ""dyn"": false, ""big_thr"": 15, ""big_sl"": 35, ""big_tp"": 115, ""std_sl"": 25, ""std_tp"": 42, ""leg_gap"": 15, ""leg_sl"": 35, ""leg_tp"": 115, ""be_at"": 0, ""partial"": 0, ""trail"": 0, ""entry_mode"": ""close"", ""pb_frac"": 0.5, ""pb_wait"": 15, ""gap"": ""off"", ""gap_min"": 0, ""body_min"": 0, ""volf"": ""off"", ""dow"": ""none""}",352,253,0.3252,3.324,-12.28,91,59,-0.0379,-0.249,-10.09,443,312,0.2506,2.981,-12.28,53,50,-0.0065,-0.027,-13.46,1820,1188,0.0189,0.745,-27.94,1918,1295,0.0723,2.463,-24.79,521,346,0.0202,0.376,-21.12,1925,1289,0.0548,1.906,-31.44,514,352,0.0853,1.463,-26.33,1920,1302,0.0797,2.718,-28.15,519,339,-0.0072,-0.134,-24.21,1898,1273,0.0502,1.725,-26.48,541,368,0.0997,1.796,-18.46,2439,1641,0.0612,2.373,-27.94,0.0189,0.1856,-3.5,-9.6,14.0,8.9,10.0,4.7,7.2,2.7,32.7,64.7,17.1,0.0172,0.0293,-0.0052,0.3498,-0.0273,0.0497,0.0338,0.2864,False,False,False,True,False,1,True,False,False,False
long,SPX500,L0,"0,3",1.212,"{""entry_tf"": 5, ""vwap"": true, ""time_stop"": 999, ""legs"": false, ""leg_max"": 4, ""legs_mgmt"": ""fixed"", ""leg_window"": 30, ""ma"": 100, ""dyn"": false, ""entry_mode"": ""close"", ""pb_frac"": 0.3, ""pb_wait"": 5, ""gap"": ""off"", ""body_min"": 0.5, ""volf"": ""off"", ""dow"": ""none"", ""big_thr"": 15, ""big_sl"": 30, ""big_tp"": 200, ""std_sl"": 35, ""std_tp"": 80, ""leg_gap"": 20, ""leg_sl"": 45, ""leg_tp"": 115, ""gap_min"": 50, ""be_at"": 2.0, ""partial"": 2.0, ""trail"": 0}",352,149,0.1228,1.94,-8.78,91,35,-0.0958,-1.038,-11.56,443,184,0.0779,1.445,-11.48,26,16,-0.1163,-0.421,-10.37,1364,541,0.0302,1.223,-19.82,1567,639,0.0604,2.358,-14.94,416,179,-0.0558,-1.289,-29.69,1561,652,0.0252,1.014,-27.31,422,166,0.0759,1.538,-9.95,1557,641,0.0367,1.498,-23.84,426,177,0.0333,0.647,-14.43,1540,637,0.0288,1.138,-20.17,443,181,0.061,1.32,-12.98,1983,818,0.036,1.621,-20.53,0.026,0.0488,-4.0,7.6,11.5,13.9,-2.9,19.4,-1.1,-6.9,8.3,14.4,4.4,-0.0231,-0.1303,0.0106,0.2211,0.0074,0.0893,0.0408,0.1043,False,True,True,True,False,3,True,False,False,False
long,SPX500,L1,"0,1,2,3",0.934,"{""entry_tf"": 5, ""vwap"": false, ""time_stop"": 120, ""legs"": true, ""leg_max"": 6, ""legs_mgmt"": ""same"", ""leg_window"": 30, ""ma"": 100, ""dyn"": false, ""entry_mode"": ""close"", ""pb_frac"": 0.5, ""pb_wait"": 30, ""gap"": ""off"", ""body_min"": 0.3, ""volf"": ""skip_low"", ""dow"": ""none"", ""big_thr"": 10, ""big_sl"": 50, ""big_tp"": 115, ""std_sl"": 35, ""std_tp"": 30, ""leg_gap"": 10, ""leg_sl"": 35, ""leg_tp"": 115, ""gap_min"": 0, ""be_at"": 2.0, ""partial"": 1.5, ""trail"": 1.0}",352,186,0.1033,2.297,-5.49,91,47,-0.0105,-0.163,-5.05,443,233,0.08,2.096,-5.72,26,15,-0.0032,-0.023,-2.47,1364,618,0.0151,0.943,-19.76,1567,749,0.0347,2.031,-16.92,416,213,0.0047,0.146,-11.87,1561,764,0.0191,1.155,-15.47,422,198,0.0628,1.758,-6.84,1557,762,0.04,2.338,-16.47,426,200,-0.0139,-0.434,-9.67,1540,737,0.0235,1.371,-14.99,443,225,0.0455,1.435,-6.88,1983,962,0.0284,1.884,-19.76,0.0166,0.0579,3.8,-14.3,8.3,24.5,-3.3,2.4,-0.8,3.3,13.9,23.5,-1.6,-0.0098,0.0376,0.0138,0.1718,0.0005,-0.0448,0.0154,0.1099,False,True,False,True,False,2,True,False,False,False
long,SPX500,L2,"0,2",1.04,"{""entry_tf"": 5, ""vwap"": false, ""time_stop"": 180, ""legs"": false, ""leg_max"": 2, ""legs_mgmt"": ""same"", ""leg_window"": 60, ""ma"": 100, ""dyn"": false, ""entry_mode"": ""close"", ""pb_frac"": 0.7, ""pb_wait"": 5, ""gap"": ""off"", ""body_min"": 0.5, ""volf"": ""skip_high"", ""dow"": ""none"", ""big_thr"": 10, ""big_sl"": 50, ""big_tp"": 60, ""std_sl"": 35, ""std_tp"": 60, ""leg_gap"": 20, ""leg_sl"": 35, ""leg_tp"": 0, ""gap_min"": 20, ""be_at"": 2.0, ""partial"": 3.0, ""trail"": 3.0}",352,129,0.0595,1.686,-5.24,91,26,-0.0654,-1.086,-10.34,443,155,0.0338,1.101,-9.19,26,15,-0.1058,-0.655,-6.38,1364,420,0.0169,1.154,-11.66,1567,506,0.0331,2.259,-12.87,416,143,-0.027,-0.931,-17.85,1561,522,0.0119,0.795,-13.68,422,127,0.0523,1.949,-6.22,1557,507,0.0344,2.333,-8.54,426,142,-0.0303,-1.064,-21.64,1540,506,0.0082,0.552,-11.98,443,143,0.0632,2.284,-8.23,1983,649,0.0205,1.565,-12.58,0.0162,0.0283,-0.4,-5.9,9.4,10.3,-2.4,7.3,1.1,3.9,11.6,8.9,-5.7,0.0025,-0.0942,0.0056,0.1559,-0.0254,-0.0406,0.0449,0.1022,False,True,False,True,False,2,True,False,False,False
long,SPX500,L3,0,0.851,"{""entry_tf"": 5, ""vwap"": false, ""time_stop"": 90, ""legs"": false, ""leg_max"": 4, ""legs_mgmt"": ""same"", ""leg_window"": 60, ""ma"": 100, ""dyn"": false, ""entry_mode"": ""close"", ""pb_frac"": 0.7, ""pb_wait"": 30, ""gap"": ""off"", ""body_min"": 0.3, ""volf"": ""skip_low"", ""dow"": ""none"", ""big_thr"": 10, ""big_sl"": 40, ""big_tp"": 150, ""std_sl"": 35, ""std_tp"": 0, ""leg_gap"": 25, ""leg_sl"": 35, ""leg_tp"": 90, ""gap_min"": 20, ""be_at"": 2.0, ""partial"": 3.0, ""trail"": 0}",352,164,0.0876,1.434,-12.84,91,40,-0.0843,-0.842,-9.37,443,204,0.0523,0.99,-14.88,26,15,-0.0794,-0.307,-10.87,1364,589,0.0253,1.215,-27.56,1567,702,0.0395,1.72,-21.15,416,193,-0.018,-0.419,-17.71,1561,714,0.0121,0.535,-27.99,422,181,0.0841,1.863,-10.67,1557,704,0.0319,1.413,-21.44,426,191,0.011,0.242,-13.46,1540,682,0.0245,1.078,-15.79,443,213,0.0375,0.847,-11.88,1983,895,0.0274,1.354,-27.56,0.0289,0.032,4.5,-19.2,8.4,36.0,0.1,18.0,-1.1,-5.1,8.2,12.1,-2.6,0.0065,-0.0737,0.032,0.1997,0.031,-0.0319,0.0143,0.0872,False,True,False,True,False,2,True,False,False,False
long,SPX500,L4,"0,1,3",0.838,"{""entry_tf"": 5, ""vwap"": false, ""time_stop"": 240, ""legs"": true, ""leg_max"": 1, ""legs_mgmt"": ""same"", ""leg_window"": 120, ""ma"": 0, ""dyn"": false, ""entry_mode"": ""close"", ""pb_frac"": 0.5, ""pb_wait"": 30, ""gap"": ""off"", ""body_min"": 0.5, ""volf"": ""mid"", ""dow"": ""none"", ""big_thr"": 10, ""big_sl"": 50, ""big_tp"": 130, ""std_sl"": 25, ""std_tp"": 80, ""leg_gap"": 10, ""leg_sl"": 35, ""leg_tp"": 60, ""gap_min"": 50, ""be_at"": 0, ""partial"": 2.0, ""trail"": 1.5}",352,119,0.0583,1.348,-10.59,91,26,0.0011,0.013,-9.15,443,145,0.0466,1.22,-12.22,26,11,-0.0804,-0.471,-5.82,1364,363,0.0176,1.047,-21.47,1567,441,0.0388,2.26,-13.53,416,131,0.0019,0.05,-9.38,1561,462,0.0181,1.02,-21.99,422,110,0.0792,2.367,-7.09,1557,454,0.0406,2.262,-17.5,426,118,-0.0037,-0.115,-12.85,1540,440,0.0265,1.479,-16.09,443,132,0.047,1.455,-8.46,1983,572,0.0311,1.983,-21.47,0.0143,0.0608,-6.5,-6.0,6.8,15.2,-5.4,3.7,1.2,11.7,28.6,13.8,-6.9,-0.0086,0.0256,0.0309,0.1865,0.0099,-0.0329,0.0193,0.1064,False,True,False,True,False,2,True,False,False,False
long,SPX500,L5,0,0.835,"{""entry_tf"": 5, ""vwap"": false, ""time_stop"": 240, ""legs"": false, ""leg_max"": 1, ""legs_mgmt"": ""same"", ""leg_window"": 120, ""ma"": 0, ""dyn"": false, ""entry_mode"": ""close"", ""pb_frac"": 0.5, ""pb_wait"": 5, ""gap"": ""against"", ""body_min"": 0, ""volf"": ""skip_high"", ""dow"": ""fri"", ""big_thr"": 10, ""big_sl"": 50, ""big_tp"": 130, ""std_sl"": 30, ""std_tp"": 50, ""leg_gap"": 25, ""leg_sl"": 45, ""leg_tp"": 0, ""gap_min"": 0, ""be_at"": 2.0, ""partial"": 1.5, ""trail"": 3.0}",352,134,0.0424,0.944,-6.8,91,29,0.0342,0.42,-5.32,443,163,0.0408,1.033,-9.85,26,10,-0.109,-0.839,-3.38,1364,446,0.0161,0.92,-17.95,1567,525,0.0374,2.127,-13.4,416,139,-0.0171,-0.498,-16.09,1561,525,0.0275,1.539,-17.78,422,139,0.0203,0.627,-15.73,1557,528,0.0258,1.446,-17.39,426,136,0.0269,0.816,-18.7,1540,509,0.0202,1.152,-15.06,443,155,0.0461,1.33,-13.79,1983,664,0.026,1.658,-17.95,0.0075,0.0477,-10.8,-10.5,2.2,11.9,7.9,-0.4,0.9,9.6,12.2,18.8,-4.3,-0.029,0.0099,0.035,-0.0123,0.024,0.033,0.0182,0.106,False,False,True,True,False,2,True,False,False,False
long,SPX500,L6,0,0.779,"{""entry_tf"": 5, ""vwap"": false, ""time_stop"": 240, ""legs"": false, ""leg_max"": 1, ""legs_mgmt"": ""same"", ""leg_window"": 30, ""ma"": 100, ""dyn"": false, ""entry_mode"": ""close"", ""pb_frac"": 0.7, ""pb_wait"": 15, ""gap"": ""off"", ""body_min"": 0.5, ""volf"": ""off"", ""dow"": ""none"", ""big_thr"": 10, ""big_sl"": 30, ""big_tp"": 0, ""std_sl"": 25, ""std_tp"": 80, ""leg_gap"": 15, ""leg_sl"": 25, ""leg_tp"": 60, ""gap_min"": 50, ""be_at"": 0, ""partial"": 1.5, ""trail"": 2.0}",352,149,0.1146,2.093,-10.45,91,35,-0.1379,-1.823,-13.13,443,184,0.0628,1.351,-9.51,26,16,-0.0538,-0.175,-9.4,1364,541,0.0229,1.019,-24.0,1567,639,0.0411,1.827,-22.58,416,179,-0.0313,-0.759,-20.22,1561,652,0.0144,0.654,-30.79,422,166,0.0683,1.54,-11.53,1557,641,0.0377,1.711,-22.68,426,177,-0.0172,-0.387,-20.32,1540,637,0.0159,0.704,-24.68,443,181,0.0607,1.484,-14.28,1983,818,0.0259,1.31,-25.52,0.0219,0.0326,3.0,-1.6,12.7,25.2,-16.3,17.8,-1.1,-8.2,4.5,12.4,1.8,0.006,-0.1161,0.0232,0.1684,-0.0306,0.0116,0.0252,0.1365,False,True,False,True,False,2,True,False,False,False
long,SPX500,L7,"0,2,3",0.826,"{""entry_tf"": 5, ""vwap"": false, ""time_stop"": 240, ""legs"": false, ""leg_max"": 4, ""legs_mgmt"": ""fixed"", ""leg_window"": 30, ""ma"": 100, ""dyn"": false, ""entry_mode"": ""close"", ""pb_frac"": 0.3, ""pb_wait"": 30, ""gap"": ""off"", ""body_min"": 0.5, ""volf"": ""off"", ""dow"": ""none"", ""big_thr"": 15, ""big_sl"": 35, ""big_tp"": 100, ""std_sl"": 35, ""std_tp"": 80, ""leg_gap"": 25, ""leg_sl"": 45, ""leg_tp"": 60, ""gap_min"": 0, ""be_at"": 0, ""partial"": 2.0, ""trail"": 0}",352,149,0.1329,2.34,-10.75,91,35,-0.0537,-0.563,-10.18,443,184,0.0946,1.918,-10.75,26,16,-0.1436,-0.626,-9.66,1364,541,0.0314,1.426,-14.28,1567,639,0.0611,2.674,-16.14,416,179,-0.0259,-0.614,-21.69,1561,652,0.0327,1.442,-25.43,422,166,0.0802,1.852,-7.63,1557,641,0.0504,2.234,-23.01,426,177,0.0152,0.342,-15.85,1540,637,0.0348,1.522,-18.82,443,181,0.0709,1.671,-11.53,1983,818,0.0428,2.13,-18.79,0.0326,0.068,8.2,-2.2,10.4,19.6,4.9,17.7,-1.1,-10.7,18.3,12.9,7.1,0.0053,-0.0969,0.009,0.2384,-0.0173,0.0851,0.0548,0.1055,False,True,False,True,False,2,True,False,False,False
long,SPX500,L8,0,0.714,"{""entry_tf"": 5, ""vwap"": false, ""time_stop"": 999, ""legs"": false, ""leg_max"": 1, ""legs_mgmt"": ""fixed"", ""leg_window"": 30, ""ma"": 100, ""dyn"": false, ""entry_mode"": ""close"", ""pb_frac"": 0.7, ""pb_wait"": 30, ""gap"": ""off"", ""body_min"": 0.3, ""volf"": ""skip_high"", ""dow"": ""none"", ""big_thr"": 25, ""big_sl"": 40, ""big_tp"": 115, ""std_sl"": 15, ""std_tp"": 50, ""leg_gap"": 10, ""leg_sl"": 45, ""leg_tp"": 140, ""gap_min"": 50, ""be_at"": 2.0, ""partial"": 0, ""trail"": 3.0}",352,179,0.1448,2.028,-11.06,91,35,-0.1045,-0.993,-8.33,443,214,0.0936,1.537,-15.24,26,18,-0.3388,-1.669,-13.32,1364,604,0.0338,1.039,-35.81,1567,721,0.0645,2.055,-37.91,416,195,-0.0824,-1.447,-37.82,1561,735,0.0169,0.544,-49.88,422,181,0.096,1.596,-14.77,1557,714,0.0601,1.903,-30.43,426,202,-0.0629,-1.127,-51.44,1540,714,0.0225,0.724,-43.64,443,202,0.0726,1.218,-16.16,1983,916,0.0337,1.222,-44.34,0.0254,0.0336,-15.0,-11.8,16.3,34.3,-22.1,32.8,-1.1,3.3,-4.8,24.7,-7.9,-0.0489,-0.1588,0.059,0.178,-0.0452,-0.101,0.0337,0.156,False,True,False,True,False,2,True,False,False,False
long,SPX500,L9,"0,1,2,3",1.072,"{""entry_tf"": 5, ""vwap"": true, ""time_stop"": 240, ""legs"": true, ""leg_max"": 4, ""legs_mgmt"": ""same"", ""leg_window"": 60, ""ma"": 0, ""dyn"": false, ""entry_mode"": ""close"", ""pb_frac"": 0.5, ""pb_wait"": 15, ""gap"": ""off"", ""body_min"": 0.3, ""volf"": ""off"", ""dow"": ""none"", ""big_thr"": 15, ""big_sl"": 35, ""big_tp"": 200, ""std_sl"": 35, ""std_tp"": 0, ""leg_gap"": 25, ""leg_sl"": 45, ""leg_tp"": 115, ""gap_min"": 20, ""be_at"": 2.0, ""partial"": 3.0, ""trail"": 1.5}",352,246,0.1195,1.713,-8.56,91,63,0.0174,0.141,-8.44,443,309,0.0986,1.616,-13.21,26,20,-0.1471,-0.718,-6.33,1364,922,0.0337,1.158,-26.06,1567,1071,0.0546,1.88,-34.03,416,281,0.0144,0.265,-13.32,1561,1078,0.032,1.122,-41.15,422,274,0.0985,1.7,-11.37,1557,1047,0.0597,2.052,-31.16,426,305,-0.003,-0.056,-17.15,1540,1052,0.0347,1.189,-20.61,443,300,0.0863,1.597,-18.21,1983,1352,0.0462,1.801,-32.51,0.0333,0.0737,8.6,-8.6,6.8,27.9,3.6,20.9,-2.1,-9.3,22.2,28.5,-8.9,0.0347,-0.0318,0.036,0.2373,-0.0178,0.0288,0.0633,0.1355,False,True,False,True,False,2,True,False,False,False
long,SPX500,L10,"0,2,3",0.807,"{""entry_tf"": 5, ""vwap"": false, ""time_stop"": 999, ""legs"": false, ""leg_max"": 4, ""legs_mgmt"": ""same"", ""leg_window"": 60, ""ma"": 0, ""dyn"": false, ""entry_mode"": ""close"", ""pb_frac"": 0.3, ""pb_wait"": 15, ""gap"": ""off"", ""body_min"": 0.5, ""volf"": ""skip_low"", ""dow"": ""none"", ""big_thr"": 15, ""big_sl"": 30, ""big_tp"": 200, ""std_sl"": 35, ""std_tp"": 80, ""leg_gap"": 25, ""leg_sl"": 25, ""leg_tp"": 140, ""gap_min"": 0, ""be_at"": 1.5, ""partial"": 1.0, ""trail"": 1.5}",352,140,0.0529,1.262,-8.39,91,33,-0.0141,-0.184,-7.42,443,173,0.0391,1.061,-8.8,26,12,-0.1238,-0.804,-6.05,1364,502,0.0129,0.735,-15.49,1567,589,0.0246,1.385,-13.05,416,164,-0.0111,-0.329,-11.1,1561,607,-0.0008,-0.045,-26.97,422,146,0.0832,2.383,-5.26,1557,584,0.0291,1.66,-17.4,426,169,-0.0269,-0.769,-18.33,1540,579,0.02,1.114,-12.44,443,174,0.007,0.216,-10.82,1983,753,0.0171,1.087,-15.49,0.0122,0.0262,-4.2,1.0,2.7,5.9,-0.4,12.0,-2.0,2.6,4.5,12.6,-4.1,-0.0106,-0.0124,0.0425,0.1735,-0.0173,-0.0477,0.0044,0.0127,False,True,False,False,False,1,True,False,False,False
long,SPX500,L11,0,0.672,"{""entry_tf"": 5, ""vwap"": true, ""time_stop"": 180, ""legs"": false, ""leg_max"": 2, ""legs_mgmt"": ""same"", ""leg_window"": 120, ""ma"": 100, ""dyn"": false, ""entry_mode"": ""close"", ""pb_frac"": 0.5, ""pb_wait"": 15, ""gap"": ""off"", ""body_min"": 0.5, ""volf"": ""off"", ""dow"": ""none"", ""big_thr"": 20, ""big_sl"": 40, ""big_tp"": 150, ""std_sl"": 35, ""std_tp"": 30, ""leg_gap"": 25, ""leg_sl"": 25, ""leg_tp"": 140, ""gap_min"": 0, ""be_at"": 1.5, ""partial"": 3.0, ""trail"": 0}",352,149,0.0906,1.676,-6.81,91,35,-0.088,-1.11,-10.55,443,184,0.0539,1.17,-8.21,26,16,-0.0824,-0.319,-10.95,1364,541,0.0061,0.341,-15.17,1567,639,0.0287,1.447,-21.94,416,179,-0.0562,-1.712,-27.41,1561,652,0.001,0.05,-34.68,422,166,0.0478,1.297,-6.08,1557,641,0.0131,0.7,-24.73,426,177,0.0029,0.071,-16.12,1540,637,0.0066,0.336,-21.65,443,181,0.0261,0.725,-14.02,1983,818,0.0109,0.637,-28.7,0.0072,0.0216,0.7,-5.6,6.0,11.4,-7.5,13.9,-1.1,-7.5,4.6,0.5,6.2,-0.031,-0.1135,0.0053,0.1422,-0.0302,0.0743,0.0068,0.0674,False,True,False,True,False,2,True,False,False,False
long,SPX500,L12,"0,1,2",1.054,"{""entry_tf"": 5, ""vwap"": false, ""time_stop"": 999, ""legs"": true, ""leg_max"": 1, ""legs_mgmt"": ""fixed"", ""leg_window"": 30, ""ma"": 0, ""dyn"": false, ""entry_mode"": ""close"", ""pb_frac"": 0.5, ""pb_wait"": 5, ""gap"": ""off"", ""body_min"": 0.3, ""volf"": ""off"", ""dow"": ""none"", ""big_thr"": 15, ""big_sl"": 50, ""big_tp"": 130, ""std_sl"": 35, ""std_tp"": 42, ""leg_gap"": 25, ""leg_sl"": 25, ""leg_tp"": 140, ""gap_min"": 50, ""be_at"": 2.0, ""partial"": 0, ""trail"": 2.0}",352,253,0.1494,2.08,-12.34,91,64,-0.0902,-0.735,-16.6,443,317,0.1002,1.601,-17.82,26,20,-0.0928,-0.389,-11.5,1364,973,0.0312,1.087,-24.15,1567,1120,0.0507,1.761,-37.33,416,296,-0.0058,-0.108,-20.34,1561,1124,0.0364,1.262,-45.53,422,292,0.0478,0.894,-16.28,1557,1099,0.0603,2.099,-36.0,426,317,-0.0397,-0.733,-30.65,1540,1105,0.0109,0.381,-32.14,443,311,0.1358,2.486,-18.33,1983,1416,0.0388,1.529,-37.84,0.0289,0.0556,1.7,-4.2,-0.9,15.4,13.2,30.3,1.5,-15.5,10.8,18.0,3.2,0.0359,-0.1008,0.0017,0.1501,-0.0463,-0.0254,0.0924,0.2289,False,True,False,True,False,2,True,False,False,False
long,SPX500,L13,0,0.762,"{""entry_tf"": 5, ""vwap"": true, ""time_stop"": 240, ""legs"": true, ""leg_max"": 1, ""legs_mgmt"": ""same"", ""leg_window"": 30, ""ma"": 100, ""dyn"": false, ""entry_mode"": ""close"", ""pb_frac"": 0.5, ""pb_wait"": 5, ""gap"": ""off"", ""body_min"": 0.5, ""volf"": ""off"", ""dow"": ""none"", ""big_thr"": 25, ""big_sl"": 30, ""big_tp"": 100, ""std_sl"": 30, ""std_tp"": 60, ""leg_gap"": 25, ""leg_sl"": 45, ""leg_tp"": 90, ""gap_min"": 0, ""be_at"": 2.0, ""partial"": 0, ""trail"": 2.0}",352,152,0.1114,1.917,-9.73,91,36,-0.0805,-0.785,-10.01,443,188,0.072,1.415,-9.06,26,16,-0.1139,-0.443,-8.36,1364,542,0.0117,0.529,-20.51,1567,644,0.0374,1.637,-21.67,416,180,-0.0325,-0.742,-19.75,1561,654,0.0176,0.772,-24.47,422,170,0.0417,0.942,-14.72,1557,646,0.0316,1.385,-20.36,426,178,-0.0096,-0.217,-18.72,1540,643,0.0118,0.51,-23.93,443,181,0.0608,1.44,-16.46,1983,824,0.0227,1.121,-24.54,0.013,0.0471,7.0,-4.6,9.6,17.1,-12.4,12.2,-1.1,-9.2,14.4,14.9,-3.1,-0.0089,-0.0864,-0.0047,0.1449,-0.028,0.0299,0.0142,0.1605,False,False,False,True,False,1,True,False,False,False
long,SPX500,L14,0,0.65,"{""entry_tf"": 5, ""vwap"": true, ""time_stop"": 240, ""legs"": false, ""leg_max"": 6, ""legs_mgmt"": ""fixed"", ""leg_window"": 30, ""ma"": 0, ""dyn"": false, ""entry_mode"": ""close"", ""pb_frac"": 0.7, ""pb_wait"": 15, ""gap"": ""off"", ""body_min"": 0.3, ""volf"": ""off"", ""dow"": ""none"", ""big_thr"": 10, ""big_sl"": 50, ""big_tp"": 80, ""std_sl"": 30, ""std_tp"": 80, ""leg_gap"": 20, ""leg_sl"": 35, ""leg_tp"": 0, ""gap_min"": 0, ""be_at"": 1.5, ""partial"": 3.0, ""trail"": 0}",352,241,0.1077,1.91,-11.52,91,62,-0.0278,-0.255,-13.41,443,303,0.0798,1.592,-20.02,26,20,-0.0795,-0.378,-7.15,1364,918,0.009,0.351,-22.74,1567,1061,0.0382,1.533,-24.38,416,280,-0.0683,-1.485,-32.94,1561,1072,0.0074,0.298,-40.36,422,269,0.047,1.015,-11.27,1557,1040,0.0292,1.183,-31.88,426,301,-0.0329,-0.689,-25.36,1540,1041,-0.006,-0.245,-35.22,443,300,0.0919,1.937,-15.36,1983,1341,0.0158,0.722,-34.34,0.0068,0.0309,-1.4,-16.6,1.3,15.2,9.2,5.0,0.5,-3.4,-0.5,31.6,-14.0,-0.0508,-0.1081,0.0256,0.0945,-0.0374,-0.0232,0.0595,0.1613,False,True,False,True,False,2,True,False,False,False
long,SPX500,L15,1,0.767,"{""entry_tf"": 5, ""vwap"": false, ""time_stop"": 999, ""legs"": true, ""leg_max"": 1, ""legs_mgmt"": ""same"", ""leg_window"": 30, ""ma"": 100, ""dyn"": false, ""entry_mode"": ""close"", ""pb_frac"": 0.5, ""pb_wait"": 15, ""gap"": ""against"", ""body_min"": 0, ""volf"": ""off"", ""dow"": ""mon"", ""big_thr"": 15, ""big_sl"": 50, ""big_tp"": 150, ""std_sl"": 30, ""std_tp"": 42, ""leg_gap"": 10, ""leg_sl"": 25, ""leg_tp"": 60, ""gap_min"": 0, ""be_at"": 2.0, ""partial"": 3.0, ""trail"": 3.0}",352,124,0.0145,0.27,-13.14,91,29,0.1474,1.357,-4.32,443,153,0.0418,0.869,-10.5,26,10,-0.2037,-1.977,-5.3,1364,477,0.0092,0.455,-26.6,1567,559,0.0226,1.071,-27.9,416,152,0.0025,0.058,-24.07,1561,549,0.0285,1.338,-22.51,422,162,-0.0188,-0.452,-20.77,1557,563,0.0269,1.244,-21.32,426,148,-0.0126,-0.32,-31.12,1540,548,0.0047,0.218,-27.03,443,163,0.066,1.669,-11.79,1983,711,0.0184,0.971,-26.6,0.0007,0.0386,-10.6,-9.1,-0.4,10.7,17.9,-22.7,2.9,12.4,13.9,11.7,-7.1,-0.0445,0.1095,-0.0311,0.0085,0.0398,-0.1255,0.0307,0.1417,False,False,False,True,False,1,True,False,False,False
long,SPX500,L16,"1,2,3",0.848,"{""entry_tf"": 5, ""vwap"": true, ""time_stop"": 120, ""legs"": true, ""leg_max"": 4, ""legs_mgmt"": ""same"", ""leg_window"": 60, ""ma"": 100, ""dyn"": false, ""entry_mode"": ""close"", ""pb_frac"": 0.3, ""pb_wait"": 15, ""gap"": ""off"", ""body_min"": 0.5, ""volf"": ""off"", ""dow"": ""none"", ""big_thr"": 10, ""big_sl"": 50, ""big_tp"": 150, ""std_sl"": 35, ""std_tp"": 42, ""leg_gap"": 15, ""leg_sl"": 25, ""leg_tp"": 90, ""gap_min"": 100, ""be_at"": 0, ""partial"": 0, ""trail"": 1.5}",352,163,0.1343,2.357,-7.25,91,37,0.0179,0.191,-8.84,443,200,0.1104,2.243,-10.23,26,16,0.1549,0.606,-6.66,1364,549,0.0156,0.841,-17.15,1567,661,0.0495,2.386,-15.4,416,187,0.0232,0.573,-9.56,1561,668,0.0331,1.66,-17.14,422,180,0.0842,1.846,-12.48,1557,666,0.0523,2.518,-14.09,426,182,0.0138,0.341,-11.45,1540,666,0.0396,1.847,-18.05,443,182,0.0592,1.661,-9.61,1983,848,0.044,2.382,-18.57,0.018,0.1065,6.6,-3.2,10.8,15.6,-7.6,6.7,2.9,-5.8,47.2,11.3,11.5,0.022,0.0259,-0.0104,0.2942,-0.0081,0.061,0.0076,0.1696,True,False,False,True,False,2,True,True,False,False
long,SPX500,L17,1,0.481,"{""entry_tf"": 5, ""vwap"": false, ""time_stop"": 240, ""legs"": true, ""leg_max"": 6, ""legs_mgmt"": ""same"", ""leg_window"": 30, ""ma"": 0, ""dyn"": false, ""entry_mode"": ""close"", ""pb_frac"": 0.7, ""pb_wait"": 5, ""gap"": ""against"", ""body_min"": 0, ""volf"": ""skip_high"", ""dow"": ""none"", ""big_thr"": 20, ""big_sl"": 40, ""big_tp"": 0, ""std_sl"": 35, ""std_tp"": 50, ""leg_gap"": 10, ""leg_sl"": 45, ""leg_tp"": 0, ""gap_min"": 0, ""be_at"": 1.0, ""partial"": 1.0, ""trail"": 1.5}",352,167,-0.0141,-0.322,-14.44,91,38,0.0754,0.898,-4.41,443,205,0.0043,0.111,-12.19,26,11,-0.1269,-1.081,-4.32,1364,572,0.0225,1.309,-15.12,1567,666,0.0261,1.527,-16.43,416,183,0.0062,0.174,-15.62,1561,668,0.0234,1.339,-17.91,422,181,0.0163,0.499,-15.44,1557,673,0.0258,1.462,-12.68,426,176,0.008,0.249,-17.02,1540,652,0.0149,0.839,-14.86,443,197,0.0462,1.506,-11.06,1983,849,0.0219,1.42,-15.12,0.0166,0.0207,-3.4,-12.0,6.7,10.0,11.6,9.9,-2.1,3.3,7.1,-1.6,4.0,-0.0292,0.0868,0.047,-0.0519,0.0085,0.0067,0.0494,0.0394,False,False,False,True,False,1,True,False,False,False
long,SPX500,L18,1,0.433,"{""entry_tf"": 5, ""vwap"": false, ""time_stop"": 999, ""legs"": true, ""leg_max"": 2, ""legs_mgmt"": ""fixed"", ""leg_window"": 60, ""ma"": 0, ""dyn"": false, ""entry_mode"": ""pb"", ""pb_frac"": 0.3, ""pb_wait"": 30, ""gap"": ""against"", ""body_min"": 0, ""volf"": ""off"", ""dow"": ""none"", ""big_thr"": 10, ""big_sl"": 40, ""big_tp"": 150, ""std_sl"": 35, ""std_tp"": 50, ""leg_gap"": 25, ""leg_sl"": 35, ""leg_tp"": 140, ""gap_min"": 0, ""be_at"": 1.0, ""partial"": 1.5, ""trail"": 2.0}",352,139,-0.0156,-0.346,-15.69,91,38,0.0105,0.123,-8.37,443,177,-0.0102,-0.256,-24.06,26,10,0.1153,0.81,-2.16,1364,565,0.0123,0.63,-17.64,1567,632,0.0009,0.048,-26.72,416,184,0.0469,1.198,-14.95,1561,637,0.0284,1.459,-18.6,422,179,-0.0555,-1.578,-27.99,1557,644,0.0155,0.804,-23.5,426,172,-0.0074,-0.199,-7.93,1540,636,0.001,0.051,-25.09,443,180,0.0438,1.222,-12.42,1983,816,0.0106,0.618,-24.06,0.0038,0.0068,-3.9,-8.5,6.0,-6.7,2.3,-3.4,1.5,18.1,6.4,3.2,-2.4,0.0794,-0.0269,-0.0435,-0.0821,-0.0069,-0.0084,-0.0003,0.1383,False,False,False,False,False,0,True,True,False,False
long,SPX500,L19,1,0.428,"{""entry_tf"": 5, ""vwap"": false, ""time_stop"": 999, ""legs"": true, ""leg_max"": 6, ""legs_mgmt"": ""same"", ""leg_window"": 120, ""ma"": 100, ""dyn"": false, ""entry_mode"": ""close"", ""pb_frac"": 0.7, ""pb_wait"": 15, ""gap"": ""against"", ""body_min"": 0, ""volf"": ""off"", ""dow"": ""mon"", ""big_thr"": 15, ""big_sl"": 40, ""big_tp"": 200, ""std_sl"": 35, ""std_tp"": 50, ""leg_gap"": 15, ""leg_sl"": 45, ""leg_tp"": 140, ""gap_min"": 0, ""be_at"": 2.0, ""partial"": 2.0, ""trail"": 2.0}",352,126,-0.0272,-0.625,-16.71,91,29,0.0843,0.864,-4.12,443,155,-0.0043,-0.107,-14.58,26,9,-0.1906,-1.907,-4.96,1364,471,-0.0017,-0.09,-29.99,1567,557,0.0056,0.301,-32.16,416,150,-0.0103,-0.269,-20.5,1561,541,0.0163,0.855,-24.65,422,166,-0.0496,-1.412,-28.07,1557,560,0.0062,0.33,-20.67,426,147,-0.0122,-0.331,-25.66,1540,546,-0.0093,-0.487,-31.72,443,161,0.0425,1.231,-11.53,1983,707,0.0023,0.135,-29.99,-0.0067,0.0109,-3.8,-8.6,-6.6,14.9,6.3,-18.4,-1.1,7.5,8.2,3.1,-9.6,-0.0429,0.0639,-0.0558,-0.0359,0.0032,-0.0453,0.0319,0.0654,False,False,False,True,False,1,True,False,False,False
long,SPX500,L20,1,0.407,"{""entry_tf"": 5, ""vwap"": false, ""time_stop"": 120, ""legs"": false, ""leg_max"": 6, ""legs_mgmt"": ""same"", ""leg_window"": 60, ""ma"": 100, ""dyn"": false, ""entry_mode"": ""close"", ""pb_frac"": 0.3, ""pb_wait"": 15, ""gap"": ""against"", ""body_min"": 0, ""volf"": ""off"", ""dow"": ""none"", ""big_thr"": 20, ""big_sl"": 50, ""big_tp"": 115, ""std_sl"": 35, ""std_tp"": 0, ""leg_gap"": 10, ""leg_sl"": 25, ""leg_tp"": 60, ""gap_min"": 20, ""be_at"": 2.0, ""partial"": 1.0, ""trail"": 2.0}",352,129,0.0359,0.924,-7.32,91,36,-0.0055,-0.076,-5.6,443,165,0.0274,0.798,-9.35,26,10,-0.1065,-0.964,-3.19,1364,414,0.0094,0.611,-20.42,1567,513,0.0196,1.236,-21.41,416,144,0.0072,0.238,-10.39,1561,524,0.0214,1.34,-13.56,422,133,0.0008,0.026,-11.13,1557,520,0.0243,1.54,-18.02,426,137,-0.0097,-0.313,-14.58,1540,505,0.0001,0.004,-18.35,443,152,0.0761,2.465,-7.95,1983,657,0.017,1.209,-20.42,0.0094,0.0339,0.6,-5.7,4.4,4.5,5.8,-4.7,1.6,7.1,9.6,11.9,-3.3,0.0297,-0.0439,-0.019,0.0446,0.0002,-0.031,0.032,0.1705,False,False,False,True,False,1,True,False,False,False
long,SPX500,L21,1,0.397,"{""entry_tf"": 5, ""vwap"": false, ""time_stop"": 120, ""legs"": false, ""leg_max"": 4, ""legs_mgmt"": ""fixed"", ""leg_window"": 60, ""ma"": 100, ""dyn"": false, ""entry_mode"": ""close"", ""pb_frac"": 0.5, ""pb_wait"": 5, ""gap"": ""against"", ""body_min"": 0, ""volf"": ""off"", ""dow"": ""none"", ""big_thr"": 25, ""big_sl"": 40, ""big_tp"": 100, ""std_sl"": 35, ""std_tp"": 0, ""leg_gap"": 15, ""leg_sl"": 35, ""leg_tp"": 140, ""gap_min"": 20, ""be_at"": 2.0, ""partial"": 3.0, ""trail"": 2.0}",352,129,-0.003,-0.062,-16.63,91,36,-0.0148,-0.166,-6.78,443,165,-0.0054,-0.127,-22.27,26,10,-0.19,-1.424,-4.94,1364,414,0.0049,0.258,-14.97,1567,513,0.0138,0.687,-23.63,416,144,0.0048,0.127,-14.71,1561,524,0.0177,0.879,-21.13,422,133,-0.0095,-0.25,-13.65,1557,520,0.0146,0.729,-18.25,426,137,0.0024,0.061,-13.24,1540,505,0.001,0.051,-19.43,443,152,0.05,1.269,-8.94,1983,657,0.0119,0.671,-22.27,0.0059,0.0274,1.0,-5.9,2.6,4.7,1.4,-1.6,-1.1,7.3,18.5,9.1,-15.6,0.0218,-0.0337,-0.0232,0.0212,0.0096,-0.0131,0.0144,0.1262,False,False,False,True,False,1,True,False,False,False
long,SPX500,L22,1,0.493,"{""entry_tf"": 5, ""vwap"": true, ""time_stop"": 999, ""legs"": false, ""leg_max"": 6, ""legs_mgmt"": ""same"", ""leg_window"": 30, ""ma"": 100, ""dyn"": false, ""entry_mode"": ""close"", ""pb_frac"": 0.5, ""pb_wait"": 30, ""gap"": ""against"", ""body_min"": 0.3, ""volf"": ""off"", ""dow"": ""none"", ""big_thr"": 10, ""big_sl"": 50, ""big_tp"": 115, ""std_sl"": 35, ""std_tp"": 42, ""leg_gap"": 10, ""leg_sl"": 35, ""leg_tp"": 0, ""gap_min"": 0, ""be_at"": 1.5, ""partial"": 3.0, ""trail"": 1.5}",352,102,0.0428,1.102,-8.08,91,29,-0.0033,-0.045,-6.28,443,131,0.0334,0.97,-9.01,26,8,-0.0146,-0.132,-2.41,1364,394,0.0145,0.89,-15.52,1567,458,0.0285,1.765,-14.78,416,134,-0.0029,-0.087,-11.38,1561,480,0.0243,1.444,-13.11,422,112,0.0132,0.456,-10.64,1557,460,0.0276,1.696,-15.25,426,132,0.0012,0.037,-10.61,1540,459,0.0105,0.633,-17.07,443,133,0.0618,1.988,-11.52,1983,592,0.0219,1.502,-15.52,0.012,0.0383,-3.0,-7.4,7.3,12.6,3.5,-2.1,2.2,4.0,15.2,12.6,-4.4,0.0156,-0.0451,-0.0035,0.0503,0.0005,0.0028,0.0114,0.1698,False,False,False,True,False,1,True,False,False,False
long,SPX500,L23,"1,3",0.419,"{""entry_tf"": 5, ""vwap"": true, ""time_stop"": 999, ""legs"": false, ""leg_max"": 2, ""legs_mgmt"": ""same"", ""leg_window"": 120, ""ma"": 0, ""dyn"": true, ""entry_mode"": ""close"", ""pb_frac"": 0.3, ""pb_wait"": 30, ""gap"": ""off"", ""body_min"": 0.5, ""volf"": ""skip_high"", ""dow"": ""none"", ""big_thr"": 10, ""big_sl"": 50, ""big_tp"": 0, ""std_sl"": 25, ""std_tp"": 80, ""leg_gap"": 10, ""leg_sl"": 35, ""leg_tp"": 140, ""gap_min"": 100, ""be_at"": 0, ""partial"": 0, ""trail"": 1.5}",352,147,0.099,1.882,-8.62,91,33,-0.094,-1.178,-14.02,443,180,0.0593,1.317,-13.18,26,15,0.1357,0.388,-7.47,1364,516,0.0252,0.925,-18.4,1567,600,0.0438,1.774,-17.6,416,170,0.0129,0.237,-14.02,1561,616,0.0318,1.258,-17.07,422,154,0.0579,1.144,-13.11,1557,610,0.0408,1.599,-20.22,426,160,0.0246,0.505,-12.49,1540,601,0.0342,1.303,-16.93,443,169,0.0483,1.101,-11.82,1983,770,0.0373,1.651,-18.4,0.0185,0.064,-1.3,-2.9,-4.9,21.4,-7.0,17.8,-2.1,5.6,20.2,13.4,9.5,0.0347,-0.0367,0.0139,0.1556,0.0134,0.0487,-0.0043,0.1611,False,True,True,False,False,2,True,True,False,False
long,SPX500,L24,1,0.423,"{""entry_tf"": 5, ""vwap"": true, ""time_stop"": 240, ""legs"": true, ""leg_max"": 2, ""legs_mgmt"": ""same"", ""leg_window"": 60, ""ma"": 0, ""dyn"": false, ""entry_mode"": ""close"", ""pb_frac"": 0.5, ""pb_wait"": 15, ""gap"": ""off"", ""body_min"": 0.5, ""volf"": ""off"", ""dow"": ""none"", ""big_thr"": 15, ""big_sl"": 50, ""big_tp"": 115, ""std_sl"": 25, ""std_tp"": 80, ""leg_gap"": 10, ""leg_sl"": 45, ""leg_tp"": 0, ""gap_min"": 50, ""be_at"": 2.0, ""partial"": 0, ""trail"": 0}",352,198,0.1505,2.233,-10.56,91,46,-0.0237,-0.193,-11.7,443,244,0.1147,1.935,-15.88,26,17,-0.0225,-0.093,-9.64,1364,696,0.0164,0.567,-33.69,1567,813,0.0528,1.812,-34.94,416,228,-0.0117,-0.211,-25.62,1561,825,0.0348,1.19,-25.15,422,216,0.0558,1.015,-23.23,1557,815,0.0413,1.462,-21.13,426,226,0.0319,0.517,-24.89,1540,819,0.0305,1.027,-32.7,443,222,0.0698,1.343,-13.91,1983,1041,0.0393,1.521,-33.69,0.0157,0.0896,7.4,-3.6,4.3,23.7,-21.3,11.6,1.2,-0.7,25.0,19.6,10.3,0.0284,-0.103,-0.0116,0.2056,-0.0298,0.1648,0.0492,0.1138,False,False,False,True,False,1,True,False,False,False
long,SPX500,L25,"1,2",0.889,"{""entry_tf"": 5, ""vwap"": false, ""time_stop"": 999, ""legs"": false, ""leg_max"": 6, ""legs_mgmt"": ""same"", ""leg_window"": 120, ""ma"": 100, ""dyn"": false, ""entry_mode"": ""close"", ""pb_frac"": 0.7, ""pb_wait"": 15, ""gap"": ""against"", ""body_min"": 0.3, ""volf"": ""off"", ""dow"": ""mon"", ""big_thr"": 20, ""big_sl"": 50, ""big_tp"": 115, ""std_sl"": 35, ""std_tp"": 42, ""leg_gap"": 15, ""leg_sl"": 45, ""leg_tp"": 115, ""gap_min"": 0, ""be_at"": 2.0, ""partial"": 0, ""trail"": 3.0}",352,80,0.0522,1.45,-7.11,91,20,-0.0068,-0.099,-5.32,443,100,0.0401,1.253,-8.94,26,7,-0.1209,-0.98,-4.32,1364,346,0.0318,2.051,-12.67,1567,393,0.041,2.665,-10.62,416,111,-0.0078,-0.256,-9.72,1561,402,0.0307,1.963,-15.1,422,102,0.0311,1.079,-8.11,1557,392,0.0434,2.813,-8.33,426,112,-0.0156,-0.522,-18.04,1540,388,0.016,1.031,-12.42,443,116,0.0821,2.781,-12.09,1983,504,0.0307,2.238,-12.67,0.0271,0.0284,-2.3,-8.3,5.7,13.6,18.4,-1.7,2.2,11.5,7.9,12.2,-5.6,-0.0065,-0.0107,0.0278,0.0384,0.0045,-0.059,0.0638,0.1214,False,True,False,True,False,2,True,False,False,False
long,SPX500,L26,"2,3",1.152,"{""entry_tf"": 5, ""vwap"": true, ""time_stop"": 90, ""legs"": true, ""leg_max"": 6, ""legs_mgmt"": ""same"", ""leg_window"": 120, ""ma"": 0, ""dyn"": false, ""entry_mode"": ""close"", ""pb_frac"": 0.5, ""pb_wait"": 15, ""gap"": ""off"", ""body_min"": 0.5, ""volf"": ""mid"", ""dow"": ""none"", ""big_thr"": 10, ""big_sl"": 30, ""big_tp"": 60, ""std_sl"": 25, ""std_tp"": 60, ""leg_gap"": 10, ""leg_sl"": 25, ""leg_tp"": 140, ""gap_min"": 100, ""be_at"": 0, ""partial"": 2.0, ""trail"": 1.5}",352,125,0.0465,0.907,-8.69,91,26,-0.0152,-0.188,-7.09,443,151,0.0339,0.769,-10.23,26,11,-0.2632,-2.136,-7.64,1364,365,0.0175,1.033,-18.49,1567,448,0.0261,1.42,-15.6,416,134,0.0094,0.258,-8.74,1561,469,0.0013,0.069,-18.84,422,113,0.1017,2.712,-3.38,1557,464,0.0418,2.193,-13.84,426,118,-0.0475,-1.519,-20.64,1540,448,0.0294,1.546,-11.17,443,134,-0.0008,-0.024,-10.39,1983,582,0.0226,1.377,-18.49,0.0148,0.034,-5.2,-10.2,5.3,18.7,-4.9,9.9,-2.0,9.7,11.1,14.0,-10.9,-0.0012,0.0335,0.0674,0.178,-0.0201,-0.1067,-0.0148,0.0292,False,True,False,False,False,1,True,False,False,False
long,SPX500,L27,2,1.022,"{""entry_tf"": 5, ""vwap"": true, ""time_stop"": 999, ""legs"": false, ""leg_max"": 2, ""legs_mgmt"": ""fixed"", ""leg_window"": 60, ""ma"": 100, ""dyn"": false, ""entry_mode"": ""close"", ""pb_frac"": 0.7, ""pb_wait"": 5, ""gap"": ""off"", ""body_min"": 0.5, ""volf"": ""skip_high"", ""dow"": ""none"", ""big_thr"": 15, ""big_sl"": 40, ""big_tp"": 100, ""std_sl"": 30, ""std_tp"": 42, ""leg_gap"": 25, ""leg_sl"": 35, ""leg_tp"": 115, ""gap_min"": 0, ""be_at"": 0.5, ""partial"": 0, ""trail"": 0}",352,129,0.063,1.56,-6.58,91,26,-0.0675,-1.31,-6.24,443,155,0.0362,1.069,-6.48,26,15,-0.2188,-1.589,-4.63,1364,420,0.0169,1.097,-17.04,1567,506,0.0247,1.581,-15.21,416,143,0.0056,0.181,-11.42,1561,522,0.014,0.89,-15.63,422,127,0.0456,1.511,-6.95,1557,507,0.0374,2.369,-8.66,426,142,-0.0401,-1.349,-21.66,1540,506,0.0145,0.908,-17.96,443,143,0.0422,1.491,-7.29,1983,649,0.0207,1.485,-17.04,0.0157,0.0291,-3.2,3.9,5.8,11.0,3.8,-1.0,-1.1,3.5,2.4,8.9,1.1,0.012,-0.009,0.0025,0.1413,-0.0349,-0.0513,0.0275,0.0737,False,True,False,True,False,2,True,False,False,False
long,SPX500,L28,2,0.926,"{""entry_tf"": 5, ""vwap"": false, ""time_stop"": 180, ""legs"": true, ""leg_max"": 6, ""legs_mgmt"": ""same"", ""leg_window"": 30, ""ma"": 100, ""dyn"": false, ""entry_mode"": ""close"", ""pb_frac"": 0.3, ""pb_wait"": 15, ""gap"": ""off"", ""body_min"": 0.3, ""volf"": ""off"", ""dow"": ""none"", ""big_thr"": 15, ""big_sl"": 50, ""big_tp"": 130, ""std_sl"": 35, ""std_tp"": 0, ""leg_gap"": 20, ""leg_sl"": 45, ""leg_tp"": 0, ""gap_min"": 20, ""be_at"": 2.0, ""partial"": 0, ""trail"": 3.0}",352,215,0.1297,1.934,-11.48,91,52,-0.0294,-0.24,-9.34,443,267,0.097,1.643,-15.74,26,20,-0.1872,-0.763,-13.95,1364,781,0.0364,1.369,-26.83,1567,924,0.0575,2.066,-26.19,416,252,-0.0083,-0.162,-18.03,1561,930,0.0358,1.299,-27.61,422,246,0.0729,1.367,-14.53,1557,924,0.0539,1.943,-21.4,426,252,0.0065,0.125,-23.55,1540,915,0.023,0.851,-25.92,443,261,0.1156,2.057,-11.64,1983,1176,0.0437,1.784,-26.83,0.0363,0.0598,2.4,-21.7,11.9,30.2,-2.0,24.0,2.5,5.0,15.0,17.2,-0.1,0.0274,-0.0895,-0.012,0.2616,0.0304,-0.045,0.0683,0.2169,False,False,False,True,False,1,True,False,False,False
long,SPX500,L29,2,0.903,"{""entry_tf"": 5, ""vwap"": false, ""time_stop"": 180, ""legs"": false, ""leg_max"": 1, ""legs_mgmt"": ""same"", ""leg_window"": 120, ""ma"": 100, ""dyn"": false, ""entry_mode"": ""close"", ""pb_frac"": 0.3, ""pb_wait"": 15, ""gap"": ""off"", ""body_min"": 0.5, ""volf"": ""off"", ""dow"": ""none"", ""big_thr"": 15, ""big_sl"": 35, ""big_tp"": 0, ""std_sl"": 25, ""std_tp"": 50, ""leg_gap"": 20, ""leg_sl"": 25, ""leg_tp"": 90, ""gap_min"": 100, ""be_at"": 1.0, ""partial"": 3.0, ""trail"": 1.5}",352,149,0.0821,1.638,-9.86,91,35,-0.1154,-1.56,-12.5,443,184,0.0415,0.97,-9.79,26,16,-0.1806,-0.908,-7.2,1364,541,0.0071,0.337,-19.94,1567,639,0.0237,1.125,-22.93,416,179,-0.0008,-0.019,-13.64,1561,652,0.0069,0.331,-27.18,422,166,0.0617,1.463,-9.85,1557,641,0.0337,1.612,-14.3,426,177,-0.0366,-0.879,-22.15,1540,637,0.0132,0.616,-16.16,443,181,0.0372,0.976,-12.09,1983,818,0.0186,0.993,-19.94,0.008,0.0439,-0.2,-9.3,4.4,25.8,-10.6,12.1,-1.1,-9.6,20.0,2.8,-0.4,0.0193,-0.0465,0.0033,0.1915,-0.0599,0.0136,0.0054,0.1053,False,True,False,True,False,2,True,False,False,False
long,SPX500,L30,2,0.873,"{""entry_tf"": 5, ""vwap"": false, ""time_stop"": 240, ""legs"": true, ""leg_max"": 2, ""legs_mgmt"": ""fixed"", ""leg_window"": 30, ""ma"": 100, ""dyn"": false, ""entry_mode"": ""close"", ""pb_frac"": 0.5, ""pb_wait"": 5, ""gap"": ""off"", ""body_min"": 0.3, ""volf"": ""skip_high"", ""dow"": ""none"", ""big_thr"": 15, ""big_sl"": 50, ""big_tp"": 115, ""std_sl"": 25, ""std_tp"": 30, ""leg_gap"": 25, ""leg_sl"": 45, ""leg_tp"": 140, ""gap_min"": 0, ""be_at"": 1.5, ""partial"": 0, ""trail"": 1.5}",352,181,0.0564,1.149,-9.86,91,35,-0.1114,-1.491,-11.56,443,216,0.0219,0.521,-12.59,26,18,0.0074,0.035,-6.63,1364,604,0.0297,1.492,-25.08,1567,724,0.0385,1.906,-17.81,416,195,-0.027,-0.696,-20.17,1561,735,0.0112,0.559,-23.27,422,184,0.0747,1.906,-7.39,1557,717,0.0459,2.268,-20.79,426,202,-0.0524,-1.366,-33.65,1540,717,0.0057,0.28,-20.44,443,202,0.0909,2.43,-10.17,1983,919,0.0247,1.381,-25.08,0.0277,0.0138,-5.2,-9.3,11.0,24.3,-6.5,16.9,2.2,6.5,5.7,9.4,-6.4,-0.0054,-0.0761,0.0347,0.1636,-0.0174,-0.1278,0.0583,0.1608,False,True,False,True,False,2,True,True,False,False
long,SPX500,L31,2,0.865,"{""entry_tf"": 5, ""vwap"": false, ""time_stop"": 120, ""legs"": true, ""leg_max"": 6, ""legs_mgmt"": ""same"", ""leg_window"": 120, ""ma"": 100, ""dyn"": false, ""entry_mode"": ""close"", ""pb_frac"": 0.3, ""pb_wait"": 15, ""gap"": ""off"", ""body_min"": 0.3, ""volf"": ""skip_high"", ""dow"": ""none"", ""big_thr"": 15, ""big_sl"": 25, ""big_tp"": 80, ""std_sl"": 35, ""std_tp"": 50, ""leg_gap"": 20, ""leg_sl"": 25, ""leg_tp"": 60, ""gap_min"": 20, ""be_at"": 0, ""partial"": 0, ""trail"": 1.5}",352,183,0.0804,1.321,-16.4,91,35,-0.078,-0.921,-6.98,443,218,0.0478,0.93,-20.31,26,18,-0.2384,-1.113,-8.26,1364,607,0.0141,0.71,-22.02,1567,728,0.0281,1.283,-24.23,416,197,-0.021,-0.508,-18.44,1561,740,0.0097,0.453,-26.61,422,185,0.0479,1.061,-9.4,1557,722,0.0408,1.827,-17.38,426,203,-0.0663,-1.753,-31.25,1540,721,0.0043,0.195,-21.64,443,204,0.0647,1.621,-10.38,1983,925,0.0178,0.92,-25.23,0.0151,0.0261,2.8,-10.4,8.0,20.4,-8.5,6.1,-1.1,4.4,9.1,24.9,-24.1,0.0102,-0.092,0.0075,0.1375,-0.0372,-0.129,0.015,0.171,False,True,False,True,False,2,True,False,False,False
long,SPX500,L32,2,0.787,"{""entry_tf"": 5, ""vwap"": true, ""time_stop"": 999, ""legs"": false, ""leg_max"": 2, ""legs_mgmt"": ""fixed"", ""leg_window"": 30, ""ma"": 100, ""dyn"": false, ""entry_mode"": ""close"", ""pb_frac"": 0.5, ""pb_wait"": 15, ""gap"": ""off"", ""body_min"": 0.3, ""volf"": ""off"", ""dow"": ""none"", ""big_thr"": 15, ""big_sl"": 35, ""big_tp"": 80, ""std_sl"": 30, ""std_tp"": 0, ""leg_gap"": 25, ""leg_sl"": 25, ""leg_tp"": 0, ""gap_min"": 20, ""be_at"": 1.0, ""partial"": 2.0, ""trail"": 1.5}",352,201,0.0905,1.656,-10.75,91,50,0.0351,0.336,-6.66,443,251,0.0791,1.633,-14.77,26,20,-0.0989,-0.507,-5.1,1364,736,0.016,0.655,-20.2,1567,872,0.0306,1.29,-28.02,416,235,-0.0132,-0.285,-19.74,1561,884,0.0101,0.428,-34.27,422,223,0.0632,1.337,-14.59,1557,866,0.0363,1.515,-23.08,426,241,-0.0332,-0.748,-19.27,1540,858,0.011,0.458,-36.26,443,249,0.0575,1.3,-9.91,1983,1107,0.0214,1.014,-32.09,0.0155,0.0333,2.2,-8.8,12.5,16.2,-11.6,17.4,-1.1,-4.5,-3.5,31.6,-10.1,-0.0045,-0.033,0.035,0.126,-0.0322,-0.0352,0.026,0.1251,False,True,False,True,False,2,True,False,False,False
long,SPX500,L33,3,0.74,"{""entry_tf"": 1, ""vwap"": false, ""time_stop"": 240, ""legs"": false, ""leg_max"": 6, ""legs_mgmt"": ""same"", ""leg_window"": 30, ""ma"": 0, ""dyn"": false, ""entry_mode"": ""close"", ""pb_frac"": 0.3, ""pb_wait"": 5, ""gap"": ""off"", ""body_min"": 0.7, ""volf"": ""off"", ""dow"": ""none"", ""big_thr"": 15, ""big_sl"": 50, ""big_tp"": 150, ""std_sl"": 35, ""std_tp"": 0, ""leg_gap"": 25, ""leg_sl"": 35, ""leg_tp"": 90, ""gap_min"": 100, ""be_at"": 1.0, ""partial"": 2.0, ""trail"": 2.0}",352,115,0.0887,2.089,-9.5,91,19,-0.0371,-0.595,-7.57,443,134,0.0629,1.738,-9.56,26,5,-0.0314,-0.268,-2.19,1364,356,0.0105,0.633,-17.77,1567,431,0.0159,0.966,-17.05,416,104,0.0285,0.893,-9.89,1561,426,0.0167,1.012,-13.95,422,109,0.0253,0.804,-8.21,1557,411,0.0128,0.779,-18.25,426,124,0.0397,1.227,-7.29,1540,414,0.0258,1.555,-14.95,443,121,-0.0067,-0.217,-14.92,1983,535,0.0186,1.268,-17.77,0.0084,0.0363,-4.5,-8.0,7.2,1.2,-8.0,14.6,2.4,7.0,5.6,16.4,-0.4,0.0536,-0.0286,0.0226,0.0311,0.0146,0.0937,-0.0272,0.0371,False,True,True,False,False,2,True,False,False,False
long,SPX500,L34,3,0.43,"{""entry_tf"": 5, ""vwap"": true, ""time_stop"": 240, ""legs"": true, ""leg_max"": 6, ""legs_mgmt"": ""fixed"", ""leg_window"": 120, ""ma"": 0, ""dyn"": false, ""entry_mode"": ""close"", ""pb_frac"": 0.5, ""pb_wait"": 30, ""gap"": ""off"", ""body_min"": 0.5, ""volf"": ""skip_high"", ""dow"": ""fri"", ""big_thr"": 25, ""big_sl"": 30, ""big_tp"": 200, ""std_sl"": 25, ""std_tp"": 0, ""leg_gap"": 20, ""leg_sl"": 25, ""leg_tp"": 115, ""gap_min"": 100, ""be_at"": 0, ""partial"": 0, ""trail"": 1.5}",352,125,0.1108,1.687,-8.0,91,27,-0.0195,-0.212,-8.95,443,152,0.0841,1.512,-9.41,26,11,0.0177,0.079,-4.83,1364,415,0.0161,0.702,-29.03,1567,489,0.0275,1.202,-24.3,416,140,0.0581,1.052,-8.95,1561,499,0.0291,1.179,-22.05,422,130,0.0517,1.207,-9.24,1557,503,0.042,1.694,-17.4,426,126,0.0044,0.104,-11.92,1540,500,0.0455,1.778,-24.57,443,129,-0.0063,-0.174,-19.29,1983,629,0.0339,1.579,-29.03,0.011,0.0732,-5.0,3.1,10.8,16.0,-24.5,16.9,-1.9,0.4,13.3,29.7,2.8,0.0712,0.0285,0.0015,0.1632,0.0184,-0.0259,-0.0582,0.1048,True,True,False,False,False,2,True,True,False,False
long,SPX500,L35,3,0.511,"{""entry_tf"": 5, ""vwap"": true, ""time_stop"": 999, ""legs"": false, ""leg_max"": 1, ""legs_mgmt"": ""fixed"", ""leg_window"": 30, ""ma"": 0, ""dyn"": false, ""entry_mode"": ""close"", ""pb_frac"": 0.5, ""pb_wait"": 5, ""gap"": ""off"", ""body_min"": 0.5, ""volf"": ""off"", ""dow"": ""none"", ""big_thr"": 15, ""big_sl"": 30, ""big_tp"": 80, ""std_sl"": 25, ""std_tp"": 0, ""leg_gap"": 20, ""leg_sl"": 35, ""leg_tp"": 140, ""gap_min"": 0, ""be_at"": 0, ""partial"": 0, ""trail"": 1.5}",352,178,0.1185,1.993,-9.71,91,42,0.0041,0.039,-7.53,443,220,0.095,1.826,-12.03,26,16,-0.1698,-0.912,-6.44,1364,667,0.0269,0.971,-24.06,1567,769,0.038,1.486,-27.71,416,211,0.0416,0.751,-13.85,1561,782,0.0218,0.845,-29.16,422,198,0.1013,1.895,-9.27,1557,765,0.0551,2.083,-26.31,426,215,-0.021,-0.428,-16.26,1540,765,0.0465,1.708,-21.59,443,215,0.0118,0.268,-20.59,1983,980,0.0387,1.662,-24.96,0.0278,0.0648,3.6,3.4,15.8,22.1,-15.1,22.2,-2.0,-9.9,11.4,33.9,-9.5,0.0477,0.0279,0.0578,0.1978,-0.02,-0.0233,-0.0315,0.1044,True,True,False,False,False,2,True,False,False,False
long,SPX500,L36,3,0.348,"{""entry_tf"": 1, ""vwap"": false, ""time_stop"": 90, ""legs"": false, ""leg_max"": 2, ""legs_mgmt"": ""same"", ""leg_window"": 60, ""ma"": 0, ""dyn"": false, ""entry_mode"": ""close"", ""pb_frac"": 0.3, ""pb_wait"": 30, ""gap"": ""off"", ""body_min"": 0.7, ""volf"": ""off"", ""dow"": ""none"", ""big_thr"": 15, ""big_sl"": 50, ""big_tp"": 100, ""std_sl"": 15, ""std_tp"": 0, ""leg_gap"": 25, ""leg_sl"": 25, ""leg_tp"": 115, ""gap_min"": 100, ""be_at"": 2.0, ""partial"": 3.0, ""trail"": 1.5}",352,115,0.0644,1.577,-10.08,91,19,-0.0559,-1.126,-7.44,443,134,0.0397,1.164,-10.35,26,5,-0.0414,-0.433,-1.98,1364,356,0.0054,0.302,-24.91,1567,431,0.0087,0.505,-26.35,416,104,0.0043,0.146,-9.78,1561,426,-0.0023,-0.138,-20.45,422,109,0.0452,1.345,-6.92,1557,411,0.0096,0.576,-20.14,426,124,0.0013,0.039,-14.2,1540,414,0.0155,0.903,-16.99,443,121,-0.0188,-0.605,-18.26,1983,535,0.0078,0.52,-24.91,0.0028,0.0131,-5.6,-4.2,-3.4,23.8,-20.5,3.8,1.9,8.2,-2.4,14.1,-4.7,0.0238,-0.0398,0.0508,0.0328,-0.0244,0.0569,-0.0199,-0.0165,False,True,False,False,False,1,True,False,False,False
long,SPX500,L37,3,0.314,"{""entry_tf"": 5, ""vwap"": true, ""time_stop"": 240, ""legs"": true, ""leg_max"": 4, ""legs_mgmt"": ""fixed"", ""leg_window"": 60, ""ma"": 0, ""dyn"": true, ""entry_mode"": ""close"", ""pb_frac"": 0.3, ""pb_wait"": 5, ""gap"": ""off"", ""body_min"": 0.5, ""volf"": ""skip_high"", ""dow"": ""fri"", ""big_thr"": 20, ""big_sl"": 25, ""big_tp"": 150, ""std_sl"": 30, ""std_tp"": 0, ""leg_gap"": 10, ""leg_sl"": 35, ""leg_tp"": 115, ""gap_min"": 20, ""be_at"": 1.5, ""partial"": 1.5, ""trail"": 3.0}",352,138,0.0421,0.716,-10.6,91,29,0.001,0.009,-8.85,443,167,0.0336,0.645,-12.79,26,12,-0.1763,-0.939,-7.11,1364,473,-0.0147,-0.469,-38.43,1567,544,0.0044,0.159,-30.12,416,164,-0.0158,-0.244,-22.33,1561,562,-0.0098,-0.328,-47.35,422,146,0.0373,0.749,-17.8,1557,567,0.0049,0.164,-45.21,426,141,-0.017,-0.334,-30.51,1540,565,0.0238,0.768,-35.62,443,143,-0.0819,-1.932,-41.95,1983,708,0.0002,0.007,-38.49,-0.0164,0.0331,3.0,-4.2,-17.9,11.4,-22.5,7.7,-2.4,1.3,1.0,14.7,0.2,-0.047,0.0552,-0.0085,0.139,0.0068,-0.0683,-0.1266,0.014,False,False,False,False,False,0,True,False,False,False
long,SPX500,L38,3,0.274,"{""entry_tf"": 1, ""vwap"": true, ""time_stop"": 180, ""legs"": false, ""leg_max"": 1, ""legs_mgmt"": ""same"", ""leg_window"": 120, ""ma"": 0, ""dyn"": true, ""entry_mode"": ""close"", ""pb_frac"": 0.7, ""pb_wait"": 5, ""gap"": ""off"", ""body_min"": 0.7, ""volf"": ""off"", ""dow"": ""none"", ""big_thr"": 25, ""big_sl"": 40, ""big_tp"": 150, ""std_sl"": 15, ""std_tp"": 42, ""leg_gap"": 10, ""leg_sl"": 25, ""leg_tp"": 140, ""gap_min"": 20, ""be_at"": 2.0, ""partial"": 3.0, ""trail"": 2.0}",352,115,0.0501,0.954,-12.81,91,19,0.0295,0.347,-6.79,443,134,0.0459,1.013,-13.54,26,5,0.0178,0.125,-1.84,1364,356,0.0033,0.138,-59.2,1567,431,-0.0051,-0.224,-59.71,416,104,0.0601,1.347,-8.42,1561,426,-0.0043,-0.19,-56.63,422,109,0.0564,1.28,-10.48,1557,411,0.0229,1.01,-37.92,426,124,-0.0438,-0.988,-34.83,1540,414,0.0184,0.797,-42.03,443,121,-0.0254,-0.604,-20.42,1983,535,0.0086,0.425,-59.2,-0.0042,0.0202,-19.3,-28.5,-16.7,23.8,-0.1,33.0,-1.1,2.9,-4.6,18.4,-0.9,0.0693,0.0392,0.0754,0.0143,-0.0926,0.0613,-0.0337,-0.0075,True,True,False,False,False,2,True,True,False,False
long,SPX500,LIVE_COMP,,,"{""entry_tf"": 1, ""vwap"": true, ""time_stop"": 120, ""legs"": true, ""leg_max"": 6, ""legs_mgmt"": ""fixed"", ""leg_window"": 120, ""ma"": 0, ""dyn"": false, ""big_thr"": 15, ""big_sl"": 35, ""big_tp"": 115, ""std_sl"": 25, ""std_tp"": 42, ""leg_gap"": 15, ""leg_sl"": 35, ""leg_tp"": 115, ""be_at"": 0, ""partial"": 0, ""trail"": 0, ""entry_mode"": ""close"", ""pb_frac"": 0.5, ""pb_wait"": 15, ""gap"": ""off"", ""gap_min"": 0, ""body_min"": 0, ""volf"": ""off"", ""dow"": ""none""}",352,322,0.0567,0.564,-34.05,91,80,-0.2013,-1.237,-35.79,443,402,0.0037,0.043,-50.48,26,24,-0.1825,-0.565,-13.09,1364,1179,-0.0291,-0.808,-66.56,1567,1370,0.0005,0.012,-37.86,416,367,-0.1505,-2.155,-75.47,1561,1360,-0.0216,-0.574,-63.58,422,377,-0.0669,-0.977,-34.74,1557,1366,-0.0509,-1.386,-99.31,426,371,0.0408,0.547,-31.63,1540,1351,-0.0495,-1.344,-109.01,443,386,0.0325,0.443,-20.09,1983,1737,-0.0312,-0.946,-87.14,-0.0326,-0.0358,-16.5,-16.3,-18.0,23.3,-41.0,12.7,2.1,6.6,-9.7,-17.9,0.7,-0.0922,-0.2832,-0.0331,-0.142,-0.0283,0.1897,-0.0025,0.1074,False,False,False,False,False,0,True,False,False,False
long,SPX500,LIVE_COMP+MA100,,,"{""entry_tf"": 1, ""vwap"": true, ""time_stop"": 120, ""legs"": true, ""leg_max"": 6, ""legs_mgmt"": ""fixed"", ""leg_window"": 120, ""ma"": 100, ""dyn"": false, ""big_thr"": 15, ""big_sl"": 35, ""big_tp"": 115, ""std_sl"": 25, ""std_tp"": 42, ""leg_gap"": 15, ""leg_sl"": 35, ""leg_tp"": 115, ""be_at"": 0, ""partial"": 0, ""trail"": 0, ""entry_mode"": ""close"", ""pb_frac"": 0.5, ""pb_wait"": 15, ""gap"": ""off"", ""gap_min"": 0, ""body_min"": 0, ""volf"": ""off"", ""dow"": ""none""}",352,269,0.1235,1.295,-16.51,91,65,-0.0687,-0.447,-23.72,443,334,0.084,1.023,-23.62,26,24,-0.1825,-0.565,-13.09,1364,935,0.0027,0.086,-44.46,1567,1119,0.0313,0.92,-32.29,416,303,-0.0795,-1.301,-45.94,1561,1111,0.0113,0.334,-39.15,422,311,-0.0039,-0.061,-20.89,1557,1126,-0.0043,-0.13,-41.9,426,296,0.0535,0.804,-21.43,1540,1105,-0.003,-0.09,-54.39,443,317,0.0465,0.692,-22.06,1983,1422,0.0081,0.271,-44.46,-0.0025,0.02,-19.6,-16.3,9.3,31.7,-37.3,15.0,3.2,10.4,-10.7,8.7,9.7,-0.0318,-0.1881,-0.0019,-0.0082,0.0037,0.1608,-0.0074,0.1621,False,False,True,False,False,1,True,False,False,False
long,US30,L0,0,1.093,"{""entry_tf"": 1, ""vwap"": true, ""time_stop"": 60, ""legs"": false, ""leg_max"": 6, ""legs_mgmt"": ""same"", ""leg_window"": 120, ""ma"": 100, ""dyn"": false, ""entry_mode"": ""close"", ""pb_frac"": 0.7, ""pb_wait"": 5, ""gap"": ""off"", ""body_min"": 0, ""volf"": ""mid"", ""dow"": ""fri"", ""big_thr"": 15, ""big_sl"": 30, ""big_tp"": 115, ""std_sl"": 20, ""std_tp"": 60, ""leg_gap"": 20, ""leg_sl"": 45, ""leg_tp"": 140, ""gap_min"": 50, ""be_at"": 2.0, ""partial"": 3.0, ""trail"": 1.5}",351,142,0.0207,0.415,-21.36,90,34,-0.0262,-0.367,-5.32,441,176,0.0112,0.263,-22.26,38,19,0.0125,0.1,-4.97,1542,436,0.0159,0.893,-17.54,1696,535,0.0369,1.936,-21.36,463,139,-0.0393,-1.313,-18.74,1712,554,0.0127,0.697,-23.76,447,120,0.0509,1.39,-10.57,1696,527,0.0218,1.17,-19.96,463,147,0.0162,0.481,-17.2,1676,503,0.0156,0.884,-20.67,483,171,0.0379,0.958,-13.46,2159,674,0.0206,1.263,-22.26,0.0138,0.0323,-7.1,2.7,-3.1,0.1,11.9,23.5,-2.5,-2.4,6.3,11.2,2.9,-0.0295,-0.0653,0.0288,0.1042,0.0041,0.0455,0.0213,0.0782,False,True,True,True,False,3,True,True,False,False
long,US30,L1,"0,2",1.156,"{""entry_tf"": 1, ""vwap"": false, ""time_stop"": 180, ""legs"": true, ""leg_max"": 4, ""legs_mgmt"": ""same"", ""leg_window"": 60, ""ma"": 100, ""dyn"": false, ""entry_mode"": ""close"", ""pb_frac"": 0.3, ""pb_wait"": 30, ""gap"": ""off"", ""body_min"": 0.3, ""volf"": ""skip_low"", ""dow"": ""fri"", ""big_thr"": 20, ""big_sl"": 30, ""big_tp"": 200, ""std_sl"": 30, ""std_tp"": 50, ""leg_gap"": 20, ""leg_sl"": 35, ""leg_tp"": 60, ""gap_min"": 0, ""be_at"": 1.0, ""partial"": 0, ""trail"": 1.5}",351,154,0.049,0.842,-22.54,90,39,-0.0231,-0.303,-5.47,441,193,0.0343,0.701,-20.83,38,18,-0.0075,-0.095,-3.21,1542,491,0.0366,1.839,-12.43,1696,601,0.0545,2.407,-22.54,463,157,0.0218,0.611,-5.47,1712,613,0.0346,1.682,-16.77,447,145,0.097,1.923,-8.67,1696,594,0.0614,2.709,-20.9,463,164,-0.0035,-0.099,-16.44,1676,566,0.0416,1.937,-14.24,483,192,0.068,1.544,-12.94,2159,758,0.0475,2.453,-20.83,0.0304,0.0746,-11.2,9.4,2.7,0.2,-0.7,26.4,3.2,21.0,21.5,13.0,11.3,0.0262,0.01,0.0887,0.1171,-0.0008,-0.0101,0.0227,0.1777,True,True,False,True,False,3,True,False,False,False
long,US30,L2,"0,3",0.922,"{""entry_tf"": 1, ""vwap"": true, ""time_stop"": 999, ""legs"": true, ""leg_max"": 2, ""legs_mgmt"": ""fixed"", ""leg_window"": 60, ""ma"": 100, ""dyn"": false, ""entry_mode"": ""close"", ""pb_frac"": 0.5, ""pb_wait"": 30, ""gap"": ""off"", ""body_min"": 0.3, ""volf"": ""skip_low"", ""dow"": ""fri"", ""big_thr"": 10, ""big_sl"": 30, ""big_tp"": 150, ""std_sl"": 35, ""std_tp"": 60, ""leg_gap"": 25, ""leg_sl"": 25, ""leg_tp"": 115, ""gap_min"": 20, ""be_at"": 1.5, ""partial"": 1.5, ""trail"": 1.5}",351,142,0.0235,0.514,-17.21,90,35,-0.0289,-0.481,-4.79,441,177,0.0128,0.333,-18.45,38,17,-0.0048,-0.055,-2.69,1542,462,0.0285,1.645,-12.23,1696,561,0.042,2.272,-17.21,463,146,0.0046,0.158,-7.89,1712,577,0.0298,1.673,-14.19,447,130,0.0499,1.454,-8.44,1696,553,0.0359,2.018,-18.86,463,154,0.0268,0.778,-7.83,1676,526,0.033,1.909,-12.64,483,181,0.0373,0.998,-11.69,2159,707,0.034,2.148,-18.45,0.0231,0.0475,-10.3,12.3,-1.3,0.2,2.5,19.5,0.7,15.1,19.9,12.1,-2.9,0.0144,-0.0215,0.0416,0.07,0.0142,0.0575,0.0153,0.0904,False,True,True,True,False,3,True,False,False,False
long,US30,L3,"0,2",1.248,"{""entry_tf"": 1, ""vwap"": false, ""time_stop"": 999, ""legs"": false, ""leg_max"": 4, ""legs_mgmt"": ""same"", ""leg_window"": 30, ""ma"": 100, ""dyn"": false, ""entry_mode"": ""close"", ""pb_frac"": 0.3, ""pb_wait"": 5, ""gap"": ""off"", ""body_min"": 0.3, ""volf"": ""skip_low"", ""dow"": ""mon"", ""big_thr"": 15, ""big_sl"": 35, ""big_tp"": 130, ""std_sl"": 25, ""std_tp"": 50, ""leg_gap"": 15, ""leg_sl"": 45, ""leg_tp"": 115, ""gap_min"": 0, ""be_at"": 1.5, ""partial"": 2.0, ""trail"": 1.5}",351,139,0.0325,0.701,-15.98,90,33,-0.0258,-0.386,-5.05,441,172,0.0206,0.523,-16.09,38,17,-0.0328,-0.313,-4.04,1542,492,0.0302,1.632,-20.12,1696,576,0.0356,1.895,-15.98,463,156,0.0224,0.676,-10.12,1712,584,0.026,1.424,-17.98,447,148,0.0585,1.592,-6.24,1696,556,0.0463,2.474,-28.05,463,176,-0.0169,-0.505,-27.26,1676,557,0.0257,1.44,-15.65,483,175,0.0574,1.465,-14.61,2159,732,0.0328,2.0,-20.12,0.024,0.0393,-3.3,2.0,10.4,-0.1,14.3,15.0,-3.0,5.1,3.3,12.2,7.5,0.0357,-0.0132,0.039,0.1055,-0.0039,-0.0484,0.0212,0.1452,False,True,False,True,False,2,True,False,False,False
long,US30,L4,"0,3",0.773,"{""entry_tf"": 1, ""vwap"": false, ""time_stop"": 180, ""legs"": true, ""leg_max"": 6, ""legs_mgmt"": ""fixed"", ""leg_window"": 60, ""ma"": 100, ""dyn"": false, ""entry_mode"": ""close"", ""pb_frac"": 0.7, ""pb_wait"": 5, ""gap"": ""off"", ""body_min"": 0.3, ""volf"": ""skip_low"", ""dow"": ""fri"", ""big_thr"": 25, ""big_sl"": 30, ""big_tp"": 0, ""std_sl"": 35, ""std_tp"": 80, ""leg_gap"": 15, ""leg_sl"": 35, ""leg_tp"": 90, ""gap_min"": 0, ""be_at"": 2.0, ""partial"": 1.5, ""trail"": 2.0}",351,164,0.0109,0.201,-22.03,90,39,-0.0458,-0.583,-8.5,441,203,-0.0007,-0.015,-21.26,38,18,-0.1311,-1.312,-5.77,1542,500,0.0336,1.705,-15.49,1696,619,0.0369,1.742,-22.03,463,161,0.0324,0.821,-9.68,1712,631,0.0307,1.484,-16.93,447,149,0.0557,1.304,-7.73,1696,611,0.0399,1.878,-19.75,463,169,0.0213,0.548,-11.2,1676,582,0.0376,1.774,-16.84,483,198,0.03,0.764,-16.33,2159,780,0.0359,1.925,-21.26,0.024,0.0417,-18.6,11.7,-1.2,2.0,2.5,19.8,8.3,15.8,21.9,7.2,-8.3,0.0498,-0.014,0.0641,0.0352,0.0008,0.0713,0.0285,0.0336,False,True,True,True,False,3,True,False,False,False
long,US30,L5,0,0.763,"{""entry_tf"": 1, ""vwap"": false, ""time_stop"": 60, ""legs"": true, ""leg_max"": 4, ""legs_mgmt"": ""same"", ""leg_window"": 30, ""ma"": 100, ""dyn"": false, ""entry_mode"": ""close"", ""pb_frac"": 0.3, ""pb_wait"": 5, ""gap"": ""off"", ""body_min"": 0, ""volf"": ""mid"", ""dow"": ""none"", ""big_thr"": 25, ""big_sl"": 30, ""big_tp"": 130, ""std_sl"": 35, ""std_tp"": 42, ""leg_gap"": 20, ""leg_sl"": 25, ""leg_tp"": 0, ""gap_min"": 100, ""be_at"": 0, ""partial"": 0, ""trail"": 1.5}",351,207,0.0447,0.711,-23.54,90,56,0.0454,0.408,-5.23,441,263,0.0449,0.816,-19.92,38,29,-0.1102,-0.845,-8.54,1542,666,0.0175,0.906,-17.68,1696,806,0.0311,1.418,-23.54,463,229,0.0008,0.02,-15.52,1712,837,0.0246,1.122,-27.27,447,198,0.0244,0.633,-8.92,1696,808,0.033,1.523,-15.59,463,227,-0.0063,-0.156,-24.47,1676,788,0.0075,0.371,-22.64,483,247,0.0837,1.732,-9.2,2159,1035,0.0246,1.284,-21.58,0.0128,0.0424,-7.8,-3.2,-5.5,0.8,12.3,15.8,-4.4,13.6,-3.5,19.7,5.8,0.0014,-0.001,0.0188,0.0379,0.0105,-0.0474,0.0216,0.2344,False,True,False,True,False,2,True,False,False,False
long,US30,L6,"0,1,2",1.067,"{""entry_tf"": 1, ""vwap"": false, ""time_stop"": 999, ""legs"": false, ""leg_max"": 6, ""legs_mgmt"": ""fixed"", ""leg_window"": 120, ""ma"": 100, ""dyn"": false, ""entry_mode"": ""close"", ""pb_frac"": 0.5, ""pb_wait"": 5, ""gap"": ""off"", ""body_min"": 0.3, ""volf"": ""skip_low"", ""dow"": ""none"", ""big_thr"": 25, ""big_sl"": 30, ""big_tp"": 115, ""std_sl"": 25, ""std_tp"": 80, ""leg_gap"": 20, ""leg_sl"": 35, ""leg_tp"": 60, ""gap_min"": 50, ""be_at"": 0, ""partial"": 0, ""trail"": 2.0}",351,175,0.0409,0.65,-18.94,90,43,0.0019,0.016,-6.74,441,218,0.033,0.594,-18.13,38,21,-0.1775,-1.635,-7.71,1542,602,0.0345,1.353,-26.88,1696,714,0.0417,1.626,-19.76,463,191,0.0303,0.616,-13.3,1712,727,0.032,1.259,-22.99,447,178,0.067,1.321,-10.66,1696,697,0.0533,2.059,-31.66,463,208,-0.0123,-0.26,-22.99,1676,686,0.03,1.194,-21.63,483,219,0.0715,1.365,-13.62,2159,905,0.0393,1.726,-26.88,0.0238,0.051,-21.4,3.0,1.8,-0.7,22.0,19.3,1.4,14.8,5.8,19.4,-0.4,0.0432,-0.004,0.0647,0.0726,-0.0205,0.0077,0.0328,0.1653,False,True,False,True,False,2,True,False,False,False
long,US30,L7,"0,3",1.026,"{""entry_tf"": 1, ""vwap"": true, ""time_stop"": 999, ""legs"": false, ""leg_max"": 6, ""legs_mgmt"": ""fixed"", ""leg_window"": 60, ""ma"": 100, ""dyn"": false, ""entry_mode"": ""close"", ""pb_frac"": 0.3, ""pb_wait"": 30, ""gap"": ""off"", ""body_min"": 0.3, ""volf"": ""skip_low"", ""dow"": ""none"", ""big_thr"": 25, ""big_sl"": 30, ""big_tp"": 100, ""std_sl"": 20, ""std_tp"": 50, ""leg_gap"": 15, ""leg_sl"": 45, ""leg_tp"": 90, ""gap_min"": 50, ""be_at"": 2.0, ""partial"": 1.0, ""trail"": 3.0}",351,165,0.0308,0.655,-18.64,90,39,0.059,0.696,-4.46,441,204,0.0366,0.886,-15.95,38,20,0.0532,0.439,-3.25,1542,571,0.018,0.942,-16.08,1696,677,0.0293,1.525,-18.64,463,178,0.0187,0.53,-11.03,1712,693,0.0232,1.212,-18.92,447,162,0.0419,1.165,-7.84,1696,657,0.0369,1.93,-21.55,463,198,-0.0092,-0.258,-19.26,1676,644,0.0223,1.204,-16.46,483,211,0.0436,1.098,-14.77,2159,855,0.027,1.601,-16.6,0.015,0.0497,-3.5,1.8,-0.3,-1.2,7.5,15.7,-0.8,6.0,1.8,23.6,7.3,0.0113,0.0383,0.037,0.0536,-0.0155,0.0059,0.0085,0.1287,True,True,False,True,True,3,True,True,True,True
long,US30,L8,0,0.747,"{""entry_tf"": 1, ""vwap"": true, ""time_stop"": 120, ""legs"": false, ""leg_max"": 4, ""legs_mgmt"": ""same"", ""leg_window"": 30, ""ma"": 100, ""dyn"": false, ""entry_mode"": ""close"", ""pb_frac"": 0.7, ""pb_wait"": 15, ""gap"": ""off"", ""body_min"": 0.3, ""volf"": ""mid"", ""dow"": ""none"", ""big_thr"": 15, ""big_sl"": 35, ""big_tp"": 115, ""std_sl"": 25, ""std_tp"": 0, ""leg_gap"": 20, ""leg_sl"": 45, ""leg_tp"": 0, ""gap_min"": 100, ""be_at"": 1.5, ""partial"": 3.0, ""trail"": 3.0}",351,137,0.0121,0.222,-22.76,90,33,0.0782,0.733,-5.37,441,170,0.0255,0.527,-20.43,38,19,-0.1733,-1.161,-7.57,1542,430,0.0191,0.968,-20.57,1696,525,0.0262,1.27,-22.76,463,140,0.0179,0.458,-8.82,1712,551,0.0145,0.699,-35.93,447,114,0.0627,1.616,-8.97,1696,513,0.0385,1.85,-14.11,463,152,-0.0272,-0.723,-29.14,1676,495,0.0199,0.994,-21.96,483,170,0.0403,0.937,-11.82,2159,665,0.0244,1.338,-25.44,0.015,0.0378,-7.3,7.8,-2.0,2.2,24.6,8.3,-1.3,-7.3,-1.6,23.9,-5.6,0.0074,0.0462,0.073,0.0378,-0.0455,0.0172,0.02,0.0896,True,True,False,True,True,3,True,False,False,False
long,US30,L9,0,0.697,"{""entry_tf"": 1, ""vwap"": true, ""time_stop"": 60, ""legs"": false, ""leg_max"": 2, ""legs_mgmt"": ""same"", ""leg_window"": 60, ""ma"": 100, ""dyn"": true, ""entry_mode"": ""close"", ""pb_frac"": 0.5, ""pb_wait"": 30, ""gap"": ""off"", ""body_min"": 0.3, ""volf"": ""off"", ""dow"": ""fri"", ""big_thr"": 10, ""big_sl"": 25, ""big_tp"": 0, ""std_sl"": 35, ""std_tp"": 42, ""leg_gap"": 10, ""leg_sl"": 25, ""leg_tp"": 60, ""gap_min"": 50, ""be_at"": 2.0, ""partial"": 0, ""trail"": 3.0}",351,158,-0.0014,-0.018,-30.38,90,42,-0.2641,-3.178,-23.69,441,200,-0.055,-0.833,-37.17,38,24,-0.2333,-1.221,-12.69,1542,586,0.0204,0.534,-53.57,1696,677,0.0549,1.427,-35.12,463,195,-0.1434,-2.619,-66.39,1712,710,-0.0267,-0.797,-64.64,447,162,0.1621,1.801,-16.5,1696,690,0.0148,0.403,-54.66,463,182,0.0034,0.05,-27.31,1676,666,0.0165,0.442,-48.74,483,206,-0.002,-0.031,-22.78,2159,872,0.0124,0.382,-53.57,0.0195,-0.0076,-4.8,-31.8,-0.8,0.4,12.3,54.7,-17.3,20.0,1.5,-1.7,-13.3,-0.1012,-0.2562,0.1311,0.2367,-0.0127,0.0425,-0.0111,0.0201,False,True,False,False,False,1,True,False,False,False
long,US30,L10,0,0.686,"{""entry_tf"": 1, ""vwap"": true, ""time_stop"": 999, ""legs"": false, ""leg_max"": 1, ""legs_mgmt"": ""fixed"", ""leg_window"": 60, ""ma"": 0, ""dyn"": false, ""entry_mode"": ""close"", ""pb_frac"": 0.5, ""pb_wait"": 5, ""gap"": ""off"", ""body_min"": 0, ""volf"": ""skip_low"", ""dow"": ""fri"", ""big_thr"": 15, ""big_sl"": 30, ""big_tp"": 100, ""std_sl"": 15, ""std_tp"": 50, ""leg_gap"": 10, ""leg_sl"": 35, ""leg_tp"": 60, ""gap_min"": 100, ""be_at"": 2.0, ""partial"": 0, ""trail"": 0}",351,209,0.0407,0.548,-23.62,90,49,-0.1635,-1.39,-15.8,441,258,-0.001,-0.016,-24.51,38,20,0.0023,0.012,-5.37,1542,798,0.0417,1.286,-33.71,1696,915,0.0557,1.741,-33.33,463,226,-0.0015,-0.027,-20.49,1712,912,0.03,0.966,-29.61,447,229,0.0949,1.521,-19.38,1696,887,0.0386,1.238,-27.68,463,254,0.0615,0.992,-15.89,1676,869,0.0456,1.463,-36.81,483,272,0.0359,0.587,-29.18,2159,1141,0.0435,1.562,-33.71,0.0329,0.048,-16.9,25.2,-19.7,5.2,8.4,43.9,9.9,-0.8,12.1,24.1,-6.5,0.0145,-0.0442,0.0453,0.2145,0.0355,0.1245,0.0771,-0.064,False,True,True,False,False,2,True,True,False,False
long,US30,L11,"0,3",0.782,"{""entry_tf"": 1, ""vwap"": false, ""time_stop"": 120, ""legs"": false, ""leg_max"": 6, ""legs_mgmt"": ""same"", ""leg_window"": 60, ""ma"": 100, ""dyn"": false, ""entry_mode"": ""close"", ""pb_frac"": 0.7, ""pb_wait"": 30, ""gap"": ""off"", ""body_min"": 0.3, ""volf"": ""off"", ""dow"": ""fri"", ""big_thr"": 15, ""big_sl"": 40, ""big_tp"": 200, ""std_sl"": 30, ""std_tp"": 60, ""leg_gap"": 15, ""leg_sl"": 35, ""leg_tp"": 115, ""gap_min"": 0, ""be_at"": 0, ""partial"": 0, ""trail"": 1.0}",351,167,0.035,0.774,-9.26,90,44,0.0329,0.404,-4.23,441,211,0.0345,0.872,-11.71,38,25,-0.0838,-0.869,-7.59,1542,626,0.0268,1.616,-12.36,1696,722,0.0363,2.048,-12.38,463,205,0.015,0.479,-9.84,1712,749,0.018,1.074,-24.39,447,178,0.0844,2.213,-6.61,1696,732,0.0393,2.208,-11.75,463,195,0.0041,0.134,-20.11,1676,712,0.0345,1.993,-13.51,483,215,0.0224,0.651,-10.58,2159,927,0.0318,2.052,-12.36,0.0222,0.0442,-4.3,8.2,3.9,0.3,11.4,13.4,-4.5,8.8,1.9,18.1,4.1,0.0046,0.0429,0.0889,0.0736,0.0024,0.0084,-0.001,0.0792,True,True,False,False,False,2,True,False,False,False
long,US30,L12,0,0.885,"{""entry_tf"": 1, ""vwap"": true, ""time_stop"": 999, ""legs"": true, ""leg_max"": 1, ""legs_mgmt"": ""same"", ""leg_window"": 120, ""ma"": 100, ""dyn"": false, ""entry_mode"": ""close"", ""pb_frac"": 0.3, ""pb_wait"": 30, ""gap"": ""off"", ""body_min"": 0, ""volf"": ""skip_low"", ""dow"": ""fri"", ""big_thr"": 25, ""big_sl"": 30, ""big_tp"": 130, ""std_sl"": 35, ""std_tp"": 0, ""leg_gap"": 20, ""leg_sl"": 45, ""leg_tp"": 90, ""gap_min"": 20, ""be_at"": 1.0, ""partial"": 1.0, ""trail"": 1.5}",351,182,0.0037,0.085,-21.13,90,45,0.0104,0.139,-6.36,441,227,0.0051,0.134,-18.34,38,22,0.071,0.743,-4.02,1542,573,0.0225,1.313,-17.47,1696,698,0.0315,1.764,-21.13,463,182,0.0018,0.059,-8.48,1712,709,0.0161,0.955,-18.76,447,171,0.0597,1.597,-10.5,1696,687,0.0333,1.87,-14.19,463,193,-0.0048,-0.156,-8.91,1676,662,0.0186,1.098,-19.22,483,218,0.0475,1.324,-11.37,2159,880,0.0251,1.626,-18.66,0.0176,0.0316,-12.2,20.5,-5.9,-0.2,-6.2,18.5,-1.1,16.1,2.1,16.3,3.8,0.0057,-0.0088,0.0476,0.0888,-0.0025,-0.0103,0.0307,0.0885,False,True,False,True,False,2,True,True,False,False
long,US30,L13,0,0.648,"{""entry_tf"": 1, ""vwap"": false, ""time_stop"": 120, ""legs"": false, ""leg_max"": 1, ""legs_mgmt"": ""fixed"", ""leg_window"": 30, ""ma"": 100, ""dyn"": false, ""entry_mode"": ""close"", ""pb_frac"": 0.5, ""pb_wait"": 30, ""gap"": ""off"", ""body_min"": 0.3, ""volf"": ""off"", ""dow"": ""fri"", ""big_thr"": 25, ""big_sl"": 25, ""big_tp"": 0, ""std_sl"": 25, ""std_tp"": 50, ""leg_gap"": 25, ""leg_sl"": 35, ""leg_tp"": 60, ""gap_min"": 100, ""be_at"": 0, ""partial"": 3.0, ""trail"": 2.0}",351,167,0.0387,0.618,-15.55,90,44,-0.0693,-0.765,-7.45,441,211,0.0167,0.313,-15.27,38,25,-0.1796,-1.254,-12.14,1542,626,0.0322,1.398,-22.9,1696,722,0.0434,1.782,-24.62,463,205,-0.0181,-0.436,-21.97,1712,749,0.0142,0.613,-44.29,447,178,0.0916,1.818,-8.82,1696,732,0.0392,1.623,-28.39,463,195,-0.0027,-0.063,-23.98,1676,712,0.0213,0.909,-32.99,483,215,0.0611,1.279,-13.3,2159,927,0.0302,1.432,-38.37,0.0297,0.0252,5.2,8.9,2.0,0.3,16.2,25.1,-8.5,0.8,-3.2,14.2,-2.3,-0.0085,-0.0435,0.1366,-0.0169,-0.0193,0.0376,0.0226,0.1544,False,False,False,True,False,1,True,False,False,False
long,US30,L14,0,0.615,"{""entry_tf"": 1, ""vwap"": true, ""time_stop"": 60, ""legs"": true, ""leg_max"": 6, ""legs_mgmt"": ""same"", ""leg_window"": 120, ""ma"": 100, ""dyn"": false, ""entry_mode"": ""close"", ""pb_frac"": 0.5, ""pb_wait"": 15, ""gap"": ""off"", ""body_min"": 0, ""volf"": ""off"", ""dow"": ""none"", ""big_thr"": 25, ""big_sl"": 30, ""big_tp"": 200, ""std_sl"": 20, ""std_tp"": 42, ""leg_gap"": 20, ""leg_sl"": 25, ""leg_tp"": 140, ""gap_min"": 20, ""be_at"": 1.0, ""partial"": 2.0, ""trail"": 1.5}",351,264,0.0324,0.512,-24.04,90,69,-0.0624,-0.616,-8.12,441,333,0.0131,0.24,-26.56,38,37,-0.0667,-0.444,-7.8,1542,918,0.012,0.493,-26.15,1696,1086,0.0342,1.335,-27.4,463,302,-0.0223,-0.493,-17.64,1712,1114,0.0194,0.778,-36.01,447,274,0.0322,0.64,-14.64,1696,1089,0.0281,1.1,-31.86,463,299,-0.0002,-0.004,-20.95,1676,1062,0.0145,0.588,-24.49,483,326,0.0482,0.941,-20.53,2159,1388,0.022,0.987,-30.87,0.0044,0.0471,-15.3,-14.9,12.2,-1.0,-1.0,35.6,-11.9,3.7,3.8,15.1,7.6,-0.033,0.0062,0.0231,0.054,0.0362,-0.0885,-0.0344,0.2485,False,True,False,False,False,1,True,False,False,False
long,US30,L15,"1,2",1.053,"{""entry_tf"": 1, ""vwap"": true, ""time_stop"": 180, ""legs"": false, ""leg_max"": 1, ""legs_mgmt"": ""same"", ""leg_window"": 60, ""ma"": 100, ""dyn"": false, ""entry_mode"": ""close"", ""pb_frac"": 0.5, ""pb_wait"": 5, ""gap"": ""off"", ""body_min"": 0.5, ""volf"": ""off"", ""dow"": ""none"", ""big_thr"": 10, ""big_sl"": 35, ""big_tp"": 200, ""std_sl"": 25, ""std_tp"": 0, ""leg_gap"": 20, ""leg_sl"": 45, ""leg_tp"": 60, ""gap_min"": 0, ""be_at"": 0.5, ""partial"": 0, ""trail"": 2.0}",351,151,0.0003,0.006,-10.63,90,33,0.1074,1.115,-2.44,441,184,0.0222,0.514,-9.81,38,22,-0.1788,-2.873,-7.01,1542,530,0.02,1.099,-18.45,1696,610,0.0051,0.278,-22.47,463,171,0.113,2.674,-6.49,1712,642,0.032,1.629,-14.37,447,139,0.0138,0.396,-9.26,1696,612,0.048,2.347,-19.32,463,169,-0.0439,-1.554,-30.22,1676,588,0.0241,1.33,-23.17,483,193,0.0426,0.968,-14.28,2159,781,0.0283,1.645,-18.45,0.0174,0.0489,-0.8,-4.5,10.1,0.2,5.6,13.2,-5.8,11.1,10.7,16.8,-4.2,0.081,0.1985,0.0076,0.0287,-0.0049,-0.1387,-0.0095,0.1689,True,True,False,False,False,2,True,False,False,False
long,US30,L16,"1,3",0.822,"{""entry_tf"": 1, ""vwap"": true, ""time_stop"": 180, ""legs"": false, ""leg_max"": 4, ""legs_mgmt"": ""same"", ""leg_window"": 120, ""ma"": 0, ""dyn"": false, ""entry_mode"": ""close"", ""pb_frac"": 0.7, ""pb_wait"": 15, ""gap"": ""off"", ""body_min"": 0.5, ""volf"": ""skip_low"", ""dow"": ""fri"", ""big_thr"": 10, ""big_sl"": 35, ""big_tp"": 200, ""std_sl"": 30, ""std_tp"": 42, ""leg_gap"": 10, ""leg_sl"": 45, ""leg_tp"": 60, ""gap_min"": 50, ""be_at"": 1.5, ""partial"": 3.0, ""trail"": 1.0}",351,122,0.0598,1.497,-6.4,90,25,0.1115,1.4,-2.74,441,147,0.0703,1.97,-8.65,38,13,-0.0823,-1.45,-3.96,1542,474,0.0096,0.684,-14.29,1696,529,0.0194,1.305,-12.23,463,133,0.0367,1.391,-7.81,1712,542,0.0285,1.93,-10.3,447,120,0.0024,0.089,-8.02,1696,521,0.0243,1.632,-15.17,463,141,0.0188,0.716,-8.98,1676,494,0.0203,1.47,-14.2,483,168,0.0328,1.007,-13.44,2159,662,0.0231,1.781,-14.29,0.0118,0.0567,5.7,4.8,-4.2,0.2,4.5,3.3,1.8,3.8,5.7,23.1,3.1,0.0277,0.0609,-0.0077,0.0267,-0.0049,0.0763,0.0182,0.0681,True,False,False,True,False,2,True,False,False,False
long,US30,L17,1,0.816,"{""entry_tf"": 1, ""vwap"": true, ""time_stop"": 90, ""legs"": false, ""leg_max"": 6, ""legs_mgmt"": ""fixed"", ""leg_window"": 30, ""ma"": 0, ""dyn"": false, ""entry_mode"": ""close"", ""pb_frac"": 0.5, ""pb_wait"": 5, ""gap"": ""off"", ""body_min"": 0.5, ""volf"": ""skip_low"", ""dow"": ""fri"", ""big_thr"": 15, ""big_sl"": 40, ""big_tp"": 115, ""std_sl"": 30, ""std_tp"": 0, ""leg_gap"": 15, ""leg_sl"": 25, ""leg_tp"": 115, ""gap_min"": 20, ""be_at"": 2.0, ""partial"": 3.0, ""trail"": 1.0}",351,122,0.058,1.473,-6.75,90,25,0.0965,1.508,-2.32,441,147,0.0659,1.939,-9.07,38,13,-0.0379,-0.574,-3.56,1542,474,0.014,0.993,-11.55,1696,529,0.0248,1.681,-11.92,463,133,0.0298,1.219,-10.1,1712,542,0.0324,2.22,-8.57,447,120,0.001,0.038,-8.44,1696,521,0.0296,2.037,-12.51,463,141,0.0123,0.469,-7.96,1676,494,0.0189,1.409,-12.82,483,168,0.0501,1.534,-11.33,2159,662,0.0259,2.034,-11.55,0.0156,0.0557,2.7,-0.1,5.1,0.2,7.4,6.1,-0.5,5.2,6.9,21.5,4.4,0.0247,0.0436,-0.0113,0.0305,-0.0118,0.0708,0.04,0.0748,True,False,False,True,False,2,True,False,False,False
long,US30,L18,1,0.814,"{""entry_tf"": 1, ""vwap"": false, ""time_stop"": 999, ""legs"": true, ""leg_max"": 6, ""legs_mgmt"": ""same"", ""leg_window"": 60, ""ma"": 0, ""dyn"": false, ""entry_mode"": ""close"", ""pb_frac"": 0.5, ""pb_wait"": 5, ""gap"": ""off"", ""body_min"": 0, ""volf"": ""mid"", ""dow"": ""none"", ""big_thr"": 15, ""big_sl"": 40, ""big_tp"": 130, ""std_sl"": 35, ""std_tp"": 50, ""leg_gap"": 25, ""leg_sl"": 35, ""leg_tp"": 60, ""gap_min"": 50, ""be_at"": 0.5, ""partial"": 3.0, ""trail"": 1.0}",351,238,0.0092,0.197,-13.28,90,68,0.0796,0.731,-5.82,441,306,0.0236,0.544,-10.5,38,29,0.0506,0.526,-3.43,1542,922,0.0157,0.847,-16.93,1696,1050,0.0227,1.194,-17.42,463,296,0.0255,0.685,-9.72,1712,1080,0.0298,1.534,-14.24,447,266,-0.0016,-0.046,-11.68,1696,1053,0.0364,1.861,-14.09,463,293,-0.0246,-0.742,-18.75,1676,1030,0.0124,0.674,-19.35,483,316,0.0611,1.505,-9.64,2159,1346,0.0233,1.376,-16.93,0.0104,0.0423,-13.2,10.3,-12.1,0.1,1.5,17.9,3.3,9.7,9.9,10.5,7.7,0.0031,0.0853,-0.0162,0.0337,0.0094,-0.1071,0.0285,0.1401,True,False,False,True,False,2,True,True,False,False
long,US30,L19,1,0.785,"{""entry_tf"": 1, ""vwap"": false, ""time_stop"": 240, ""legs"": true, ""leg_max"": 6, ""legs_mgmt"": ""fixed"", ""leg_window"": 60, ""ma"": 0, ""dyn"": false, ""entry_mode"": ""close"", ""pb_frac"": 0.3, ""pb_wait"": 30, ""gap"": ""with"", ""body_min"": 0, ""volf"": ""off"", ""dow"": ""mon"", ""big_thr"": 25, ""big_sl"": 35, ""big_tp"": 200, ""std_sl"": 35, ""std_tp"": 0, ""leg_gap"": 10, ""leg_sl"": 25, ""leg_tp"": 90, ""gap_min"": 20, ""be_at"": 0.5, ""partial"": 2.0, ""trail"": 2.0}",351,140,0.0602,0.948,-11.72,90,31,-0.127,-3.285,-11.43,441,171,0.022,0.429,-15.26,38,14,-0.1343,-1.75,-6.69,1542,511,0.0055,0.281,-16.77,1696,575,0.0062,0.303,-21.92,463,167,0.0439,1.087,-11.74,1712,562,0.03,1.427,-12.4,447,180,-0.0461,-1.321,-20.99,1696,593,0.0227,1.07,-17.67,463,149,-0.0167,-0.492,-16.92,1676,585,-0.004,-0.215,-29.17,483,157,0.0777,1.584,-12.17,2159,742,0.0143,0.784,-16.77,-0.0004,0.036,-15.1,3.6,-12.6,5.6,8.9,16.7,-10.3,2.5,10.6,12.5,-6.0,0.0787,-0.0492,-0.0601,-0.0123,-0.0311,0.0182,0.0267,0.2012,False,False,False,True,False,1,True,False,False,False
long,US30,L20,1,0.939,"{""entry_tf"": 1, ""vwap"": false, ""time_stop"": 180, ""legs"": false, ""leg_max"": 2, ""legs_mgmt"": ""same"", ""leg_window"": 30, ""ma"": 100, ""dyn"": false, ""entry_mode"": ""close"", ""pb_frac"": 0.3, ""pb_wait"": 5, ""gap"": ""off"", ""body_min"": 0.5, ""volf"": ""skip_low"", ""dow"": ""none"", ""big_thr"": 10, ""big_sl"": 40, ""big_tp"": 80, ""std_sl"": 35, ""std_tp"": 50, ""leg_gap"": 10, ""leg_sl"": 45, ""leg_tp"": 0, ""gap_min"": 100, ""be_at"": 1.0, ""partial"": 3.0, ""trail"": 1.0}",351,127,0.0313,0.913,-8.52,90,24,0.0902,1.716,-1.68,441,151,0.0433,1.476,-5.9,38,15,0.0097,0.11,-2.32,1542,416,0.0126,1.041,-8.52,1696,493,0.016,1.252,-8.52,463,125,0.0294,1.367,-4.98,1712,511,0.0237,1.855,-7.98,447,107,0.0004,0.02,-6.04,1696,477,0.0252,2.019,-9.62,463,141,-0.0044,-0.188,-12.04,1676,453,0.0136,1.169,-12.5,483,165,0.0369,1.314,-9.81,2159,618,0.0188,1.709,-8.52,0.0141,0.0344,3.1,2.7,0.4,0.1,6.8,5.7,-1.6,6.4,2.3,10.2,9.2,0.029,0.0305,0.0016,-0.0024,-0.0075,0.0031,0.0092,0.1041,True,False,False,True,False,2,True,True,False,False
long,US30,L21,"1,2,3",1.074,"{""entry_tf"": 1, ""vwap"": true, ""time_stop"": 90, ""legs"": false, ""leg_max"": 2, ""legs_mgmt"": ""fixed"", ""leg_window"": 30, ""ma"": 100, ""dyn"": false, ""entry_mode"": ""close"", ""pb_frac"": 0.5, ""pb_wait"": 5, ""gap"": ""off"", ""body_min"": 0.5, ""volf"": ""skip_low"", ""dow"": ""none"", ""big_thr"": 20, ""big_sl"": 50, ""big_tp"": 80, ""std_sl"": 30, ""std_tp"": 30, ""leg_gap"": 10, ""leg_sl"": 45, ""leg_tp"": 115, ""gap_min"": 100, ""be_at"": 0, ""partial"": 1.5, ""trail"": 1.0}",351,127,0.0435,1.349,-7.85,90,24,0.0593,1.263,-1.91,441,151,0.0467,1.706,-6.59,38,15,-0.0538,-0.701,-3.56,1542,416,0.0106,0.94,-11.47,1696,493,0.0121,1.027,-14.58,463,125,0.0323,1.551,-3.65,1712,511,0.0168,1.434,-8.9,447,107,0.0148,0.709,-8.19,1696,477,0.0229,1.964,-8.63,463,141,-0.0074,-0.345,-15.2,1676,453,0.0161,1.466,-15.53,483,165,0.0173,0.683,-8.4,2159,618,0.0164,1.599,-11.47,0.0091,0.031,-2.6,-3.6,6.0,0.9,5.6,6.9,0.4,1.6,-3.2,13.0,7.3,0.0352,0.0246,0.0083,0.0306,-0.0111,0.0014,-0.0029,0.0664,True,True,False,False,False,2,True,False,False,False
long,US30,L22,1,0.702,"{""entry_tf"": 1, ""vwap"": false, ""time_stop"": 180, ""legs"": true, ""leg_max"": 6, ""legs_mgmt"": ""fixed"", ""leg_window"": 30, ""ma"": 100, ""dyn"": false, ""entry_mode"": ""close"", ""pb_frac"": 0.3, ""pb_wait"": 30, ""gap"": ""off"", ""body_min"": 0.5, ""volf"": ""off"", ""dow"": ""fri"", ""big_thr"": 10, ""big_sl"": 30, ""big_tp"": 150, ""std_sl"": 35, ""std_tp"": 30, ""leg_gap"": 25, ""leg_sl"": 25, ""leg_tp"": 90, ""gap_min"": 0, ""be_at"": 1.5, ""partial"": 1.5, ""trail"": 1.0}",351,130,0.0007,0.019,-9.98,90,31,0.1164,1.352,-2.2,441,161,0.0243,0.72,-7.59,38,20,-0.0889,-1.011,-5.49,1542,439,0.0159,1.26,-12.1,1696,508,0.0057,0.437,-11.36,463,148,0.0553,1.978,-6.67,1712,544,0.022,1.568,-10.89,447,112,-0.0052,-0.247,-10.48,1696,523,0.0211,1.537,-9.13,463,133,-0.0008,-0.034,-9.97,1676,496,0.0181,1.418,-12.3,483,160,0.0106,0.352,-11.36,2159,656,0.0164,1.37,-12.1,0.0134,0.0175,-4.5,3.6,4.7,0.8,5.1,4.3,-4.7,13.3,2.0,10.6,-5.2,0.0441,0.0855,0.0172,-0.0593,0.0044,-0.0136,-0.0224,0.0906,True,False,False,False,False,1,True,False,False,False
long,US30,L23,1,0.691,"{""entry_tf"": 1, ""vwap"": false, ""time_stop"": 120, ""legs"": false, ""leg_max"": 1, ""legs_mgmt"": ""fixed"", ""leg_window"": 30, ""ma"": 100, ""dyn"": false, ""entry_mode"": ""close"", ""pb_frac"": 0.3, ""pb_wait"": 30, ""gap"": ""off"", ""body_min"": 0.5, ""volf"": ""off"", ""dow"": ""fri"", ""big_thr"": 25, ""big_sl"": 25, ""big_tp"": 100, ""std_sl"": 25, ""std_tp"": 42, ""leg_gap"": 10, ""leg_sl"": 25, ""leg_tp"": 140, ""gap_min"": 100, ""be_at"": 1.5, ""partial"": 3.0, ""trail"": 1.5}",351,122,0.0564,1.133,-8.44,90,29,0.0738,0.859,-3.74,441,151,0.0599,1.383,-7.52,38,19,-0.1506,-1.383,-8.88,1542,433,0.0216,1.281,-15.68,1696,494,0.0242,1.355,-15.86,463,144,0.0341,1.051,-13.87,1712,530,0.029,1.608,-13.11,447,108,0.016,0.522,-8.65,1696,508,0.0279,1.556,-19.06,463,130,0.0206,0.644,-13.45,1676,484,0.0227,1.357,-23.98,483,154,0.0387,0.996,-14.34,2159,638,0.0263,1.681,-16.93,0.0226,0.0382,8.9,-0.7,3.4,0.5,14.1,12.0,-7.5,7.3,-6.6,18.3,6.1,0.0369,0.0266,0.0259,-0.0078,0.0022,0.0651,0.0139,0.0988,True,False,True,True,False,3,True,False,False,False
long,US30,L24,1,0.69,"{""entry_tf"": 1, ""vwap"": true, ""time_stop"": 60, ""legs"": true, ""leg_max"": 4, ""legs_mgmt"": ""fixed"", ""leg_window"": 120, ""ma"": 100, ""dyn"": false, ""entry_mode"": ""close"", ""pb_frac"": 0.7, ""pb_wait"": 30, ""gap"": ""off"", ""body_min"": 0.5, ""volf"": ""off"", ""dow"": ""fri"", ""big_thr"": 25, ""big_sl"": 35, ""big_tp"": 200, ""std_sl"": 25, ""std_tp"": 60, ""leg_gap"": 15, ""leg_sl"": 35, ""leg_tp"": 60, ""gap_min"": 100, ""be_at"": 2.0, ""partial"": 1.0, ""trail"": 2.0}",351,144,0.0362,0.755,-9.9,90,35,-0.0071,-0.098,-5.88,441,179,0.0274,0.668,-10.49,38,21,-0.2715,-2.964,-11.66,1542,452,0.0192,1.241,-11.8,1696,533,0.0171,1.042,-12.68,463,156,0.0481,1.419,-7.24,1712,572,0.0315,1.847,-11.45,447,117,-0.0061,-0.213,-12.24,1696,550,0.0323,1.871,-12.87,463,139,-0.0075,-0.273,-15.28,1676,520,0.0213,1.328,-14.97,483,169,0.0324,0.901,-11.25,2159,689,0.0237,1.604,-11.96,0.0193,0.035,6.3,-2.0,1.8,0.9,10.1,10.3,-2.2,7.2,3.3,15.4,-7.5,0.0461,0.0535,0.0146,-0.0562,-0.0169,0.0151,0.0096,0.0875,True,False,False,True,False,2,True,False,False,False
long,US30,L25,1,0.68,"{""entry_tf"": 1, ""vwap"": true, ""time_stop"": 180, ""legs"": true, ""leg_max"": 1, ""legs_mgmt"": ""same"", ""leg_window"": 120, ""ma"": 100, ""dyn"": false, ""entry_mode"": ""close"", ""pb_frac"": 0.3, ""pb_wait"": 5, ""gap"": ""off"", ""body_min"": 0.5, ""volf"": ""off"", ""dow"": ""fri"", ""big_thr"": 25, ""big_sl"": 30, ""big_tp"": 115, ""std_sl"": 35, ""std_tp"": 50, ""leg_gap"": 10, ""leg_sl"": 35, ""leg_tp"": 0, ""gap_min"": 20, ""be_at"": 1.0, ""partial"": 1.0, ""trail"": 0}",351,141,0.0497,1.114,-9.03,90,35,-0.0347,-0.564,-4.91,441,176,0.0325,0.862,-11.04,38,21,-0.1019,-0.954,-7.54,1542,466,0.0156,0.951,-13.61,1696,542,0.0134,0.822,-12.78,463,159,0.0494,1.435,-6.94,1712,584,0.025,1.496,-12.6,447,117,0.0064,0.199,-9.14,1696,555,0.0277,1.599,-11.87,463,146,-0.0029,-0.108,-13.9,1676,533,0.0206,1.246,-15.84,483,168,0.023,0.697,-11.75,2159,701,0.0211,1.427,-14.79,0.0093,0.035,-11.6,3.8,0.6,0.0,8.6,10.2,-5.8,9.9,-2.0,21.3,-1.5,0.0537,0.0379,0.0168,-0.0188,-0.0245,0.0495,0.0209,0.0281,True,False,False,True,False,2,True,False,False,False
long,US30,L26,1,0.675,"{""entry_tf"": 1, ""vwap"": false, ""time_stop"": 999, ""legs"": false, ""leg_max"": 2, ""legs_mgmt"": ""same"", ""leg_window"": 60, ""ma"": 100, ""dyn"": false, ""entry_mode"": ""close"", ""pb_frac"": 0.7, ""pb_wait"": 30, ""gap"": ""off"", ""body_min"": 0, ""volf"": ""skip_low"", ""dow"": ""fri"", ""big_thr"": 10, ""big_sl"": 35, ""big_tp"": 80, ""std_sl"": 30, ""std_tp"": 30, ""leg_gap"": 25, ""leg_sl"": 25, ""leg_tp"": 0, ""gap_min"": 100, ""be_at"": 0, ""partial"": 1.5, ""trail"": 2.0}",351,191,0.0059,0.116,-22.31,90,45,0.0232,0.248,-5.97,441,236,0.0094,0.211,-22.67,38,22,-0.0611,-0.4,-6.17,1542,683,0.025,1.231,-16.76,1696,799,0.0178,0.875,-22.31,463,214,0.0519,1.305,-11.32,1712,807,0.0252,1.23,-21.35,447,206,0.0249,0.638,-10.21,1696,795,0.0321,1.562,-16.04,463,218,-0.0004,-0.01,-17.66,1676,774,0.0289,1.415,-20.89,483,239,0.0119,0.303,-17.49,2159,1013,0.0251,1.386,-22.67,0.0181,0.0255,-14.1,13.2,-1.3,1.7,7.2,21.9,-0.8,2.6,-3.9,14.8,2.5,0.0697,0.0043,0.0421,-0.0167,-0.0227,0.0539,-0.0059,0.055,True,False,False,False,False,1,True,False,False,False
long,US30,L27,1,0.88,"{""entry_tf"": 1, ""vwap"": false, ""time_stop"": 120, ""legs"": false, ""leg_max"": 4, ""legs_mgmt"": ""same"", ""leg_window"": 30, ""ma"": 100, ""dyn"": false, ""entry_mode"": ""close"", ""pb_frac"": 0.7, ""pb_wait"": 30, ""gap"": ""off"", ""body_min"": 0.5, ""volf"": ""off"", ""dow"": ""fri"", ""big_thr"": 20, ""big_sl"": 35, ""big_tp"": 115, ""std_sl"": 35, ""std_tp"": 30, ""leg_gap"": 25, ""leg_sl"": 25, ""leg_tp"": 60, ""gap_min"": 50, ""be_at"": 0.5, ""partial"": 1.5, ""trail"": 2.0}",351,122,-0.0104,-0.33,-10.12,90,29,0.0786,1.36,-2.21,441,151,0.0078,0.282,-7.7,38,19,-0.1006,-1.308,-5.94,1542,433,0.0217,1.734,-9.21,1696,494,0.0027,0.218,-12.73,463,144,0.0837,3.182,-4.43,1712,530,0.0265,2.028,-10.1,447,108,-0.0044,-0.199,-6.83,1696,508,0.032,2.403,-9.41,463,130,-0.0236,-1.183,-12.01,1676,484,0.0218,1.793,-13.68,483,154,0.0142,0.509,-11.04,2159,638,0.0201,1.775,-9.21,0.0211,0.016,4.9,0.7,3.5,0.8,8.7,10.3,-6.2,12.8,1.6,8.6,-4.1,0.0725,0.1135,0.0082,-0.0347,-0.0134,-0.0483,-0.0015,0.0524,True,False,False,False,False,1,True,False,False,False
long,US30,L28,1,0.989,"{""entry_tf"": 1, ""vwap"": true, ""time_stop"": 180, ""legs"": true, ""leg_max"": 1, ""legs_mgmt"": ""same"", ""leg_window"": 60, ""ma"": 100, ""dyn"": false, ""entry_mode"": ""close"", ""pb_frac"": 0.5, ""pb_wait"": 30, ""gap"": ""off"", ""body_min"": 0.5, ""volf"": ""skip_low"", ""dow"": ""none"", ""big_thr"": 25, ""big_sl"": 40, ""big_tp"": 115, ""std_sl"": 30, ""std_tp"": 60, ""leg_gap"": 25, ""leg_sl"": 25, ""leg_tp"": 140, ""gap_min"": 50, ""be_at"": 2.0, ""partial"": 1.5, ""trail"": 2.0}",351,135,0.03,0.626,-16.71,90,26,0.1157,1.431,-3.14,441,161,0.0475,1.142,-10.84,38,15,-0.0549,-0.408,-5.32,1542,422,0.025,1.51,-12.12,1696,508,0.018,1.047,-19.02,463,129,0.069,2.098,-5.25,1712,524,0.0307,1.764,-11.47,447,113,0.0222,0.712,-8.97,1696,494,0.0394,2.259,-12.86,463,143,-0.0095,-0.306,-16.77,1676,466,0.0247,1.505,-12.52,483,171,0.0435,1.171,-11.79,2159,637,0.0289,1.9,-12.35,0.0211,0.0387,-7.7,2.3,11.7,0.2,12.9,6.7,5.9,3.4,-0.2,15.3,6.7,0.064,0.0826,0.0227,0.021,0.0048,-0.0442,0.0141,0.115,True,True,False,True,True,3,True,False,False,False
long,US30,L29,2,1.674,"{""entry_tf"": 5, ""vwap"": true, ""time_stop"": 240, ""legs"": true, ""leg_max"": 6, ""legs_mgmt"": ""same"", ""leg_window"": 120, ""ma"": 100, ""dyn"": false, ""entry_mode"": ""close"", ""pb_frac"": 0.3, ""pb_wait"": 30, ""gap"": ""off"", ""body_min"": 0.3, ""volf"": ""off"", ""dow"": ""fri"", ""big_thr"": 25, ""big_sl"": 30, ""big_tp"": 150, ""std_sl"": 30, ""std_tp"": 80, ""leg_gap"": 25, ""leg_sl"": 45, ""leg_tp"": 115, ""gap_min"": 0, ""be_at"": 1.5, ""partial"": 3.0, ""trail"": 1.5}",351,161,0.0543,1.026,-9.16,90,32,-0.0819,-1.143,-8.31,441,193,0.0265,0.594,-9.7,38,20,-0.3159,-4.202,-11.35,1542,602,0.0157,0.768,-23.9,1696,692,0.0256,1.225,-17.23,463,190,0.0435,1.065,-15.46,1712,702,0.0093,0.458,-35.11,447,180,0.1065,2.373,-15.32,1696,702,0.0602,2.775,-16.7,463,180,-0.0832,-2.426,-50.96,1676,686,0.0256,1.222,-22.9,483,196,0.0425,1.062,-7.97,2159,882,0.0294,1.582,-23.9,0.0167,0.0637,3.2,9.9,16.6,-1.4,-6.2,14.8,-14.2,5.4,26.7,9.7,-9.2,0.041,0.0501,0.0412,0.2642,-0.1009,-0.0401,0.0289,0.0756,True,True,False,True,False,3,True,False,False,False
long,US30,L30,2,1.376,"{""entry_tf"": 5, ""vwap"": true, ""time_stop"": 180, ""legs"": true, ""leg_max"": 6, ""legs_mgmt"": ""same"", ""leg_window"": 30, ""ma"": 100, ""dyn"": false, ""entry_mode"": ""close"", ""pb_frac"": 0.3, ""pb_wait"": 15, ""gap"": ""off"", ""body_min"": 0, ""volf"": ""mid"", ""dow"": ""fri"", ""big_thr"": 20, ""big_sl"": 35, ""big_tp"": 0, ""std_sl"": 35, ""std_tp"": 80, ""leg_gap"": 20, ""leg_sl"": 45, ""leg_tp"": 115, ""gap_min"": 0, ""be_at"": 1.0, ""partial"": 2.0, ""trail"": 1.5}",351,129,0.0266,0.589,-15.74,90,36,-0.0725,-0.874,-9.33,441,165,0.0064,0.161,-18.06,38,19,-0.0923,-0.776,-5.63,1542,463,0.0028,0.174,-24.77,1696,545,0.0143,0.832,-21.07,463,149,-0.0008,-0.025,-9.33,1712,564,-0.0014,-0.083,-35.74,447,130,0.0586,1.648,-14.22,1696,542,0.0376,2.164,-15.89,463,152,-0.0864,-2.854,-43.64,1676,536,0.0046,0.267,-22.66,483,158,0.0334,1.039,-11.11,2159,694,0.011,0.728,-24.77,0.0035,0.0315,-4.2,13.4,-5.9,-1.1,3.3,18.8,-14.8,-3.7,21.5,-7.0,1.4,-0.0001,-0.0026,-0.0045,0.2109,-0.1035,-0.0448,0.0409,0.0151,False,False,False,True,False,1,True,False,False,False
long,US30,L31,2,1.165,"{""entry_tf"": 5, ""vwap"": true, ""time_stop"": 240, ""legs"": false, ""leg_max"": 1, ""legs_mgmt"": ""same"", ""leg_window"": 30, ""ma"": 100, ""dyn"": false, ""entry_mode"": ""close"", ""pb_frac"": 0.5, ""pb_wait"": 30, ""gap"": ""off"", ""body_min"": 0.3, ""volf"": ""off"", ""dow"": ""none"", ""big_thr"": 25, ""big_sl"": 30, ""big_tp"": 115, ""std_sl"": 35, ""std_tp"": 0, ""leg_gap"": 25, ""leg_sl"": 35, ""leg_tp"": 140, ""gap_min"": 0, ""be_at"": 1.0, ""partial"": 3.0, ""trail"": 3.0}",351,188,0.0503,0.809,-9.77,90,43,0.0416,0.346,-9.36,441,231,0.0485,0.879,-11.9,38,25,-0.3506,-2.482,-14.01,1542,723,0.0142,0.599,-32.25,1696,827,0.015,0.624,-27.08,463,234,0.0495,1.012,-17.43,1712,842,0.004,0.166,-46.54,447,219,0.0932,1.835,-12.04,1696,842,0.0637,2.516,-14.38,463,219,-0.1288,-3.292,-65.22,1676,820,0.0078,0.323,-29.01,483,241,0.0732,1.524,-10.57,2159,1061,0.0224,1.036,-32.25,0.0173,0.0431,12.5,3.6,16.0,-2.1,1.6,22.5,-14.5,-10.4,14.5,4.9,-6.2,0.0264,0.1114,0.0448,0.2101,-0.1391,-0.1039,0.0635,0.0967,True,True,False,True,False,3,True,False,False,False
long,US30,L32,2,1.141,"{""entry_tf"": 1, ""vwap"": true, ""time_stop"": 240, ""legs"": true, ""leg_max"": 4, ""legs_mgmt"": ""same"", ""leg_window"": 120, ""ma"": 100, ""dyn"": false, ""entry_mode"": ""close"", ""pb_frac"": 0.7, ""pb_wait"": 30, ""gap"": ""off"", ""body_min"": 0, ""volf"": ""skip_low"", ""dow"": ""mon"", ""big_thr"": 25, ""big_sl"": 35, ""big_tp"": 200, ""std_sl"": 30, ""std_tp"": 0, ""leg_gap"": 20, ""leg_sl"": 45, ""leg_tp"": 90, ""gap_min"": 20, ""be_at"": 1.5, ""partial"": 3.0, ""trail"": 1.5}",351,179,0.0419,0.735,-15.18,90,42,-0.0528,-0.653,-6.82,441,221,0.0226,0.467,-18.26,38,23,-0.1016,-0.831,-8.03,1542,592,0.0223,1.035,-16.53,1696,715,0.029,1.296,-15.18,463,189,0.0326,0.796,-9.01,1712,720,0.0266,1.216,-16.76,447,184,0.0422,0.938,-12.74,1696,694,0.0518,2.261,-13.72,463,210,-0.0506,-1.369,-29.57,1676,679,0.0204,0.939,-17.54,483,225,0.0626,1.377,-12.23,2159,904,0.0298,1.515,-18.26,0.0167,0.0487,-10.0,4.7,0.8,-0.3,4.0,20.7,-3.4,11.6,11.2,13.4,1.6,0.0569,-0.0323,0.0123,0.1144,-0.0515,-0.0484,0.0182,0.1701,False,True,False,True,False,2,True,False,False,False
long,US30,L33,2,1.129,"{""entry_tf"": 5, ""vwap"": true, ""time_stop"": 60, ""legs"": true, ""leg_max"": 2, ""legs_mgmt"": ""same"", ""leg_window"": 120, ""ma"": 100, ""dyn"": false, ""entry_mode"": ""close"", ""pb_frac"": 0.3, ""pb_wait"": 5, ""gap"": ""off"", ""body_min"": 0.3, ""volf"": ""off"", ""dow"": ""fri"", ""big_thr"": 15, ""big_sl"": 35, ""big_tp"": 115, ""std_sl"": 30, ""std_tp"": 60, ""leg_gap"": 20, ""leg_sl"": 45, ""leg_tp"": 60, ""gap_min"": 20, ""be_at"": 1.5, ""partial"": 1.0, ""trail"": 1.5}",351,161,0.0368,0.89,-12.95,90,33,-0.0873,-1.318,-9.24,441,194,0.0115,0.322,-15.56,38,20,-0.2116,-2.333,-8.41,1542,604,0.002,0.133,-21.46,1696,694,0.0104,0.658,-14.5,463,193,0.0136,0.435,-14.06,1712,705,-0.0024,-0.153,-35.03,447,182,0.0628,1.971,-14.94,1696,707,0.0372,2.304,-13.8,463,180,-0.0847,-2.985,-45.56,1676,691,0.0023,0.148,-26.55,483,196,0.0414,1.352,-6.29,2159,887,0.0111,0.786,-21.46,-0.0002,0.0337,0.1,-4.9,13.0,1.0,-8.1,5.7,-12.7,5.6,13.4,-4.2,3.6,0.0215,-0.0074,0.0123,0.1846,-0.095,-0.0597,0.0295,0.0705,False,True,False,True,False,2,True,False,False,False
long,US30,L34,2,1.124,"{""entry_tf"": 5, ""vwap"": false, ""time_stop"": 240, ""legs"": true, ""leg_max"": 1, ""legs_mgmt"": ""same"", ""leg_window"": 120, ""ma"": 100, ""dyn"": false, ""entry_mode"": ""close"", ""pb_frac"": 0.7, ""pb_wait"": 30, ""gap"": ""off"", ""body_min"": 0.3, ""volf"": ""off"", ""dow"": ""fri"", ""big_thr"": 25, ""big_sl"": 30, ""big_tp"": 60, ""std_sl"": 30, ""std_tp"": 60, ""leg_gap"": 25, ""leg_sl"": 45, ""leg_tp"": 90, ""gap_min"": 50, ""be_at"": 0.5, ""partial"": 1.5, ""trail"": 2.0}",351,170,0.0491,1.268,-11.8,90,35,-0.0045,-0.067,-4.1,441,205,0.0382,1.13,-11.3,38,21,-0.0541,-0.716,-3.68,1542,634,0.0146,0.945,-14.85,1696,728,0.014,0.917,-18.39,463,201,0.0436,1.455,-10.24,1712,737,0.0158,1.036,-23.48,447,192,0.038,1.246,-13.0,1696,741,0.0379,2.423,-13.67,463,188,-0.0439,-1.61,-37.03,1676,725,0.0204,1.325,-13.83,483,204,0.0201,0.692,-10.42,2159,929,0.0204,1.495,-14.85,0.0121,0.0348,-0.8,7.9,4.2,-0.1,10.5,8.7,-11.0,1.0,0.8,9.8,8.8,0.0427,0.0459,-0.0083,0.1496,-0.0571,-0.0118,0.024,0.0105,True,False,False,True,False,2,True,False,False,False
long,US30,L35,2,1.106,"{""entry_tf"": 1, ""vwap"": true, ""time_stop"": 120, ""legs"": true, ""leg_max"": 2, ""legs_mgmt"": ""fixed"", ""leg_window"": 30, ""ma"": 100, ""dyn"": false, ""entry_mode"": ""close"", ""pb_frac"": 0.7, ""pb_wait"": 5, ""gap"": ""off"", ""body_min"": 0, ""volf"": ""skip_low"", ""dow"": ""mon"", ""big_thr"": 10, ""big_sl"": 25, ""big_tp"": 100, ""std_sl"": 30, ""std_tp"": 42, ""leg_gap"": 25, ""leg_sl"": 25, ""leg_tp"": 90, ""gap_min"": 50, ""be_at"": 0, ""partial"": 3.0, ""trail"": 2.0}",351,178,0.0253,0.39,-18.07,90,41,0.0191,0.182,-6.2,441,219,0.024,0.43,-21.56,38,23,0.063,0.35,-4.3,1542,585,0.0191,0.844,-25.01,1696,707,0.0225,0.921,-20.72,463,187,0.0346,0.772,-15.36,1712,714,0.0175,0.73,-28.83,447,180,0.0539,1.132,-8.71,1696,685,0.0549,2.216,-19.72,463,209,-0.0841,-2.015,-45.24,1676,671,0.012,0.509,-27.87,483,223,0.0704,1.415,-13.64,2159,894,0.0251,1.169,-29.89,0.0169,0.0399,-5.1,1.6,6.7,0.4,7.6,24.9,-8.3,0.7,9.5,17.0,0.5,0.0415,0.0161,0.0388,0.0902,-0.0633,-0.1347,0.0056,0.2276,True,True,False,True,False,3,True,True,False,False
long,US30,L36,"2,3",1.102,"{""entry_tf"": 1, ""vwap"": false, ""time_stop"": 120, ""legs"": false, ""leg_max"": 6, ""legs_mgmt"": ""fixed"", ""leg_window"": 30, ""ma"": 100, ""dyn"": false, ""entry_mode"": ""close"", ""pb_frac"": 0.7, ""pb_wait"": 15, ""gap"": ""off"", ""body_min"": 0.3, ""volf"": ""skip_low"", ""dow"": ""none"", ""big_thr"": 25, ""big_sl"": 40, ""big_tp"": 100, ""std_sl"": 30, ""std_tp"": 0, ""leg_gap"": 20, ""leg_sl"": 25, ""leg_tp"": 140, ""gap_min"": 50, ""be_at"": 2.0, ""partial"": 1.0, ""trail"": 0}",351,175,0.0166,0.372,-17.03,90,43,0.0858,1.007,-3.78,441,218,0.0307,0.777,-15.2,38,21,-0.0653,-0.517,-5.87,1542,602,0.0108,0.588,-19.15,1696,714,0.0121,0.659,-23.34,463,191,0.043,1.265,-9.72,1712,727,0.0008,0.043,-32.26,447,178,0.0877,2.201,-7.05,1696,697,0.0371,2.004,-14.73,463,208,-0.0487,-1.488,-27.3,1676,686,0.0259,1.429,-17.53,483,219,-0.0061,-0.172,-19.44,2159,905,0.0187,1.159,-21.4,0.0062,0.0387,-9.3,0.4,7.4,2.1,8.7,7.7,-1.2,-5.3,-0.4,14.7,7.1,0.035,0.0643,0.0791,0.1084,-0.0524,-0.0396,-0.0252,0.0401,True,True,False,False,False,2,True,False,False,False
long,US30,L37,2,1.077,"{""entry_tf"": 5, ""vwap"": true, ""time_stop"": 180, ""legs"": false, ""leg_max"": 6, ""legs_mgmt"": ""same"", ""leg_window"": 60, ""ma"": 0, ""dyn"": false, ""entry_mode"": ""close"", ""pb_frac"": 0.3, ""pb_wait"": 15, ""gap"": ""off"", ""body_min"": 0.3, ""volf"": ""off"", ""dow"": ""none"", ""big_thr"": 20, ""big_sl"": 40, ""big_tp"": 0, ""std_sl"": 25, ""std_tp"": 0, ""leg_gap"": 20, ""leg_sl"": 45, ""leg_tp"": 90, ""gap_min"": 0, ""be_at"": 1.0, ""partial"": 2.0, ""trail"": 3.0}",351,239,0.0357,0.6,-11.64,90,56,-0.0001,-0.001,-12.56,441,295,0.0284,0.545,-13.51,38,25,-0.3163,-2.31,-12.98,1542,1028,-0.0107,-0.379,-60.99,1696,1132,-0.0143,-0.54,-62.63,463,312,0.0542,0.994,-14.62,1712,1147,-0.0177,-0.676,-67.89,447,297,0.0698,1.235,-14.08,1696,1137,0.0485,1.741,-29.23,463,307,-0.1757,-4.008,-85.23,1676,1127,-0.0293,-1.104,-69.58,483,317,0.1035,1.937,-16.54,2159,1444,0.0004,0.016,-60.99,-0.0073,0.028,-1.5,-6.8,31.6,1.0,-2.6,14.3,-29.9,-18.5,9.4,1.1,-5.3,0.0557,0.0504,0.0358,0.1517,-0.1985,-0.1205,0.1096,0.0887,True,True,False,True,False,3,True,False,False,False
long,US30,L38,2,1.071,"{""entry_tf"": 1, ""vwap"": false, ""time_stop"": 240, ""legs"": false, ""leg_max"": 2, ""legs_mgmt"": ""fixed"", ""leg_window"": 120, ""ma"": 100, ""dyn"": false, ""entry_mode"": ""close"", ""pb_frac"": 0.3, ""pb_wait"": 30, ""gap"": ""off"", ""body_min"": 0.5, ""volf"": ""skip_low"", ""dow"": ""none"", ""big_thr"": 15, ""big_sl"": 25, ""big_tp"": 115, ""std_sl"": 35, ""std_tp"": 80, ""leg_gap"": 25, ""leg_sl"": 45, ""leg_tp"": 60, ""gap_min"": 100, ""be_at"": 2.0, ""partial"": 3.0, ""trail"": 0}",351,127,0.0391,0.648,-19.09,90,24,0.0123,0.14,-5.17,441,151,0.0336,0.656,-15.66,38,15,-0.0532,-0.315,-4.67,1542,416,0.0202,0.954,-20.26,1696,493,0.0151,0.689,-19.09,463,125,0.0613,1.437,-6.82,1712,511,0.0263,1.176,-16.46,447,107,0.0201,0.511,-7.79,1696,477,0.0456,2.018,-17.71,463,141,-0.0503,-1.334,-33.71,1676,453,0.0058,0.282,-20.74,483,165,0.0917,1.828,-16.19,2159,618,0.025,1.282,-20.26,0.015,0.037,-11.2,1.6,2.4,-0.6,2.5,19.9,2.6,8.0,1.9,11.5,7.5,0.059,0.0674,0.0208,0.0184,-0.0353,-0.0869,0.0475,0.1989,True,True,False,True,False,3,True,False,False,False
long,US30,L39,3,0.763,"{""entry_tf"": 1, ""vwap"": false, ""time_stop"": 999, ""legs"": true, ""leg_max"": 2, ""legs_mgmt"": ""same"", ""leg_window"": 30, ""ma"": 100, ""dyn"": false, ""entry_mode"": ""close"", ""pb_frac"": 0.7, ""pb_wait"": 30, ""gap"": ""with"", ""body_min"": 0, ""volf"": ""off"", ""dow"": ""none"", ""big_thr"": 25, ""big_sl"": 25, ""big_tp"": 0, ""std_sl"": 35, ""std_tp"": 30, ""leg_gap"": 20, ""leg_sl"": 35, ""leg_tp"": 60, ""gap_min"": 20, ""be_at"": 0.5, ""partial"": 2.0, ""trail"": 2.0}",351,128,0.0646,1.44,-11.63,90,32,0.0153,0.23,-3.75,441,160,0.0545,1.427,-9.58,38,17,-0.1834,-1.937,-9.19,1542,398,0.0073,0.572,-17.5,1696,478,0.0241,1.626,-15.21,463,143,0.0327,1.17,-5.98,1712,473,0.0229,1.614,-16.58,447,148,0.0379,1.16,-6.09,1696,490,0.0282,1.889,-15.55,463,131,0.018,0.654,-7.44,1676,490,0.0238,1.628,-13.06,483,131,0.0334,1.144,-13.92,2159,621,0.026,1.981,-17.5,0.002,0.0726,-11.6,4.0,3.9,0.8,-9.5,12.4,1.0,2.4,14.2,17.2,6.4,0.0189,0.0697,0.0109,0.103,0.0227,0.0065,-0.0232,0.1705,True,True,True,False,False,3,True,False,False,False
long,US30,L40,3,0.58,"{""entry_tf"": 1, ""vwap"": true, ""time_stop"": 120, ""legs"": false, ""leg_max"": 1, ""legs_mgmt"": ""fixed"", ""leg_window"": 30, ""ma"": 100, ""dyn"": false, ""entry_mode"": ""close"", ""pb_frac"": 0.7, ""pb_wait"": 30, ""gap"": ""off"", ""body_min"": 0.5, ""volf"": ""skip_low"", ""dow"": ""none"", ""big_thr"": 20, ""big_sl"": 35, ""big_tp"": 0, ""std_sl"": 15, ""std_tp"": 42, ""leg_gap"": 25, ""leg_sl"": 25, ""leg_tp"": 60, ""gap_min"": 20, ""be_at"": 1.0, ""partial"": 1.5, ""trail"": 0}",351,127,0.029,0.633,-14.88,90,24,0.0303,0.549,-4.57,441,151,0.0293,0.767,-11.72,38,15,-0.0084,-0.053,-5.5,1542,416,0.0099,0.586,-24.38,1696,493,0.004,0.239,-25.07,463,125,0.0532,1.585,-5.8,1712,511,0.0087,0.518,-24.72,447,107,0.037,1.096,-8.26,1696,477,0.0155,0.9,-21.8,463,141,0.0111,0.361,-12.44,1676,453,0.026,1.569,-13.73,483,165,-0.0249,-0.71,-26.17,2159,618,0.0146,0.967,-24.38,0.0153,0.0263,7.4,-8.8,0.9,1.1,3.2,10.0,5.3,6.8,-3.0,20.1,-1.2,0.0617,0.0308,0.0321,0.0488,0.014,0.0041,-0.049,0.0334,True,True,True,False,False,3,True,False,False,False
long,US30,L41,3,0.561,"{""entry_tf"": 1, ""vwap"": true, ""time_stop"": 90, ""legs"": true, ""leg_max"": 1, ""legs_mgmt"": ""same"", ""leg_window"": 30, ""ma"": 0, ""dyn"": false, ""entry_mode"": ""close"", ""pb_frac"": 0.5, ""pb_wait"": 5, ""gap"": ""off"", ""body_min"": 0.3, ""volf"": ""skip_low"", ""dow"": ""fri"", ""big_thr"": 15, ""big_sl"": 40, ""big_tp"": 80, ""std_sl"": 20, ""std_tp"": 60, ""leg_gap"": 15, ""leg_sl"": 45, ""leg_tp"": 60, ""gap_min"": 100, ""be_at"": 0.5, ""partial"": 1.5, ""trail"": 0}",351,182,0.0076,0.187,-13.94,90,45,0.0084,0.125,-4.44,441,227,0.0078,0.221,-11.21,38,17,0.0319,0.383,-3.23,1542,680,0.016,0.923,-19.87,1696,786,0.0191,1.099,-13.94,463,199,0.0264,0.863,-11.93,1712,800,0.023,1.34,-19.08,447,185,0.0116,0.365,-8.86,1696,764,0.0206,1.206,-21.75,463,221,0.0206,0.639,-8.29,1676,746,0.0264,1.58,-16.7,483,239,0.0005,0.015,-14.85,2159,985,0.0206,1.365,-19.87,0.0167,0.0322,-3.5,-0.0,-5.7,2.1,15.1,14.5,-1.6,7.1,10.5,7.5,3.1,0.019,0.0461,0.0085,0.0192,0.0216,0.0184,-0.0144,0.0368,True,True,True,False,False,3,True,True,False,False
long,US30,L42,3,0.547,"{""entry_tf"": 1, ""vwap"": false, ""time_stop"": 60, ""legs"": true, ""leg_max"": 6, ""legs_mgmt"": ""same"", ""leg_window"": 60, ""ma"": 100, ""dyn"": false, ""entry_mode"": ""close"", ""pb_frac"": 0.7, ""pb_wait"": 5, ""gap"": ""off"", ""body_min"": 0.3, ""volf"": ""off"", ""dow"": ""none"", ""big_thr"": 20, ""big_sl"": 50, ""big_tp"": 150, ""std_sl"": 30, ""std_tp"": 50, ""leg_gap"": 25, ""leg_sl"": 45, ""leg_tp"": 0, ""gap_min"": 20, ""be_at"": 1.5, ""partial"": 2.0, ""trail"": 1.0}",351,218,0.0619,1.262,-12.57,90,57,-0.0153,-0.2,-6.23,441,275,0.0461,1.097,-15.89,38,32,-0.2068,-2.406,-9.41,1542,775,0.0029,0.177,-22.61,1696,910,0.0218,1.211,-22.31,463,255,-0.0007,-0.023,-12.67,1712,936,0.0026,0.15,-31.08,447,229,0.0719,1.945,-6.83,1696,911,0.0287,1.593,-16.22,463,254,-0.0263,-0.849,-26.14,1676,891,0.0198,1.131,-26.29,483,274,0.0071,0.204,-15.11,2159,1165,0.0169,1.082,-27.41,-0.0029,0.052,-7.6,-4.1,4.8,1.3,4.9,7.4,-10.3,-1.3,1.3,19.5,3.4,-0.0013,0.001,0.0491,0.127,-0.0248,-0.03,-0.0377,0.1158,False,True,False,False,False,1,True,False,False,False
long,US30,L43,3,0.848,"{""entry_tf"": 1, ""vwap"": true, ""time_stop"": 90, ""legs"": true, ""leg_max"": 6, ""legs_mgmt"": ""same"", ""leg_window"": 120, ""ma"": 0, ""dyn"": false, ""entry_mode"": ""close"", ""pb_frac"": 0.3, ""pb_wait"": 30, ""gap"": ""with"", ""body_min"": 0, ""volf"": ""off"", ""dow"": ""none"", ""big_thr"": 15, ""big_sl"": 35, ""big_tp"": 0, ""std_sl"": 30, ""std_tp"": 60, ""leg_gap"": 25, ""leg_sl"": 45, ""leg_tp"": 115, ""gap_min"": 0, ""be_at"": 0.5, ""partial"": 2.0, ""trail"": 3.0}",351,158,0.0305,0.675,-13.33,90,37,-0.0662,-1.287,-7.53,441,195,0.0107,0.286,-14.62,38,15,-0.1489,-2.135,-6.75,1542,626,0.0172,0.892,-27.23,1696,705,0.0136,0.748,-23.14,463,182,0.0625,1.594,-8.31,1712,700,0.0158,0.868,-22.49,447,187,0.056,1.412,-7.79,1696,690,0.0441,2.27,-16.58,463,197,-0.0492,-1.619,-26.55,1676,685,0.026,1.407,-21.52,483,202,0.0176,0.469,-14.01,2159,887,0.0241,1.451,-27.23,0.012,0.0416,-13.6,-5.8,-6.1,8.5,3.0,22.2,0.8,11.0,19.9,7.6,-7.6,0.0766,0.0248,0.0306,0.1171,-0.0709,0.0035,0.0038,0.0511,True,True,False,True,True,3,True,False,False,False
long,US30,L44,3,0.464,"{""entry_tf"": 1, ""vwap"": true, ""time_stop"": 60, ""legs"": false, ""leg_max"": 4, ""legs_mgmt"": ""same"", ""leg_window"": 60, ""ma"": 100, ""dyn"": false, ""entry_mode"": ""close"", ""pb_frac"": 0.7, ""pb_wait"": 5, ""gap"": ""off"", ""body_min"": 0, ""volf"": ""skip_low"", ""dow"": ""fri"", ""big_thr"": 25, ""big_sl"": 50, ""big_tp"": 100, ""std_sl"": 15, ""std_tp"": 42, ""leg_gap"": 10, ""leg_sl"": 35, ""leg_tp"": 115, ""gap_min"": 0, ""be_at"": 0, ""partial"": 0, ""trail"": 2.0}",351,171,-0.0187,-0.386,-31.16,90,39,0.0071,0.083,-3.59,441,210,-0.0134,-0.317,-29.93,38,20,-0.0802,-0.539,-6.97,1542,560,0.0251,1.136,-32.73,1696,672,0.0228,1.065,-32.31,463,172,0.0196,0.489,-14.13,1712,681,0.0094,0.445,-43.3,447,163,0.0706,1.701,-8.51,1696,656,0.0267,1.255,-28.19,463,188,0.0052,0.128,-21.93,1676,636,0.0341,1.604,-27.68,483,208,-0.0195,-0.476,-20.07,2159,844,0.0221,1.171,-39.35,0.0197,0.0146,-7.7,3.4,-4.7,-0.7,31.7,34.6,-15.2,-8.4,7.2,-6.1,4.9,0.0174,0.0253,0.0505,0.1191,0.0134,-0.0145,-0.0149,-0.0307,True,True,False,False,False,2,True,False,False,False
long,US30,L45,3,0.807,"{""entry_tf"": 1, ""vwap"": false, ""time_stop"": 180, ""legs"": true, ""leg_max"": 2, ""legs_mgmt"": ""same"", ""leg_window"": 30, ""ma"": 100, ""dyn"": false, ""entry_mode"": ""close"", ""pb_frac"": 0.3, ""pb_wait"": 30, ""gap"": ""off"", ""body_min"": 0.5, ""volf"": ""skip_low"", ""dow"": ""none"", ""big_thr"": 10, ""big_sl"": 50, ""big_tp"": 150, ""std_sl"": 35, ""std_tp"": 60, ""leg_gap"": 25, ""leg_sl"": 25, ""leg_tp"": 60, ""gap_min"": 50, ""be_at"": 0.5, ""partial"": 2.0, ""trail"": 1.5}",351,136,0.0463,1.148,-10.49,90,26,0.1,1.431,-3.3,441,162,0.0573,1.629,-6.67,38,15,-0.0542,-0.643,-4.49,1542,422,0.0135,1.023,-10.46,1696,509,0.0124,0.874,-18.99,463,129,0.0621,2.308,-3.3,1712,525,0.028,1.908,-8.89,447,113,0.0042,0.185,-8.38,1696,495,0.0351,2.433,-7.19,463,143,-0.021,-0.839,-15.77,1676,466,0.0145,1.104,-14.54,483,172,0.0529,1.609,-10.52,2159,638,0.0231,1.837,-10.46,0.0155,0.0469,3.7,1.9,1.8,0.1,7.1,8.5,-2.3,5.1,1.8,15.2,9.9,0.053,0.0866,-0.0001,0.0147,-0.0047,-0.0607,0.0145,0.1461,True,False,False,True,True,2,True,False,False,False
long,US30,L46,3,0.454,"{""entry_tf"": 1, ""vwap"": true, ""time_stop"": 180, ""legs"": false, ""leg_max"": 4, ""legs_mgmt"": ""same"", ""leg_window"": 120, ""ma"": 100, ""dyn"": true, ""entry_mode"": ""close"", ""pb_frac"": 0.5, ""pb_wait"": 15, ""gap"": ""off"", ""body_min"": 0.5, ""volf"": ""off"", ""dow"": ""fri"", ""big_thr"": 10, ""big_sl"": 40, ""big_tp"": 0, ""std_sl"": 35, ""std_tp"": 0, ""leg_gap"": 20, ""leg_sl"": 45, ""leg_tp"": 0, ""gap_min"": 100, ""be_at"": 2.0, ""partial"": 2.0, ""trail"": 3.0}",351,122,0.0493,0.921,-11.78,90,29,-0.0354,-0.459,-5.29,441,151,0.032,0.704,-14.66,38,19,-0.1549,-0.988,-11.63,1542,433,0.0116,0.504,-44.55,1696,494,0.0005,0.022,-43.92,463,144,0.0654,1.423,-7.41,1712,530,0.0109,0.485,-34.85,447,108,0.0279,0.66,-16.21,1696,508,0.0244,1.067,-41.05,463,130,-0.0221,-0.557,-23.42,1676,484,0.024,1.072,-23.28,483,154,-0.0189,-0.443,-24.66,2159,638,0.0144,0.726,-44.55,0.0182,0.0214,18.7,-30.4,8.8,0.2,13.7,13.7,8.4,-2.6,-10.1,23.3,-5.9,0.0824,0.02,0.029,0.0255,-0.051,0.0483,-0.0178,-0.0216,True,True,False,False,False,2,True,False,False,False
long,US30,LIVE_COMP,,,"{""entry_tf"": 1, ""vwap"": true, ""time_stop"": 120, ""legs"": true, ""leg_max"": 6, ""legs_mgmt"": ""fixed"", ""leg_window"": 120, ""ma"": 0, ""dyn"": false, ""big_thr"": 15, ""big_sl"": 35, ""big_tp"": 115, ""std_sl"": 25, ""std_tp"": 42, ""leg_gap"": 15, ""leg_sl"": 35, ""leg_tp"": 115, ""be_at"": 0, ""partial"": 0, ""trail"": 0, ""entry_mode"": ""close"", ""pb_frac"": 0.5, ""pb_wait"": 15, ""gap"": ""off"", ""gap_min"": 0, ""body_min"": 0, ""volf"": ""off"", ""dow"": ""none""}",351,353,0.0446,0.414,-31.93,90,87,-0.3497,-2.255,-30.42,441,440,-0.0359,-0.392,-46.6,38,38,-0.2639,-0.98,-13.69,1542,1349,-0.0202,-0.527,-59.06,1696,1532,-0.0121,-0.31,-70.05,463,413,-0.0002,-0.002,-39.7,1712,1552,-0.0194,-0.495,-54.86,447,393,0.0282,0.374,-32.29,1696,1522,0.0039,0.099,-52.85,463,423,-0.0588,-0.804,-37.34,1676,1501,-0.0167,-0.431,-66.84,483,444,0.0153,0.196,-25.16,2159,1945,-0.0095,-0.274,-59.06,-0.0152,0.0171,1.3,2.3,-28.2,4.0,10.0,11.2,-27.8,1.5,-2.7,39.2,-35.9,0.0098,-0.0268,-0.0026,0.1025,-0.0814,-0.0036,0.0145,0.0174,False,False,False,True,False,1,True,False,False,False
long,US30,LIVE_COMP+MA100,,,"{""entry_tf"": 1, ""vwap"": true, ""time_stop"": 120, ""legs"": true, ""leg_max"": 6, ""legs_mgmt"": ""fixed"", ""leg_window"": 120, ""ma"": 100, ""dyn"": false, ""big_thr"": 15, ""big_sl"": 35, ""big_tp"": 115, ""std_sl"": 25, ""std_tp"": 42, ""leg_gap"": 15, ""leg_sl"": 35, ""leg_tp"": 115, ""be_at"": 0, ""partial"": 0, ""trail"": 0, ""entry_mode"": ""close"", ""pb_frac"": 0.5, ""pb_wait"": 15, ""gap"": ""off"", ""gap_min"": 0, ""body_min"": 0, ""volf"": ""off"", ""dow"": ""none""}",351,282,0.0012,0.013,-29.33,90,70,-0.2459,-1.735,-21.08,441,352,-0.0492,-0.613,-36.87,38,38,-0.2639,-0.98,-13.69,1542,938,0.0205,0.675,-26.34,1696,1121,0.0127,0.388,-50.99,463,310,0.0059,0.097,-22.06,1712,1149,-0.0055,-0.169,-59.78,447,282,0.0754,1.197,-14.97,1696,1122,0.0284,0.864,-31.17,463,309,-0.0515,-0.852,-52.02,1676,1093,0.0039,0.124,-49.89,483,338,0.0367,0.54,-22.47,2159,1431,0.0113,0.39,-42.63,0.0221,-0.0118,5.9,2.3,7.5,1.1,13.2,13.0,2.1,-8.1,-14.7,18.7,-21.3,0.0287,-0.0552,0.0995,0.0171,-0.0437,-0.0704,0.0051,0.1135,False,True,False,True,False,2,True,False,False,False
