inst,params,fit0,nb0,robust0,fit1,nb1,robust1,fit2,nb2,robust2,fit3,nb3,robust3
NQ,"{""entry_tf"": 1, ""vwap"": false, ""time_stop"": 90, ""legs"": true, ""leg_max"": 2, ""legs_mgmt"": ""fixed"", ""leg_window"": 30, ""ma"": 100, ""dyn"": true, ""entry_mode"": ""close"", ""pb_frac"": 0.7, ""pb_wait"": 15, ""gap"": ""against"", ""body_min"": 0, ""volf"": ""off"", ""dow"": ""mon"", ""big_thr"": 15, ""big_sl"": 50, ""big_tp"": 100, ""std_sl"": 35, ""std_tp"": 50, ""leg_gap"": 15, ""leg_sl"": 35, ""leg_tp"": 90, ""gap_min"": 20, ""be_at"": 0, ""partial"": 2.0, ""trail"": 3.0}",1.972,1.276,1.276,0.575,0.157,0.157,1.058,0.556,0.556,0.262,-0.054,-0.054
NQ,"{""entry_tf"": 1, ""vwap"": false, ""time_stop"": 90, ""legs"": true, ""leg_max"": 4, ""legs_mgmt"": ""fixed"", ""leg_window"": 120, ""ma"": 0, ""dyn"": true, ""entry_mode"": ""close"", ""pb_frac"": 0.7, ""pb_wait"": 15, ""gap"": ""against"", ""body_min"": 0, ""volf"": ""off"", ""dow"": ""none"", ""big_thr"": 25, ""big_sl"": 25, ""big_tp"": 100, ""std_sl"": 20, ""std_tp"": 50, ""leg_gap"": 10, ""leg_sl"": 25, ""leg_tp"": 0, ""gap_min"": 100, ""be_at"": 0.5, ""partial"": 1.0, ""trail"": 3.0}",1.936,-0.111,-0.111,2.034,-0.1,-0.1,1.171,-0.392,-0.392,1.587,-0.254,-0.254
NQ,"{""entry_tf"": 1, ""vwap"": false, ""time_stop"": 90, ""legs"": true, ""leg_max"": 4, ""legs_mgmt"": ""fixed"", ""leg_window"": 60, ""ma"": 100, ""dyn"": false, ""entry_mode"": ""close"", ""pb_frac"": 0.3, ""pb_wait"": 30, ""gap"": ""off"", ""body_min"": 0.5, ""volf"": ""off"", ""dow"": ""none"", ""big_thr"": 15, ""big_sl"": 50, ""big_tp"": 100, ""std_sl"": 35, ""std_tp"": 50, ""leg_gap"": 25, ""leg_sl"": 35, ""leg_tp"": 0, ""gap_min"": 20, ""be_at"": 1.5, ""partial"": 0, ""trail"": 3.0}",1.761,1.654,1.654,1.883,1.805,1.805,1.425,1.372,1.372,1.306,1.277,1.277
NQ,"{""entry_tf"": 1, ""vwap"": false, ""time_stop"": 999, ""legs"": false, ""leg_max"": 1, ""legs_mgmt"": ""same"", ""leg_window"": 30, ""ma"": 100, ""dyn"": false, ""entry_mode"": ""close"", ""pb_frac"": 0.3, ""pb_wait"": 30, ""gap"": ""off"", ""body_min"": 0.5, ""volf"": ""off"", ""dow"": ""none"", ""big_thr"": 15, ""big_sl"": 35, ""big_tp"": 200, ""std_sl"": 15, ""std_tp"": 42, ""leg_gap"": 10, ""leg_sl"": 45, ""leg_tp"": 0, ""gap_min"": 20, ""be_at"": 0.5, ""partial"": 0, ""trail"": 2.0}",2.265,2.079,2.079,1.432,1.413,1.413,1.816,1.725,1.725,0.815,0.803,0.803
NQ,"{""entry_tf"": 1, ""vwap"": false, ""time_stop"": 120, ""legs"": false, ""leg_max"": 6, ""legs_mgmt"": ""fixed"", ""leg_window"": 30, ""ma"": 100, ""dyn"": false, ""entry_mode"": ""close"", ""pb_frac"": 0.5, ""pb_wait"": 15, ""gap"": ""off"", ""body_min"": 0.3, ""volf"": ""mid"", ""dow"": ""none"", ""big_thr"": 10, ""big_sl"": 50, ""big_tp"": 130, ""std_sl"": 25, ""std_tp"": 42, ""leg_gap"": 15, ""leg_sl"": 25, ""leg_tp"": 90, ""gap_min"": 100, ""be_at"": 0, ""partial"": 3.0, ""trail"": 0}",1.555,1.013,1.013,1.086,0.645,0.645,1.532,1.255,1.255,1.789,1.376,1.376
NQ,"{""entry_tf"": 1, ""vwap"": false, ""time_stop"": 240, ""legs"": false, ""leg_max"": 1, ""legs_mgmt"": ""fixed"", ""leg_window"": 120, ""ma"": 100, ""dyn"": false, ""entry_mode"": ""close"", ""pb_frac"": 0.7, ""pb_wait"": 30, ""gap"": ""off"", ""body_min"": 0.3, ""volf"": ""skip_low"", ""dow"": ""none"", ""big_thr"": 10, ""big_sl"": 50, ""big_tp"": 130, ""std_sl"": 15, ""std_tp"": 0, ""leg_gap"": 10, ""leg_sl"": 25, ""leg_tp"": 60, ""gap_min"": 50, ""be_at"": 0, ""partial"": 2.0, ""trail"": 0}",1.059,0.691,0.691,1.72,1.182,1.182,1.148,0.887,0.887,1.708,1.278,1.278
NQ,"{""entry_tf"": 1, ""vwap"": false, ""time_stop"": 240, ""legs"": false, ""leg_max"": 4, ""legs_mgmt"": ""fixed"", ""leg_window"": 120, ""ma"": 100, ""dyn"": false, ""entry_mode"": ""close"", ""pb_frac"": 0.5, ""pb_wait"": 30, ""gap"": ""off"", ""body_min"": 0.3, ""volf"": ""off"", ""dow"": ""none"", ""big_thr"": 10, ""big_sl"": 35, ""big_tp"": 150, ""std_sl"": 15, ""std_tp"": 50, ""leg_gap"": 20, ""leg_sl"": 25, ""leg_tp"": 140, ""gap_min"": 100, ""be_at"": 2.0, ""partial"": 2.0, ""trail"": 3.0}",0.978,0.947,0.947,2.077,1.969,1.969,1.617,1.615,1.615,2.047,1.825,1.825
NQ,"{""entry_tf"": 1, ""vwap"": false, ""time_stop"": 90, ""legs"": false, ""leg_max"": 2, ""legs_mgmt"": ""same"", ""leg_window"": 60, ""ma"": 100, ""dyn"": false, ""entry_mode"": ""close"", ""pb_frac"": 0.7, ""pb_wait"": 15, ""gap"": ""off"", ""body_min"": 0.5, ""volf"": ""off"", ""dow"": ""none"", ""big_thr"": 10, ""big_sl"": 35, ""big_tp"": 200, ""std_sl"": 15, ""std_tp"": 60, ""leg_gap"": 10, ""leg_sl"": 25, ""leg_tp"": 0, ""gap_min"": 50, ""be_at"": 0, ""partial"": 0, ""trail"": 0}",1.375,0.881,0.881,1.861,1.307,1.307,1.479,0.954,0.954,2.096,1.442,1.442
NQ,"{""entry_tf"": 1, ""vwap"": false, ""time_stop"": 999, ""legs"": true, ""leg_max"": 1, ""legs_mgmt"": ""fixed"", ""leg_window"": 120, ""ma"": 100, ""dyn"": false, ""entry_mode"": ""close"", ""pb_frac"": 0.3, ""pb_wait"": 5, ""gap"": ""off"", ""body_min"": 0.3, ""volf"": ""off"", ""dow"": ""fri"", ""big_thr"": 10, ""big_sl"": 30, ""big_tp"": 150, ""std_sl"": 25, ""std_tp"": 0, ""leg_gap"": 15, ""leg_sl"": 45, ""leg_tp"": 115, ""gap_min"": 100, ""be_at"": 1.5, ""partial"": 0, ""trail"": 0}",0.555,0.324,0.324,1.178,0.817,0.817,1.265,0.86,0.86,1.792,1.114,1.114
NQ,"{""entry_tf"": 1, ""vwap"": true, ""time_stop"": 180, ""legs"": true, ""leg_max"": 6, ""legs_mgmt"": ""same"", ""leg_window"": 60, ""ma"": 100, ""dyn"": false, ""entry_mode"": ""close"", ""pb_frac"": 0.5, ""pb_wait"": 5, ""gap"": ""off"", ""body_min"": 0.5, ""volf"": ""off"", ""dow"": ""mon"", ""big_thr"": 20, ""big_sl"": 50, ""big_tp"": 130, ""std_sl"": 15, ""std_tp"": 0, ""leg_gap"": 25, ""leg_sl"": 35, ""leg_tp"": 0, ""gap_min"": 100, ""be_at"": 2.0, ""partial"": 0, ""trail"": 0}",1.593,1.04,1.04,1.942,1.185,1.185,1.151,0.586,0.586,1.161,0.718,0.718
NQ,"{""entry_tf"": 1, ""vwap"": true, ""time_stop"": 90, ""legs"": false, ""leg_max"": 4, ""legs_mgmt"": ""same"", ""leg_window"": 120, ""ma"": 100, ""dyn"": false, ""entry_mode"": ""close"", ""pb_frac"": 0.3, ""pb_wait"": 30, ""gap"": ""off"", ""body_min"": 0.3, ""volf"": ""skip_low"", ""dow"": ""fri"", ""big_thr"": 15, ""big_sl"": 35, ""big_tp"": 200, ""std_sl"": 30, ""std_tp"": 0, ""leg_gap"": 25, ""leg_sl"": 25, ""leg_tp"": 90, ""gap_min"": 100, ""be_at"": 1.0, ""partial"": 1.5, ""trail"": 3.0}",0.591,0.409,0.409,0.722,0.573,0.573,0.894,0.743,0.743,1.656,1.38,1.38
NQ,"{""entry_tf"": 1, ""vwap"": true, ""time_stop"": 90, ""legs"": true, ""leg_max"": 4, ""legs_mgmt"": ""same"", ""leg_window"": 60, ""ma"": 100, ""dyn"": true, ""entry_mode"": ""close"", ""pb_frac"": 0.5, ""pb_wait"": 15, ""gap"": ""off"", ""body_min"": 0.5, ""volf"": ""off"", ""dow"": ""none"", ""big_thr"": 10, ""big_sl"": 50, ""big_tp"": 150, ""std_sl"": 20, ""std_tp"": 50, ""leg_gap"": 10, ""leg_sl"": 35, ""leg_tp"": 60, ""gap_min"": 50, ""be_at"": 1.5, ""partial"": 0, ""trail"": 3.0}",1.122,1.065,1.065,1.572,1.549,1.549,1.285,1.211,1.211,1.703,1.543,1.543
NQ,"{""entry_tf"": 1, ""vwap"": true, ""time_stop"": 240, ""legs"": false, ""leg_max"": 4, ""legs_mgmt"": ""fixed"", ""leg_window"": 30, ""ma"": 100, ""dyn"": false, ""entry_mode"": ""close"", ""pb_frac"": 0.3, ""pb_wait"": 30, ""gap"": ""off"", ""body_min"": 0.5, ""volf"": ""off"", ""dow"": ""none"", ""big_thr"": 25, ""big_sl"": 35, ""big_tp"": 100, ""std_sl"": 15, ""std_tp"": 0, ""leg_gap"": 10, ""leg_sl"": 25, ""leg_tp"": 140, ""gap_min"": 20, ""be_at"": 2.0, ""partial"": 0, ""trail"": 3.0}",1.644,1.089,1.089,2.112,1.446,1.446,2.339,1.453,1.453,1.82,1.095,1.095
NQ,"{""entry_tf"": 1, ""vwap"": true, ""time_stop"": 240, ""legs"": true, ""leg_max"": 2, ""legs_mgmt"": ""fixed"", ""leg_window"": 120, ""ma"": 100, ""dyn"": false, ""entry_mode"": ""close"", ""pb_frac"": 0.5, ""pb_wait"": 30, ""gap"": ""off"", ""body_min"": 0.3, ""volf"": ""skip_low"", ""dow"": ""none"", ""big_thr"": 10, ""big_sl"": 40, ""big_tp"": 115, ""std_sl"": 35, ""std_tp"": 0, ""leg_gap"": 25, ""leg_sl"": 25, ""leg_tp"": 60, ""gap_min"": 0, ""be_at"": 0, ""partial"": 0, ""trail"": 3.0}",1.369,0.868,0.868,1.788,1.3,1.3,1.679,1.123,1.123,1.833,1.228,1.228
NQ,"{""entry_tf"": 5, ""vwap"": false, ""time_stop"": 120, ""legs"": false, ""leg_max"": 1, ""legs_mgmt"": ""fixed"", ""leg_window"": 120, ""ma"": 100, ""dyn"": true, ""entry_mode"": ""close"", ""pb_frac"": 0.5, ""pb_wait"": 5, ""gap"": ""off"", ""body_min"": 0.5, ""volf"": ""skip_high"", ""dow"": ""fri"", ""big_thr"": 20, ""big_sl"": 50, ""big_tp"": 0, ""std_sl"": 35, ""std_tp"": 60, ""leg_gap"": 25, ""leg_sl"": 25, ""leg_tp"": 140, ""gap_min"": 100, ""be_at"": 1.5, ""partial"": 1.5, ""trail"": 1.0}",-99.0,-1.0,-99.0,-99.0,-1.0,-99.0,2.239,1.673,1.673,-99.0,-1.0,-99.0
NQ,"{""entry_tf"": 5, ""vwap"": false, ""time_stop"": 120, ""legs"": false, ""leg_max"": 1, ""legs_mgmt"": ""fixed"", ""leg_window"": 30, ""ma"": 0, ""dyn"": false, ""entry_mode"": ""close"", ""pb_frac"": 0.7, ""pb_wait"": 5, ""gap"": ""off"", ""body_min"": 0.5, ""volf"": ""off"", ""dow"": ""none"", ""big_thr"": 10, ""big_sl"": 30, ""big_tp"": 200, ""std_sl"": 15, ""std_tp"": 0, ""leg_gap"": 25, ""leg_sl"": 25, ""leg_tp"": 90, ""gap_min"": 50, ""be_at"": 1.5, ""partial"": 3.0, ""trail"": 1.5}",1.757,1.34,1.34,1.607,1.079,1.079,2.324,1.724,1.724,1.327,0.809,0.809
NQ,"{""entry_tf"": 5, ""vwap"": false, ""time_stop"": 120, ""legs"": false, ""leg_max"": 1, ""legs_mgmt"": ""fixed"", ""leg_window"": 60, ""ma"": 100, ""dyn"": false, ""entry_mode"": ""close"", ""pb_frac"": 0.5, ""pb_wait"": 5, ""gap"": ""off"", ""body_min"": 0.5, ""volf"": ""off"", ""dow"": ""none"", ""big_thr"": 25, ""big_sl"": 35, ""big_tp"": 200, ""std_sl"": 15, ""std_tp"": 80, ""leg_gap"": 15, ""leg_sl"": 25, ""leg_tp"": 0, ""gap_min"": 0, ""be_at"": 2.0, ""partial"": 2.0, ""trail"": 3.0}",2.163,1.972,1.972,1.675,1.544,1.544,2.254,2.115,2.115,1.475,1.468,1.468
NQ,"{""entry_tf"": 5, ""vwap"": false, ""time_stop"": 120, ""legs"": false, ""leg_max"": 2, ""legs_mgmt"": ""same"", ""leg_window"": 120, ""ma"": 0, ""dyn"": true, ""entry_mode"": ""close"", ""pb_frac"": 0.7, ""pb_wait"": 15, ""gap"": ""with"", ""body_min"": 0.3, ""volf"": ""off"", ""dow"": ""none"", ""big_thr"": 10, ""big_sl"": 30, ""big_tp"": 0, ""std_sl"": 20, ""std_tp"": 50, ""leg_gap"": 25, ""leg_sl"": 35, ""leg_tp"": 0, ""gap_min"": 20, ""be_at"": 2.0, ""partial"": 0, ""trail"": 3.0}",1.039,0.965,0.965,0.35,0.27,0.27,1.267,1.117,1.117,1.761,1.487,1.487
NQ,"{""entry_tf"": 5, ""vwap"": false, ""time_stop"": 120, ""legs"": false, ""leg_max"": 2, ""legs_mgmt"": ""same"", ""leg_window"": 30, ""ma"": 0, ""dyn"": false, ""entry_mode"": ""close"", ""pb_frac"": 0.3, ""pb_wait"": 30, ""gap"": ""off"", ""body_min"": 0.5, ""volf"": ""off"", ""dow"": ""fri"", ""big_thr"": 10, ""big_sl"": 25, ""big_tp"": 60, ""std_sl"": 35, ""std_tp"": 50, ""leg_gap"": 10, ""leg_sl"": 45, ""leg_tp"": 115, ""gap_min"": 20, ""be_at"": 2.0, ""partial"": 0, ""trail"": 3.0}",1.43,1.316,1.316,1.053,0.973,0.973,2.351,2.167,2.167,1.092,0.913,0.913
NQ,"{""entry_tf"": 5, ""vwap"": false, ""time_stop"": 120, ""legs"": false, ""leg_max"": 2, ""legs_mgmt"": ""same"", ""leg_window"": 60, ""ma"": 100, ""dyn"": true, ""entry_mode"": ""close"", ""pb_frac"": 0.7, ""pb_wait"": 5, ""gap"": ""off"", ""body_min"": 0.5, ""volf"": ""off"", ""dow"": ""fri"", ""big_thr"": 20, ""big_sl"": 40, ""big_tp"": 80, ""std_sl"": 15, ""std_tp"": 42, ""leg_gap"": 20, ""leg_sl"": 45, ""leg_tp"": 115, ""gap_min"": 20, ""be_at"": 0.5, ""partial"": 2.0, ""trail"": 0}",2.414,1.74,1.74,1.236,0.823,0.823,2.255,1.66,1.66,0.946,0.553,0.553
NQ,"{""entry_tf"": 5, ""vwap"": false, ""time_stop"": 120, ""legs"": true, ""leg_max"": 1, ""legs_mgmt"": ""fixed"", ""leg_window"": 30, ""ma"": 100, ""dyn"": false, ""entry_mode"": ""close"", ""pb_frac"": 0.7, ""pb_wait"": 15, ""gap"": ""off"", ""body_min"": 0.3, ""volf"": ""skip_high"", ""dow"": ""none"", ""big_thr"": 10, ""big_sl"": 35, ""big_tp"": 0, ""std_sl"": 30, ""std_tp"": 50, ""leg_gap"": 25, ""leg_sl"": 25, ""leg_tp"": 90, ""gap_min"": 50, ""be_at"": 0, ""partial"": 0, ""trail"": 0}",0.911,0.688,0.688,1.892,1.621,1.621,2.044,1.711,1.711,1.52,1.302,1.302
NQ,"{""entry_tf"": 5, ""vwap"": false, ""time_stop"": 120, ""legs"": true, ""leg_max"": 1, ""legs_mgmt"": ""same"", ""leg_window"": 60, ""ma"": 100, ""dyn"": true, ""entry_mode"": ""close"", ""pb_frac"": 0.3, ""pb_wait"": 15, ""gap"": ""off"", ""body_min"": 0.5, ""volf"": ""off"", ""dow"": ""fri"", ""big_thr"": 25, ""big_sl"": 40, ""big_tp"": 130, ""std_sl"": 15, ""std_tp"": 0, ""leg_gap"": 10, ""leg_sl"": 35, ""leg_tp"": 0, ""gap_min"": 50, ""be_at"": 0, ""partial"": 3.0, ""trail"": 2.0}",2.177,1.601,1.601,1.833,1.439,1.439,2.668,2.041,2.041,1.515,1.201,1.201
NQ,"{""entry_tf"": 1, ""vwap"": true, ""time_stop"": 999, ""legs"": true, ""leg_max"": 2, ""legs_mgmt"": ""fixed"", ""leg_window"": 60, ""ma"": 100, ""dyn"": true, ""entry_mode"": ""close"", ""pb_frac"": 0.7, ""pb_wait"": 30, ""gap"": ""off"", ""body_min"": 0.3, ""volf"": ""off"", ""dow"": ""fri"", ""big_thr"": 10, ""big_sl"": 50, ""big_tp"": 0, ""std_sl"": 20, ""std_tp"": 0, ""leg_gap"": 10, ""leg_sl"": 35, ""leg_tp"": 90, ""gap_min"": 100, ""be_at"": 0, ""partial"": 0, ""trail"": 2.0}",0.907,0.772,0.772,1.81,1.817,1.81,2.095,1.97,1.97,1.654,1.655,1.654
NQ,"{""entry_tf"": 1, ""vwap"": true, ""time_stop"": 999, ""legs"": true, ""leg_max"": 6, ""legs_mgmt"": ""fixed"", ""leg_window"": 30, ""ma"": 100, ""dyn"": false, ""entry_mode"": ""close"", ""pb_frac"": 0.3, ""pb_wait"": 30, ""gap"": ""off"", ""body_min"": 0.3, ""volf"": ""skip_high"", ""dow"": ""none"", ""big_thr"": 15, ""big_sl"": 35, ""big_tp"": 115, ""std_sl"": 30, ""std_tp"": 0, ""leg_gap"": 20, ""leg_sl"": 45, ""leg_tp"": 140, ""gap_min"": 0, ""be_at"": 0, ""partial"": 2.0, ""trail"": 3.0}",0.713,0.655,0.655,2.071,1.912,1.912,1.466,1.275,1.275,1.347,1.269,1.269
NQ,"{""entry_tf"": 5, ""vwap"": false, ""time_stop"": 120, ""legs"": true, ""leg_max"": 2, ""legs_mgmt"": ""fixed"", ""leg_window"": 120, ""ma"": 0, ""dyn"": true, ""entry_mode"": ""close"", ""pb_frac"": 0.5, ""pb_wait"": 15, ""gap"": ""off"", ""body_min"": 0.5, ""volf"": ""skip_high"", ""dow"": ""none"", ""big_thr"": 20, ""big_sl"": 35, ""big_tp"": 150, ""std_sl"": 15, ""std_tp"": 60, ""leg_gap"": 20, ""leg_sl"": 35, ""leg_tp"": 140, ""gap_min"": 20, ""be_at"": 2.0, ""partial"": 2.0, ""trail"": 0}",1.938,1.054,1.054,0.695,0.269,0.269,1.832,1.054,1.054,1.732,0.881,0.881
NQ,"{""entry_tf"": 5, ""vwap"": false, ""time_stop"": 120, ""legs"": true, ""leg_max"": 2, ""legs_mgmt"": ""fixed"", ""leg_window"": 120, ""ma"": 0, ""dyn"": true, ""entry_mode"": ""close"", ""pb_frac"": 0.7, ""pb_wait"": 30, ""gap"": ""off"", ""body_min"": 0.5, ""volf"": ""off"", ""dow"": ""none"", ""big_thr"": 20, ""big_sl"": 40, ""big_tp"": 130, ""std_sl"": 25, ""std_tp"": 0, ""leg_gap"": 20, ""leg_sl"": 25, ""leg_tp"": 115, ""gap_min"": 100, ""be_at"": 2.0, ""partial"": 2.0, ""trail"": 0}",2.137,1.723,1.723,1.883,1.409,1.409,2.072,1.819,1.819,1.962,1.613,1.613
NQ,"{""entry_tf"": 5, ""vwap"": false, ""time_stop"": 120, ""legs"": true, ""leg_max"": 6, ""legs_mgmt"": ""same"", ""leg_window"": 120, ""ma"": 100, ""dyn"": false, ""entry_mode"": ""close"", ""pb_frac"": 0.3, ""pb_wait"": 30, ""gap"": ""off"", ""body_min"": 0.5, ""volf"": ""skip_high"", ""dow"": ""none"", ""big_thr"": 10, ""big_sl"": 50, ""big_tp"": 80, ""std_sl"": 35, ""std_tp"": 0, ""leg_gap"": 15, ""leg_sl"": 25, ""leg_tp"": 140, ""gap_min"": 20, ""be_at"": 2.0, ""partial"": 0, ""trail"": 2.0}",0.894,0.792,0.792,2.107,1.606,1.606,1.178,1.031,1.031,1.681,1.41,1.41
NQ,"{""entry_tf"": 5, ""vwap"": false, ""time_stop"": 120, ""legs"": true, ""leg_max"": 6, ""legs_mgmt"": ""same"", ""leg_window"": 120, ""ma"": 100, ""dyn"": true, ""entry_mode"": ""close"", ""pb_frac"": 0.7, ""pb_wait"": 5, ""gap"": ""off"", ""body_min"": 0.5, ""volf"": ""off"", ""dow"": ""none"", ""big_thr"": 10, ""big_sl"": 30, ""big_tp"": 0, ""std_sl"": 35, ""std_tp"": 60, ""leg_gap"": 25, ""leg_sl"": 35, ""leg_tp"": 140, ""gap_min"": 0, ""be_at"": 0, ""partial"": 1.0, ""trail"": 2.0}",1.896,1.39,1.39,0.912,0.371,0.371,2.25,1.572,1.572,1.269,0.698,0.698
NQ,"{""entry_tf"": 5, ""vwap"": false, ""time_stop"": 180, ""legs"": false, ""leg_max"": 1, ""legs_mgmt"": ""fixed"", ""leg_window"": 60, ""ma"": 100, ""dyn"": true, ""entry_mode"": ""close"", ""pb_frac"": 0.3, ""pb_wait"": 5, ""gap"": ""off"", ""body_min"": 0.5, ""volf"": ""off"", ""dow"": ""none"", ""big_thr"": 15, ""big_sl"": 30, ""big_tp"": 130, ""std_sl"": 20, ""std_tp"": 30, ""leg_gap"": 20, ""leg_sl"": 35, ""leg_tp"": 0, ""gap_min"": 100, ""be_at"": 2.0, ""partial"": 3.0, ""trail"": 2.0}",2.578,2.192,2.192,1.952,1.591,1.591,2.105,1.895,1.895,1.471,1.248,1.248
NQ,"{""entry_tf"": 5, ""vwap"": false, ""time_stop"": 180, ""legs"": false, ""leg_max"": 1, ""legs_mgmt"": ""same"", ""leg_window"": 120, ""ma"": 0, ""dyn"": false, ""entry_mode"": ""close"", ""pb_frac"": 0.3, ""pb_wait"": 30, ""gap"": ""off"", ""body_min"": 0.5, ""volf"": ""skip_low"", ""dow"": ""fri"", ""big_thr"": 20, ""big_sl"": 25, ""big_tp"": 100, ""std_sl"": 35, ""std_tp"": 80, ""leg_gap"": 25, ""leg_sl"": 45, ""leg_tp"": 90, ""gap_min"": 20, ""be_at"": 0, ""partial"": 3.0, ""trail"": 3.0}",1.896,1.637,1.637,2.055,1.736,1.736,2.633,2.302,2.302,1.212,0.928,0.928
NQ,"{""entry_tf"": 5, ""vwap"": false, ""time_stop"": 120, ""legs"": true, ""leg_max"": 6, ""legs_mgmt"": ""same"", ""leg_window"": 60, ""ma"": 100, ""dyn"": false, ""entry_mode"": ""close"", ""pb_frac"": 0.3, ""pb_wait"": 30, ""gap"": ""off"", ""body_min"": 0.3, ""volf"": ""off"", ""dow"": ""none"", ""big_thr"": 25, ""big_sl"": 30, ""big_tp"": 100, ""std_sl"": 30, ""std_tp"": 80, ""leg_gap"": 15, ""leg_sl"": 45, ""leg_tp"": 140, ""gap_min"": 0, ""be_at"": 2.0, ""partial"": 0, ""trail"": 3.0}",2.014,1.729,1.729,1.837,1.529,1.529,2.379,2.068,2.068,1.135,0.942,0.942
NQ,"{""entry_tf"": 5, ""vwap"": false, ""time_stop"": 180, ""legs"": false, ""leg_max"": 1, ""legs_mgmt"": ""fixed"", ""leg_window"": 60, ""ma"": 0, ""dyn"": false, ""entry_mode"": ""close"", ""pb_frac"": 0.7, ""pb_wait"": 15, ""gap"": ""off"", ""body_min"": 0.3, ""volf"": ""skip_high"", ""dow"": ""none"", ""big_thr"": 20, ""big_sl"": 30, ""big_tp"": 115, ""std_sl"": 35, ""std_tp"": 0, ""leg_gap"": 20, ""leg_sl"": 45, ""leg_tp"": 90, ""gap_min"": 50, ""be_at"": 2.0, ""partial"": 2.0, ""trail"": 2.0}",1.368,0.949,0.949,0.522,0.345,0.345,2.372,1.589,1.589,0.092,-0.389,-0.389
NQ,"{""entry_tf"": 5, ""vwap"": false, ""time_stop"": 180, ""legs"": false, ""leg_max"": 4, ""legs_mgmt"": ""same"", ""leg_window"": 120, ""ma"": 0, ""dyn"": false, ""entry_mode"": ""close"", ""pb_frac"": 0.7, ""pb_wait"": 30, ""gap"": ""off"", ""body_min"": 0.5, ""volf"": ""off"", ""dow"": ""fri"", ""big_thr"": 20, ""big_sl"": 25, ""big_tp"": 80, ""std_sl"": 30, ""std_tp"": 50, ""leg_gap"": 15, ""leg_sl"": 25, ""leg_tp"": 90, ""gap_min"": 100, ""be_at"": 1.5, ""partial"": 2.0, ""trail"": 2.0}",1.634,1.359,1.359,1.76,1.417,1.417,2.642,2.177,2.177,1.149,0.938,0.938
NQ,"{""entry_tf"": 5, ""vwap"": false, ""time_stop"": 180, ""legs"": false, ""leg_max"": 4, ""legs_mgmt"": ""same"", ""leg_window"": 60, ""ma"": 0, ""dyn"": false, ""entry_mode"": ""close"", ""pb_frac"": 0.5, ""pb_wait"": 30, ""gap"": ""off"", ""body_min"": 0.5, ""volf"": ""off"", ""dow"": ""none"", ""big_thr"": 25, ""big_sl"": 40, ""big_tp"": 100, ""std_sl"": 25, ""std_tp"": 80, ""leg_gap"": 15, ""leg_sl"": 25, ""leg_tp"": 0, ""gap_min"": 0, ""be_at"": 1.5, ""partial"": 3.0, ""trail"": 1.5}",2.154,1.935,1.935,1.907,1.741,1.741,2.618,2.337,2.337,1.358,1.293,1.293
NQ,"{""entry_tf"": 5, ""vwap"": false, ""time_stop"": 180, ""legs"": false, ""leg_max"": 2, ""legs_mgmt"": ""fixed"", ""leg_window"": 30, ""ma"": 100, ""dyn"": false, ""entry_mode"": ""close"", ""pb_frac"": 0.5, ""pb_wait"": 15, ""gap"": ""off"", ""body_min"": 0.5, ""volf"": ""off"", ""dow"": ""none"", ""big_thr"": 15, ""big_sl"": 40, ""big_tp"": 115, ""std_sl"": 25, ""std_tp"": 80, ""leg_gap"": 10, ""leg_sl"": 35, ""leg_tp"": 60, ""gap_min"": 20, ""be_at"": 2.0, ""partial"": 1.0, ""trail"": 2.0}",2.024,1.689,1.689,1.326,1.122,1.122,2.22,1.921,1.921,1.209,1.007,1.007
NQ,"{""entry_tf"": 5, ""vwap"": false, ""time_stop"": 180, ""legs"": false, ""leg_max"": 4, ""legs_mgmt"": ""fixed"", ""leg_window"": 60, ""ma"": 100, ""dyn"": false, ""entry_mode"": ""close"", ""pb_frac"": 0.5, ""pb_wait"": 15, ""gap"": ""off"", ""body_min"": 0.3, ""volf"": ""skip_high"", ""dow"": ""none"", ""big_thr"": 10, ""big_sl"": 25, ""big_tp"": 0, ""std_sl"": 30, ""std_tp"": 0, ""leg_gap"": 10, ""leg_sl"": 45, ""leg_tp"": 0, ""gap_min"": 100, ""be_at"": 0, ""partial"": 3.0, ""trail"": 2.0}",2.021,1.57,1.57,0.592,0.226,0.226,2.137,1.763,1.763,1.212,0.853,0.853
NQ,"{""entry_tf"": 5, ""vwap"": false, ""time_stop"": 180, ""legs"": true, ""leg_max"": 1, ""legs_mgmt"": ""fixed"", ""leg_window"": 120, ""ma"": 0, ""dyn"": false, ""entry_mode"": ""close"", ""pb_frac"": 0.7, ""pb_wait"": 15, ""gap"": ""off"", ""body_min"": 0.5, ""volf"": ""skip_high"", ""dow"": ""none"", ""big_thr"": 15, ""big_sl"": 40, ""big_tp"": 100, ""std_sl"": 30, ""std_tp"": 80, ""leg_gap"": 20, ""leg_sl"": 45, ""leg_tp"": 60, ""gap_min"": 100, ""be_at"": 2.0, ""partial"": 3.0, ""trail"": 1.0}",1.625,1.373,1.373,1.643,1.319,1.319,1.318,1.262,1.262,2.045,1.566,1.566
NQ,"{""entry_tf"": 5, ""vwap"": false, ""time_stop"": 180, ""legs"": true, ""leg_max"": 1, ""legs_mgmt"": ""fixed"", ""leg_window"": 60, ""ma"": 100, ""dyn"": true, ""entry_mode"": ""close"", ""pb_frac"": 0.5, ""pb_wait"": 15, ""gap"": ""off"", ""body_min"": 0.5, ""volf"": ""skip_high"", ""dow"": ""mon"", ""big_thr"": 10, ""big_sl"": 30, ""big_tp"": 200, ""std_sl"": 15, ""std_tp"": 0, ""leg_gap"": 15, ""leg_sl"": 35, ""leg_tp"": 60, ""gap_min"": 0, ""be_at"": 1.5, ""partial"": 3.0, ""trail"": 0}",-99.0,-0.81,-99.0,-99.0,-0.771,-99.0,1.77,1.309,1.309,1.833,1.109,1.109
NQ,"{""entry_tf"": 5, ""vwap"": false, ""time_stop"": 180, ""legs"": true, ""leg_max"": 2, ""legs_mgmt"": ""fixed"", ""leg_window"": 120, ""ma"": 0, ""dyn"": true, ""entry_mode"": ""close"", ""pb_frac"": 0.5, ""pb_wait"": 5, ""gap"": ""off"", ""body_min"": 0.7, ""volf"": ""off"", ""dow"": ""none"", ""big_thr"": 10, ""big_sl"": 50, ""big_tp"": 150, ""std_sl"": 15, ""std_tp"": 60, ""leg_gap"": 10, ""leg_sl"": 25, ""leg_tp"": 60, ""gap_min"": 20, ""be_at"": 0, ""partial"": 1.5, ""trail"": 0}",2.382,0.993,0.993,1.765,0.914,0.914,2.178,1.299,1.299,1.327,0.805,0.805
NQ,"{""entry_tf"": 5, ""vwap"": false, ""time_stop"": 180, ""legs"": true, ""leg_max"": 6, ""legs_mgmt"": ""same"", ""leg_window"": 60, ""ma"": 100, ""dyn"": false, ""entry_mode"": ""close"", ""pb_frac"": 0.3, ""pb_wait"": 5, ""gap"": ""off"", ""body_min"": 0.5, ""volf"": ""off"", ""dow"": ""fri"", ""big_thr"": 20, ""big_sl"": 50, ""big_tp"": 80, ""std_sl"": 25, ""std_tp"": 80, ""leg_gap"": 20, ""leg_sl"": 35, ""leg_tp"": 140, ""gap_min"": 20, ""be_at"": 1.0, ""partial"": 1.5, ""trail"": 1.5}",1.563,1.521,1.521,1.748,1.625,1.625,2.281,2.136,2.136,1.711,1.541,1.541
NQ,"{""entry_tf"": 5, ""vwap"": false, ""time_stop"": 240, ""legs"": false, ""leg_max"": 2, ""legs_mgmt"": ""fixed"", ""leg_window"": 30, ""ma"": 100, ""dyn"": false, ""entry_mode"": ""close"", ""pb_frac"": 0.3, ""pb_wait"": 15, ""gap"": ""off"", ""body_min"": 0.5, ""volf"": ""off"", ""dow"": ""fri"", ""big_thr"": 10, ""big_sl"": 40, ""big_tp"": 80, ""std_sl"": 30, ""std_tp"": 0, ""leg_gap"": 10, ""leg_sl"": 35, ""leg_tp"": 60, ""gap_min"": 0, ""be_at"": 0, ""partial"": 3.0, ""trail"": 2.0}",2.001,1.72,1.72,2.022,1.691,1.691,2.651,2.249,2.249,0.893,0.719,0.719
NQ,"{""entry_tf"": 5, ""vwap"": false, ""time_stop"": 240, ""legs"": false, ""leg_max"": 2, ""legs_mgmt"": ""fixed"", ""leg_window"": 30, ""ma"": 100, ""dyn"": true, ""entry_mode"": ""close"", ""pb_frac"": 0.3, ""pb_wait"": 15, ""gap"": ""off"", ""body_min"": 0.5, ""volf"": ""off"", ""dow"": ""fri"", ""big_thr"": 25, ""big_sl"": 50, ""big_tp"": 80, ""std_sl"": 15, ""std_tp"": 42, ""leg_gap"": 15, ""leg_sl"": 25, ""leg_tp"": 140, ""gap_min"": 100, ""be_at"": 2.0, ""partial"": 0, ""trail"": 3.0}",1.89,1.223,1.223,1.464,0.837,0.837,2.769,1.666,1.666,1.336,0.755,0.755
NQ,"{""entry_tf"": 5, ""vwap"": false, ""time_stop"": 240, ""legs"": false, ""leg_max"": 4, ""legs_mgmt"": ""same"", ""leg_window"": 120, ""ma"": 100, ""dyn"": true, ""entry_mode"": ""close"", ""pb_frac"": 0.7, ""pb_wait"": 15, ""gap"": ""off"", ""body_min"": 0.5, ""volf"": ""skip_high"", ""dow"": ""fri"", ""big_thr"": 15, ""big_sl"": 30, ""big_tp"": 80, ""std_sl"": 35, ""std_tp"": 42, ""leg_gap"": 20, ""leg_sl"": 45, ""leg_tp"": 60, ""gap_min"": 50, ""be_at"": 0, ""partial"": 3.0, ""trail"": 3.0}",-99.0,-0.809,-99.0,-99.0,-0.633,-99.0,2.257,1.914,1.914,-99.0,-0.578,-99.0
NQ,"{""entry_tf"": 5, ""vwap"": false, ""time_stop"": 240, ""legs"": false, ""leg_max"": 6, ""legs_mgmt"": ""fixed"", ""leg_window"": 30, ""ma"": 0, ""dyn"": false, ""entry_mode"": ""close"", ""pb_frac"": 0.7, ""pb_wait"": 30, ""gap"": ""off"", ""body_min"": 0.5, ""volf"": ""off"", ""dow"": ""none"", ""big_thr"": 15, ""big_sl"": 50, ""big_tp"": 150, ""std_sl"": 25, ""std_tp"": 50, ""leg_gap"": 20, ""leg_sl"": 35, ""leg_tp"": 140, ""gap_min"": 100, ""be_at"": 0, ""partial"": 0, ""trail"": 0}",0.995,0.871,0.871,2.128,1.612,1.612,1.782,1.405,1.405,1.973,1.581,1.581
NQ,"{""entry_tf"": 5, ""vwap"": false, ""time_stop"": 240, ""legs"": false, ""leg_max"": 2, ""legs_mgmt"": ""same"", ""leg_window"": 120, ""ma"": 100, ""dyn"": false, ""entry_mode"": ""close"", ""pb_frac"": 0.5, ""pb_wait"": 15, ""gap"": ""off"", ""body_min"": 0.5, ""volf"": ""off"", ""dow"": ""fri"", ""big_thr"": 10, ""big_sl"": 40, ""big_tp"": 100, ""std_sl"": 20, ""std_tp"": 80, ""leg_gap"": 15, ""leg_sl"": 35, ""leg_tp"": 115, ""gap_min"": 0, ""be_at"": 2.0, ""partial"": 0, ""trail"": 3.0}",1.731,1.524,1.524,2.156,1.888,1.888,2.202,1.911,1.911,1.481,1.178,1.178
NQ,"{""entry_tf"": 5, ""vwap"": false, ""time_stop"": 240, ""legs"": false, ""leg_max"": 2, ""legs_mgmt"": ""same"", ""leg_window"": 30, ""ma"": 0, ""dyn"": false, ""entry_mode"": ""close"", ""pb_frac"": 0.3, ""pb_wait"": 15, ""gap"": ""off"", ""body_min"": 0.5, ""volf"": ""off"", ""dow"": ""none"", ""big_thr"": 15, ""big_sl"": 30, ""big_tp"": 115, ""std_sl"": 35, ""std_tp"": 50, ""leg_gap"": 15, ""leg_sl"": 25, ""leg_tp"": 0, ""gap_min"": 100, ""be_at"": 1.5, ""partial"": 3.0, ""trail"": 3.0}",1.409,1.266,1.266,1.612,1.244,1.244,2.37,1.87,1.87,1.205,0.836,0.836
NQ,"{""entry_tf"": 5, ""vwap"": false, ""time_stop"": 240, ""legs"": false, ""leg_max"": 6, ""legs_mgmt"": ""fixed"", ""leg_window"": 60, ""ma"": 100, ""dyn"": true, ""entry_mode"": ""close"", ""pb_frac"": 0.3, ""pb_wait"": 30, ""gap"": ""off"", ""body_min"": 0.5, ""volf"": ""off"", ""dow"": ""none"", ""big_thr"": 25, ""big_sl"": 50, ""big_tp"": 115, ""std_sl"": 35, ""std_tp"": 42, ""leg_gap"": 25, ""leg_sl"": 35, ""leg_tp"": 60, ""gap_min"": 20, ""be_at"": 1.5, ""partial"": 1.5, ""trail"": 3.0}",1.73,1.392,1.392,1.947,1.478,1.478,1.685,1.409,1.409,1.644,1.272,1.272
NQ,"{""entry_tf"": 5, ""vwap"": false, ""time_stop"": 240, ""legs"": true, ""leg_max"": 1, ""legs_mgmt"": ""fixed"", ""leg_window"": 30, ""ma"": 0, ""dyn"": true, ""entry_mode"": ""close"", ""pb_frac"": 0.3, ""pb_wait"": 15, ""gap"": ""off"", ""body_min"": 0.5, ""volf"": ""off"", ""dow"": ""none"", ""big_thr"": 20, ""big_sl"": 40, ""big_tp"": 150, ""std_sl"": 15, ""std_tp"": 0, ""leg_gap"": 15, ""leg_sl"": 45, ""leg_tp"": 140, ""gap_min"": 50, ""be_at"": 2.0, ""partial"": 0, ""trail"": 3.0}",1.498,1.464,1.464,1.239,1.259,1.239,2.271,2.151,2.151,1.512,1.466,1.466
NQ,"{""entry_tf"": 5, ""vwap"": false, ""time_stop"": 240, ""legs"": true, ""leg_max"": 2, ""legs_mgmt"": ""same"", ""leg_window"": 60, ""ma"": 100, ""dyn"": false, ""entry_mode"": ""close"", ""pb_frac"": 0.3, ""pb_wait"": 30, ""gap"": ""off"", ""body_min"": 0.5, ""volf"": ""skip_high"", ""dow"": ""none"", ""big_thr"": 20, ""big_sl"": 30, ""big_tp"": 80, ""std_sl"": 30, ""std_tp"": 0, ""leg_gap"": 10, ""leg_sl"": 35, ""leg_tp"": 60, ""gap_min"": 0, ""be_at"": 2.0, ""partial"": 3.0, ""trail"": 3.0}",2.387,1.59,1.59,1.949,1.172,1.172,2.434,1.647,1.647,1.604,1.082,1.082
NQ,"{""entry_tf"": 5, ""vwap"": false, ""time_stop"": 240, ""legs"": true, ""leg_max"": 4, ""legs_mgmt"": ""same"", ""leg_window"": 120, ""ma"": 100, ""dyn"": true, ""entry_mode"": ""close"", ""pb_frac"": 0.5, ""pb_wait"": 5, ""gap"": ""off"", ""body_min"": 0.5, ""volf"": ""off"", ""dow"": ""fri"", ""big_thr"": 20, ""big_sl"": 40, ""big_tp"": 100, ""std_sl"": 35, ""std_tp"": 42, ""leg_gap"": 20, ""leg_sl"": 45, ""leg_tp"": 0, ""gap_min"": 20, ""be_at"": 2.0, ""partial"": 2.0, ""trail"": 1.5}",2.055,1.212,1.212,1.856,1.153,1.153,1.789,1.094,1.094,1.583,0.949,0.949
NQ,"{""entry_tf"": 5, ""vwap"": false, ""time_stop"": 240, ""legs"": true, ""leg_max"": 1, ""legs_mgmt"": ""fixed"", ""leg_window"": 60, ""ma"": 0, ""dyn"": true, ""entry_mode"": ""close"", ""pb_frac"": 0.7, ""pb_wait"": 5, ""gap"": ""off"", ""body_min"": 0.7, ""volf"": ""off"", ""dow"": ""none"", ""big_thr"": 15, ""big_sl"": 40, ""big_tp"": 130, ""std_sl"": 30, ""std_tp"": 30, ""leg_gap"": 10, ""leg_sl"": 35, ""leg_tp"": 60, ""gap_min"": 0, ""be_at"": 0, ""partial"": 3.0, ""trail"": 2.0}",2.276,1.665,1.665,1.82,1.277,1.277,2.202,1.635,1.635,1.322,0.863,0.863
NQ,"{""entry_tf"": 5, ""vwap"": false, ""time_stop"": 240, ""legs"": true, ""leg_max"": 2, ""legs_mgmt"": ""fixed"", ""leg_window"": 60, ""ma"": 0, ""dyn"": false, ""entry_mode"": ""close"", ""pb_frac"": 0.5, ""pb_wait"": 30, ""gap"": ""off"", ""body_min"": 0.3, ""volf"": ""skip_high"", ""dow"": ""none"", ""big_thr"": 20, ""big_sl"": 25, ""big_tp"": 0, ""std_sl"": 35, ""std_tp"": 60, ""leg_gap"": 25, ""leg_sl"": 35, ""leg_tp"": 140, ""gap_min"": 100, ""be_at"": 2.0, ""partial"": 0, ""trail"": 3.0}",1.768,1.548,1.548,1.358,1.187,1.187,2.324,2.018,2.018,1.291,1.037,1.037
NQ,"{""entry_tf"": 5, ""vwap"": false, ""time_stop"": 60, ""legs"": false, ""leg_max"": 2, ""legs_mgmt"": ""fixed"", ""leg_window"": 60, ""ma"": 100, ""dyn"": true, ""entry_mode"": ""close"", ""pb_frac"": 0.3, ""pb_wait"": 15, ""gap"": ""off"", ""body_min"": 0.5, ""volf"": ""off"", ""dow"": ""mon"", ""big_thr"": 25, ""big_sl"": 50, ""big_tp"": 100, ""std_sl"": 35, ""std_tp"": 80, ""leg_gap"": 10, ""leg_sl"": 45, ""leg_tp"": 140, ""gap_min"": 100, ""be_at"": 1.0, ""partial"": 1.5, ""trail"": 1.0}",0.985,0.584,0.584,1.854,1.238,1.238,1.356,0.891,0.891,1.385,0.88,0.88
NQ,"{""entry_tf"": 5, ""vwap"": false, ""time_stop"": 60, ""legs"": false, ""leg_max"": 2, ""legs_mgmt"": ""same"", ""leg_window"": 30, ""ma"": 0, ""dyn"": true, ""entry_mode"": ""close"", ""pb_frac"": 0.7, ""pb_wait"": 5, ""gap"": ""off"", ""body_min"": 0.5, ""volf"": ""skip_high"", ""dow"": ""none"", ""big_thr"": 10, ""big_sl"": 40, ""big_tp"": 130, ""std_sl"": 15, ""std_tp"": 60, ""leg_gap"": 25, ""leg_sl"": 45, ""leg_tp"": 140, ""gap_min"": 50, ""be_at"": 2.0, ""partial"": 3.0, ""trail"": 3.0}",2.125,1.391,1.391,1.368,0.742,0.742,2.173,1.343,1.343,1.811,1.071,1.071
NQ,"{""entry_tf"": 5, ""vwap"": false, ""time_stop"": 60, ""legs"": true, ""leg_max"": 2, ""legs_mgmt"": ""same"", ""leg_window"": 30, ""ma"": 100, ""dyn"": true, ""entry_mode"": ""close"", ""pb_frac"": 0.7, ""pb_wait"": 15, ""gap"": ""off"", ""body_min"": 0.5, ""volf"": ""off"", ""dow"": ""none"", ""big_thr"": 25, ""big_sl"": 35, ""big_tp"": 115, ""std_sl"": 25, ""std_tp"": 42, ""leg_gap"": 25, ""leg_sl"": 45, ""leg_tp"": 0, ""gap_min"": 20, ""be_at"": 2.0, ""partial"": 3.0, ""trail"": 1.5}",1.984,1.196,1.196,1.599,0.883,0.883,1.547,0.9,0.9,1.28,0.651,0.651
NQ,"{""entry_tf"": 5, ""vwap"": false, ""time_stop"": 60, ""legs"": true, ""leg_max"": 6, ""legs_mgmt"": ""fixed"", ""leg_window"": 120, ""ma"": 0, ""dyn"": true, ""entry_mode"": ""close"", ""pb_frac"": 0.3, ""pb_wait"": 5, ""gap"": ""off"", ""body_min"": 0.5, ""volf"": ""off"", ""dow"": ""none"", ""big_thr"": 25, ""big_sl"": 30, ""big_tp"": 115, ""std_sl"": 20, ""std_tp"": 0, ""leg_gap"": 25, ""leg_sl"": 25, ""leg_tp"": 90, ""gap_min"": 100, ""be_at"": 2.0, ""partial"": 0, ""trail"": 2.0}",2.076,1.738,1.738,1.873,1.369,1.369,2.808,2.245,2.245,1.611,1.248,1.248
NQ,"{""entry_tf"": 5, ""vwap"": false, ""time_stop"": 240, ""legs"": true, ""leg_max"": 4, ""legs_mgmt"": ""same"", ""leg_window"": 30, ""ma"": 100, ""dyn"": true, ""entry_mode"": ""close"", ""pb_frac"": 0.5, ""pb_wait"": 30, ""gap"": ""off"", ""body_min"": 0.3, ""volf"": ""skip_high"", ""dow"": ""none"", ""big_thr"": 20, ""big_sl"": 35, ""big_tp"": 200, ""std_sl"": 20, ""std_tp"": 60, ""leg_gap"": 10, ""leg_sl"": 45, ""leg_tp"": 0, ""gap_min"": 0, ""be_at"": 0, ""partial"": 0, ""trail"": 2.0}",2.013,1.621,1.621,0.432,0.355,0.355,1.89,1.565,1.565,1.122,0.958,0.958
NQ,"{""entry_tf"": 5, ""vwap"": false, ""time_stop"": 240, ""legs"": true, ""leg_max"": 4, ""legs_mgmt"": ""same"", ""leg_window"": 60, ""ma"": 0, ""dyn"": false, ""entry_mode"": ""close"", ""pb_frac"": 0.5, ""pb_wait"": 5, ""gap"": ""off"", ""body_min"": 0.5, ""volf"": ""off"", ""dow"": ""fri"", ""big_thr"": 15, ""big_sl"": 35, ""big_tp"": 80, ""std_sl"": 25, ""std_tp"": 80, ""leg_gap"": 10, ""leg_sl"": 35, ""leg_tp"": 60, ""gap_min"": 0, ""be_at"": 0, ""partial"": 1.5, ""trail"": 3.0}",1.364,1.029,1.029,1.958,1.55,1.55,2.343,1.653,1.653,1.553,1.068,1.068
NQ,"{""entry_tf"": 5, ""vwap"": false, ""time_stop"": 60, ""legs"": true, ""leg_max"": 6, ""legs_mgmt"": ""same"", ""leg_window"": 120, ""ma"": 100, ""dyn"": true, ""entry_mode"": ""close"", ""pb_frac"": 0.3, ""pb_wait"": 15, ""gap"": ""off"", ""body_min"": 0.5, ""volf"": ""off"", ""dow"": ""none"", ""big_thr"": 25, ""big_sl"": 30, ""big_tp"": 115, ""std_sl"": 20, ""std_tp"": 0, ""leg_gap"": 15, ""leg_sl"": 25, ""leg_tp"": 60, ""gap_min"": 100, ""be_at"": 2.0, ""partial"": 1.5, ""trail"": 2.0}",1.909,1.207,1.207,1.036,0.536,0.536,2.243,1.484,1.484,1.637,0.966,0.966
NQ,"{""entry_tf"": 5, ""vwap"": false, ""time_stop"": 90, ""legs"": false, ""leg_max"": 1, ""legs_mgmt"": ""fixed"", ""leg_window"": 120, ""ma"": 100, ""dyn"": true, ""entry_mode"": ""close"", ""pb_frac"": 0.7, ""pb_wait"": 5, ""gap"": ""off"", ""body_min"": 0.5, ""volf"": ""skip_high"", ""dow"": ""fri"", ""big_thr"": 25, ""big_sl"": 40, ""big_tp"": 150, ""std_sl"": 25, ""std_tp"": 80, ""leg_gap"": 10, ""leg_sl"": 25, ""leg_tp"": 0, ""gap_min"": 0, ""be_at"": 1.5, ""partial"": 3.0, ""trail"": 1.0}",-99.0,-1.0,-99.0,-99.0,-1.0,-99.0,2.527,1.448,1.448,-99.0,-1.0,-99.0
NQ,"{""entry_tf"": 5, ""vwap"": false, ""time_stop"": 90, ""legs"": false, ""leg_max"": 2, ""legs_mgmt"": ""same"", ""leg_window"": 120, ""ma"": 100, ""dyn"": true, ""entry_mode"": ""close"", ""pb_frac"": 0.7, ""pb_wait"": 5, ""gap"": ""off"", ""body_min"": 0.3, ""volf"": ""off"", ""dow"": ""none"", ""big_thr"": 10, ""big_sl"": 30, ""big_tp"": 200, ""std_sl"": 20, ""std_tp"": 60, ""leg_gap"": 20, ""leg_sl"": 45, ""leg_tp"": 115, ""gap_min"": 0, ""be_at"": 0, ""partial"": 0, ""trail"": 3.0}",2.303,1.9,1.9,0.927,0.669,0.669,2.083,1.879,1.879,1.841,1.573,1.573
NQ,"{""entry_tf"": 5, ""vwap"": false, ""time_stop"": 90, ""legs"": false, ""leg_max"": 2, ""legs_mgmt"": ""same"", ""leg_window"": 30, ""ma"": 100, ""dyn"": true, ""entry_mode"": ""close"", ""pb_frac"": 0.7, ""pb_wait"": 5, ""gap"": ""off"", ""body_min"": 0.5, ""volf"": ""off"", ""dow"": ""none"", ""big_thr"": 20, ""big_sl"": 40, ""big_tp"": 115, ""std_sl"": 20, ""std_tp"": 30, ""leg_gap"": 15, ""leg_sl"": 35, ""leg_tp"": 115, ""gap_min"": 20, ""be_at"": 2.0, ""partial"": 0, ""trail"": 2.0}",1.909,1.484,1.484,2.188,1.633,1.633,1.767,1.363,1.363,1.714,1.325,1.325
NQ,"{""entry_tf"": 5, ""vwap"": false, ""time_stop"": 90, ""legs"": false, ""leg_max"": 6, ""legs_mgmt"": ""fixed"", ""leg_window"": 60, ""ma"": 100, ""dyn"": false, ""entry_mode"": ""close"", ""pb_frac"": 0.5, ""pb_wait"": 5, ""gap"": ""with"", ""body_min"": 0.3, ""volf"": ""off"", ""dow"": ""none"", ""big_thr"": 15, ""big_sl"": 30, ""big_tp"": 80, ""std_sl"": 15, ""std_tp"": 0, ""leg_gap"": 20, ""leg_sl"": 35, ""leg_tp"": 60, ""gap_min"": 0, ""be_at"": 2.0, ""partial"": 3.0, ""trail"": 2.0}",1.574,0.884,0.884,1.13,0.588,0.588,2.032,1.323,1.323,1.89,1.124,1.124
NQ,"{""entry_tf"": 5, ""vwap"": false, ""time_stop"": 90, ""legs"": true, ""leg_max"": 1, ""legs_mgmt"": ""fixed"", ""leg_window"": 120, ""ma"": 100, ""dyn"": false, ""entry_mode"": ""close"", ""pb_frac"": 0.3, ""pb_wait"": 30, ""gap"": ""off"", ""body_min"": 0.5, ""volf"": ""skip_high"", ""dow"": ""none"", ""big_thr"": 10, ""big_sl"": 40, ""big_tp"": 115, ""std_sl"": 15, ""std_tp"": 60, ""leg_gap"": 25, ""leg_sl"": 45, ""leg_tp"": 115, ""gap_min"": 0, ""be_at"": 1.0, ""partial"": 2.0, ""trail"": 1.0}",1.578,0.879,0.879,1.547,0.75,0.75,1.404,1.041,1.041,1.805,0.933,0.933
NQ,"{""entry_tf"": 5, ""vwap"": false, ""time_stop"": 90, ""legs"": false, ""leg_max"": 4, ""legs_mgmt"": ""same"", ""leg_window"": 120, ""ma"": 100, ""dyn"": false, ""entry_mode"": ""close"", ""pb_frac"": 0.3, ""pb_wait"": 15, ""gap"": ""off"", ""body_min"": 0.5, ""volf"": ""off"", ""dow"": ""mon"", ""big_thr"": 20, ""big_sl"": 25, ""big_tp"": 130, ""std_sl"": 35, ""std_tp"": 0, ""leg_gap"": 15, ""leg_sl"": 35, ""leg_tp"": 60, ""gap_min"": 100, ""be_at"": 1.5, ""partial"": 3.0, ""trail"": 2.0}",1.445,1.169,1.169,1.934,1.492,1.492,1.366,1.126,1.126,1.597,1.255,1.255
NQ,"{""entry_tf"": 5, ""vwap"": false, ""time_stop"": 90, ""legs"": false, ""leg_max"": 4, ""legs_mgmt"": ""same"", ""leg_window"": 60, ""ma"": 0, ""dyn"": false, ""entry_mode"": ""close"", ""pb_frac"": 0.7, ""pb_wait"": 5, ""gap"": ""off"", ""body_min"": 0.5, ""volf"": ""off"", ""dow"": ""none"", ""big_thr"": 10, ""big_sl"": 40, ""big_tp"": 80, ""std_sl"": 15, ""std_tp"": 42, ""leg_gap"": 15, ""leg_sl"": 45, ""leg_tp"": 90, ""gap_min"": 100, ""be_at"": 1.5, ""partial"": 2.0, ""trail"": 3.0}",0.988,0.954,0.954,2.109,1.767,1.767,1.872,1.677,1.677,1.52,1.319,1.319
NQ,"{""entry_tf"": 5, ""vwap"": false, ""time_stop"": 90, ""legs"": true, ""leg_max"": 2, ""legs_mgmt"": ""same"", ""leg_window"": 60, ""ma"": 0, ""dyn"": false, ""entry_mode"": ""close"", ""pb_frac"": 0.5, ""pb_wait"": 30, ""gap"": ""off"", ""body_min"": 0.5, ""volf"": ""off"", ""dow"": ""fri"", ""big_thr"": 20, ""big_sl"": 35, ""big_tp"": 0, ""std_sl"": 15, ""std_tp"": 60, ""leg_gap"": 15, ""leg_sl"": 35, ""leg_tp"": 140, ""gap_min"": 0, ""be_at"": 1.5, ""partial"": 1.0, ""trail"": 2.0}",1.582,1.284,1.284,1.607,1.313,1.313,2.381,1.953,1.953,1.758,1.408,1.408
NQ,"{""entry_tf"": 5, ""vwap"": false, ""time_stop"": 90, ""legs"": true, ""leg_max"": 2, ""legs_mgmt"": ""same"", ""leg_window"": 60, ""ma"": 0, ""dyn"": false, ""entry_mode"": ""close"", ""pb_frac"": 0.5, ""pb_wait"": 30, ""gap"": ""off"", ""body_min"": 0.5, ""volf"": ""off"", ""dow"": ""none"", ""big_thr"": 15, ""big_sl"": 25, ""big_tp"": 100, ""std_sl"": 30, ""std_tp"": 80, ""leg_gap"": 15, ""leg_sl"": 45, ""leg_tp"": 90, ""gap_min"": 50, ""be_at"": 2.0, ""partial"": 0, ""trail"": 2.0}",1.821,1.532,1.532,1.831,1.497,1.497,2.433,1.998,1.998,1.628,1.38,1.38
NQ,"{""entry_tf"": 5, ""vwap"": false, ""time_stop"": 90, ""legs"": true, ""leg_max"": 4, ""legs_mgmt"": ""same"", ""leg_window"": 120, ""ma"": 100, ""dyn"": false, ""entry_mode"": ""close"", ""pb_frac"": 0.3, ""pb_wait"": 15, ""gap"": ""off"", ""body_min"": 0.5, ""volf"": ""off"", ""dow"": ""fri"", ""big_thr"": 10, ""big_sl"": 50, ""big_tp"": 100, ""std_sl"": 35, ""std_tp"": 60, ""leg_gap"": 15, ""leg_sl"": 25, ""leg_tp"": 140, ""gap_min"": 100, ""be_at"": 1.0, ""partial"": 3.0, ""trail"": 0}",1.605,1.577,1.577,1.848,1.76,1.76,2.179,2.096,2.096,1.145,1.096,1.096
NQ,"{""entry_tf"": 5, ""vwap"": false, ""time_stop"": 999, ""legs"": false, ""leg_max"": 2, ""legs_mgmt"": ""fixed"", ""leg_window"": 120, ""ma"": 100, ""dyn"": true, ""entry_mode"": ""close"", ""pb_frac"": 0.7, ""pb_wait"": 15, ""gap"": ""off"", ""body_min"": 0.3, ""volf"": ""off"", ""dow"": ""none"", ""big_thr"": 10, ""big_sl"": 35, ""big_tp"": 200, ""std_sl"": 30, ""std_tp"": 80, ""leg_gap"": 20, ""leg_sl"": 35, ""leg_tp"": 60, ""gap_min"": 50, ""be_at"": 1.5, ""partial"": 0, ""trail"": 0}",2.005,1.201,1.201,1.269,0.811,0.811,1.773,1.058,1.058,1.327,0.873,0.873
NQ,"{""entry_tf"": 5, ""vwap"": false, ""time_stop"": 999, ""legs"": false, ""leg_max"": 2, ""legs_mgmt"": ""same"", ""leg_window"": 60, ""ma"": 100, ""dyn"": false, ""entry_mode"": ""close"", ""pb_frac"": 0.5, ""pb_wait"": 5, ""gap"": ""off"", ""body_min"": 0.5, ""volf"": ""off"", ""dow"": ""none"", ""big_thr"": 20, ""big_sl"": 40, ""big_tp"": 115, ""std_sl"": 20, ""std_tp"": 60, ""leg_gap"": 15, ""leg_sl"": 35, ""leg_tp"": 60, ""gap_min"": 100, ""be_at"": 0, ""partial"": 1.0, ""trail"": 1.5}",1.828,1.386,1.386,1.556,1.158,1.158,1.881,1.352,1.352,1.673,1.261,1.261
NQ,"{""entry_tf"": 5, ""vwap"": false, ""time_stop"": 999, ""legs"": false, ""leg_max"": 2, ""legs_mgmt"": ""same"", ""leg_window"": 60, ""ma"": 100, ""dyn"": true, ""entry_mode"": ""close"", ""pb_frac"": 0.5, ""pb_wait"": 15, ""gap"": ""with"", ""body_min"": 0, ""volf"": ""off"", ""dow"": ""fri"", ""big_thr"": 10, ""big_sl"": 30, ""big_tp"": 0, ""std_sl"": 30, ""std_tp"": 0, ""leg_gap"": 20, ""leg_sl"": 35, ""leg_tp"": 140, ""gap_min"": 0, ""be_at"": 2.0, ""partial"": 0, ""trail"": 3.0}",1.354,1.118,1.118,1.603,1.271,1.271,1.466,1.212,1.212,1.834,1.457,1.457
NQ,"{""entry_tf"": 5, ""vwap"": false, ""time_stop"": 999, ""legs"": false, ""leg_max"": 2, ""legs_mgmt"": ""fixed"", ""leg_window"": 60, ""ma"": 100, ""dyn"": false, ""entry_mode"": ""close"", ""pb_frac"": 0.5, ""pb_wait"": 30, ""gap"": ""off"", ""body_min"": 0.5, ""volf"": ""off"", ""dow"": ""none"", ""big_thr"": 25, ""big_sl"": 40, ""big_tp"": 200, ""std_sl"": 20, ""std_tp"": 80, ""leg_gap"": 10, ""leg_sl"": 45, ""leg_tp"": 115, ""gap_min"": 50, ""be_at"": 1.0, ""partial"": 3.0, ""trail"": 2.0}",1.942,1.299,1.299,1.346,0.941,0.941,2.217,1.568,1.568,1.405,0.908,0.908
NQ,"{""entry_tf"": 5, ""vwap"": false, ""time_stop"": 999, ""legs"": false, ""leg_max"": 2, ""legs_mgmt"": ""fixed"", ""leg_window"": 60, ""ma"": 100, ""dyn"": false, ""entry_mode"": ""close"", ""pb_frac"": 0.7, ""pb_wait"": 30, ""gap"": ""off"", ""body_min"": 0.3, ""volf"": ""skip_high"", ""dow"": ""none"", ""big_thr"": 10, ""big_sl"": 30, ""big_tp"": 115, ""std_sl"": 25, ""std_tp"": 0, ""leg_gap"": 25, ""leg_sl"": 25, ""leg_tp"": 0, ""gap_min"": 100, ""be_at"": 1.5, ""partial"": 1.0, ""trail"": 3.0}",1.83,1.621,1.621,0.214,0.203,0.203,2.332,2.157,2.157,0.14,0.087,0.087
NQ,"{""entry_tf"": 5, ""vwap"": false, ""time_stop"": 999, ""legs"": false, ""leg_max"": 2, ""legs_mgmt"": ""same"", ""leg_window"": 30, ""ma"": 100, ""dyn"": false, ""entry_mode"": ""close"", ""pb_frac"": 0.5, ""pb_wait"": 30, ""gap"": ""off"", ""body_min"": 0.5, ""volf"": ""off"", ""dow"": ""none"", ""big_thr"": 20, ""big_sl"": 35, ""big_tp"": 200, ""std_sl"": 15, ""std_tp"": 0, ""leg_gap"": 20, ""leg_sl"": 45, ""leg_tp"": 0, ""gap_min"": 20, ""be_at"": 0, ""partial"": 0, ""trail"": 0}",2.087,1.763,1.763,2.175,1.841,1.841,2.314,2.009,2.009,1.916,1.63,1.63
NQ,"{""entry_tf"": 5, ""vwap"": false, ""time_stop"": 999, ""legs"": false, ""leg_max"": 2, ""legs_mgmt"": ""same"", ""leg_window"": 60, ""ma"": 100, ""dyn"": false, ""entry_mode"": ""close"", ""pb_frac"": 0.3, ""pb_wait"": 5, ""gap"": ""off"", ""body_min"": 0.5, ""volf"": ""off"", ""dow"": ""fri"", ""big_thr"": 15, ""big_sl"": 40, ""big_tp"": 150, ""std_sl"": 25, ""std_tp"": 50, ""leg_gap"": 25, ""leg_sl"": 25, ""leg_tp"": 115, ""gap_min"": 50, ""be_at"": 2.0, ""partial"": 1.5, ""trail"": 2.0}",1.876,1.283,1.283,1.506,1.129,1.129,2.593,1.915,1.915,0.82,0.608,0.608
NQ,"{""entry_tf"": 5, ""vwap"": false, ""time_stop"": 999, ""legs"": false, ""leg_max"": 4, ""legs_mgmt"": ""fixed"", ""leg_window"": 120, ""ma"": 0, ""dyn"": false, ""entry_mode"": ""close"", ""pb_frac"": 0.7, ""pb_wait"": 15, ""gap"": ""off"", ""body_min"": 0.5, ""volf"": ""off"", ""dow"": ""none"", ""big_thr"": 10, ""big_sl"": 30, ""big_tp"": 80, ""std_sl"": 35, ""std_tp"": 42, ""leg_gap"": 15, ""leg_sl"": 35, ""leg_tp"": 90, ""gap_min"": 100, ""be_at"": 0, ""partial"": 0, ""trail"": 0}",2.339,2.075,2.075,2.348,2.161,2.161,2.903,2.456,2.456,1.542,1.376,1.376
NQ,"{""entry_tf"": 5, ""vwap"": false, ""time_stop"": 999, ""legs"": false, ""leg_max"": 4, ""legs_mgmt"": ""same"", ""leg_window"": 60, ""ma"": 100, ""dyn"": true, ""entry_mode"": ""close"", ""pb_frac"": 0.5, ""pb_wait"": 15, ""gap"": ""off"", ""body_min"": 0.5, ""volf"": ""off"", ""dow"": ""none"", ""big_thr"": 20, ""big_sl"": 50, ""big_tp"": 130, ""std_sl"": 25, ""std_tp"": 30, ""leg_gap"": 15, ""leg_sl"": 45, ""leg_tp"": 115, ""gap_min"": 100, ""be_at"": 0, ""partial"": 0, ""trail"": 1.5}",1.506,1.532,1.506,2.484,2.299,2.299,1.901,1.903,1.901,1.627,1.568,1.568
NQ,"{""entry_tf"": 5, ""vwap"": false, ""time_stop"": 999, ""legs"": false, ""leg_max"": 6, ""legs_mgmt"": ""fixed"", ""leg_window"": 60, ""ma"": 100, ""dyn"": true, ""entry_mode"": ""close"", ""pb_frac"": 0.5, ""pb_wait"": 15, ""gap"": ""with"", ""body_min"": 0, ""volf"": ""off"", ""dow"": ""none"", ""big_thr"": 25, ""big_sl"": 25, ""big_tp"": 150, ""std_sl"": 30, ""std_tp"": 50, ""leg_gap"": 15, ""leg_sl"": 25, ""leg_tp"": 115, ""gap_min"": 20, ""be_at"": 2.0, ""partial"": 0, ""trail"": 0}",1.252,0.505,0.505,1.306,0.411,0.411,1.573,0.559,0.559,1.664,0.671,0.671
NQ,"{""entry_tf"": 5, ""vwap"": false, ""time_stop"": 999, ""legs"": false, ""leg_max"": 6, ""legs_mgmt"": ""same"", ""leg_window"": 30, ""ma"": 100, ""dyn"": false, ""entry_mode"": ""close"", ""pb_frac"": 0.7, ""pb_wait"": 5, ""gap"": ""off"", ""body_min"": 0.5, ""volf"": ""off"", ""dow"": ""fri"", ""big_thr"": 15, ""big_sl"": 40, ""big_tp"": 0, ""std_sl"": 30, ""std_tp"": 60, ""leg_gap"": 20, ""leg_sl"": 45, ""leg_tp"": 0, ""gap_min"": 0, ""be_at"": 2.0, ""partial"": 0, ""trail"": 1.0}",1.966,1.127,1.127,1.861,1.081,1.081,2.149,1.306,1.306,2.259,1.155,1.155
NQ,"{""entry_tf"": 5, ""vwap"": false, ""time_stop"": 999, ""legs"": true, ""leg_max"": 1, ""legs_mgmt"": ""fixed"", ""leg_window"": 120, ""ma"": 0, ""dyn"": true, ""entry_mode"": ""close"", ""pb_frac"": 0.3, ""pb_wait"": 30, ""gap"": ""with"", ""body_min"": 0.3, ""volf"": ""off"", ""dow"": ""none"", ""big_thr"": 15, ""big_sl"": 50, ""big_tp"": 130, ""std_sl"": 15, ""std_tp"": 0, ""leg_gap"": 25, ""leg_sl"": 35, ""leg_tp"": 115, ""gap_min"": 0, ""be_at"": 0, ""partial"": 0, ""trail"": 1.0}",1.733,1.056,1.056,1.103,0.656,0.656,2.148,1.405,1.405,1.85,1.148,1.148
NQ,"{""entry_tf"": 5, ""vwap"": false, ""time_stop"": 999, ""legs"": true, ""leg_max"": 6, ""legs_mgmt"": ""same"", ""leg_window"": 60, ""ma"": 100, ""dyn"": false, ""entry_mode"": ""close"", ""pb_frac"": 0.5, ""pb_wait"": 5, ""gap"": ""off"", ""body_min"": 0.5, ""volf"": ""off"", ""dow"": ""mon"", ""big_thr"": 20, ""big_sl"": 25, ""big_tp"": 200, ""std_sl"": 20, ""std_tp"": 80, ""leg_gap"": 15, ""leg_sl"": 25, ""leg_tp"": 0, ""gap_min"": 100, ""be_at"": 0, ""partial"": 0, ""trail"": 2.0}",1.945,0.773,0.773,1.571,0.612,0.612,1.921,0.881,0.881,1.643,0.658,0.658
NQ,"{""entry_tf"": 5, ""vwap"": true, ""time_stop"": 120, ""legs"": false, ""leg_max"": 1, ""legs_mgmt"": ""fixed"", ""leg_window"": 60, ""ma"": 100, ""dyn"": false, ""entry_mode"": ""close"", ""pb_frac"": 0.5, ""pb_wait"": 30, ""gap"": ""off"", ""body_min"": 0.5, ""volf"": ""off"", ""dow"": ""none"", ""big_thr"": 10, ""big_sl"": 35, ""big_tp"": 80, ""std_sl"": 20, ""std_tp"": 0, ""leg_gap"": 20, ""leg_sl"": 45, ""leg_tp"": 60, ""gap_min"": 20, ""be_at"": 1.0, ""partial"": 0, ""trail"": 3.0}",1.886,1.218,1.218,1.965,1.347,1.347,2.197,1.476,1.476,1.198,0.801,0.801
NQ,"{""entry_tf"": 5, ""vwap"": true, ""time_stop"": 120, ""legs"": false, ""leg_max"": 2, ""legs_mgmt"": ""same"", ""leg_window"": 60, ""ma"": 100, ""dyn"": false, ""entry_mode"": ""close"", ""pb_frac"": 0.5, ""pb_wait"": 30, ""gap"": ""off"", ""body_min"": 0.5, ""volf"": ""off"", ""dow"": ""none"", ""big_thr"": 10, ""big_sl"": 35, ""big_tp"": 0, ""std_sl"": 15, ""std_tp"": 60, ""leg_gap"": 25, ""leg_sl"": 25, ""leg_tp"": 115, ""gap_min"": 50, ""be_at"": 2.0, ""partial"": 0, ""trail"": 2.0}",1.625,1.235,1.235,1.836,1.382,1.382,2.381,1.813,1.813,1.23,0.952,0.952
NQ,"{""entry_tf"": 5, ""vwap"": true, ""time_stop"": 120, ""legs"": false, ""leg_max"": 6, ""legs_mgmt"": ""fixed"", ""leg_window"": 30, ""ma"": 100, ""dyn"": false, ""entry_mode"": ""close"", ""pb_frac"": 0.7, ""pb_wait"": 30, ""gap"": ""off"", ""body_min"": 0.5, ""volf"": ""skip_high"", ""dow"": ""fri"", ""big_thr"": 25, ""big_sl"": 40, ""big_tp"": 115, ""std_sl"": 20, ""std_tp"": 0, ""leg_gap"": 25, ""leg_sl"": 45, ""leg_tp"": 140, ""gap_min"": 20, ""be_at"": 2.0, ""partial"": 1.5, ""trail"": 1.5}",-99.0,-1.0,-99.0,-99.0,-1.0,-99.0,2.294,1.139,1.139,-99.0,-1.0,-99.0
NQ,"{""entry_tf"": 5, ""vwap"": true, ""time_stop"": 120, ""legs"": true, ""leg_max"": 1, ""legs_mgmt"": ""fixed"", ""leg_window"": 60, ""ma"": 100, ""dyn"": true, ""entry_mode"": ""close"", ""pb_frac"": 0.5, ""pb_wait"": 30, ""gap"": ""off"", ""body_min"": 0.5, ""volf"": ""off"", ""dow"": ""none"", ""big_thr"": 15, ""big_sl"": 25, ""big_tp"": 80, ""std_sl"": 35, ""std_tp"": 30, ""leg_gap"": 25, ""leg_sl"": 45, ""leg_tp"": 0, ""gap_min"": 50, ""be_at"": 1.5, ""partial"": 3.0, ""trail"": 3.0}",2.051,1.489,1.489,0.486,0.05,0.05,1.872,1.388,1.388,0.8,0.513,0.513
NQ,"{""entry_tf"": 5, ""vwap"": true, ""time_stop"": 120, ""legs"": false, ""leg_max"": 4, ""legs_mgmt"": ""fixed"", ""leg_window"": 30, ""ma"": 100, ""dyn"": true, ""entry_mode"": ""close"", ""pb_frac"": 0.3, ""pb_wait"": 30, ""gap"": ""with"", ""body_min"": 0, ""volf"": ""off"", ""dow"": ""none"", ""big_thr"": 25, ""big_sl"": 50, ""big_tp"": 200, ""std_sl"": 35, ""std_tp"": 60, ""leg_gap"": 15, ""leg_sl"": 25, ""leg_tp"": 60, ""gap_min"": 0, ""be_at"": 1.0, ""partial"": 0, ""trail"": 1.5}",0.541,0.46,0.46,1.222,0.888,0.888,1.151,0.719,0.719,1.784,1.198,1.198
NQ,"{""entry_tf"": 5, ""vwap"": true, ""time_stop"": 120, ""legs"": false, ""leg_max"": 6, ""legs_mgmt"": ""fixed"", ""leg_window"": 120, ""ma"": 0, ""dyn"": false, ""entry_mode"": ""close"", ""pb_frac"": 0.5, ""pb_wait"": 5, ""gap"": ""off"", ""body_min"": 0.5, ""volf"": ""skip_low"", ""dow"": ""none"", ""big_thr"": 15, ""big_sl"": 35, ""big_tp"": 80, ""std_sl"": 30, ""std_tp"": 60, ""leg_gap"": 20, ""leg_sl"": 25, ""leg_tp"": 0, ""gap_min"": 100, ""be_at"": 0, ""partial"": 3.0, ""trail"": 3.0}",1.19,1.007,1.007,2.021,1.705,1.705,1.582,1.321,1.321,1.908,1.6,1.6
NQ,"{""entry_tf"": 5, ""vwap"": true, ""time_stop"": 180, ""legs"": false, ""leg_max"": 1, ""legs_mgmt"": ""same"", ""leg_window"": 120, ""ma"": 0, ""dyn"": false, ""entry_mode"": ""close"", ""pb_frac"": 0.7, ""pb_wait"": 15, ""gap"": ""off"", ""body_min"": 0.5, ""volf"": ""off"", ""dow"": ""none"", ""big_thr"": 25, ""big_sl"": 40, ""big_tp"": 0, ""std_sl"": 20, ""std_tp"": 80, ""leg_gap"": 25, ""leg_sl"": 45, ""leg_tp"": 0, ""gap_min"": 50, ""be_at"": 0, ""partial"": 2.0, ""trail"": 2.0}",1.759,1.659,1.659,1.46,1.304,1.304,2.337,2.234,2.234,1.016,0.93,0.93
NQ,"{""entry_tf"": 5, ""vwap"": true, ""time_stop"": 180, ""legs"": false, ""leg_max"": 1, ""legs_mgmt"": ""same"", ""leg_window"": 30, ""ma"": 100, ""dyn"": true, ""entry_mode"": ""close"", ""pb_frac"": 0.3, ""pb_wait"": 15, ""gap"": ""with"", ""body_min"": 0, ""volf"": ""off"", ""dow"": ""none"", ""big_thr"": 15, ""big_sl"": 30, ""big_tp"": 100, ""std_sl"": 25, ""std_tp"": 60, ""leg_gap"": 25, ""leg_sl"": 35, ""leg_tp"": 140, ""gap_min"": 20, ""be_at"": 0, ""partial"": 3.0, ""trail"": 3.0}",1.27,0.42,0.42,1.041,0.222,0.222,1.841,0.613,0.613,1.997,0.79,0.79
NQ,"{""entry_tf"": 5, ""vwap"": true, ""time_stop"": 180, ""legs"": false, ""leg_max"": 6, ""legs_mgmt"": ""fixed"", ""leg_window"": 60, ""ma"": 100, ""dyn"": true, ""entry_mode"": ""close"", ""pb_frac"": 0.7, ""pb_wait"": 30, ""gap"": ""with"", ""body_min"": 0, ""volf"": ""off"", ""dow"": ""none"", ""big_thr"": 10, ""big_sl"": 50, ""big_tp"": 200, ""std_sl"": 30, ""std_tp"": 0, ""leg_gap"": 25, ""leg_sl"": 45, ""leg_tp"": 140, ""gap_min"": 20, ""be_at"": 2.0, ""partial"": 0, ""trail"": 1.5}",1.094,0.643,0.643,0.977,0.608,0.608,1.667,1.166,1.166,1.65,1.149,1.149
NQ,"{""entry_tf"": 5, ""vwap"": true, ""time_stop"": 180, ""legs"": false, ""leg_max"": 6, ""legs_mgmt"": ""same"", ""leg_window"": 120, ""ma"": 100, ""dyn"": false, ""entry_mode"": ""close"", ""pb_frac"": 0.7, ""pb_wait"": 15, ""gap"": ""off"", ""body_min"": 0.5, ""volf"": ""off"", ""dow"": ""fri"", ""big_thr"": 15, ""big_sl"": 50, ""big_tp"": 115, ""std_sl"": 20, ""std_tp"": 50, ""leg_gap"": 15, ""leg_sl"": 45, ""leg_tp"": 140, ""gap_min"": 50, ""be_at"": 1.0, ""partial"": 2.0, ""trail"": 0}",1.906,1.405,1.405,1.535,1.377,1.377,2.494,2.014,2.014,0.694,0.678,0.678
NQ,"{""entry_tf"": 5, ""vwap"": true, ""time_stop"": 180, ""legs"": false, ""leg_max"": 2, ""legs_mgmt"": ""same"", ""leg_window"": 120, ""ma"": 100, ""dyn"": true, ""entry_mode"": ""close"", ""pb_frac"": 0.3, ""pb_wait"": 5, ""gap"": ""off"", ""body_min"": 0.5, ""volf"": ""off"", ""dow"": ""fri"", ""big_thr"": 10, ""big_sl"": 25, ""big_tp"": 130, ""std_sl"": 20, ""std_tp"": 80, ""leg_gap"": 20, ""leg_sl"": 35, ""leg_tp"": 115, ""gap_min"": 0, ""be_at"": 2.0, ""partial"": 1.0, ""trail"": 0}",2.146,1.127,1.127,0.971,0.417,0.417,2.235,1.23,1.23,0.439,0.009,0.009
NQ,"{""entry_tf"": 5, ""vwap"": true, ""time_stop"": 180, ""legs"": false, ""leg_max"": 4, ""legs_mgmt"": ""same"", ""leg_window"": 120, ""ma"": 100, ""dyn"": false, ""entry_mode"": ""close"", ""pb_frac"": 0.7, ""pb_wait"": 30, ""gap"": ""off"", ""body_min"": 0.3, ""volf"": ""off"", ""dow"": ""none"", ""big_thr"": 10, ""big_sl"": 25, ""big_tp"": 80, ""std_sl"": 30, ""std_tp"": 42, ""leg_gap"": 25, ""leg_sl"": 45, ""leg_tp"": 115, ""gap_min"": 100, ""be_at"": 0, ""partial"": 0, ""trail"": 3.0}",1.796,1.616,1.616,1.946,1.393,1.393,2.096,1.686,1.686,1.278,0.89,0.89
NQ,"{""entry_tf"": 5, ""vwap"": true, ""time_stop"": 120, ""legs"": true, ""leg_max"": 1, ""legs_mgmt"": ""same"", ""leg_window"": 60, ""ma"": 0, ""dyn"": false, ""entry_mode"": ""close"", ""pb_frac"": 0.3, ""pb_wait"": 30, ""gap"": ""off"", ""body_min"": 0.5, ""volf"": ""off"", ""dow"": ""none"", ""big_thr"": 15, ""big_sl"": 40, ""big_tp"": 200, ""std_sl"": 30, ""std_tp"": 30, ""leg_gap"": 10, ""leg_sl"": 35, ""leg_tp"": 0, ""gap_min"": 20, ""be_at"": 2.0, ""partial"": 0, ""trail"": 2.0}",0.4,0.419,0.4,1.757,1.253,1.253,1.543,1.274,1.274,1.702,1.21,1.21
NQ,"{""entry_tf"": 5, ""vwap"": true, ""time_stop"": 120, ""legs"": true, ""leg_max"": 2, ""legs_mgmt"": ""same"", ""leg_window"": 120, ""ma"": 0, ""dyn"": true, ""entry_mode"": ""close"", ""pb_frac"": 0.5, ""pb_wait"": 30, ""gap"": ""off"", ""body_min"": 0.5, ""volf"": ""off"", ""dow"": ""none"", ""big_thr"": 15, ""big_sl"": 50, ""big_tp"": 0, ""std_sl"": 15, ""std_tp"": 50, ""leg_gap"": 10, ""leg_sl"": 35, ""leg_tp"": 140, ""gap_min"": 0, ""be_at"": 1.5, ""partial"": 3.0, ""trail"": 2.0}",0.863,1.002,0.863,1.512,1.32,1.32,2.028,2.059,2.028,1.721,1.708,1.708
NQ,"{""entry_tf"": 5, ""vwap"": true, ""time_stop"": 180, ""legs"": true, ""leg_max"": 6, ""legs_mgmt"": ""fixed"", ""leg_window"": 60, ""ma"": 100, ""dyn"": false, ""entry_mode"": ""close"", ""pb_frac"": 0.7, ""pb_wait"": 30, ""gap"": ""off"", ""body_min"": 0.5, ""volf"": ""skip_high"", ""dow"": ""fri"", ""big_thr"": 15, ""big_sl"": 30, ""big_tp"": 115, ""std_sl"": 20, ""std_tp"": 0, ""leg_gap"": 20, ""leg_sl"": 25, ""leg_tp"": 115, ""gap_min"": 0, ""be_at"": 0, ""partial"": 3.0, ""trail"": 0}",-99.0,-0.821,-99.0,-99.0,-0.519,-99.0,2.5,1.787,1.787,-99.0,-0.344,-99.0
NQ,"{""entry_tf"": 5, ""vwap"": true, ""time_stop"": 240, ""legs"": false, ""leg_max"": 1, ""legs_mgmt"": ""fixed"", ""leg_window"": 120, ""ma"": 100, ""dyn"": true, ""entry_mode"": ""close"", ""pb_frac"": 0.3, ""pb_wait"": 15, ""gap"": ""off"", ""body_min"": 0.3, ""volf"": ""off"", ""dow"": ""none"", ""big_thr"": 25, ""big_sl"": 30, ""big_tp"": 130, ""std_sl"": 15, ""std_tp"": 42, ""leg_gap"": 15, ""leg_sl"": 45, ""leg_tp"": 115, ""gap_min"": 50, ""be_at"": 2.0, ""partial"": 2.0, ""trail"": 0}",2.012,1.403,1.403,0.753,0.448,0.448,2.078,1.444,1.444,0.994,0.643,0.643
NQ,"{""entry_tf"": 5, ""vwap"": true, ""time_stop"": 180, ""legs"": false, ""leg_max"": 6, ""legs_mgmt"": ""same"", ""leg_window"": 30, ""ma"": 100, ""dyn"": true, ""entry_mode"": ""close"", ""pb_frac"": 0.5, ""pb_wait"": 30, ""gap"": ""off"", ""body_min"": 0.5, ""volf"": ""off"", ""dow"": ""none"", ""big_thr"": 25, ""big_sl"": 40, ""big_tp"": 100, ""std_sl"": 15, ""std_tp"": 30, ""leg_gap"": 20, ""leg_sl"": 25, ""leg_tp"": 140, ""gap_min"": 100, ""be_at"": 2.0, ""partial"": 1.5, ""trail"": 1.5}",2.02,1.598,1.598,1.371,1.049,1.049,2.106,1.68,1.68,1.093,0.814,0.814
NQ,"{""entry_tf"": 5, ""vwap"": true, ""time_stop"": 180, ""legs"": true, ""leg_max"": 1, ""legs_mgmt"": ""fixed"", ""leg_window"": 30, ""ma"": 0, ""dyn"": false, ""entry_mode"": ""close"", ""pb_frac"": 0.3, ""pb_wait"": 30, ""gap"": ""off"", ""body_min"": 0.3, ""volf"": ""skip_high"", ""dow"": ""none"", ""big_thr"": 10, ""big_sl"": 30, ""big_tp"": 150, ""std_sl"": 20, ""std_tp"": 0, ""leg_gap"": 20, ""leg_sl"": 25, ""leg_tp"": 60, ""gap_min"": 50, ""be_at"": 0.5, ""partial"": 1.5, ""trail"": 2.0}",1.947,1.232,1.232,0.64,0.402,0.402,1.694,1.076,1.076,0.795,0.294,0.294
NQ,"{""entry_tf"": 5, ""vwap"": true, ""time_stop"": 180, ""legs"": true, ""leg_max"": 1, ""legs_mgmt"": ""fixed"", ""leg_window"": 60, ""ma"": 100, ""dyn"": false, ""entry_mode"": ""close"", ""pb_frac"": 0.5, ""pb_wait"": 15, ""gap"": ""off"", ""body_min"": 0.5, ""volf"": ""off"", ""dow"": ""none"", ""big_thr"": 15, ""big_sl"": 30, ""big_tp"": 80, ""std_sl"": 30, ""std_tp"": 60, ""leg_gap"": 10, ""leg_sl"": 35, ""leg_tp"": 115, ""gap_min"": 0, ""be_at"": 1.0, ""partial"": 3.0, ""trail"": 0}",1.396,1.028,1.028,0.7,0.497,0.497,2.249,1.565,1.565,0.618,0.352,0.352
NQ,"{""entry_tf"": 5, ""vwap"": true, ""time_stop"": 180, ""legs"": true, ""leg_max"": 2, ""legs_mgmt"": ""same"", ""leg_window"": 60, ""ma"": 0, ""dyn"": true, ""entry_mode"": ""close"", ""pb_frac"": 0.7, ""pb_wait"": 5, ""gap"": ""off"", ""body_min"": 0.5, ""volf"": ""off"", ""dow"": ""none"", ""big_thr"": 25, ""big_sl"": 40, ""big_tp"": 150, ""std_sl"": 25, ""std_tp"": 50, ""leg_gap"": 20, ""leg_sl"": 35, ""leg_tp"": 60, ""gap_min"": 100, ""be_at"": 1.0, ""partial"": 3.0, ""trail"": 0}",1.685,1.388,1.388,1.135,0.872,0.872,2.499,1.935,1.935,1.001,0.85,0.85
NQ,"{""entry_tf"": 5, ""vwap"": true, ""time_stop"": 180, ""legs"": true, ""leg_max"": 2, ""legs_mgmt"": ""same"", ""leg_window"": 60, ""ma"": 100, ""dyn"": false, ""entry_mode"": ""close"", ""pb_frac"": 0.3, ""pb_wait"": 5, ""gap"": ""off"", ""body_min"": 0, ""volf"": ""off"", ""dow"": ""none"", ""big_thr"": 15, ""big_sl"": 30, ""big_tp"": 0, ""std_sl"": 15, ""std_tp"": 80, ""leg_gap"": 25, ""leg_sl"": 45, ""leg_tp"": 60, ""gap_min"": 100, ""be_at"": 0, ""partial"": 3.0, ""trail"": 3.0}",0.741,0.575,0.575,1.822,1.276,1.276,1.345,1.084,1.084,0.922,0.502,0.502
NQ,"{""entry_tf"": 5, ""vwap"": true, ""time_stop"": 180, ""legs"": true, ""leg_max"": 4, ""legs_mgmt"": ""same"", ""leg_window"": 30, ""ma"": 0, ""dyn"": false, ""entry_mode"": ""close"", ""pb_frac"": 0.7, ""pb_wait"": 5, ""gap"": ""off"", ""body_min"": 0.5, ""volf"": ""skip_high"", ""dow"": ""none"", ""big_thr"": 20, ""big_sl"": 30, ""big_tp"": 60, ""std_sl"": 30, ""std_tp"": 80, ""leg_gap"": 25, ""leg_sl"": 35, ""leg_tp"": 0, ""gap_min"": 100, ""be_at"": 2.0, ""partial"": 1.5, ""trail"": 0}",1.526,1.337,1.337,0.767,0.496,0.496,2.521,2.03,2.03,0.789,0.582,0.582
NQ,"{""entry_tf"": 5, ""vwap"": true, ""time_stop"": 240, ""legs"": false, ""leg_max"": 1, ""legs_mgmt"": ""fixed"", ""leg_window"": 30, ""ma"": 100, ""dyn"": true, ""entry_mode"": ""close"", ""pb_frac"": 0.7, ""pb_wait"": 15, ""gap"": ""off"", ""body_min"": 0.5, ""volf"": ""off"", ""dow"": ""none"", ""big_thr"": 15, ""big_sl"": 35, ""big_tp"": 115, ""std_sl"": 25, ""std_tp"": 50, ""leg_gap"": 15, ""leg_sl"": 35, ""leg_tp"": 60, ""gap_min"": 20, ""be_at"": 0, ""partial"": 3.0, ""trail"": 3.0}",2.408,2.203,2.203,2.306,2.151,2.151,1.275,1.254,1.254,2.064,1.896,1.896
NQ,"{""entry_tf"": 5, ""vwap"": true, ""time_stop"": 240, ""legs"": false, ""leg_max"": 1, ""legs_mgmt"": ""fixed"", ""leg_window"": 60, ""ma"": 100, ""dyn"": true, ""entry_mode"": ""close"", ""pb_frac"": 0.5, ""pb_wait"": 5, ""gap"": ""off"", ""body_min"": 0.5, ""volf"": ""off"", ""dow"": ""none"", ""big_thr"": 25, ""big_sl"": 40, ""big_tp"": 200, ""std_sl"": 35, ""std_tp"": 80, ""leg_gap"": 25, ""leg_sl"": 35, ""leg_tp"": 60, ""gap_min"": 50, ""be_at"": 0, ""partial"": 0, ""trail"": 1.5}",2.574,1.871,1.871,1.882,1.343,1.343,2.558,1.857,1.857,1.467,0.972,0.972
NQ,"{""entry_tf"": 5, ""vwap"": true, ""time_stop"": 240, ""legs"": false, ""leg_max"": 2, ""legs_mgmt"": ""fixed"", ""leg_window"": 120, ""ma"": 100, ""dyn"": false, ""entry_mode"": ""close"", ""pb_frac"": 0.3, ""pb_wait"": 5, ""gap"": ""off"", ""body_min"": 0.5, ""volf"": ""off"", ""dow"": ""none"", ""big_thr"": 20, ""big_sl"": 25, ""big_tp"": 100, ""std_sl"": 35, ""std_tp"": 80, ""leg_gap"": 15, ""leg_sl"": 35, ""leg_tp"": 90, ""gap_min"": 20, ""be_at"": 1.5, ""partial"": 1.5, ""trail"": 3.0}",1.985,1.634,1.634,1.534,1.219,1.219,2.203,1.945,1.945,1.394,1.038,1.038
NQ,"{""entry_tf"": 5, ""vwap"": true, ""time_stop"": 240, ""legs"": false, ""leg_max"": 2, ""legs_mgmt"": ""fixed"", ""leg_window"": 60, ""ma"": 100, ""dyn"": false, ""entry_mode"": ""close"", ""pb_frac"": 0.5, ""pb_wait"": 5, ""gap"": ""off"", ""body_min"": 0.5, ""volf"": ""off"", ""dow"": ""none"", ""big_thr"": 20, ""big_sl"": 25, ""big_tp"": 130, ""std_sl"": 25, ""std_tp"": 30, ""leg_gap"": 10, ""leg_sl"": 45, ""leg_tp"": 90, ""gap_min"": 50, ""be_at"": 0, ""partial"": 2.0, ""trail"": 3.0}",1.595,1.139,1.139,1.843,1.253,1.253,1.833,1.324,1.324,1.941,1.261,1.261
NQ,"{""entry_tf"": 5, ""vwap"": true, ""time_stop"": 240, ""legs"": false, ""leg_max"": 1, ""legs_mgmt"": ""same"", ""leg_window"": 120, ""ma"": 100, ""dyn"": false, ""entry_mode"": ""close"", ""pb_frac"": 0.3, ""pb_wait"": 30, ""gap"": ""off"", ""body_min"": 0.3, ""volf"": ""skip_high"", ""dow"": ""none"", ""big_thr"": 25, ""big_sl"": 35, ""big_tp"": 200, ""std_sl"": 30, ""std_tp"": 80, ""leg_gap"": 15, ""leg_sl"": 45, ""leg_tp"": 60, ""gap_min"": 100, ""be_at"": 1.0, ""partial"": 0, ""trail"": 1.5}",2.029,1.904,1.904,1.513,1.363,1.363,2.295,2.208,2.208,1.124,1.02,1.02
NQ,"{""entry_tf"": 5, ""vwap"": true, ""time_stop"": 240, ""legs"": false, ""leg_max"": 1, ""legs_mgmt"": ""same"", ""leg_window"": 60, ""ma"": 100, ""dyn"": false, ""entry_mode"": ""close"", ""pb_frac"": 0.5, ""pb_wait"": 30, ""gap"": ""off"", ""body_min"": 0.5, ""volf"": ""off"", ""dow"": ""fri"", ""big_thr"": 20, ""big_sl"": 35, ""big_tp"": 130, ""std_sl"": 15, ""std_tp"": 0, ""leg_gap"": 15, ""leg_sl"": 25, ""leg_tp"": 115, ""gap_min"": 0, ""be_at"": 2.0, ""partial"": 3.0, ""trail"": 3.0}",2.0,1.127,1.127,2.042,1.183,1.183,2.358,1.411,1.411,1.363,0.761,0.761
NQ,"{""entry_tf"": 5, ""vwap"": true, ""time_stop"": 240, ""legs"": false, ""leg_max"": 2, ""legs_mgmt"": ""same"", ""leg_window"": 120, ""ma"": 0, ""dyn"": false, ""entry_mode"": ""close"", ""pb_frac"": 0.5, ""pb_wait"": 30, ""gap"": ""off"", ""body_min"": 0.5, ""volf"": ""skip_low"", ""dow"": ""none"", ""big_thr"": 20, ""big_sl"": 35, ""big_tp"": 100, ""std_sl"": 35, ""std_tp"": 80, ""leg_gap"": 25, ""leg_sl"": 25, ""leg_tp"": 115, ""gap_min"": 100, ""be_at"": 0, ""partial"": 0, ""trail"": 2.0}",1.802,1.422,1.422,2.002,1.62,1.62,1.964,1.608,1.608,1.233,1.013,1.013
NQ,"{""entry_tf"": 5, ""vwap"": true, ""time_stop"": 240, ""legs"": false, ""leg_max"": 4, ""legs_mgmt"": ""same"", ""leg_window"": 60, ""ma"": 100, ""dyn"": true, ""entry_mode"": ""close"", ""pb_frac"": 0.3, ""pb_wait"": 30, ""gap"": ""off"", ""body_min"": 0.5, ""volf"": ""off"", ""dow"": ""mon"", ""big_thr"": 15, ""big_sl"": 30, ""big_tp"": 150, ""std_sl"": 35, ""std_tp"": 80, ""leg_gap"": 20, ""leg_sl"": 25, ""leg_tp"": 140, ""gap_min"": 20, ""be_at"": 0, ""partial"": 3.0, ""trail"": 3.0}",1.303,0.981,0.981,1.896,1.466,1.466,1.047,0.688,0.688,1.734,1.204,1.204
NQ,"{""entry_tf"": 5, ""vwap"": true, ""time_stop"": 240, ""legs"": false, ""leg_max"": 6, ""legs_mgmt"": ""fixed"", ""leg_window"": 30, ""ma"": 0, ""dyn"": false, ""entry_mode"": ""close"", ""pb_frac"": 0.7, ""pb_wait"": 5, ""gap"": ""off"", ""body_min"": 0.5, ""volf"": ""off"", ""dow"": ""none"", ""big_thr"": 20, ""big_sl"": 50, ""big_tp"": 150, ""std_sl"": 35, ""std_tp"": 0, ""leg_gap"": 15, ""leg_sl"": 35, ""leg_tp"": 115, ""gap_min"": 20, ""be_at"": 1.0, ""partial"": 3.0, ""trail"": 1.5}",1.456,1.266,1.266,1.853,1.535,1.535,2.37,1.899,1.899,1.783,1.424,1.424
NQ,"{""entry_tf"": 5, ""vwap"": true, ""time_stop"": 240, ""legs"": false, ""leg_max"": 6, ""legs_mgmt"": ""fixed"", ""leg_window"": 30, ""ma"": 0, ""dyn"": true, ""entry_mode"": ""close"", ""pb_frac"": 0.5, ""pb_wait"": 15, ""gap"": ""off"", ""body_min"": 0.3, ""volf"": ""off"", ""dow"": ""fri"", ""big_thr"": 25, ""big_sl"": 40, ""big_tp"": 115, ""std_sl"": 20, ""std_tp"": 0, ""leg_gap"": 20, ""leg_sl"": 35, ""leg_tp"": 140, ""gap_min"": 0, ""be_at"": 0.5, ""partial"": 3.0, ""trail"": 3.0}",1.926,1.515,1.515,0.947,0.784,0.784,1.182,0.876,0.876,0.712,0.493,0.493
NQ,"{""entry_tf"": 5, ""vwap"": true, ""time_stop"": 240, ""legs"": true, ""leg_max"": 1, ""legs_mgmt"": ""fixed"", ""leg_window"": 120, ""ma"": 100, ""dyn"": true, ""entry_mode"": ""close"", ""pb_frac"": 0.7, ""pb_wait"": 30, ""gap"": ""off"", ""body_min"": 0.5, ""volf"": ""off"", ""dow"": ""fri"", ""big_thr"": 25, ""big_sl"": 30, ""big_tp"": 0, ""std_sl"": 20, ""std_tp"": 50, ""leg_gap"": 25, ""leg_sl"": 35, ""leg_tp"": 0, ""gap_min"": 50, ""be_at"": 2.0, ""partial"": 2.0, ""trail"": 0}",2.124,1.845,1.845,1.271,1.118,1.118,2.015,1.858,1.858,1.356,1.085,1.085
NQ,"{""entry_tf"": 5, ""vwap"": true, ""time_stop"": 240, ""legs"": true, ""leg_max"": 1, ""legs_mgmt"": ""same"", ""leg_window"": 120, ""ma"": 100, ""dyn"": false, ""entry_mode"": ""close"", ""pb_frac"": 0.7, ""pb_wait"": 15, ""gap"": ""off"", ""body_min"": 0.5, ""volf"": ""off"", ""dow"": ""none"", ""big_thr"": 25, ""big_sl"": 30, ""big_tp"": 150, ""std_sl"": 25, ""std_tp"": 42, ""leg_gap"": 15, ""leg_sl"": 35, ""leg_tp"": 60, ""gap_min"": 20, ""be_at"": 0, ""partial"": 1.5, ""trail"": 2.0}",1.856,1.272,1.272,1.644,1.073,1.073,2.334,1.617,1.617,1.676,1.072,1.072
NQ,"{""entry_tf"": 5, ""vwap"": true, ""time_stop"": 240, ""legs"": true, ""leg_max"": 1, ""legs_mgmt"": ""same"", ""leg_window"": 30, ""ma"": 100, ""dyn"": true, ""entry_mode"": ""close"", ""pb_frac"": 0.3, ""pb_wait"": 30, ""gap"": ""off"", ""body_min"": 0.5, ""volf"": ""off"", ""dow"": ""none"", ""big_thr"": 25, ""big_sl"": 50, ""big_tp"": 0, ""std_sl"": 15, ""std_tp"": 0, ""leg_gap"": 20, ""leg_sl"": 45, ""leg_tp"": 60, ""gap_min"": 100, ""be_at"": 1.5, ""partial"": 1.0, ""trail"": 1.5}",1.997,1.641,1.641,0.916,0.826,0.826,2.146,1.825,1.825,1.314,1.104,1.104
NQ,"{""entry_tf"": 5, ""vwap"": true, ""time_stop"": 240, ""legs"": true, ""leg_max"": 4, ""legs_mgmt"": ""same"", ""leg_window"": 120, ""ma"": 0, ""dyn"": false, ""entry_mode"": ""close"", ""pb_frac"": 0.5, ""pb_wait"": 15, ""gap"": ""off"", ""body_min"": 0.5, ""volf"": ""off"", ""dow"": ""fri"", ""big_thr"": 25, ""big_sl"": 50, ""big_tp"": 60, ""std_sl"": 30, ""std_tp"": 60, ""leg_gap"": 15, ""leg_sl"": 25, ""leg_tp"": 0, ""gap_min"": 100, ""be_at"": 1.0, ""partial"": 3.0, ""trail"": 2.0}",1.285,1.006,1.006,1.465,0.975,0.975,2.735,2.079,2.079,1.299,0.905,0.905
NQ,"{""entry_tf"": 5, ""vwap"": true, ""time_stop"": 240, ""legs"": true, ""leg_max"": 6, ""legs_mgmt"": ""same"", ""leg_window"": 30, ""ma"": 0, ""dyn"": false, ""entry_mode"": ""close"", ""pb_frac"": 0.7, ""pb_wait"": 30, ""gap"": ""off"", ""body_min"": 0.5, ""volf"": ""skip_low"", ""dow"": ""fri"", ""big_thr"": 25, ""big_sl"": 40, ""big_tp"": 115, ""std_sl"": 30, ""std_tp"": 50, ""leg_gap"": 15, ""leg_sl"": 35, ""leg_tp"": 0, ""gap_min"": 50, ""be_at"": 0, ""partial"": 3.0, ""trail"": 1.5}",1.296,0.923,0.923,1.968,1.364,1.364,2.188,1.514,1.514,1.601,1.184,1.184
NQ,"{""entry_tf"": 5, ""vwap"": true, ""time_stop"": 60, ""legs"": false, ""leg_max"": 1, ""legs_mgmt"": ""same"", ""leg_window"": 60, ""ma"": 100, ""dyn"": true, ""entry_mode"": ""close"", ""pb_frac"": 0.3, ""pb_wait"": 30, ""gap"": ""with"", ""body_min"": 0, ""volf"": ""off"", ""dow"": ""none"", ""big_thr"": 20, ""big_sl"": 50, ""big_tp"": 115, ""std_sl"": 20, ""std_tp"": 80, ""leg_gap"": 10, ""leg_sl"": 25, ""leg_tp"": 60, ""gap_min"": 20, ""be_at"": 2.0, ""partial"": 0, ""trail"": 2.0}",0.906,0.481,0.481,0.943,0.569,0.569,1.58,1.033,1.033,1.671,1.091,1.091
NQ,"{""entry_tf"": 5, ""vwap"": true, ""time_stop"": 60, ""legs"": false, ""leg_max"": 4, ""legs_mgmt"": ""fixed"", ""leg_window"": 120, ""ma"": 0, ""dyn"": true, ""entry_mode"": ""close"", ""pb_frac"": 0.3, ""pb_wait"": 15, ""gap"": ""off"", ""body_min"": 0.5, ""volf"": ""off"", ""dow"": ""none"", ""big_thr"": 20, ""big_sl"": 30, ""big_tp"": 0, ""std_sl"": 20, ""std_tp"": 30, ""leg_gap"": 20, ""leg_sl"": 35, ""leg_tp"": 90, ""gap_min"": 0, ""be_at"": 0, ""partial"": 0, ""trail"": 2.0}",1.887,1.816,1.816,1.374,1.324,1.324,2.448,2.321,2.321,1.469,1.423,1.423
NQ,"{""entry_tf"": 5, ""vwap"": true, ""time_stop"": 60, ""legs"": false, ""leg_max"": 6, ""legs_mgmt"": ""fixed"", ""leg_window"": 30, ""ma"": 100, ""dyn"": false, ""entry_mode"": ""close"", ""pb_frac"": 0.5, ""pb_wait"": 30, ""gap"": ""off"", ""body_min"": 0.5, ""volf"": ""off"", ""dow"": ""none"", ""big_thr"": 25, ""big_sl"": 50, ""big_tp"": 100, ""std_sl"": 20, ""std_tp"": 80, ""leg_gap"": 10, ""leg_sl"": 25, ""leg_tp"": 0, ""gap_min"": 0, ""be_at"": 1.5, ""partial"": 1.5, ""trail"": 2.0}",1.971,1.586,1.586,1.362,1.151,1.151,1.836,1.473,1.473,1.318,1.08,1.08
NQ,"{""entry_tf"": 5, ""vwap"": true, ""time_stop"": 240, ""legs"": false, ""leg_max"": 6, ""legs_mgmt"": ""fixed"", ""leg_window"": 30, ""ma"": 100, ""dyn"": false, ""entry_mode"": ""close"", ""pb_frac"": 0.7, ""pb_wait"": 15, ""gap"": ""off"", ""body_min"": 0.5, ""volf"": ""off"", ""dow"": ""none"", ""big_thr"": 20, ""big_sl"": 30, ""big_tp"": 0, ""std_sl"": 30, ""std_tp"": 60, ""leg_gap"": 10, ""leg_sl"": 45, ""leg_tp"": 0, ""gap_min"": 100, ""be_at"": 2.0, ""partial"": 2.0, ""trail"": 0}",2.418,1.669,1.669,2.114,1.442,1.442,2.949,2.124,2.124,1.407,0.94,0.94
NQ,"{""entry_tf"": 5, ""vwap"": true, ""time_stop"": 240, ""legs"": false, ""leg_max"": 6, ""legs_mgmt"": ""same"", ""leg_window"": 30, ""ma"": 100, ""dyn"": false, ""entry_mode"": ""close"", ""pb_frac"": 0.7, ""pb_wait"": 5, ""gap"": ""off"", ""body_min"": 0.5, ""volf"": ""off"", ""dow"": ""none"", ""big_thr"": 10, ""big_sl"": 50, ""big_tp"": 200, ""std_sl"": 35, ""std_tp"": 50, ""leg_gap"": 20, ""leg_sl"": 45, ""leg_tp"": 140, ""gap_min"": 100, ""be_at"": 1.5, ""partial"": 1.0, ""trail"": 2.0}",1.554,1.321,1.321,2.003,1.597,1.597,1.871,1.558,1.558,1.75,1.397,1.397
NQ,"{""entry_tf"": 5, ""vwap"": true, ""time_stop"": 60, ""legs"": false, ""leg_max"": 6, ""legs_mgmt"": ""fixed"", ""leg_window"": 30, ""ma"": 100, ""dyn"": false, ""entry_mode"": ""close"", ""pb_frac"": 0.7, ""pb_wait"": 15, ""gap"": ""off"", ""body_min"": 0.5, ""volf"": ""off"", ""dow"": ""fri"", ""big_thr"": 20, ""big_sl"": 40, ""big_tp"": 150, ""std_sl"": 30, ""std_tp"": 50, ""leg_gap"": 15, ""leg_sl"": 35, ""leg_tp"": 60, ""gap_min"": 20, ""be_at"": 1.5, ""partial"": 3.0, ""trail"": 1.0}",1.658,1.193,1.193,1.882,1.304,1.304,1.536,1.185,1.185,1.804,1.109,1.109
NQ,"{""entry_tf"": 5, ""vwap"": true, ""time_stop"": 60, ""legs"": true, ""leg_max"": 4, ""legs_mgmt"": ""same"", ""leg_window"": 60, ""ma"": 0, ""dyn"": true, ""entry_mode"": ""close"", ""pb_frac"": 0.7, ""pb_wait"": 5, ""gap"": ""with"", ""body_min"": 0.3, ""volf"": ""off"", ""dow"": ""none"", ""big_thr"": 15, ""big_sl"": 30, ""big_tp"": 150, ""std_sl"": 20, ""std_tp"": 50, ""leg_gap"": 25, ""leg_sl"": 45, ""leg_tp"": 60, ""gap_min"": 0, ""be_at"": 0, ""partial"": 1.5, ""trail"": 0}",1.261,1.134,1.134,0.445,0.314,0.314,1.528,1.23,1.23,1.898,1.334,1.334
NQ,"{""entry_tf"": 5, ""vwap"": true, ""time_stop"": 60, ""legs"": true, ""leg_max"": 4, ""legs_mgmt"": ""same"", ""leg_window"": 60, ""ma"": 100, ""dyn"": false, ""entry_mode"": ""close"", ""pb_frac"": 0.5, ""pb_wait"": 30, ""gap"": ""off"", ""body_min"": 0.5, ""volf"": ""off"", ""dow"": ""none"", ""big_thr"": 15, ""big_sl"": 40, ""big_tp"": 80, ""std_sl"": 30, ""std_tp"": 42, ""leg_gap"": 25, ""leg_sl"": 45, ""leg_tp"": 60, ""gap_min"": 20, ""be_at"": 2.0, ""partial"": 2.0, ""trail"": 0}",1.302,0.774,0.774,2.018,1.32,1.32,0.943,0.539,0.539,1.728,1.007,1.007
NQ,"{""entry_tf"": 5, ""vwap"": true, ""time_stop"": 60, ""legs"": true, ""leg_max"": 6, ""legs_mgmt"": ""fixed"", ""leg_window"": 30, ""ma"": 100, ""dyn"": false, ""entry_mode"": ""close"", ""pb_frac"": 0.5, ""pb_wait"": 5, ""gap"": ""off"", ""body_min"": 0.5, ""volf"": ""off"", ""dow"": ""fri"", ""big_thr"": 25, ""big_sl"": 30, ""big_tp"": 130, ""std_sl"": 20, ""std_tp"": 80, ""leg_gap"": 15, ""leg_sl"": 25, ""leg_tp"": 90, ""gap_min"": 100, ""be_at"": 1.5, ""partial"": 1.5, ""trail"": 1.5}",1.966,1.794,1.794,1.209,1.229,1.209,1.936,1.85,1.85,1.102,1.073,1.073
NQ,"{""entry_tf"": 5, ""vwap"": true, ""time_stop"": 60, ""legs"": true, ""leg_max"": 6, ""legs_mgmt"": ""same"", ""leg_window"": 120, ""ma"": 0, ""dyn"": true, ""entry_mode"": ""close"", ""pb_frac"": 0.3, ""pb_wait"": 30, ""gap"": ""off"", ""body_min"": 0.3, ""volf"": ""skip_high"", ""dow"": ""fri"", ""big_thr"": 20, ""big_sl"": 40, ""big_tp"": 80, ""std_sl"": 20, ""std_tp"": 0, ""leg_gap"": 20, ""leg_sl"": 35, ""leg_tp"": 60, ""gap_min"": 20, ""be_at"": 0.5, ""partial"": 0, ""trail"": 3.0}",1.979,1.71,1.71,0.714,0.598,0.598,1.661,1.456,1.456,0.812,0.669,0.669
NQ,"{""entry_tf"": 5, ""vwap"": true, ""time_stop"": 90, ""legs"": false, ""leg_max"": 1, ""legs_mgmt"": ""fixed"", ""leg_window"": 30, ""ma"": 100, ""dyn"": true, ""entry_mode"": ""close"", ""pb_frac"": 0.3, ""pb_wait"": 5, ""gap"": ""off"", ""body_min"": 0.5, ""volf"": ""off"", ""dow"": ""none"", ""big_thr"": 25, ""big_sl"": 40, ""big_tp"": 115, ""std_sl"": 25, ""std_tp"": 50, ""leg_gap"": 20, ""leg_sl"": 25, ""leg_tp"": 0, ""gap_min"": 50, ""be_at"": 0.5, ""partial"": 0, ""trail"": 0}",1.978,1.667,1.667,2.056,1.557,1.557,1.822,1.667,1.667,1.711,1.231,1.231
NQ,"{""entry_tf"": 5, ""vwap"": true, ""time_stop"": 90, ""legs"": false, ""leg_max"": 1, ""legs_mgmt"": ""fixed"", ""leg_window"": 60, ""ma"": 0, ""dyn"": false, ""entry_mode"": ""close"", ""pb_frac"": 0.7, ""pb_wait"": 30, ""gap"": ""off"", ""body_min"": 0.5, ""volf"": ""off"", ""dow"": ""none"", ""big_thr"": 10, ""big_sl"": 25, ""big_tp"": 200, ""std_sl"": 15, ""std_tp"": 60, ""leg_gap"": 20, ""leg_sl"": 45, ""leg_tp"": 60, ""gap_min"": 20, ""be_at"": 1.5, ""partial"": 2.0, ""trail"": 0}",1.414,1.153,1.153,1.158,0.914,0.914,2.442,1.976,1.976,1.4,1.13,1.13
NQ,"{""entry_tf"": 5, ""vwap"": true, ""time_stop"": 90, ""legs"": false, ""leg_max"": 1, ""legs_mgmt"": ""fixed"", ""leg_window"": 60, ""ma"": 100, ""dyn"": true, ""entry_mode"": ""close"", ""pb_frac"": 0.7, ""pb_wait"": 5, ""gap"": ""off"", ""body_min"": 0, ""volf"": ""off"", ""dow"": ""none"", ""big_thr"": 25, ""big_sl"": 35, ""big_tp"": 200, ""std_sl"": 15, ""std_tp"": 0, ""leg_gap"": 25, ""leg_sl"": 35, ""leg_tp"": 60, ""gap_min"": 20, ""be_at"": 2.0, ""partial"": 0, ""trail"": 3.0}",0.834,0.281,0.281,1.058,0.326,0.326,0.787,0.048,0.048,1.649,0.921,0.921
NQ,"{""entry_tf"": 5, ""vwap"": true, ""time_stop"": 90, ""legs"": false, ""leg_max"": 4, ""legs_mgmt"": ""fixed"", ""leg_window"": 60, ""ma"": 0, ""dyn"": false, ""entry_mode"": ""close"", ""pb_frac"": 0.7, ""pb_wait"": 15, ""gap"": ""off"", ""body_min"": 0.5, ""volf"": ""off"", ""dow"": ""mon"", ""big_thr"": 15, ""big_sl"": 50, ""big_tp"": 130, ""std_sl"": 15, ""std_tp"": 60, ""leg_gap"": 25, ""leg_sl"": 25, ""leg_tp"": 140, ""gap_min"": 20, ""be_at"": 2.0, ""partial"": 3.0, ""trail"": 0}",0.619,0.66,0.619,1.76,1.727,1.727,1.106,1.025,1.025,1.766,1.694,1.694
NQ,"{""entry_tf"": 5, ""vwap"": true, ""time_stop"": 90, ""legs"": false, ""leg_max"": 6, ""legs_mgmt"": ""fixed"", ""leg_window"": 60, ""ma"": 100, ""dyn"": true, ""entry_mode"": ""close"", ""pb_frac"": 0.3, ""pb_wait"": 30, ""gap"": ""off"", ""body_min"": 0.5, ""volf"": ""skip_high"", ""dow"": ""none"", ""big_thr"": 20, ""big_sl"": 50, ""big_tp"": 115, ""std_sl"": 25, ""std_tp"": 60, ""leg_gap"": 20, ""leg_sl"": 35, ""leg_tp"": 60, ""gap_min"": 50, ""be_at"": 1.0, ""partial"": 0, ""trail"": 2.0}",1.93,1.831,1.831,1.896,1.772,1.772,2.042,1.991,1.991,1.79,1.678,1.678
NQ,"{""entry_tf"": 5, ""vwap"": true, ""time_stop"": 90, ""legs"": false, ""leg_max"": 2, ""legs_mgmt"": ""fixed"", ""leg_window"": 120, ""ma"": 0, ""dyn"": true, ""entry_mode"": ""close"", ""pb_frac"": 0.3, ""pb_wait"": 5, ""gap"": ""off"", ""body_min"": 0.3, ""volf"": ""skip_high"", ""dow"": ""none"", ""big_thr"": 10, ""big_sl"": 35, ""big_tp"": 200, ""std_sl"": 20, ""std_tp"": 0, ""leg_gap"": 10, ""leg_sl"": 25, ""leg_tp"": 140, ""gap_min"": 100, ""be_at"": 1.5, ""partial"": 3.0, ""trail"": 2.0}",2.067,1.272,1.272,0.361,0.045,0.045,1.88,1.244,1.244,0.909,0.589,0.589
NQ,"{""entry_tf"": 5, ""vwap"": true, ""time_stop"": 90, ""legs"": false, ""leg_max"": 2, ""legs_mgmt"": ""fixed"", ""leg_window"": 30, ""ma"": 0, ""dyn"": false, ""entry_mode"": ""close"", ""pb_frac"": 0.3, ""pb_wait"": 5, ""gap"": ""off"", ""body_min"": 0.5, ""volf"": ""off"", ""dow"": ""mon"", ""big_thr"": 20, ""big_sl"": 40, ""big_tp"": 0, ""std_sl"": 35, ""std_tp"": 60, ""leg_gap"": 15, ""leg_sl"": 35, ""leg_tp"": 90, ""gap_min"": 20, ""be_at"": 0, ""partial"": 2.0, ""trail"": 3.0}",0.208,0.189,0.189,1.964,1.714,1.714,0.83,0.788,0.788,1.031,0.954,0.954
NQ,"{""entry_tf"": 5, ""vwap"": true, ""time_stop"": 90, ""legs"": true, ""leg_max"": 1, ""legs_mgmt"": ""fixed"", ""leg_window"": 120, ""ma"": 100, ""dyn"": true, ""entry_mode"": ""close"", ""pb_frac"": 0.7, ""pb_wait"": 15, ""gap"": ""off"", ""body_min"": 0.5, ""volf"": ""off"", ""dow"": ""none"", ""big_thr"": 25, ""big_sl"": 50, ""big_tp"": 115, ""std_sl"": 20, ""std_tp"": 80, ""leg_gap"": 10, ""leg_sl"": 35, ""leg_tp"": 60, ""gap_min"": 100, ""be_at"": 2.0, ""partial"": 3.0, ""trail"": 2.0}",1.822,1.55,1.55,2.19,1.91,1.91,2.069,1.77,1.77,2.174,1.875,1.875
NQ,"{""entry_tf"": 5, ""vwap"": true, ""time_stop"": 90, ""legs"": true, ""leg_max"": 1, ""legs_mgmt"": ""same"", ""leg_window"": 120, ""ma"": 100, ""dyn"": true, ""entry_mode"": ""close"", ""pb_frac"": 0.7, ""pb_wait"": 15, ""gap"": ""off"", ""body_min"": 0.5, ""volf"": ""off"", ""dow"": ""fri"", ""big_thr"": 15, ""big_sl"": 50, ""big_tp"": 200, ""std_sl"": 25, ""std_tp"": 80, ""leg_gap"": 10, ""leg_sl"": 45, ""leg_tp"": 90, ""gap_min"": 100, ""be_at"": 0, ""partial"": 0, ""trail"": 3.0}",1.583,1.118,1.118,2.216,1.606,1.606,2.29,1.682,1.682,1.71,1.22,1.22
NQ,"{""entry_tf"": 5, ""vwap"": true, ""time_stop"": 90, ""legs"": true, ""leg_max"": 2, ""legs_mgmt"": ""fixed"", ""leg_window"": 120, ""ma"": 0, ""dyn"": true, ""entry_mode"": ""close"", ""pb_frac"": 0.7, ""pb_wait"": 30, ""gap"": ""off"", ""body_min"": 0.5, ""volf"": ""off"", ""dow"": ""none"", ""big_thr"": 20, ""big_sl"": 35, ""big_tp"": 130, ""std_sl"": 30, ""std_tp"": 30, ""leg_gap"": 15, ""leg_sl"": 25, ""leg_tp"": 140, ""gap_min"": 50, ""be_at"": 0, ""partial"": 2.0, ""trail"": 3.0}",1.845,1.364,1.364,1.497,1.428,1.428,1.52,1.421,1.421,1.778,1.499,1.499
NQ,"{""entry_tf"": 5, ""vwap"": true, ""time_stop"": 90, ""legs"": true, ""leg_max"": 2, ""legs_mgmt"": ""same"", ""leg_window"": 120, ""ma"": 100, ""dyn"": true, ""entry_mode"": ""close"", ""pb_frac"": 0.7, ""pb_wait"": 5, ""gap"": ""off"", ""body_min"": 0.5, ""volf"": ""off"", ""dow"": ""none"", ""big_thr"": 25, ""big_sl"": 50, ""big_tp"": 80, ""std_sl"": 25, ""std_tp"": 60, ""leg_gap"": 10, ""leg_sl"": 25, ""leg_tp"": 140, ""gap_min"": 50, ""be_at"": 1.5, ""partial"": 0, ""trail"": 1.0}",2.116,1.541,1.541,1.09,0.74,0.74,2.293,1.743,1.743,1.238,0.856,0.856
NQ,"{""entry_tf"": 5, ""vwap"": true, ""time_stop"": 90, ""legs"": true, ""leg_max"": 2, ""legs_mgmt"": ""same"", ""leg_window"": 60, ""ma"": 0, ""dyn"": false, ""entry_mode"": ""close"", ""pb_frac"": 0.7, ""pb_wait"": 15, ""gap"": ""off"", ""body_min"": 0.5, ""volf"": ""skip_low"", ""dow"": ""fri"", ""big_thr"": 10, ""big_sl"": 50, ""big_tp"": 150, ""std_sl"": 35, ""std_tp"": 0, ""leg_gap"": 15, ""leg_sl"": 45, ""leg_tp"": 90, ""gap_min"": 0, ""be_at"": 2.0, ""partial"": 2.0, ""trail"": 3.0}",0.499,0.114,0.114,1.421,0.868,0.868,0.987,0.422,0.422,2.057,1.29,1.29
NQ,"{""entry_tf"": 5, ""vwap"": true, ""time_stop"": 90, ""legs"": true, ""leg_max"": 6, ""legs_mgmt"": ""fixed"", ""leg_window"": 30, ""ma"": 0, ""dyn"": false, ""entry_mode"": ""close"", ""pb_frac"": 0.3, ""pb_wait"": 5, ""gap"": ""off"", ""body_min"": 0.5, ""volf"": ""mid"", ""dow"": ""none"", ""big_thr"": 15, ""big_sl"": 40, ""big_tp"": 130, ""std_sl"": 15, ""std_tp"": 60, ""leg_gap"": 10, ""leg_sl"": 35, ""leg_tp"": 115, ""gap_min"": 50, ""be_at"": 0, ""partial"": 0, ""trail"": 2.0}",0.772,0.406,0.406,1.409,1.006,1.006,1.376,0.859,0.859,1.854,1.042,1.042
NQ,"{""entry_tf"": 5, ""vwap"": true, ""time_stop"": 90, ""legs"": true, ""leg_max"": 6, ""legs_mgmt"": ""same"", ""leg_window"": 120, ""ma"": 0, ""dyn"": false, ""entry_mode"": ""close"", ""pb_frac"": 0.5, ""pb_wait"": 15, ""gap"": ""off"", ""body_min"": 0.5, ""volf"": ""off"", ""dow"": ""none"", ""big_thr"": 10, ""big_sl"": 25, ""big_tp"": 100, ""std_sl"": 30, ""std_tp"": 80, ""leg_gap"": 15, ""leg_sl"": 45, ""leg_tp"": 140, ""gap_min"": 20, ""be_at"": 0, ""partial"": 1.5, ""trail"": 3.0}",1.747,1.405,1.405,1.495,1.209,1.209,2.716,2.138,2.138,1.557,1.158,1.158
NQ,"{""entry_tf"": 5, ""vwap"": true, ""time_stop"": 999, ""legs"": false, ""leg_max"": 1, ""legs_mgmt"": ""same"", ""leg_window"": 30, ""ma"": 0, ""dyn"": false, ""entry_mode"": ""close"", ""pb_frac"": 0.5, ""pb_wait"": 15, ""gap"": ""off"", ""body_min"": 0.5, ""volf"": ""off"", ""dow"": ""none"", ""big_thr"": 20, ""big_sl"": 40, ""big_tp"": 0, ""std_sl"": 20, ""std_tp"": 80, ""leg_gap"": 20, ""leg_sl"": 35, ""leg_tp"": 90, ""gap_min"": 50, ""be_at"": 1.5, ""partial"": 2.0, ""trail"": 2.0}",1.81,1.198,1.198,1.839,1.243,1.243,2.621,1.976,1.976,1.602,1.102,1.102
NQ,"{""entry_tf"": 5, ""vwap"": true, ""time_stop"": 999, ""legs"": false, ""leg_max"": 2, ""legs_mgmt"": ""fixed"", ""leg_window"": 120, ""ma"": 100, ""dyn"": false, ""entry_mode"": ""close"", ""pb_frac"": 0.5, ""pb_wait"": 15, ""gap"": ""off"", ""body_min"": 0.5, ""volf"": ""off"", ""dow"": ""none"", ""big_thr"": 20, ""big_sl"": 35, ""big_tp"": 150, ""std_sl"": 20, ""std_tp"": 60, ""leg_gap"": 25, ""leg_sl"": 45, ""leg_tp"": 140, ""gap_min"": 0, ""be_at"": 0, ""partial"": 0, ""trail"": 2.0}",2.003,1.64,1.64,1.643,1.467,1.467,2.561,2.057,2.057,1.105,1.061,1.061
NQ,"{""entry_tf"": 5, ""vwap"": true, ""time_stop"": 999, ""legs"": false, ""leg_max"": 2, ""legs_mgmt"": ""fixed"", ""leg_window"": 60, ""ma"": 100, ""dyn"": false, ""entry_mode"": ""close"", ""pb_frac"": 0.3, ""pb_wait"": 15, ""gap"": ""off"", ""body_min"": 0.5, ""volf"": ""off"", ""dow"": ""fri"", ""big_thr"": 25, ""big_sl"": 25, ""big_tp"": 150, ""std_sl"": 20, ""std_tp"": 0, ""leg_gap"": 20, ""leg_sl"": 45, ""leg_tp"": 115, ""gap_min"": 20, ""be_at"": 2.0, ""partial"": 1.0, ""trail"": 3.0}",2.193,1.897,1.897,1.194,1.111,1.111,2.341,2.14,2.14,1.398,1.231,1.231
NQ,"{""entry_tf"": 5, ""vwap"": true, ""time_stop"": 999, ""legs"": false, ""leg_max"": 2, ""legs_mgmt"": ""same"", ""leg_window"": 120, ""ma"": 100, ""dyn"": false, ""entry_mode"": ""close"", ""pb_frac"": 0.7, ""pb_wait"": 30, ""gap"": ""off"", ""body_min"": 0.5, ""volf"": ""skip_low"", ""dow"": ""none"", ""big_thr"": 20, ""big_sl"": 35, ""big_tp"": 100, ""std_sl"": 25, ""std_tp"": 0, ""leg_gap"": 25, ""leg_sl"": 45, ""leg_tp"": 140, ""gap_min"": 0, ""be_at"": 2.0, ""partial"": 2.0, ""trail"": 3.0}",1.402,0.931,0.931,1.739,1.136,1.136,1.773,1.163,1.163,1.955,1.327,1.327
NQ,"{""entry_tf"": 5, ""vwap"": true, ""time_stop"": 999, ""legs"": false, ""leg_max"": 2, ""legs_mgmt"": ""same"", ""leg_window"": 120, ""ma"": 100, ""dyn"": false, ""entry_mode"": ""close"", ""pb_frac"": 0.7, ""pb_wait"": 5, ""gap"": ""off"", ""body_min"": 0.5, ""volf"": ""skip_high"", ""dow"": ""none"", ""big_thr"": 25, ""big_sl"": 35, ""big_tp"": 115, ""std_sl"": 25, ""std_tp"": 60, ""leg_gap"": 15, ""leg_sl"": 35, ""leg_tp"": 115, ""gap_min"": 50, ""be_at"": 0, ""partial"": 2.0, ""trail"": 1.5}",1.218,0.828,0.828,1.467,0.968,0.968,1.305,0.957,0.957,1.696,1.07,1.07
NQ,"{""entry_tf"": 5, ""vwap"": true, ""time_stop"": 999, ""legs"": false, ""leg_max"": 2, ""legs_mgmt"": ""same"", ""leg_window"": 30, ""ma"": 100, ""dyn"": false, ""entry_mode"": ""close"", ""pb_frac"": 0.5, ""pb_wait"": 5, ""gap"": ""off"", ""body_min"": 0.5, ""volf"": ""off"", ""dow"": ""mon"", ""big_thr"": 10, ""big_sl"": 40, ""big_tp"": 200, ""std_sl"": 20, ""std_tp"": 60, ""leg_gap"": 25, ""leg_sl"": 45, ""leg_tp"": 140, ""gap_min"": 20, ""be_at"": 0, ""partial"": 2.0, ""trail"": 2.0}",1.063,0.917,0.917,1.862,1.45,1.45,1.592,1.348,1.348,1.707,1.309,1.309
NQ,"{""entry_tf"": 5, ""vwap"": true, ""time_stop"": 999, ""legs"": false, ""leg_max"": 4, ""legs_mgmt"": ""fixed"", ""leg_window"": 120, ""ma"": 100, ""dyn"": false, ""entry_mode"": ""close"", ""pb_frac"": 0.5, ""pb_wait"": 30, ""gap"": ""off"", ""body_min"": 0.5, ""volf"": ""off"", ""dow"": ""none"", ""big_thr"": 20, ""big_sl"": 40, ""big_tp"": 200, ""std_sl"": 35, ""std_tp"": 60, ""leg_gap"": 25, ""leg_sl"": 45, ""leg_tp"": 115, ""gap_min"": 20, ""be_at"": 1.5, ""partial"": 0, ""trail"": 2.0}",1.246,0.808,0.808,2.125,1.392,1.392,2.206,1.472,1.472,1.426,0.894,0.894
NQ,"{""entry_tf"": 5, ""vwap"": true, ""time_stop"": 999, ""legs"": false, ""leg_max"": 4, ""legs_mgmt"": ""same"", ""leg_window"": 30, ""ma"": 100, ""dyn"": true, ""entry_mode"": ""close"", ""pb_frac"": 0.7, ""pb_wait"": 30, ""gap"": ""off"", ""body_min"": 0.5, ""volf"": ""off"", ""dow"": ""fri"", ""big_thr"": 15, ""big_sl"": 40, ""big_tp"": 80, ""std_sl"": 15, ""std_tp"": 60, ""leg_gap"": 15, ""leg_sl"": 45, ""leg_tp"": 140, ""gap_min"": 50, ""be_at"": 2.0, ""partial"": 2.0, ""trail"": 1.5}",2.073,1.716,1.716,1.582,1.208,1.208,1.776,1.48,1.48,1.245,0.899,0.899
NQ,"{""entry_tf"": 5, ""vwap"": true, ""time_stop"": 999, ""legs"": false, ""leg_max"": 6, ""legs_mgmt"": ""fixed"", ""leg_window"": 30, ""ma"": 100, ""dyn"": false, ""entry_mode"": ""close"", ""pb_frac"": 0.5, ""pb_wait"": 5, ""gap"": ""off"", ""body_min"": 0.3, ""volf"": ""skip_high"", ""dow"": ""none"", ""big_thr"": 10, ""big_sl"": 35, ""big_tp"": 80, ""std_sl"": 25, ""std_tp"": 0, ""leg_gap"": 15, ""leg_sl"": 45, ""leg_tp"": 140, ""gap_min"": 50, ""be_at"": 2.0, ""partial"": 3.0, ""trail"": 1.5}",1.651,1.286,1.286,0.982,0.807,0.807,2.269,1.82,1.82,-99.0,-0.492,-99.0
NQ,"{""entry_tf"": 5, ""vwap"": true, ""time_stop"": 999, ""legs"": false, ""leg_max"": 6, ""legs_mgmt"": ""fixed"", ""leg_window"": 60, ""ma"": 0, ""dyn"": false, ""entry_mode"": ""close"", ""pb_frac"": 0.7, ""pb_wait"": 5, ""gap"": ""off"", ""body_min"": 0.5, ""volf"": ""skip_high"", ""dow"": ""none"", ""big_thr"": 15, ""big_sl"": 30, ""big_tp"": 100, ""std_sl"": 30, ""std_tp"": 60, ""leg_gap"": 10, ""leg_sl"": 45, ""leg_tp"": 115, ""gap_min"": 50, ""be_at"": 1.5, ""partial"": 0, ""trail"": 3.0}",1.968,1.287,1.287,1.139,0.8,0.8,2.495,1.61,1.61,1.032,0.602,0.602
NQ,"{""entry_tf"": 5, ""vwap"": true, ""time_stop"": 999, ""legs"": true, ""leg_max"": 2, ""legs_mgmt"": ""fixed"", ""leg_window"": 120, ""ma"": 100, ""dyn"": false, ""entry_mode"": ""close"", ""pb_frac"": 0.3, ""pb_wait"": 15, ""gap"": ""off"", ""body_min"": 0.5, ""volf"": ""off"", ""dow"": ""none"", ""big_thr"": 15, ""big_sl"": 40, ""big_tp"": 80, ""std_sl"": 30, ""std_tp"": 60, ""leg_gap"": 25, ""leg_sl"": 45, ""leg_tp"": 140, ""gap_min"": 100, ""be_at"": 0, ""partial"": 1.0, ""trail"": 2.0}",1.918,1.462,1.462,1.667,1.268,1.268,2.156,1.617,1.617,1.32,0.999,0.999
NDX100,"{""entry_tf"": 1, ""vwap"": false, ""time_stop"": 60, ""legs"": false, ""leg_max"": 6, ""legs_mgmt"": ""fixed"", ""leg_window"": 120, ""ma"": 100, ""dyn"": false, ""entry_mode"": ""close"", ""pb_frac"": 0.7, ""pb_wait"": 30, ""gap"": ""off"", ""body_min"": 0.3, ""volf"": ""skip_low"", ""dow"": ""fri"", ""big_thr"": 20, ""big_sl"": 35, ""big_tp"": 130, ""std_sl"": 15, ""std_tp"": 0, ""leg_gap"": 25, ""leg_sl"": 35, ""leg_tp"": 115, ""gap_min"": 0, ""be_at"": 0, ""partial"": 2.0, ""trail"": 2.0}",0.955,0.585,0.585,0.712,0.264,0.264,1.479,1.071,1.071,1.698,1.189,1.189
NDX100,"{""entry_tf"": 1, ""vwap"": false, ""time_stop"": 60, ""legs"": true, ""leg_max"": 4, ""legs_mgmt"": ""same"", ""leg_window"": 30, ""ma"": 0, ""dyn"": false, ""entry_mode"": ""close"", ""pb_frac"": 0.5, ""pb_wait"": 5, ""gap"": ""off"", ""body_min"": 0.7, ""volf"": ""off"", ""dow"": ""none"", ""big_thr"": 20, ""big_sl"": 50, ""big_tp"": 115, ""std_sl"": 25, ""std_tp"": 50, ""leg_gap"": 20, ""leg_sl"": 35, ""leg_tp"": 140, ""gap_min"": 50, ""be_at"": 1.0, ""partial"": 2.0, ""trail"": 3.0}",1.668,1.234,1.234,-99.0,-0.752,-99.0,0.799,0.525,0.525,0.973,0.684,0.684
NQ,"{""entry_tf"": 5, ""vwap"": true, ""time_stop"": 999, ""legs"": true, ""leg_max"": 6, ""legs_mgmt"": ""same"", ""leg_window"": 120, ""ma"": 100, ""dyn"": false, ""entry_mode"": ""close"", ""pb_frac"": 0.5, ""pb_wait"": 5, ""gap"": ""off"", ""body_min"": 0.3, ""volf"": ""skip_high"", ""dow"": ""none"", ""big_thr"": 10, ""big_sl"": 35, ""big_tp"": 130, ""std_sl"": 20, ""std_tp"": 80, ""leg_gap"": 15, ""leg_sl"": 35, ""leg_tp"": 60, ""gap_min"": 50, ""be_at"": 0, ""partial"": 3.0, ""trail"": 1.5}",2.09,1.636,1.636,1.122,1.025,1.025,2.616,2.066,2.066,0.596,0.538,0.538
NDX100,"{""entry_tf"": 1, ""vwap"": false, ""time_stop"": 180, ""legs"": true, ""leg_max"": 2, ""legs_mgmt"": ""fixed"", ""leg_window"": 120, ""ma"": 0, ""dyn"": true, ""entry_mode"": ""close"", ""pb_frac"": 0.7, ""pb_wait"": 5, ""gap"": ""against"", ""body_min"": 0.3, ""volf"": ""off"", ""dow"": ""none"", ""big_thr"": 25, ""big_sl"": 30, ""big_tp"": 100, ""std_sl"": 15, ""std_tp"": 42, ""leg_gap"": 10, ""leg_sl"": 35, ""leg_tp"": 140, ""gap_min"": 50, ""be_at"": 0.5, ""partial"": 3.0, ""trail"": 2.0}",0.771,0.196,0.196,1.959,1.048,1.048,1.288,0.63,0.63,0.944,0.471,0.471
NQ,"{""entry_tf"": 5, ""vwap"": true, ""time_stop"": 999, ""legs"": true, ""leg_max"": 6, ""legs_mgmt"": ""fixed"", ""leg_window"": 30, ""ma"": 0, ""dyn"": false, ""entry_mode"": ""close"", ""pb_frac"": 0.3, ""pb_wait"": 15, ""gap"": ""off"", ""body_min"": 0.5, ""volf"": ""off"", ""dow"": ""mon"", ""big_thr"": 10, ""big_sl"": 35, ""big_tp"": 0, ""std_sl"": 25, ""std_tp"": 0, ""leg_gap"": 10, ""leg_sl"": 45, ""leg_tp"": 60, ""gap_min"": 0, ""be_at"": 1.5, ""partial"": 2.0, ""trail"": 3.0}",1.379,1.111,1.111,1.878,1.453,1.453,1.94,1.58,1.58,1.712,1.27,1.27
NQ,"{""entry_tf"": 5, ""vwap"": true, ""time_stop"": 999, ""legs"": true, ""leg_max"": 6, ""legs_mgmt"": ""same"", ""leg_window"": 120, ""ma"": 0, ""dyn"": true, ""entry_mode"": ""close"", ""pb_frac"": 0.3, ""pb_wait"": 30, ""gap"": ""off"", ""body_min"": 0.5, ""volf"": ""skip_high"", ""dow"": ""none"", ""big_thr"": 10, ""big_sl"": 30, ""big_tp"": 150, ""std_sl"": 30, ""std_tp"": 60, ""leg_gap"": 20, ""leg_sl"": 45, ""leg_tp"": 60, ""gap_min"": 50, ""be_at"": 2.0, ""partial"": 0, ""trail"": 3.0}",1.912,1.34,1.34,0.973,0.756,0.756,2.422,1.644,1.644,1.48,1.018,1.018
NQ,"{""entry_tf"": 5, ""vwap"": true, ""time_stop"": 999, ""legs"": true, ""leg_max"": 2, ""legs_mgmt"": ""same"", ""leg_window"": 60, ""ma"": 100, ""dyn"": false, ""entry_mode"": ""close"", ""pb_frac"": 0.3, ""pb_wait"": 15, ""gap"": ""off"", ""body_min"": 0.3, ""volf"": ""off"", ""dow"": ""none"", ""big_thr"": 10, ""big_sl"": 35, ""big_tp"": 200, ""std_sl"": 25, ""std_tp"": 80, ""leg_gap"": 20, ""leg_sl"": 25, ""leg_tp"": 90, ""gap_min"": 50, ""be_at"": 1.5, ""partial"": 2.0, ""trail"": 3.0}",2.022,1.729,1.729,2.065,1.679,1.679,2.618,2.17,2.17,1.152,0.94,0.94
NQ,"{""entry_tf"": 5, ""vwap"": true, ""time_stop"": 999, ""legs"": true, ""leg_max"": 4, ""legs_mgmt"": ""same"", ""leg_window"": 60, ""ma"": 100, ""dyn"": false, ""entry_mode"": ""close"", ""pb_frac"": 0.7, ""pb_wait"": 30, ""gap"": ""off"", ""body_min"": 0.3, ""volf"": ""skip_high"", ""dow"": ""none"", ""big_thr"": 10, ""big_sl"": 35, ""big_tp"": 100, ""std_sl"": 35, ""std_tp"": 0, ""leg_gap"": 25, ""leg_sl"": 25, ""leg_tp"": 60, ""gap_min"": 20, ""be_at"": 2.0, ""partial"": 2.0, ""trail"": 2.0}",1.839,1.323,1.323,1.465,0.992,0.992,2.32,1.728,1.728,0.876,0.55,0.55
NDX100,"{""entry_tf"": 1, ""vwap"": false, ""time_stop"": 90, ""legs"": true, ""leg_max"": 1, ""legs_mgmt"": ""fixed"", ""leg_window"": 60, ""ma"": 0, ""dyn"": false, ""entry_mode"": ""close"", ""pb_frac"": 0.3, ""pb_wait"": 5, ""gap"": ""off"", ""body_min"": 0.7, ""volf"": ""off"", ""dow"": ""none"", ""big_thr"": 10, ""big_sl"": 50, ""big_tp"": 150, ""std_sl"": 25, ""std_tp"": 80, ""leg_gap"": 25, ""leg_sl"": 35, ""leg_tp"": 140, ""gap_min"": 20, ""be_at"": 0, ""partial"": 0, ""trail"": 3.0}",1.686,1.192,1.192,-99.0,-0.851,-99.0,1.453,0.962,0.962,1.436,0.922,0.922
NDX100,"{""entry_tf"": 1, ""vwap"": false, ""time_stop"": 90, ""legs"": true, ""leg_max"": 4, ""legs_mgmt"": ""fixed"", ""leg_window"": 30, ""ma"": 100, ""dyn"": false, ""entry_mode"": ""close"", ""pb_frac"": 0.5, ""pb_wait"": 5, ""gap"": ""off"", ""body_min"": 0.5, ""volf"": ""off"", ""dow"": ""none"", ""big_thr"": 20, ""big_sl"": 50, ""big_tp"": 130, ""std_sl"": 35, ""std_tp"": 50, ""leg_gap"": 10, ""leg_sl"": 45, ""leg_tp"": 0, ""gap_min"": 100, ""be_at"": 1.5, ""partial"": 1.5, ""trail"": 2.0}",1.013,0.464,0.464,1.682,0.916,0.916,1.096,0.557,0.557,1.183,0.618,0.618
NDX100,"{""entry_tf"": 1, ""vwap"": false, ""time_stop"": 90, ""legs"": true, ""leg_max"": 6, ""legs_mgmt"": ""same"", ""leg_window"": 60, ""ma"": 100, ""dyn"": false, ""entry_mode"": ""close"", ""pb_frac"": 0.3, ""pb_wait"": 15, ""gap"": ""off"", ""body_min"": 0, ""volf"": ""skip_high"", ""dow"": ""none"", ""big_thr"": 15, ""big_sl"": 35, ""big_tp"": 115, ""std_sl"": 15, ""std_tp"": 0, ""leg_gap"": 10, ""leg_sl"": 45, ""leg_tp"": 140, ""gap_min"": 50, ""be_at"": 2.0, ""partial"": 0, ""trail"": 3.0}",1.297,0.69,0.69,1.393,0.609,0.609,0.489,0.049,0.049,1.553,0.604,0.604
NDX100,"{""entry_tf"": 1, ""vwap"": false, ""time_stop"": 90, ""legs"": true, ""leg_max"": 6, ""legs_mgmt"": ""same"", ""leg_window"": 60, ""ma"": 100, ""dyn"": false, ""entry_mode"": ""close"", ""pb_frac"": 0.3, ""pb_wait"": 5, ""gap"": ""off"", ""body_min"": 0.5, ""volf"": ""skip_high"", ""dow"": ""none"", ""big_thr"": 10, ""big_sl"": 40, ""big_tp"": 200, ""std_sl"": 30, ""std_tp"": 30, ""leg_gap"": 20, ""leg_sl"": 45, ""leg_tp"": 90, ""gap_min"": 0, ""be_at"": 0, ""partial"": 0, ""trail"": 0}",1.358,1.134,1.134,1.816,1.499,1.499,1.483,1.258,1.258,1.445,1.144,1.144
NDX100,"{""entry_tf"": 1, ""vwap"": false, ""time_stop"": 999, ""legs"": false, ""leg_max"": 2, ""legs_mgmt"": ""fixed"", ""leg_window"": 120, ""ma"": 0, ""dyn"": true, ""entry_mode"": ""close"", ""pb_frac"": 0.3, ""pb_wait"": 15, ""gap"": ""off"", ""body_min"": 0.7, ""volf"": ""off"", ""dow"": ""none"", ""big_thr"": 10, ""big_sl"": 50, ""big_tp"": 200, ""std_sl"": 25, ""std_tp"": 60, ""leg_gap"": 20, ""leg_sl"": 35, ""leg_tp"": 140, ""gap_min"": 100, ""be_at"": 2.0, ""partial"": 0, ""trail"": 2.0}",0.982,0.589,0.589,-99.0,-0.804,-99.0,1.342,0.942,0.942,1.458,0.95,0.95
NDX100,"{""entry_tf"": 1, ""vwap"": true, ""time_stop"": 120, ""legs"": false, ""leg_max"": 2, ""legs_mgmt"": ""same"", ""leg_window"": 120, ""ma"": 0, ""dyn"": false, ""entry_mode"": ""close"", ""pb_frac"": 0.5, ""pb_wait"": 5, ""gap"": ""off"", ""body_min"": 0.7, ""volf"": ""off"", ""dow"": ""none"", ""big_thr"": 10, ""big_sl"": 30, ""big_tp"": 130, ""std_sl"": 15, ""std_tp"": 0, ""leg_gap"": 15, ""leg_sl"": 45, ""leg_tp"": 0, ""gap_min"": 50, ""be_at"": 0, ""partial"": 0, ""trail"": 0}",1.651,0.708,0.708,-99.0,-0.735,-99.0,1.563,0.679,0.679,1.094,0.429,0.429
NDX100,"{""entry_tf"": 1, ""vwap"": true, ""time_stop"": 120, ""legs"": true, ""leg_max"": 6, ""legs_mgmt"": ""same"", ""leg_window"": 30, ""ma"": 100, ""dyn"": false, ""entry_mode"": ""close"", ""pb_frac"": 0.3, ""pb_wait"": 5, ""gap"": ""off"", ""body_min"": 0.5, ""volf"": ""off"", ""dow"": ""fri"", ""big_thr"": 15, ""big_sl"": 50, ""big_tp"": 150, ""std_sl"": 35, ""std_tp"": 42, ""leg_gap"": 25, ""leg_sl"": 35, ""leg_tp"": 90, ""gap_min"": 100, ""be_at"": 0, ""partial"": 1.5, ""trail"": 1.5}",1.504,0.825,0.825,1.599,0.872,0.872,1.431,0.659,0.659,0.88,0.348,0.348
NDX100,"{""entry_tf"": 1, ""vwap"": true, ""time_stop"": 120, ""legs"": true, ""leg_max"": 6, ""legs_mgmt"": ""same"", ""leg_window"": 60, ""ma"": 0, ""dyn"": false, ""entry_mode"": ""close"", ""pb_frac"": 0.3, ""pb_wait"": 30, ""gap"": ""off"", ""body_min"": 0.7, ""volf"": ""off"", ""dow"": ""none"", ""big_thr"": 20, ""big_sl"": 35, ""big_tp"": 115, ""std_sl"": 30, ""std_tp"": 42, ""leg_gap"": 10, ""leg_sl"": 35, ""leg_tp"": 115, ""gap_min"": 0, ""be_at"": 2.0, ""partial"": 1.0, ""trail"": 3.0}",1.875,1.612,1.612,0.708,0.699,0.699,1.05,1.057,1.05,1.132,0.894,0.894
NDX100,"{""entry_tf"": 1, ""vwap"": true, ""time_stop"": 999, ""legs"": true, ""leg_max"": 4, ""legs_mgmt"": ""fixed"", ""leg_window"": 30, ""ma"": 0, ""dyn"": false, ""entry_mode"": ""close"", ""pb_frac"": 0.7, ""pb_wait"": 15, ""gap"": ""off"", ""body_min"": 0.7, ""volf"": ""off"", ""dow"": ""none"", ""big_thr"": 25, ""big_sl"": 50, ""big_tp"": 115, ""std_sl"": 35, ""std_tp"": 42, ""leg_gap"": 10, ""leg_sl"": 45, ""leg_tp"": 0, ""gap_min"": 50, ""be_at"": 2.0, ""partial"": 1.5, ""trail"": 2.0}",1.684,1.124,1.124,1.197,0.728,0.728,1.037,0.498,0.498,0.97,0.553,0.553
NDX100,"{""entry_tf"": 5, ""vwap"": false, ""time_stop"": 120, ""legs"": false, ""leg_max"": 1, ""legs_mgmt"": ""same"", ""leg_window"": 120, ""ma"": 100, ""dyn"": false, ""entry_mode"": ""close"", ""pb_frac"": 0.3, ""pb_wait"": 5, ""gap"": ""off"", ""body_min"": 0.5, ""volf"": ""off"", ""dow"": ""none"", ""big_thr"": 10, ""big_sl"": 40, ""big_tp"": 130, ""std_sl"": 15, ""std_tp"": 50, ""leg_gap"": 15, ""leg_sl"": 45, ""leg_tp"": 0, ""gap_min"": 100, ""be_at"": 0, ""partial"": 2.0, ""trail"": 0}",0.533,0.392,0.392,2.0,1.276,1.276,1.48,0.883,0.883,1.429,0.91,0.91
NDX100,"{""entry_tf"": 1, ""vwap"": true, ""time_stop"": 90, ""legs"": true, ""leg_max"": 4, ""legs_mgmt"": ""fixed"", ""leg_window"": 120, ""ma"": 0, ""dyn"": false, ""entry_mode"": ""close"", ""pb_frac"": 0.7, ""pb_wait"": 5, ""gap"": ""off"", ""body_min"": 0.7, ""volf"": ""off"", ""dow"": ""none"", ""big_thr"": 15, ""big_sl"": 35, ""big_tp"": 150, ""std_sl"": 30, ""std_tp"": 42, ""leg_gap"": 15, ""leg_sl"": 45, ""leg_tp"": 0, ""gap_min"": 50, ""be_at"": 1.0, ""partial"": 1.0, ""trail"": 2.0}",1.845,0.775,0.775,0.642,-0.163,-0.163,1.285,0.404,0.404,1.08,0.285,0.285
NDX100,"{""entry_tf"": 1, ""vwap"": true, ""time_stop"": 999, ""legs"": false, ""leg_max"": 6, ""legs_mgmt"": ""same"", ""leg_window"": 120, ""ma"": 100, ""dyn"": false, ""entry_mode"": ""close"", ""pb_frac"": 0.7, ""pb_wait"": 15, ""gap"": ""off"", ""body_min"": 0.5, ""volf"": ""skip_low"", ""dow"": ""none"", ""big_thr"": 10, ""big_sl"": 50, ""big_tp"": 100, ""std_sl"": 15, ""std_tp"": 80, ""leg_gap"": 25, ""leg_sl"": 25, ""leg_tp"": 115, ""gap_min"": 20, ""be_at"": 0, ""partial"": 2.0, ""trail"": 2.0}",0.883,0.703,0.703,1.576,1.279,1.279,-99.0,-0.489,-99.0,1.215,0.953,0.953
NDX100,"{""entry_tf"": 1, ""vwap"": true, ""time_stop"": 180, ""legs"": true, ""leg_max"": 1, ""legs_mgmt"": ""fixed"", ""leg_window"": 60, ""ma"": 100, ""dyn"": false, ""entry_mode"": ""close"", ""pb_frac"": 0.5, ""pb_wait"": 30, ""gap"": ""with"", ""body_min"": 0.3, ""volf"": ""off"", ""dow"": ""none"", ""big_thr"": 10, ""big_sl"": 50, ""big_tp"": 200, ""std_sl"": 15, ""std_tp"": 0, ""leg_gap"": 10, ""leg_sl"": 35, ""leg_tp"": 0, ""gap_min"": 0, ""be_at"": 1.5, ""partial"": 0, ""trail"": 1.0}",0.772,0.589,0.589,0.694,0.221,0.221,1.415,1.013,1.013,1.566,1.409,1.409
NDX100,"{""entry_tf"": 1, ""vwap"": true, ""time_stop"": 240, ""legs"": false, ""leg_max"": 1, ""legs_mgmt"": ""same"", ""leg_window"": 120, ""ma"": 100, ""dyn"": false, ""entry_mode"": ""close"", ""pb_frac"": 0.3, ""pb_wait"": 5, ""gap"": ""off"", ""body_min"": 0.3, ""volf"": ""off"", ""dow"": ""none"", ""big_thr"": 15, ""big_sl"": 50, ""big_tp"": 115, ""std_sl"": 25, ""std_tp"": 0, ""leg_gap"": 15, ""leg_sl"": 45, ""leg_tp"": 60, ""gap_min"": 0, ""be_at"": 0, ""partial"": 0, ""trail"": 1.5}",0.964,0.838,0.838,1.044,0.933,0.933,1.338,1.171,1.171,1.528,1.376,1.376
NDX100,"{""entry_tf"": 5, ""vwap"": false, ""time_stop"": 120, ""legs"": false, ""leg_max"": 2, ""legs_mgmt"": ""same"", ""leg_window"": 60, ""ma"": 0, ""dyn"": false, ""entry_mode"": ""close"", ""pb_frac"": 0.7, ""pb_wait"": 5, ""gap"": ""off"", ""body_min"": 0.7, ""volf"": ""off"", ""dow"": ""none"", ""big_thr"": 10, ""big_sl"": 30, ""big_tp"": 200, ""std_sl"": 35, ""std_tp"": 80, ""leg_gap"": 25, ""leg_sl"": 35, ""leg_tp"": 140, ""gap_min"": 50, ""be_at"": 0, ""partial"": 1.5, ""trail"": 1.5}",1.893,1.2,1.2,1.323,0.615,0.615,1.816,1.197,1.197,0.721,0.208,0.208
NDX100,"{""entry_tf"": 5, ""vwap"": false, ""time_stop"": 120, ""legs"": false, ""leg_max"": 6, ""legs_mgmt"": ""fixed"", ""leg_window"": 60, ""ma"": 0, ""dyn"": true, ""entry_mode"": ""close"", ""pb_frac"": 0.5, ""pb_wait"": 30, ""gap"": ""off"", ""body_min"": 0.3, ""volf"": ""skip_high"", ""dow"": ""none"", ""big_thr"": 15, ""big_sl"": 40, ""big_tp"": 0, ""std_sl"": 20, ""std_tp"": 60, ""leg_gap"": 20, ""leg_sl"": 35, ""leg_tp"": 140, ""gap_min"": 50, ""be_at"": 1.0, ""partial"": 3.0, ""trail"": 1.5}",1.563,1.268,1.268,0.578,0.328,0.328,2.029,1.68,1.68,0.784,0.468,0.468
NDX100,"{""entry_tf"": 5, ""vwap"": false, ""time_stop"": 120, ""legs"": true, ""leg_max"": 6, ""legs_mgmt"": ""same"", ""leg_window"": 30, ""ma"": 100, ""dyn"": false, ""entry_mode"": ""close"", ""pb_frac"": 0.3, ""pb_wait"": 5, ""gap"": ""off"", ""body_min"": 0.5, ""volf"": ""off"", ""dow"": ""fri"", ""big_thr"": 10, ""big_sl"": 35, ""big_tp"": 100, ""std_sl"": 35, ""std_tp"": 42, ""leg_gap"": 10, ""leg_sl"": 35, ""leg_tp"": 60, ""gap_min"": 0, ""be_at"": 0, ""partial"": 0, ""trail"": 0}",0.637,0.323,0.323,1.723,1.333,1.333,1.34,1.012,1.012,1.172,0.844,0.844
NDX100,"{""entry_tf"": 5, ""vwap"": false, ""time_stop"": 120, ""legs"": true, ""leg_max"": 6, ""legs_mgmt"": ""same"", ""leg_window"": 60, ""ma"": 0, ""dyn"": true, ""entry_mode"": ""close"", ""pb_frac"": 0.5, ""pb_wait"": 15, ""gap"": ""with"", ""body_min"": 0.5, ""volf"": ""off"", ""dow"": ""none"", ""big_thr"": 20, ""big_sl"": 30, ""big_tp"": 0, ""std_sl"": 30, ""std_tp"": 50, ""leg_gap"": 10, ""leg_sl"": 45, ""leg_tp"": 140, ""gap_min"": 0, ""be_at"": 0, ""partial"": 3.0, ""trail"": 3.0}",0.716,0.256,0.256,0.433,0.126,0.126,1.265,0.682,0.682,1.903,0.983,0.983
NDX100,"{""entry_tf"": 5, ""vwap"": false, ""time_stop"": 120, ""legs"": true, ""leg_max"": 2, ""legs_mgmt"": ""same"", ""leg_window"": 60, ""ma"": 100, ""dyn"": true, ""entry_mode"": ""close"", ""pb_frac"": 0.7, ""pb_wait"": 30, ""gap"": ""off"", ""body_min"": 0.5, ""volf"": ""off"", ""dow"": ""fri"", ""big_thr"": 10, ""big_sl"": 40, ""big_tp"": 0, ""std_sl"": 30, ""std_tp"": 42, ""leg_gap"": 20, ""leg_sl"": 25, ""leg_tp"": 90, ""gap_min"": 100, ""be_at"": 2.0, ""partial"": 3.0, ""trail"": 2.0}",1.736,1.278,1.278,1.666,1.284,1.284,2.267,1.833,1.833,1.343,1.1,1.1
NDX100,"{""entry_tf"": 5, ""vwap"": false, ""time_stop"": 120, ""legs"": true, ""leg_max"": 6, ""legs_mgmt"": ""fixed"", ""leg_window"": 60, ""ma"": 0, ""dyn"": false, ""entry_mode"": ""close"", ""pb_frac"": 0.3, ""pb_wait"": 30, ""gap"": ""off"", ""body_min"": 0.5, ""volf"": ""skip_low"", ""dow"": ""none"", ""big_thr"": 15, ""big_sl"": 40, ""big_tp"": 0, ""std_sl"": 35, ""std_tp"": 80, ""leg_gap"": 25, ""leg_sl"": 25, ""leg_tp"": 90, ""gap_min"": 20, ""be_at"": 0, ""partial"": 0, ""trail"": 2.0}",0.097,0.019,0.019,1.521,1.395,1.395,1.209,1.22,1.209,1.835,1.629,1.629
NDX100,"{""entry_tf"": 5, ""vwap"": false, ""time_stop"": 120, ""legs"": false, ""leg_max"": 6, ""legs_mgmt"": ""same"", ""leg_window"": 60, ""ma"": 0, ""dyn"": false, ""entry_mode"": ""close"", ""pb_frac"": 0.7, ""pb_wait"": 5, ""gap"": ""off"", ""body_min"": 0.7, ""volf"": ""off"", ""dow"": ""none"", ""big_thr"": 10, ""big_sl"": 35, ""big_tp"": 200, ""std_sl"": 35, ""std_tp"": 60, ""leg_gap"": 25, ""leg_sl"": 45, ""leg_tp"": 140, ""gap_min"": 100, ""be_at"": 2.0, ""partial"": 2.0, ""trail"": 1.5}",1.67,1.172,1.172,1.255,0.711,0.711,1.798,1.289,1.289,0.753,0.444,0.444
NDX100,"{""entry_tf"": 5, ""vwap"": false, ""time_stop"": 120, ""legs"": true, ""leg_max"": 2, ""legs_mgmt"": ""same"", ""leg_window"": 30, ""ma"": 100, ""dyn"": false, ""entry_mode"": ""close"", ""pb_frac"": 0.5, ""pb_wait"": 5, ""gap"": ""off"", ""body_min"": 0.5, ""volf"": ""off"", ""dow"": ""none"", ""big_thr"": 15, ""big_sl"": 25, ""big_tp"": 200, ""std_sl"": 30, ""std_tp"": 0, ""leg_gap"": 10, ""leg_sl"": 25, ""leg_tp"": 60, ""gap_min"": 50, ""be_at"": 2.0, ""partial"": 3.0, ""trail"": 3.0}",1.806,1.444,1.444,1.811,1.529,1.529,2.235,1.911,1.911,1.61,1.322,1.322
NDX100,"{""entry_tf"": 5, ""vwap"": false, ""time_stop"": 180, ""legs"": false, ""leg_max"": 1, ""legs_mgmt"": ""fixed"", ""leg_window"": 30, ""ma"": 100, ""dyn"": false, ""entry_mode"": ""close"", ""pb_frac"": 0.3, ""pb_wait"": 5, ""gap"": ""off"", ""body_min"": 0.3, ""volf"": ""skip_high"", ""dow"": ""none"", ""big_thr"": 15, ""big_sl"": 30, ""big_tp"": 200, ""std_sl"": 20, ""std_tp"": 0, ""leg_gap"": 25, ""leg_sl"": 45, ""leg_tp"": 115, ""gap_min"": 20, ""be_at"": 2.0, ""partial"": 0, ""trail"": 2.0}",1.678,1.172,1.172,0.788,0.475,0.475,2.775,2.202,2.202,0.785,0.591,0.591
NDX100,"{""entry_tf"": 5, ""vwap"": false, ""time_stop"": 180, ""legs"": false, ""leg_max"": 1, ""legs_mgmt"": ""fixed"", ""leg_window"": 60, ""ma"": 100, ""dyn"": false, ""entry_mode"": ""close"", ""pb_frac"": 0.3, ""pb_wait"": 15, ""gap"": ""off"", ""body_min"": 0.5, ""volf"": ""off"", ""dow"": ""fri"", ""big_thr"": 25, ""big_sl"": 35, ""big_tp"": 0, ""std_sl"": 25, ""std_tp"": 80, ""leg_gap"": 25, ""leg_sl"": 45, ""leg_tp"": 140, ""gap_min"": 0, ""be_at"": 1.5, ""partial"": 0, ""trail"": 1.5}",1.88,1.35,1.35,1.541,1.234,1.234,2.526,1.924,1.924,1.384,1.125,1.125
NDX100,"{""entry_tf"": 5, ""vwap"": false, ""time_stop"": 180, ""legs"": false, ""leg_max"": 2, ""legs_mgmt"": ""same"", ""leg_window"": 120, ""ma"": 0, ""dyn"": true, ""entry_mode"": ""close"", ""pb_frac"": 0.3, ""pb_wait"": 15, ""gap"": ""off"", ""body_min"": 0.7, ""volf"": ""off"", ""dow"": ""none"", ""big_thr"": 10, ""big_sl"": 40, ""big_tp"": 115, ""std_sl"": 20, ""std_tp"": 80, ""leg_gap"": 20, ""leg_sl"": 25, ""leg_tp"": 115, ""gap_min"": 20, ""be_at"": 1.0, ""partial"": 2.0, ""trail"": 3.0}",1.609,1.007,1.007,1.163,0.571,0.571,1.989,1.231,1.231,0.563,0.187,0.187
NDX100,"{""entry_tf"": 5, ""vwap"": false, ""time_stop"": 180, ""legs"": false, ""leg_max"": 4, ""legs_mgmt"": ""same"", ""leg_window"": 60, ""ma"": 100, ""dyn"": true, ""entry_mode"": ""close"", ""pb_frac"": 0.3, ""pb_wait"": 15, ""gap"": ""off"", ""body_min"": 0.5, ""volf"": ""off"", ""dow"": ""none"", ""big_thr"": 10, ""big_sl"": 35, ""big_tp"": 200, ""std_sl"": 35, ""std_tp"": 50, ""leg_gap"": 25, ""leg_sl"": 35, ""leg_tp"": 115, ""gap_min"": 0, ""be_at"": 0, ""partial"": 2.0, ""trail"": 3.0}",1.258,0.841,0.841,1.079,0.725,0.725,1.26,0.873,0.873,1.497,1.04,1.04
NDX100,"{""entry_tf"": 5, ""vwap"": false, ""time_stop"": 180, ""legs"": false, ""leg_max"": 1, ""legs_mgmt"": ""same"", ""leg_window"": 30, ""ma"": 100, ""dyn"": false, ""entry_mode"": ""close"", ""pb_frac"": 0.7, ""pb_wait"": 15, ""gap"": ""off"", ""body_min"": 0.5, ""volf"": ""skip_low"", ""dow"": ""none"", ""big_thr"": 10, ""big_sl"": 50, ""big_tp"": 130, ""std_sl"": 35, ""std_tp"": 50, ""leg_gap"": 15, ""leg_sl"": 35, ""leg_tp"": 0, ""gap_min"": 20, ""be_at"": 0, ""partial"": 1.0, ""trail"": 0}",0.911,0.235,0.235,1.549,0.802,0.802,1.414,0.752,0.752,1.628,0.865,0.865
NDX100,"{""entry_tf"": 5, ""vwap"": false, ""time_stop"": 180, ""legs"": false, ""leg_max"": 1, ""legs_mgmt"": ""same"", ""leg_window"": 60, ""ma"": 100, ""dyn"": true, ""entry_mode"": ""close"", ""pb_frac"": 0.7, ""pb_wait"": 5, ""gap"": ""off"", ""body_min"": 0.5, ""volf"": ""off"", ""dow"": ""none"", ""big_thr"": 25, ""big_sl"": 30, ""big_tp"": 150, ""std_sl"": 20, ""std_tp"": 30, ""leg_gap"": 10, ""leg_sl"": 25, ""leg_tp"": 60, ""gap_min"": 20, ""be_at"": 0, ""partial"": 2.0, ""trail"": 0}",1.261,0.931,0.931,0.884,0.593,0.593,1.221,0.879,0.879,1.472,0.951,0.951
NDX100,"{""entry_tf"": 5, ""vwap"": false, ""time_stop"": 180, ""legs"": true, ""leg_max"": 1, ""legs_mgmt"": ""fixed"", ""leg_window"": 60, ""ma"": 100, ""dyn"": true, ""entry_mode"": ""close"", ""pb_frac"": 0.7, ""pb_wait"": 5, ""gap"": ""with"", ""body_min"": 0, ""volf"": ""off"", ""dow"": ""none"", ""big_thr"": 20, ""big_sl"": 40, ""big_tp"": 0, ""std_sl"": 35, ""std_tp"": 42, ""leg_gap"": 25, ""leg_sl"": 35, ""leg_tp"": 115, ""gap_min"": 20, ""be_at"": 0, ""partial"": 3.0, ""trail"": 0}",0.335,-0.066,-0.066,1.581,0.975,0.975,1.998,1.365,1.365,1.076,0.555,0.555
NDX100,"{""entry_tf"": 5, ""vwap"": false, ""time_stop"": 180, ""legs"": true, ""leg_max"": 1, ""legs_mgmt"": ""same"", ""leg_window"": 120, ""ma"": 0, ""dyn"": true, ""entry_mode"": ""close"", ""pb_frac"": 0.5, ""pb_wait"": 30, ""gap"": ""off"", ""body_min"": 0.5, ""volf"": ""off"", ""dow"": ""none"", ""big_thr"": 20, ""big_sl"": 40, ""big_tp"": 0, ""std_sl"": 20, ""std_tp"": 0, ""leg_gap"": 25, ""leg_sl"": 35, ""leg_tp"": 140, ""gap_min"": 20, ""be_at"": 0.5, ""partial"": 3.0, ""trail"": 1.5}",1.921,1.574,1.574,1.243,0.897,0.897,1.863,1.572,1.572,0.95,0.713,0.713
NDX100,"{""entry_tf"": 5, ""vwap"": false, ""time_stop"": 180, ""legs"": false, ""leg_max"": 6, ""legs_mgmt"": ""fixed"", ""leg_window"": 60, ""ma"": 100, ""dyn"": false, ""entry_mode"": ""close"", ""pb_frac"": 0.3, ""pb_wait"": 15, ""gap"": ""off"", ""body_min"": 0.3, ""volf"": ""skip_high"", ""dow"": ""none"", ""big_thr"": 10, ""big_sl"": 50, ""big_tp"": 150, ""std_sl"": 35, ""std_tp"": 60, ""leg_gap"": 15, ""leg_sl"": 35, ""leg_tp"": 140, ""gap_min"": 0, ""be_at"": 1.0, ""partial"": 3.0, ""trail"": 1.0}",1.086,0.877,0.877,0.446,0.369,0.369,2.04,1.705,1.705,0.748,0.576,0.576
NDX100,"{""entry_tf"": 5, ""vwap"": false, ""time_stop"": 180, ""legs"": false, ""leg_max"": 6, ""legs_mgmt"": ""fixed"", ""leg_window"": 60, ""ma"": 100, ""dyn"": false, ""entry_mode"": ""close"", ""pb_frac"": 0.5, ""pb_wait"": 15, ""gap"": ""off"", ""body_min"": 0.3, ""volf"": ""skip_high"", ""dow"": ""none"", ""big_thr"": 15, ""big_sl"": 40, ""big_tp"": 80, ""std_sl"": 35, ""std_tp"": 50, ""leg_gap"": 20, ""leg_sl"": 35, ""leg_tp"": 0, ""gap_min"": 20, ""be_at"": 0, ""partial"": 2.0, ""trail"": 2.0}",0.679,0.462,0.462,0.447,0.405,0.405,2.038,1.612,1.612,0.405,0.321,0.321
NDX100,"{""entry_tf"": 5, ""vwap"": false, ""time_stop"": 180, ""legs"": true, ""leg_max"": 1, ""legs_mgmt"": ""same"", ""leg_window"": 30, ""ma"": 0, ""dyn"": false, ""entry_mode"": ""close"", ""pb_frac"": 0.7, ""pb_wait"": 15, ""gap"": ""off"", ""body_min"": 0.5, ""volf"": ""off"", ""dow"": ""fri"", ""big_thr"": 10, ""big_sl"": 35, ""big_tp"": 200, ""std_sl"": 25, ""std_tp"": 80, ""leg_gap"": 25, ""leg_sl"": 45, ""leg_tp"": 140, ""gap_min"": 100, ""be_at"": 1.5, ""partial"": 3.0, ""trail"": 1.0}",1.147,0.813,0.813,1.206,0.839,0.839,2.019,1.479,1.479,1.21,0.843,0.843
NDX100,"{""entry_tf"": 5, ""vwap"": false, ""time_stop"": 180, ""legs"": true, ""leg_max"": 2, ""legs_mgmt"": ""same"", ""leg_window"": 120, ""ma"": 100, ""dyn"": false, ""entry_mode"": ""close"", ""pb_frac"": 0.7, ""pb_wait"": 5, ""gap"": ""off"", ""body_min"": 0.5, ""volf"": ""off"", ""dow"": ""fri"", ""big_thr"": 10, ""big_sl"": 50, ""big_tp"": 115, ""std_sl"": 35, ""std_tp"": 50, ""leg_gap"": 10, ""leg_sl"": 25, ""leg_tp"": 0, ""gap_min"": 100, ""be_at"": 2.0, ""partial"": 1.5, ""trail"": 2.0}",0.872,0.405,0.405,1.443,0.958,0.958,2.08,1.549,1.549,1.155,0.876,0.876
NDX100,"{""entry_tf"": 5, ""vwap"": false, ""time_stop"": 180, ""legs"": false, ""leg_max"": 6, ""legs_mgmt"": ""fixed"", ""leg_window"": 60, ""ma"": 100, ""dyn"": false, ""entry_mode"": ""close"", ""pb_frac"": 0.7, ""pb_wait"": 15, ""gap"": ""off"", ""body_min"": 0.5, ""volf"": ""off"", ""dow"": ""none"", ""big_thr"": 25, ""big_sl"": 40, ""big_tp"": 60, ""std_sl"": 25, ""std_tp"": 80, ""leg_gap"": 25, ""leg_sl"": 35, ""leg_tp"": 60, ""gap_min"": 100, ""be_at"": 1.0, ""partial"": 0, ""trail"": 2.0}",1.935,1.705,1.705,0.738,0.708,0.708,1.806,1.539,1.539,0.894,0.753,0.753
NDX100,"{""entry_tf"": 5, ""vwap"": false, ""time_stop"": 180, ""legs"": true, ""leg_max"": 1, ""legs_mgmt"": ""fixed"", ""leg_window"": 30, ""ma"": 100, ""dyn"": false, ""entry_mode"": ""close"", ""pb_frac"": 0.5, ""pb_wait"": 30, ""gap"": ""off"", ""body_min"": 0.5, ""volf"": ""off"", ""dow"": ""none"", ""big_thr"": 15, ""big_sl"": 30, ""big_tp"": 150, ""std_sl"": 30, ""std_tp"": 80, ""leg_gap"": 15, ""leg_sl"": 25, ""leg_tp"": 115, ""gap_min"": 20, ""be_at"": 1.5, ""partial"": 1.5, ""trail"": 3.0}",1.101,1.121,1.101,1.275,1.264,1.264,1.96,2.007,1.96,1.166,1.1,1.1
NDX100,"{""entry_tf"": 5, ""vwap"": false, ""time_stop"": 180, ""legs"": true, ""leg_max"": 6, ""legs_mgmt"": ""same"", ""leg_window"": 30, ""ma"": 100, ""dyn"": true, ""entry_mode"": ""close"", ""pb_frac"": 0.7, ""pb_wait"": 5, ""gap"": ""off"", ""body_min"": 0.5, ""volf"": ""skip_low"", ""dow"": ""none"", ""big_thr"": 20, ""big_sl"": 50, ""big_tp"": 130, ""std_sl"": 15, ""std_tp"": 42, ""leg_gap"": 15, ""leg_sl"": 25, ""leg_tp"": 90, ""gap_min"": 20, ""be_at"": 0, ""partial"": 3.0, ""trail"": 1.5}",0.767,0.724,0.724,1.634,1.243,1.243,1.326,1.161,1.161,0.938,0.848,0.848
NDX100,"{""entry_tf"": 5, ""vwap"": false, ""time_stop"": 240, ""legs"": false, ""leg_max"": 1, ""legs_mgmt"": ""fixed"", ""leg_window"": 120, ""ma"": 100, ""dyn"": false, ""entry_mode"": ""close"", ""pb_frac"": 0.7, ""pb_wait"": 5, ""gap"": ""with"", ""body_min"": 0, ""volf"": ""skip_high"", ""dow"": ""none"", ""big_thr"": 15, ""big_sl"": 35, ""big_tp"": 200, ""std_sl"": 15, ""std_tp"": 0, ""leg_gap"": 20, ""leg_sl"": 35, ""leg_tp"": 90, ""gap_min"": 0, ""be_at"": 1.0, ""partial"": 0, ""trail"": 0}",0.96,0.415,0.415,0.901,0.364,0.364,2.171,1.288,1.288,1.362,0.678,0.678
NDX100,"{""entry_tf"": 5, ""vwap"": false, ""time_stop"": 180, ""legs"": true, ""leg_max"": 2, ""legs_mgmt"": ""same"", ""leg_window"": 60, ""ma"": 100, ""dyn"": false, ""entry_mode"": ""close"", ""pb_frac"": 0.3, ""pb_wait"": 15, ""gap"": ""off"", ""body_min"": 0.5, ""volf"": ""off"", ""dow"": ""none"", ""big_thr"": 15, ""big_sl"": 50, ""big_tp"": 115, ""std_sl"": 25, ""std_tp"": 50, ""leg_gap"": 20, ""leg_sl"": 25, ""leg_tp"": 115, ""gap_min"": 100, ""be_at"": 2.0, ""partial"": 0, ""trail"": 1.5}",1.311,1.254,1.254,1.512,1.508,1.508,2.217,2.129,2.129,1.429,1.389,1.389
NDX100,"{""entry_tf"": 5, ""vwap"": false, ""time_stop"": 180, ""legs"": true, ""leg_max"": 4, ""legs_mgmt"": ""same"", ""leg_window"": 30, ""ma"": 0, ""dyn"": false, ""entry_mode"": ""close"", ""pb_frac"": 0.3, ""pb_wait"": 15, ""gap"": ""off"", ""body_min"": 0.7, ""volf"": ""off"", ""dow"": ""none"", ""big_thr"": 10, ""big_sl"": 30, ""big_tp"": 0, ""std_sl"": 20, ""std_tp"": 60, ""leg_gap"": 15, ""leg_sl"": 25, ""leg_tp"": 0, ""gap_min"": 20, ""be_at"": 0, ""partial"": 2.0, ""trail"": 3.0}",1.911,1.399,1.399,1.969,1.416,1.416,2.45,1.865,1.865,1.321,0.968,0.968
NDX100,"{""entry_tf"": 5, ""vwap"": false, ""time_stop"": 180, ""legs"": true, ""leg_max"": 4, ""legs_mgmt"": ""same"", ""leg_window"": 60, ""ma"": 0, ""dyn"": false, ""entry_mode"": ""close"", ""pb_frac"": 0.7, ""pb_wait"": 30, ""gap"": ""off"", ""body_min"": 0.7, ""volf"": ""off"", ""dow"": ""none"", ""big_thr"": 20, ""big_sl"": 35, ""big_tp"": 0, ""std_sl"": 20, ""std_tp"": 80, ""leg_gap"": 15, ""leg_sl"": 45, ""leg_tp"": 0, ""gap_min"": 50, ""be_at"": 0, ""partial"": 1.5, ""trail"": 0}",1.549,0.645,0.645,1.365,0.419,0.419,1.94,0.751,0.751,1.597,0.464,0.464
NDX100,"{""entry_tf"": 5, ""vwap"": false, ""time_stop"": 180, ""legs"": true, ""leg_max"": 4, ""legs_mgmt"": ""same"", ""leg_window"": 60, ""ma"": 0, ""dyn"": false, ""entry_mode"": ""close"", ""pb_frac"": 0.7, ""pb_wait"": 5, ""gap"": ""off"", ""body_min"": 0.3, ""volf"": ""off"", ""dow"": ""fri"", ""big_thr"": 25, ""big_sl"": 35, ""big_tp"": 130, ""std_sl"": 35, ""std_tp"": 80, ""leg_gap"": 25, ""leg_sl"": 25, ""leg_tp"": 0, ""gap_min"": 20, ""be_at"": 1.0, ""partial"": 0, ""trail"": 2.0}",0.832,0.385,0.385,1.103,0.84,0.84,2.014,1.487,1.487,-99.0,-0.633,-99.0
NDX100,"{""entry_tf"": 5, ""vwap"": false, ""time_stop"": 240, ""legs"": false, ""leg_max"": 4, ""legs_mgmt"": ""same"", ""leg_window"": 120, ""ma"": 100, ""dyn"": true, ""entry_mode"": ""close"", ""pb_frac"": 0.7, ""pb_wait"": 5, ""gap"": ""off"", ""body_min"": 0.5, ""volf"": ""off"", ""dow"": ""fri"", ""big_thr"": 20, ""big_sl"": 40, ""big_tp"": 0, ""std_sl"": 35, ""std_tp"": 60, ""leg_gap"": 10, ""leg_sl"": 35, ""leg_tp"": 0, ""gap_min"": 100, ""be_at"": 2.0, ""partial"": 0, ""trail"": 1.5}",2.155,1.42,1.42,1.583,1.241,1.241,2.561,1.901,1.901,1.306,0.991,0.991
NDX100,"{""entry_tf"": 5, ""vwap"": false, ""time_stop"": 240, ""legs"": false, ""leg_max"": 4, ""legs_mgmt"": ""same"", ""leg_window"": 30, ""ma"": 0, ""dyn"": true, ""entry_mode"": ""close"", ""pb_frac"": 0.5, ""pb_wait"": 15, ""gap"": ""off"", ""body_min"": 0.5, ""volf"": ""off"", ""dow"": ""none"", ""big_thr"": 10, ""big_sl"": 30, ""big_tp"": 130, ""std_sl"": 15, ""std_tp"": 42, ""leg_gap"": 20, ""leg_sl"": 35, ""leg_tp"": 115, ""gap_min"": 100, ""be_at"": 0.5, ""partial"": 3.0, ""trail"": 2.0}",1.573,1.476,1.476,1.348,1.255,1.255,1.528,1.434,1.434,0.19,-0.104,-0.104
NDX100,"{""entry_tf"": 5, ""vwap"": false, ""time_stop"": 240, ""legs"": false, ""leg_max"": 1, ""legs_mgmt"": ""same"", ""leg_window"": 60, ""ma"": 0, ""dyn"": false, ""entry_mode"": ""close"", ""pb_frac"": 0.3, ""pb_wait"": 5, ""gap"": ""off"", ""body_min"": 0.3, ""volf"": ""off"", ""dow"": ""none"", ""big_thr"": 15, ""big_sl"": 50, ""big_tp"": 150, ""std_sl"": 25, ""std_tp"": 60, ""leg_gap"": 10, ""leg_sl"": 35, ""leg_tp"": 140, ""gap_min"": 100, ""be_at"": 0, ""partial"": 0, ""trail"": 2.0}",1.039,0.814,0.814,1.59,1.332,1.332,2.224,1.854,1.854,1.478,1.299,1.299
NDX100,"{""entry_tf"": 5, ""vwap"": false, ""time_stop"": 240, ""legs"": false, ""leg_max"": 2, ""legs_mgmt"": ""fixed"", ""leg_window"": 120, ""ma"": 0, ""dyn"": false, ""entry_mode"": ""close"", ""pb_frac"": 0.7, ""pb_wait"": 15, ""gap"": ""off"", ""body_min"": 0.5, ""volf"": ""off"", ""dow"": ""fri"", ""big_thr"": 25, ""big_sl"": 35, ""big_tp"": 200, ""std_sl"": 25, ""std_tp"": 42, ""leg_gap"": 10, ""leg_sl"": 45, ""leg_tp"": 140, ""gap_min"": 0, ""be_at"": 1.0, ""partial"": 2.0, ""trail"": 0}",0.757,0.466,0.466,1.026,0.517,0.517,2.059,1.431,1.431,0.86,0.481,0.481
NDX100,"{""entry_tf"": 5, ""vwap"": false, ""time_stop"": 240, ""legs"": false, ""leg_max"": 6, ""legs_mgmt"": ""same"", ""leg_window"": 60, ""ma"": 100, ""dyn"": false, ""entry_mode"": ""close"", ""pb_frac"": 0.7, ""pb_wait"": 5, ""gap"": ""off"", ""body_min"": 0.5, ""volf"": ""off"", ""dow"": ""fri"", ""big_thr"": 25, ""big_sl"": 50, ""big_tp"": 80, ""std_sl"": 15, ""std_tp"": 80, ""leg_gap"": 25, ""leg_sl"": 25, ""leg_tp"": 0, ""gap_min"": 50, ""be_at"": 2.0, ""partial"": 1.0, ""trail"": 0}",1.702,1.26,1.26,0.662,0.449,0.449,1.469,1.11,1.11,0.923,0.513,0.513
NDX100,"{""entry_tf"": 5, ""vwap"": false, ""time_stop"": 240, ""legs"": true, ""leg_max"": 1, ""legs_mgmt"": ""fixed"", ""leg_window"": 30, ""ma"": 100, ""dyn"": false, ""entry_mode"": ""close"", ""pb_frac"": 0.7, ""pb_wait"": 15, ""gap"": ""off"", ""body_min"": 0.3, ""volf"": ""skip_high"", ""dow"": ""none"", ""big_thr"": 20, ""big_sl"": 30, ""big_tp"": 60, ""std_sl"": 25, ""std_tp"": 0, ""leg_gap"": 15, ""leg_sl"": 25, ""leg_tp"": 115, ""gap_min"": 20, ""be_at"": 1.5, ""partial"": 0, ""trail"": 1.5}",1.632,1.222,1.222,-99.0,-1.0,-99.0,2.09,1.601,1.601,1.132,0.839,0.839
NDX100,"{""entry_tf"": 5, ""vwap"": false, ""time_stop"": 240, ""legs"": true, ""leg_max"": 1, ""legs_mgmt"": ""same"", ""leg_window"": 120, ""ma"": 0, ""dyn"": false, ""entry_mode"": ""close"", ""pb_frac"": 0.3, ""pb_wait"": 5, ""gap"": ""off"", ""body_min"": 0.5, ""volf"": ""mid"", ""dow"": ""fri"", ""big_thr"": 20, ""big_sl"": 40, ""big_tp"": 80, ""std_sl"": 35, ""std_tp"": 60, ""leg_gap"": 15, ""leg_sl"": 45, ""leg_tp"": 60, ""gap_min"": 100, ""be_at"": 0, ""partial"": 1.5, ""trail"": 1.5}",-99.0,-0.6,-99.0,1.045,0.672,0.672,-99.0,-0.302,-99.0,1.45,0.976,0.976
NDX100,"{""entry_tf"": 5, ""vwap"": false, ""time_stop"": 240, ""legs"": true, ""leg_max"": 1, ""legs_mgmt"": ""same"", ""leg_window"": 120, ""ma"": 0, ""dyn"": true, ""entry_mode"": ""close"", ""pb_frac"": 0.3, ""pb_wait"": 30, ""gap"": ""off"", ""body_min"": 0.7, ""volf"": ""off"", ""dow"": ""none"", ""big_thr"": 25, ""big_sl"": 30, ""big_tp"": 100, ""std_sl"": 25, ""std_tp"": 0, ""leg_gap"": 15, ""leg_sl"": 45, ""leg_tp"": 90, ""gap_min"": 0, ""be_at"": 0, ""partial"": 3.0, ""trail"": 2.0}",1.604,0.972,0.972,1.677,1.053,1.053,1.968,1.318,1.318,0.977,0.476,0.476
NDX100,"{""entry_tf"": 5, ""vwap"": false, ""time_stop"": 60, ""legs"": false, ""leg_max"": 1, ""legs_mgmt"": ""fixed"", ""leg_window"": 120, ""ma"": 0, ""dyn"": false, ""entry_mode"": ""close"", ""pb_frac"": 0.7, ""pb_wait"": 30, ""gap"": ""off"", ""body_min"": 0.5, ""volf"": ""off"", ""dow"": ""none"", ""big_thr"": 25, ""big_sl"": 40, ""big_tp"": 115, ""std_sl"": 35, ""std_tp"": 80, ""leg_gap"": 15, ""leg_sl"": 45, ""leg_tp"": 115, ""gap_min"": 20, ""be_at"": 0, ""partial"": 3.0, ""trail"": 0}",0.818,0.517,0.517,1.708,1.046,1.046,1.238,0.739,0.739,1.253,0.656,0.656
NDX100,"{""entry_tf"": 5, ""vwap"": false, ""time_stop"": 60, ""legs"": false, ""leg_max"": 1, ""legs_mgmt"": ""fixed"", ""leg_window"": 60, ""ma"": 0, ""dyn"": true, ""entry_mode"": ""close"", ""pb_frac"": 0.7, ""pb_wait"": 30, ""gap"": ""off"", ""body_min"": 0.7, ""volf"": ""off"", ""dow"": ""none"", ""big_thr"": 10, ""big_sl"": 50, ""big_tp"": 150, ""std_sl"": 25, ""std_tp"": 30, ""leg_gap"": 10, ""leg_sl"": 35, ""leg_tp"": 0, ""gap_min"": 50, ""be_at"": 1.5, ""partial"": 3.0, ""trail"": 1.5}",1.65,1.135,1.135,1.131,0.642,0.642,1.87,1.367,1.367,0.576,0.403,0.403
NDX100,"{""entry_tf"": 5, ""vwap"": false, ""time_stop"": 240, ""legs"": true, ""leg_max"": 2, ""legs_mgmt"": ""fixed"", ""leg_window"": 120, ""ma"": 0, ""dyn"": false, ""entry_mode"": ""close"", ""pb_frac"": 0.5, ""pb_wait"": 30, ""gap"": ""off"", ""body_min"": 0.5, ""volf"": ""skip_low"", ""dow"": ""none"", ""big_thr"": 15, ""big_sl"": 50, ""big_tp"": 100, ""std_sl"": 25, ""std_tp"": 30, ""leg_gap"": 20, ""leg_sl"": 45, ""leg_tp"": 0, ""gap_min"": 100, ""be_at"": 0, ""partial"": 0, ""trail"": 3.0}",1.154,0.559,0.559,1.606,0.852,0.852,1.472,0.831,0.831,1.509,0.794,0.794
NDX100,"{""entry_tf"": 5, ""vwap"": false, ""time_stop"": 240, ""legs"": true, ""leg_max"": 6, ""legs_mgmt"": ""same"", ""leg_window"": 120, ""ma"": 100, ""dyn"": false, ""entry_mode"": ""close"", ""pb_frac"": 0.5, ""pb_wait"": 30, ""gap"": ""off"", ""body_min"": 0.5, ""volf"": ""off"", ""dow"": ""none"", ""big_thr"": 10, ""big_sl"": 35, ""big_tp"": 150, ""std_sl"": 30, ""std_tp"": 30, ""leg_gap"": 20, ""leg_sl"": 45, ""leg_tp"": 140, ""gap_min"": 100, ""be_at"": 0, ""partial"": 2.0, ""trail"": 0}",1.74,1.138,1.138,2.301,1.56,1.56,1.967,1.291,1.291,1.625,1.004,1.004
NDX100,"{""entry_tf"": 5, ""vwap"": false, ""time_stop"": 240, ""legs"": false, ""leg_max"": 2, ""legs_mgmt"": ""same"", ""leg_window"": 30, ""ma"": 100, ""dyn"": false, ""entry_mode"": ""close"", ""pb_frac"": 0.3, ""pb_wait"": 15, ""gap"": ""off"", ""body_min"": 0, ""volf"": ""off"", ""dow"": ""mon"", ""big_thr"": 25, ""big_sl"": 35, ""big_tp"": 200, ""std_sl"": 35, ""std_tp"": 0, ""leg_gap"": 25, ""leg_sl"": 45, ""leg_tp"": 0, ""gap_min"": 50, ""be_at"": 2.0, ""partial"": 2.0, ""trail"": 3.0}",1.023,0.453,0.453,1.63,1.201,1.201,1.251,0.763,0.763,0.263,-0.248,-0.248
NDX100,"{""entry_tf"": 5, ""vwap"": false, ""time_stop"": 240, ""legs"": false, ""leg_max"": 2, ""legs_mgmt"": ""same"", ""leg_window"": 30, ""ma"": 100, ""dyn"": false, ""entry_mode"": ""close"", ""pb_frac"": 0.3, ""pb_wait"": 30, ""gap"": ""off"", ""body_min"": 0.3, ""volf"": ""off"", ""dow"": ""none"", ""big_thr"": 15, ""big_sl"": 40, ""big_tp"": 80, ""std_sl"": 25, ""std_tp"": 50, ""leg_gap"": 15, ""leg_sl"": 35, ""leg_tp"": 140, ""gap_min"": 100, ""be_at"": 2.0, ""partial"": 0, ""trail"": 3.0}",0.873,0.736,0.736,1.343,1.068,1.068,2.092,1.786,1.786,1.258,0.855,0.855
NDX100,"{""entry_tf"": 5, ""vwap"": false, ""time_stop"": 60, ""legs"": false, ""leg_max"": 1, ""legs_mgmt"": ""fixed"", ""leg_window"": 60, ""ma"": 100, ""dyn"": true, ""entry_mode"": ""close"", ""pb_frac"": 0.5, ""pb_wait"": 5, ""gap"": ""off"", ""body_min"": 0.5, ""volf"": ""off"", ""dow"": ""none"", ""big_thr"": 15, ""big_sl"": 40, ""big_tp"": 0, ""std_sl"": 30, ""std_tp"": 0, ""leg_gap"": 15, ""leg_sl"": 35, ""leg_tp"": 140, ""gap_min"": 50, ""be_at"": 0, ""partial"": 3.0, ""trail"": 0}",1.579,1.276,1.276,1.696,1.432,1.432,1.704,1.409,1.409,1.592,1.303,1.303
NDX100,"{""entry_tf"": 5, ""vwap"": false, ""time_stop"": 60, ""legs"": false, ""leg_max"": 2, ""legs_mgmt"": ""fixed"", ""leg_window"": 30, ""ma"": 100, ""dyn"": false, ""entry_mode"": ""close"", ""pb_frac"": 0.5, ""pb_wait"": 5, ""gap"": ""off"", ""body_min"": 0.5, ""volf"": ""off"", ""dow"": ""none"", ""big_thr"": 20, ""big_sl"": 50, ""big_tp"": 0, ""std_sl"": 30, ""std_tp"": 60, ""leg_gap"": 10, ""leg_sl"": 35, ""leg_tp"": 115, ""gap_min"": 50, ""be_at"": 0.5, ""partial"": 3.0, ""trail"": 1.0}",1.541,1.259,1.259,0.491,0.483,0.483,1.217,0.936,0.936,0.805,0.772,0.772
NDX100,"{""entry_tf"": 5, ""vwap"": false, ""time_stop"": 240, ""legs"": true, ""leg_max"": 6, ""legs_mgmt"": ""same"", ""leg_window"": 60, ""ma"": 100, ""dyn"": false, ""entry_mode"": ""close"", ""pb_frac"": 0.3, ""pb_wait"": 30, ""gap"": ""off"", ""body_min"": 0.5, ""volf"": ""off"", ""dow"": ""mon"", ""big_thr"": 20, ""big_sl"": 30, ""big_tp"": 150, ""std_sl"": 35, ""std_tp"": 50, ""leg_gap"": 25, ""leg_sl"": 45, ""leg_tp"": 115, ""gap_min"": 20, ""be_at"": 0, ""partial"": 2.0, ""trail"": 0}",0.556,0.237,0.237,1.834,1.304,1.304,1.137,0.877,0.877,0.57,0.232,0.232
NDX100,"{""entry_tf"": 5, ""vwap"": false, ""time_stop"": 240, ""legs"": true, ""leg_max"": 6, ""legs_mgmt"": ""same"", ""leg_window"": 60, ""ma"": 100, ""dyn"": false, ""entry_mode"": ""close"", ""pb_frac"": 0.5, ""pb_wait"": 30, ""gap"": ""off"", ""body_min"": 0.3, ""volf"": ""off"", ""dow"": ""none"", ""big_thr"": 10, ""big_sl"": 40, ""big_tp"": 100, ""std_sl"": 25, ""std_tp"": 0, ""leg_gap"": 25, ""leg_sl"": 45, ""leg_tp"": 115, ""gap_min"": 20, ""be_at"": 1.5, ""partial"": 0, ""trail"": 3.0}",1.794,1.3,1.3,1.06,0.839,0.839,1.706,1.435,1.435,0.487,0.252,0.252
NDX100,"{""entry_tf"": 5, ""vwap"": false, ""time_stop"": 90, ""legs"": false, ""leg_max"": 1, ""legs_mgmt"": ""fixed"", ""leg_window"": 60, ""ma"": 0, ""dyn"": false, ""entry_mode"": ""close"", ""pb_frac"": 0.7, ""pb_wait"": 5, ""gap"": ""off"", ""body_min"": 0.5, ""volf"": ""skip_low"", ""dow"": ""fri"", ""big_thr"": 15, ""big_sl"": 40, ""big_tp"": 115, ""std_sl"": 15, ""std_tp"": 30, ""leg_gap"": 20, ""leg_sl"": 35, ""leg_tp"": 0, ""gap_min"": 0, ""be_at"": 2.0, ""partial"": 2.0, ""trail"": 3.0}",-99.0,-0.673,-99.0,1.309,0.997,0.997,1.041,0.573,0.573,1.627,1.019,1.019
NDX100,"{""entry_tf"": 5, ""vwap"": false, ""time_stop"": 90, ""legs"": false, ""leg_max"": 2, ""legs_mgmt"": ""same"", ""leg_window"": 120, ""ma"": 100, ""dyn"": false, ""entry_mode"": ""close"", ""pb_frac"": 0.5, ""pb_wait"": 5, ""gap"": ""with"", ""body_min"": 0.3, ""volf"": ""off"", ""dow"": ""none"", ""big_thr"": 15, ""big_sl"": 40, ""big_tp"": 200, ""std_sl"": 25, ""std_tp"": 30, ""leg_gap"": 20, ""leg_sl"": 35, ""leg_tp"": 90, ""gap_min"": 0, ""be_at"": 0, ""partial"": 2.0, ""trail"": 1.5}",0.465,0.041,0.041,0.812,0.204,0.204,1.509,0.948,0.948,1.521,0.927,0.927
NDX100,"{""entry_tf"": 5, ""vwap"": false, ""time_stop"": 90, ""legs"": false, ""leg_max"": 4, ""legs_mgmt"": ""fixed"", ""leg_window"": 120, ""ma"": 0, ""dyn"": false, ""entry_mode"": ""close"", ""pb_frac"": 0.7, ""pb_wait"": 5, ""gap"": ""off"", ""body_min"": 0.5, ""volf"": ""off"", ""dow"": ""fri"", ""big_thr"": 15, ""big_sl"": 35, ""big_tp"": 115, ""std_sl"": 25, ""std_tp"": 60, ""leg_gap"": 20, ""leg_sl"": 25, ""leg_tp"": 140, ""gap_min"": 0, ""be_at"": 0.5, ""partial"": 3.0, ""trail"": 2.0}",1.018,0.9,0.9,0.704,0.637,0.637,1.974,1.571,1.571,0.208,0.186,0.186
NDX100,"{""entry_tf"": 5, ""vwap"": false, ""time_stop"": 90, ""legs"": false, ""leg_max"": 4, ""legs_mgmt"": ""fixed"", ""leg_window"": 30, ""ma"": 0, ""dyn"": true, ""entry_mode"": ""close"", ""pb_frac"": 0.5, ""pb_wait"": 30, ""gap"": ""off"", ""body_min"": 0.5, ""volf"": ""skip_high"", ""dow"": ""fri"", ""big_thr"": 10, ""big_sl"": 50, ""big_tp"": 200, ""std_sl"": 15, ""std_tp"": 30, ""leg_gap"": 15, ""leg_sl"": 35, ""leg_tp"": 0, ""gap_min"": 20, ""be_at"": 0, ""partial"": 2.0, ""trail"": 1.5}",0.802,0.607,0.607,0.486,0.453,0.453,2.236,1.846,1.846,0.723,0.619,0.619
NDX100,"{""entry_tf"": 5, ""vwap"": false, ""time_stop"": 90, ""legs"": false, ""leg_max"": 4, ""legs_mgmt"": ""fixed"", ""leg_window"": 60, ""ma"": 0, ""dyn"": true, ""entry_mode"": ""close"", ""pb_frac"": 0.5, ""pb_wait"": 15, ""gap"": ""off"", ""body_min"": 0.7, ""volf"": ""off"", ""dow"": ""none"", ""big_thr"": 10, ""big_sl"": 40, ""big_tp"": 115, ""std_sl"": 25, ""std_tp"": 60, ""leg_gap"": 25, ""leg_sl"": 25, ""leg_tp"": 60, ""gap_min"": 100, ""be_at"": 2.0, ""partial"": 3.0, ""trail"": 3.0}",1.321,0.764,0.764,2.1,1.265,1.265,1.354,0.776,0.776,1.883,1.1,1.1
NDX100,"{""entry_tf"": 5, ""vwap"": false, ""time_stop"": 90, ""legs"": false, ""leg_max"": 4, ""legs_mgmt"": ""fixed"", ""leg_window"": 60, ""ma"": 100, ""dyn"": false, ""entry_mode"": ""close"", ""pb_frac"": 0.5, ""pb_wait"": 5, ""gap"": ""off"", ""body_min"": 0.5, ""volf"": ""off"", ""dow"": ""none"", ""big_thr"": 20, ""big_sl"": 40, ""big_tp"": 130, ""std_sl"": 15, ""std_tp"": 50, ""leg_gap"": 25, ""leg_sl"": 25, ""leg_tp"": 60, ""gap_min"": 0, ""be_at"": 2.0, ""partial"": 2.0, ""trail"": 0}",0.647,0.576,0.576,1.654,1.339,1.339,1.202,1.077,1.077,1.199,1.005,1.005
NDX100,"{""entry_tf"": 5, ""vwap"": false, ""time_stop"": 90, ""legs"": true, ""leg_max"": 2, ""legs_mgmt"": ""fixed"", ""leg_window"": 60, ""ma"": 0, ""dyn"": false, ""entry_mode"": ""close"", ""pb_frac"": 0.7, ""pb_wait"": 15, ""gap"": ""off"", ""body_min"": 0.7, ""volf"": ""off"", ""dow"": ""none"", ""big_thr"": 10, ""big_sl"": 30, ""big_tp"": 130, ""std_sl"": 20, ""std_tp"": 60, ""leg_gap"": 15, ""leg_sl"": 25, ""leg_tp"": 60, ""gap_min"": 100, ""be_at"": 0.5, ""partial"": 2.0, ""trail"": 2.0}",1.563,1.069,1.069,0.953,0.64,0.64,1.74,1.204,1.204,0.629,0.357,0.357
NDX100,"{""entry_tf"": 5, ""vwap"": false, ""time_stop"": 90, ""legs"": true, ""leg_max"": 2, ""legs_mgmt"": ""same"", ""leg_window"": 120, ""ma"": 0, ""dyn"": false, ""entry_mode"": ""close"", ""pb_frac"": 0.7, ""pb_wait"": 30, ""gap"": ""off"", ""body_min"": 0.7, ""volf"": ""off"", ""dow"": ""none"", ""big_thr"": 15, ""big_sl"": 35, ""big_tp"": 115, ""std_sl"": 20, ""std_tp"": 30, ""leg_gap"": 15, ""leg_sl"": 45, ""leg_tp"": 0, ""gap_min"": 20, ""be_at"": 0, ""partial"": 1.5, ""trail"": 3.0}",1.756,0.914,0.914,1.129,0.623,0.623,1.649,0.95,0.95,1.372,0.721,0.721
NDX100,"{""entry_tf"": 5, ""vwap"": false, ""time_stop"": 90, ""legs"": true, ""leg_max"": 6, ""legs_mgmt"": ""fixed"", ""leg_window"": 30, ""ma"": 0, ""dyn"": false, ""entry_mode"": ""close"", ""pb_frac"": 0.5, ""pb_wait"": 5, ""gap"": ""off"", ""body_min"": 0.5, ""volf"": ""skip_high"", ""dow"": ""none"", ""big_thr"": 15, ""big_sl"": 50, ""big_tp"": 115, ""std_sl"": 20, ""std_tp"": 0, ""leg_gap"": 15, ""leg_sl"": 25, ""leg_tp"": 115, ""gap_min"": 100, ""be_at"": 0, ""partial"": 3.0, ""trail"": 3.0}",0.575,0.522,0.522,1.633,1.596,1.596,1.229,1.15,1.15,1.402,1.267,1.267
NDX100,"{""entry_tf"": 5, ""vwap"": false, ""time_stop"": 90, ""legs"": true, ""leg_max"": 6, ""legs_mgmt"": ""same"", ""leg_window"": 30, ""ma"": 0, ""dyn"": true, ""entry_mode"": ""close"", ""pb_frac"": 0.7, ""pb_wait"": 15, ""gap"": ""off"", ""body_min"": 0.7, ""volf"": ""off"", ""dow"": ""none"", ""big_thr"": 20, ""big_sl"": 40, ""big_tp"": 0, ""std_sl"": 30, ""std_tp"": 0, ""leg_gap"": 15, ""leg_sl"": 25, ""leg_tp"": 60, ""gap_min"": 0, ""be_at"": 0, ""partial"": 2.0, ""trail"": 0}",1.616,1.098,1.098,1.907,1.441,1.441,1.775,1.302,1.302,1.955,1.455,1.455
NDX100,"{""entry_tf"": 5, ""vwap"": false, ""time_stop"": 999, ""legs"": false, ""leg_max"": 1, ""legs_mgmt"": ""fixed"", ""leg_window"": 30, ""ma"": 100, ""dyn"": true, ""entry_mode"": ""close"", ""pb_frac"": 0.3, ""pb_wait"": 5, ""gap"": ""off"", ""body_min"": 0.5, ""volf"": ""skip_low"", ""dow"": ""none"", ""big_thr"": 20, ""big_sl"": 30, ""big_tp"": 0, ""std_sl"": 30, ""std_tp"": 50, ""leg_gap"": 25, ""leg_sl"": 45, ""leg_tp"": 60, ""gap_min"": 50, ""be_at"": 0, ""partial"": 2.0, ""trail"": 3.0}",1.873,0.978,0.978,1.134,0.346,0.346,1.549,0.796,0.796,1.842,0.87,0.87
NDX100,"{""entry_tf"": 5, ""vwap"": false, ""time_stop"": 999, ""legs"": false, ""leg_max"": 1, ""legs_mgmt"": ""same"", ""leg_window"": 120, ""ma"": 100, ""dyn"": false, ""entry_mode"": ""close"", ""pb_frac"": 0.7, ""pb_wait"": 5, ""gap"": ""off"", ""body_min"": 0.3, ""volf"": ""off"", ""dow"": ""none"", ""big_thr"": 25, ""big_sl"": 35, ""big_tp"": 115, ""std_sl"": 20, ""std_tp"": 0, ""leg_gap"": 20, ""leg_sl"": 45, ""leg_tp"": 140, ""gap_min"": 100, ""be_at"": 1.5, ""partial"": 0, ""trail"": 3.0}",1.818,1.377,1.377,0.516,0.078,0.078,1.62,1.284,1.284,0.675,0.428,0.428
NDX100,"{""entry_tf"": 5, ""vwap"": false, ""time_stop"": 999, ""legs"": false, ""leg_max"": 1, ""legs_mgmt"": ""same"", ""leg_window"": 60, ""ma"": 100, ""dyn"": false, ""entry_mode"": ""close"", ""pb_frac"": 0.5, ""pb_wait"": 15, ""gap"": ""off"", ""body_min"": 0.5, ""volf"": ""off"", ""dow"": ""fri"", ""big_thr"": 10, ""big_sl"": 30, ""big_tp"": 100, ""std_sl"": 30, ""std_tp"": 50, ""leg_gap"": 20, ""leg_sl"": 25, ""leg_tp"": 115, ""gap_min"": 20, ""be_at"": 2.0, ""partial"": 2.0, ""trail"": 2.0}",1.58,1.102,1.102,1.802,1.342,1.342,2.273,1.736,1.736,0.674,0.402,0.402
NDX100,"{""entry_tf"": 5, ""vwap"": false, ""time_stop"": 999, ""legs"": false, ""leg_max"": 2, ""legs_mgmt"": ""same"", ""leg_window"": 120, ""ma"": 100, ""dyn"": true, ""entry_mode"": ""close"", ""pb_frac"": 0.3, ""pb_wait"": 5, ""gap"": ""off"", ""body_min"": 0.5, ""volf"": ""off"", ""dow"": ""none"", ""big_thr"": 10, ""big_sl"": 30, ""big_tp"": 115, ""std_sl"": 25, ""std_tp"": 50, ""leg_gap"": 15, ""leg_sl"": 45, ""leg_tp"": 140, ""gap_min"": 100, ""be_at"": 1.0, ""partial"": 3.0, ""trail"": 0}",1.568,1.088,1.088,0.967,0.653,0.653,1.292,0.989,0.989,0.578,0.244,0.244
NDX100,"{""entry_tf"": 5, ""vwap"": false, ""time_stop"": 999, ""legs"": false, ""leg_max"": 1, ""legs_mgmt"": ""same"", ""leg_window"": 30, ""ma"": 0, ""dyn"": false, ""entry_mode"": ""close"", ""pb_frac"": 0.7, ""pb_wait"": 5, ""gap"": ""off"", ""body_min"": 0.5, ""volf"": ""off"", ""dow"": ""mon"", ""big_thr"": 15, ""big_sl"": 30, ""big_tp"": 100, ""std_sl"": 35, ""std_tp"": 0, ""leg_gap"": 25, ""leg_sl"": 45, ""leg_tp"": 90, ""gap_min"": 20, ""be_at"": 1.5, ""partial"": 2.0, ""trail"": 0}",0.927,0.782,0.782,0.779,0.632,0.632,1.995,1.76,1.76,0.308,0.264,0.264
NDX100,"{""entry_tf"": 5, ""vwap"": false, ""time_stop"": 999, ""legs"": false, ""leg_max"": 1, ""legs_mgmt"": ""same"", ""leg_window"": 30, ""ma"": 100, ""dyn"": true, ""entry_mode"": ""close"", ""pb_frac"": 0.3, ""pb_wait"": 30, ""gap"": ""off"", ""body_min"": 0.5, ""volf"": ""off"", ""dow"": ""fri"", ""big_thr"": 15, ""big_sl"": 30, ""big_tp"": 200, ""std_sl"": 20, ""std_tp"": 80, ""leg_gap"": 15, ""leg_sl"": 45, ""leg_tp"": 0, ""gap_min"": 50, ""be_at"": 0, ""partial"": 0, ""trail"": 0}",1.457,1.107,1.107,1.546,1.248,1.248,1.585,1.261,1.261,1.703,1.427,1.427
NDX100,"{""entry_tf"": 5, ""vwap"": false, ""time_stop"": 999, ""legs"": false, ""leg_max"": 2, ""legs_mgmt"": ""same"", ""leg_window"": 30, ""ma"": 0, ""dyn"": true, ""entry_mode"": ""close"", ""pb_frac"": 0.7, ""pb_wait"": 5, ""gap"": ""off"", ""body_min"": 0.5, ""volf"": ""skip_low"", ""dow"": ""none"", ""big_thr"": 15, ""big_sl"": 50, ""big_tp"": 115, ""std_sl"": 25, ""std_tp"": 30, ""leg_gap"": 20, ""leg_sl"": 45, ""leg_tp"": 60, ""gap_min"": 20, ""be_at"": 2.0, ""partial"": 0, ""trail"": 3.0}",0.823,0.548,0.548,1.713,1.157,1.157,1.014,0.768,0.768,1.45,1.023,1.023
NDX100,"{""entry_tf"": 5, ""vwap"": false, ""time_stop"": 999, ""legs"": false, ""leg_max"": 4, ""legs_mgmt"": ""fixed"", ""leg_window"": 60, ""ma"": 100, ""dyn"": false, ""entry_mode"": ""close"", ""pb_frac"": 0.7, ""pb_wait"": 15, ""gap"": ""off"", ""body_min"": 0.5, ""volf"": ""off"", ""dow"": ""none"", ""big_thr"": 15, ""big_sl"": 35, ""big_tp"": 130, ""std_sl"": 20, ""std_tp"": 60, ""leg_gap"": 15, ""leg_sl"": 35, ""leg_tp"": 140, ""gap_min"": 0, ""be_at"": 2.0, ""partial"": 0, ""trail"": 0}",1.519,0.853,0.853,1.931,1.137,1.137,2.372,1.388,1.388,1.665,0.902,0.902
NDX100,"{""entry_tf"": 5, ""vwap"": false, ""time_stop"": 999, ""legs"": true, ""leg_max"": 2, ""legs_mgmt"": ""same"", ""leg_window"": 120, ""ma"": 0, ""dyn"": true, ""entry_mode"": ""close"", ""pb_frac"": 0.7, ""pb_wait"": 15, ""gap"": ""off"", ""body_min"": 0.7, ""volf"": ""off"", ""dow"": ""none"", ""big_thr"": 15, ""big_sl"": 50, ""big_tp"": 115, ""std_sl"": 25, ""std_tp"": 42, ""leg_gap"": 20, ""leg_sl"": 45, ""leg_tp"": 115, ""gap_min"": 0, ""be_at"": 2.0, ""partial"": 1.5, ""trail"": 1.5}",1.549,1.04,1.04,1.479,1.05,1.05,2.034,1.415,1.415,0.56,0.332,0.332
NDX100,"{""entry_tf"": 5, ""vwap"": false, ""time_stop"": 999, ""legs"": true, ""leg_max"": 4, ""legs_mgmt"": ""fixed"", ""leg_window"": 30, ""ma"": 100, ""dyn"": false, ""entry_mode"": ""close"", ""pb_frac"": 0.7, ""pb_wait"": 15, ""gap"": ""off"", ""body_min"": 0.5, ""volf"": ""off"", ""dow"": ""none"", ""big_thr"": 20, ""big_sl"": 40, ""big_tp"": 150, ""std_sl"": 15, ""std_tp"": 60, ""leg_gap"": 25, ""leg_sl"": 45, ""leg_tp"": 60, ""gap_min"": 50, ""be_at"": 0, ""partial"": 1.5, ""trail"": 0}",0.789,0.168,0.168,1.839,0.846,0.846,1.367,0.635,0.635,1.255,0.506,0.506
NDX100,"{""entry_tf"": 5, ""vwap"": false, ""time_stop"": 999, ""legs"": true, ""leg_max"": 6, ""legs_mgmt"": ""same"", ""leg_window"": 120, ""ma"": 0, ""dyn"": true, ""entry_mode"": ""close"", ""pb_frac"": 0.7, ""pb_wait"": 30, ""gap"": ""off"", ""body_min"": 0.7, ""volf"": ""off"", ""dow"": ""none"", ""big_thr"": 10, ""big_sl"": 30, ""big_tp"": 150, ""std_sl"": 15, ""std_tp"": 30, ""leg_gap"": 25, ""leg_sl"": 45, ""leg_tp"": 140, ""gap_min"": 100, ""be_at"": 2.0, ""partial"": 3.0, ""trail"": 3.0}",1.634,0.816,0.816,1.68,0.882,0.882,1.548,0.892,0.892,1.517,0.745,0.745
NDX100,"{""entry_tf"": 5, ""vwap"": false, ""time_stop"": 999, ""legs"": true, ""leg_max"": 6, ""legs_mgmt"": ""same"", ""leg_window"": 60, ""ma"": 100, ""dyn"": false, ""entry_mode"": ""close"", ""pb_frac"": 0.7, ""pb_wait"": 30, ""gap"": ""off"", ""body_min"": 0.5, ""volf"": ""off"", ""dow"": ""mon"", ""big_thr"": 15, ""big_sl"": 30, ""big_tp"": 150, ""std_sl"": 30, ""std_tp"": 42, ""leg_gap"": 15, ""leg_sl"": 35, ""leg_tp"": 90, ""gap_min"": 20, ""be_at"": 2.0, ""partial"": 2.0, ""trail"": 0}",1.282,0.536,0.536,1.839,1.08,1.08,1.625,1.124,1.124,0.914,0.353,0.353
NDX100,"{""entry_tf"": 5, ""vwap"": false, ""time_stop"": 999, ""legs"": false, ""leg_max"": 6, ""legs_mgmt"": ""same"", ""leg_window"": 30, ""ma"": 0, ""dyn"": false, ""entry_mode"": ""close"", ""pb_frac"": 0.7, ""pb_wait"": 5, ""gap"": ""off"", ""body_min"": 0.5, ""volf"": ""skip_high"", ""dow"": ""fri"", ""big_thr"": 15, ""big_sl"": 35, ""big_tp"": 0, ""std_sl"": 25, ""std_tp"": 80, ""leg_gap"": 25, ""leg_sl"": 25, ""leg_tp"": 90, ""gap_min"": 50, ""be_at"": 1.0, ""partial"": 1.5, ""trail"": 2.0}",1.192,0.705,0.705,0.711,0.399,0.399,2.075,1.254,1.254,0.492,0.034,0.034
NDX100,"{""entry_tf"": 5, ""vwap"": false, ""time_stop"": 999, ""legs"": false, ""leg_max"": 6, ""legs_mgmt"": ""same"", ""leg_window"": 30, ""ma"": 100, ""dyn"": true, ""entry_mode"": ""close"", ""pb_frac"": 0.7, ""pb_wait"": 15, ""gap"": ""off"", ""body_min"": 0.5, ""volf"": ""skip_high"", ""dow"": ""none"", ""big_thr"": 20, ""big_sl"": 50, ""big_tp"": 115, ""std_sl"": 30, ""std_tp"": 0, ""leg_gap"": 25, ""leg_sl"": 45, ""leg_tp"": 115, ""gap_min"": 50, ""be_at"": 0, ""partial"": 1.0, ""trail"": 3.0}",1.161,0.582,0.582,1.39,0.721,0.721,1.615,1.148,1.148,1.508,0.844,0.844
NDX100,"{""entry_tf"": 5, ""vwap"": true, ""time_stop"": 120, ""legs"": false, ""leg_max"": 1, ""legs_mgmt"": ""same"", ""leg_window"": 120, ""ma"": 100, ""dyn"": false, ""entry_mode"": ""close"", ""pb_frac"": 0.5, ""pb_wait"": 15, ""gap"": ""off"", ""body_min"": 0.5, ""volf"": ""off"", ""dow"": ""none"", ""big_thr"": 20, ""big_sl"": 35, ""big_tp"": 100, ""std_sl"": 35, ""std_tp"": 60, ""leg_gap"": 10, ""leg_sl"": 25, ""leg_tp"": 0, ""gap_min"": 0, ""be_at"": 2.0, ""partial"": 2.0, ""trail"": 2.0}",1.09,0.767,0.767,1.963,1.455,1.455,1.339,0.965,0.965,1.132,0.792,0.792
NDX100,"{""entry_tf"": 5, ""vwap"": true, ""time_stop"": 120, ""legs"": false, ""leg_max"": 2, ""legs_mgmt"": ""same"", ""leg_window"": 120, ""ma"": 100, ""dyn"": true, ""entry_mode"": ""close"", ""pb_frac"": 0.7, ""pb_wait"": 5, ""gap"": ""off"", ""body_min"": 0.5, ""volf"": ""skip_high"", ""dow"": ""none"", ""big_thr"": 10, ""big_sl"": 30, ""big_tp"": 200, ""std_sl"": 35, ""std_tp"": 50, ""leg_gap"": 15, ""leg_sl"": 25, ""leg_tp"": 140, ""gap_min"": 100, ""be_at"": 1.5, ""partial"": 1.5, ""trail"": 3.0}",1.275,0.954,0.954,0.783,0.502,0.502,1.414,1.173,1.173,1.578,0.993,0.993
NDX100,"{""entry_tf"": 5, ""vwap"": true, ""time_stop"": 120, ""legs"": false, ""leg_max"": 4, ""legs_mgmt"": ""same"", ""leg_window"": 120, ""ma"": 0, ""dyn"": false, ""entry_mode"": ""close"", ""pb_frac"": 0.7, ""pb_wait"": 15, ""gap"": ""off"", ""body_min"": 0.5, ""volf"": ""off"", ""dow"": ""none"", ""big_thr"": 15, ""big_sl"": 30, ""big_tp"": 130, ""std_sl"": 30, ""std_tp"": 60, ""leg_gap"": 10, ""leg_sl"": 25, ""leg_tp"": 0, ""gap_min"": 50, ""be_at"": 1.5, ""partial"": 1.5, ""trail"": 0}",0.982,0.793,0.793,1.176,0.757,0.757,2.251,1.624,1.624,0.906,0.58,0.58
NDX100,"{""entry_tf"": 5, ""vwap"": true, ""time_stop"": 120, ""legs"": false, ""leg_max"": 4, ""legs_mgmt"": ""same"", ""leg_window"": 30, ""ma"": 100, ""dyn"": false, ""entry_mode"": ""close"", ""pb_frac"": 0.3, ""pb_wait"": 5, ""gap"": ""off"", ""body_min"": 0.5, ""volf"": ""skip_high"", ""dow"": ""none"", ""big_thr"": 10, ""big_sl"": 30, ""big_tp"": 130, ""std_sl"": 20, ""std_tp"": 0, ""leg_gap"": 10, ""leg_sl"": 35, ""leg_tp"": 115, ""gap_min"": 20, ""be_at"": 0.5, ""partial"": 3.0, ""trail"": 1.0}",0.796,0.642,0.642,0.485,0.327,0.327,1.663,1.451,1.451,1.502,1.146,1.146
NDX100,"{""entry_tf"": 5, ""vwap"": true, ""time_stop"": 120, ""legs"": false, ""leg_max"": 6, ""legs_mgmt"": ""same"", ""leg_window"": 120, ""ma"": 0, ""dyn"": false, ""entry_mode"": ""close"", ""pb_frac"": 0.5, ""pb_wait"": 5, ""gap"": ""off"", ""body_min"": 0.7, ""volf"": ""off"", ""dow"": ""none"", ""big_thr"": 15, ""big_sl"": 25, ""big_tp"": 80, ""std_sl"": 15, ""std_tp"": 80, ""leg_gap"": 10, ""leg_sl"": 25, ""leg_tp"": 140, ""gap_min"": 0, ""be_at"": 2.0, ""partial"": 2.0, ""trail"": 3.0}",1.852,0.948,0.948,1.498,0.681,0.681,2.262,1.253,1.253,1.507,0.716,0.716
NDX100,"{""entry_tf"": 5, ""vwap"": true, ""time_stop"": 120, ""legs"": false, ""leg_max"": 6, ""legs_mgmt"": ""same"", ""leg_window"": 60, ""ma"": 0, ""dyn"": false, ""entry_mode"": ""close"", ""pb_frac"": 0.5, ""pb_wait"": 30, ""gap"": ""off"", ""body_min"": 0.5, ""volf"": ""off"", ""dow"": ""none"", ""big_thr"": 15, ""big_sl"": 50, ""big_tp"": 150, ""std_sl"": 15, ""std_tp"": 80, ""leg_gap"": 25, ""leg_sl"": 25, ""leg_tp"": 140, ""gap_min"": 50, ""be_at"": 1.5, ""partial"": 2.0, ""trail"": 3.0}",0.642,0.387,0.387,1.834,1.396,1.396,1.671,1.274,1.274,1.681,1.266,1.266
NDX100,"{""entry_tf"": 5, ""vwap"": true, ""time_stop"": 120, ""legs"": true, ""leg_max"": 2, ""legs_mgmt"": ""same"", ""leg_window"": 120, ""ma"": 100, ""dyn"": false, ""entry_mode"": ""close"", ""pb_frac"": 0.5, ""pb_wait"": 30, ""gap"": ""off"", ""body_min"": 0.5, ""volf"": ""off"", ""dow"": ""none"", ""big_thr"": 10, ""big_sl"": 25, ""big_tp"": 0, ""std_sl"": 30, ""std_tp"": 0, ""leg_gap"": 15, ""leg_sl"": 25, ""leg_tp"": 140, ""gap_min"": 100, ""be_at"": 2.0, ""partial"": 2.0, ""trail"": 0}",1.424,1.186,1.186,1.519,1.026,1.026,2.166,1.71,1.71,1.433,1.06,1.06
NDX100,"{""entry_tf"": 5, ""vwap"": true, ""time_stop"": 120, ""legs"": true, ""leg_max"": 2, ""legs_mgmt"": ""same"", ""leg_window"": 60, ""ma"": 100, ""dyn"": false, ""entry_mode"": ""close"", ""pb_frac"": 0.7, ""pb_wait"": 5, ""gap"": ""off"", ""body_min"": 0.5, ""volf"": ""off"", ""dow"": ""none"", ""big_thr"": 15, ""big_sl"": 40, ""big_tp"": 130, ""std_sl"": 15, ""std_tp"": 60, ""leg_gap"": 10, ""leg_sl"": 25, ""leg_tp"": 140, ""gap_min"": 20, ""be_at"": 2.0, ""partial"": 0, ""trail"": 0}",0.932,0.952,0.932,1.731,1.602,1.602,1.776,1.781,1.776,1.765,1.586,1.586
NDX100,"{""entry_tf"": 5, ""vwap"": true, ""time_stop"": 120, ""legs"": true, ""leg_max"": 4, ""legs_mgmt"": ""fixed"", ""leg_window"": 120, ""ma"": 0, ""dyn"": false, ""entry_mode"": ""close"", ""pb_frac"": 0.5, ""pb_wait"": 30, ""gap"": ""off"", ""body_min"": 0.7, ""volf"": ""off"", ""dow"": ""none"", ""big_thr"": 15, ""big_sl"": 50, ""big_tp"": 100, ""std_sl"": 35, ""std_tp"": 0, ""leg_gap"": 20, ""leg_sl"": 35, ""leg_tp"": 115, ""gap_min"": 0, ""be_at"": 0, ""partial"": 1.5, ""trail"": 1.5}",1.454,0.577,0.577,1.751,0.768,0.768,1.653,0.789,0.789,1.039,0.314,0.314
NDX100,"{""entry_tf"": 5, ""vwap"": true, ""time_stop"": 120, ""legs"": true, ""leg_max"": 4, ""legs_mgmt"": ""fixed"", ""leg_window"": 30, ""ma"": 0, ""dyn"": false, ""entry_mode"": ""close"", ""pb_frac"": 0.7, ""pb_wait"": 15, ""gap"": ""off"", ""body_min"": 0.3, ""volf"": ""skip_high"", ""dow"": ""fri"", ""big_thr"": 15, ""big_sl"": 50, ""big_tp"": 150, ""std_sl"": 15, ""std_tp"": 42, ""leg_gap"": 15, ""leg_sl"": 25, ""leg_tp"": 115, ""gap_min"": 20, ""be_at"": 2.0, ""partial"": 3.0, ""trail"": 2.0}",0.173,0.067,0.067,1.68,1.458,1.458,1.449,1.365,1.365,1.666,1.439,1.439
NDX100,"{""entry_tf"": 5, ""vwap"": true, ""time_stop"": 120, ""legs"": true, ""leg_max"": 6, ""legs_mgmt"": ""fixed"", ""leg_window"": 30, ""ma"": 100, ""dyn"": true, ""entry_mode"": ""close"", ""pb_frac"": 0.7, ""pb_wait"": 15, ""gap"": ""off"", ""body_min"": 0.5, ""volf"": ""off"", ""dow"": ""fri"", ""big_thr"": 25, ""big_sl"": 40, ""big_tp"": 0, ""std_sl"": 30, ""std_tp"": 0, ""leg_gap"": 15, ""leg_sl"": 45, ""leg_tp"": 115, ""gap_min"": 0, ""be_at"": 1.5, ""partial"": 2.0, ""trail"": 1.5}",1.483,0.861,0.861,1.293,0.77,0.77,2.004,1.244,1.244,0.799,0.489,0.489
NDX100,"{""entry_tf"": 5, ""vwap"": true, ""time_stop"": 180, ""legs"": false, ""leg_max"": 1, ""legs_mgmt"": ""same"", ""leg_window"": 120, ""ma"": 0, ""dyn"": false, ""entry_mode"": ""close"", ""pb_frac"": 0.3, ""pb_wait"": 30, ""gap"": ""off"", ""body_min"": 0.5, ""volf"": ""off"", ""dow"": ""none"", ""big_thr"": 20, ""big_sl"": 25, ""big_tp"": 0, ""std_sl"": 25, ""std_tp"": 50, ""leg_gap"": 10, ""leg_sl"": 35, ""leg_tp"": 140, ""gap_min"": 20, ""be_at"": 2.0, ""partial"": 0, ""trail"": 0}",1.167,0.726,0.726,1.624,1.061,1.061,1.916,1.332,1.332,1.12,0.685,0.685
NDX100,"{""entry_tf"": 5, ""vwap"": true, ""time_stop"": 180, ""legs"": false, ""leg_max"": 2, ""legs_mgmt"": ""same"", ""leg_window"": 120, ""ma"": 0, ""dyn"": false, ""entry_mode"": ""close"", ""pb_frac"": 0.7, ""pb_wait"": 15, ""gap"": ""off"", ""body_min"": 0.7, ""volf"": ""off"", ""dow"": ""none"", ""big_thr"": 15, ""big_sl"": 35, ""big_tp"": 0, ""std_sl"": 15, ""std_tp"": 42, ""leg_gap"": 20, ""leg_sl"": 25, ""leg_tp"": 140, ""gap_min"": 50, ""be_at"": 1.5, ""partial"": 2.0, ""trail"": 2.0}",1.974,1.076,1.076,1.399,0.744,0.744,1.928,1.218,1.218,1.094,0.502,0.502
NDX100,"{""entry_tf"": 5, ""vwap"": true, ""time_stop"": 180, ""legs"": false, ""leg_max"": 4, ""legs_mgmt"": ""fixed"", ""leg_window"": 30, ""ma"": 100, ""dyn"": true, ""entry_mode"": ""close"", ""pb_frac"": 0.7, ""pb_wait"": 30, ""gap"": ""off"", ""body_min"": 0.5, ""volf"": ""off"", ""dow"": ""none"", ""big_thr"": 15, ""big_sl"": 30, ""big_tp"": 0, ""std_sl"": 25, ""std_tp"": 60, ""leg_gap"": 15, ""leg_sl"": 45, ""leg_tp"": 60, ""gap_min"": 50, ""be_at"": 1.5, ""partial"": 0, ""trail"": 3.0}",2.217,1.538,1.538,1.65,1.069,1.069,2.311,1.588,1.588,1.7,1.132,1.132
NDX100,"{""entry_tf"": 5, ""vwap"": true, ""time_stop"": 180, ""legs"": false, ""leg_max"": 6, ""legs_mgmt"": ""same"", ""leg_window"": 30, ""ma"": 100, ""dyn"": true, ""entry_mode"": ""close"", ""pb_frac"": 0.7, ""pb_wait"": 15, ""gap"": ""off"", ""body_min"": 0.5, ""volf"": ""off"", ""dow"": ""fri"", ""big_thr"": 10, ""big_sl"": 30, ""big_tp"": 150, ""std_sl"": 30, ""std_tp"": 42, ""leg_gap"": 10, ""leg_sl"": 45, ""leg_tp"": 0, ""gap_min"": 50, ""be_at"": 0.5, ""partial"": 1.5, ""trail"": 1.5}",1.657,0.897,0.897,0.649,0.085,0.085,1.355,0.674,0.674,0.104,-0.25,-0.25
NDX100,"{""entry_tf"": 5, ""vwap"": true, ""time_stop"": 180, ""legs"": false, ""leg_max"": 6, ""legs_mgmt"": ""same"", ""leg_window"": 60, ""ma"": 100, ""dyn"": false, ""entry_mode"": ""close"", ""pb_frac"": 0.5, ""pb_wait"": 5, ""gap"": ""off"", ""body_min"": 0.5, ""volf"": ""off"", ""dow"": ""none"", ""big_thr"": 15, ""big_sl"": 50, ""big_tp"": 115, ""std_sl"": 15, ""std_tp"": 30, ""leg_gap"": 20, ""leg_sl"": 45, ""leg_tp"": 115, ""gap_min"": 50, ""be_at"": 2.0, ""partial"": 2.0, ""trail"": 3.0}",1.327,1.192,1.192,1.804,1.735,1.735,2.027,1.746,1.746,1.738,1.549,1.549
NDX100,"{""entry_tf"": 5, ""vwap"": true, ""time_stop"": 180, ""legs"": false, ""leg_max"": 4, ""legs_mgmt"": ""same"", ""leg_window"": 120, ""ma"": 100, ""dyn"": false, ""entry_mode"": ""close"", ""pb_frac"": 0.3, ""pb_wait"": 5, ""gap"": ""off"", ""body_min"": 0.3, ""volf"": ""skip_high"", ""dow"": ""none"", ""big_thr"": 15, ""big_sl"": 30, ""big_tp"": 0, ""std_sl"": 30, ""std_tp"": 30, ""leg_gap"": 10, ""leg_sl"": 35, ""leg_tp"": 90, ""gap_min"": 20, ""be_at"": 2.0, ""partial"": 1.5, ""trail"": 0}",1.634,1.123,1.123,1.815,1.302,1.302,2.973,2.201,2.201,1.067,0.752,0.752
NDX100,"{""entry_tf"": 5, ""vwap"": true, ""time_stop"": 180, ""legs"": false, ""leg_max"": 4, ""legs_mgmt"": ""same"", ""leg_window"": 30, ""ma"": 100, ""dyn"": false, ""entry_mode"": ""close"", ""pb_frac"": 0.3, ""pb_wait"": 15, ""gap"": ""off"", ""body_min"": 0.5, ""volf"": ""off"", ""dow"": ""none"", ""big_thr"": 15, ""big_sl"": 40, ""big_tp"": 0, ""std_sl"": 35, ""std_tp"": 50, ""leg_gap"": 15, ""leg_sl"": 35, ""leg_tp"": 60, ""gap_min"": 100, ""be_at"": 1.0, ""partial"": 2.0, ""trail"": 1.0}",0.758,0.459,0.459,1.56,1.045,1.045,1.515,1.054,1.054,1.494,0.978,0.978
NDX100,"{""entry_tf"": 5, ""vwap"": true, ""time_stop"": 180, ""legs"": true, ""leg_max"": 1, ""legs_mgmt"": ""same"", ""leg_window"": 120, ""ma"": 0, ""dyn"": false, ""entry_mode"": ""close"", ""pb_frac"": 0.5, ""pb_wait"": 15, ""gap"": ""off"", ""body_min"": 0.5, ""volf"": ""off"", ""dow"": ""fri"", ""big_thr"": 10, ""big_sl"": 40, ""big_tp"": 150, ""std_sl"": 15, ""std_tp"": 42, ""leg_gap"": 25, ""leg_sl"": 45, ""leg_tp"": 90, ""gap_min"": 0, ""be_at"": 2.0, ""partial"": 0, ""trail"": 2.0}",0.234,-0.142,-0.142,1.632,1.078,1.078,1.9,1.264,1.264,0.566,0.451,0.451
NDX100,"{""entry_tf"": 5, ""vwap"": true, ""time_stop"": 180, ""legs"": true, ""leg_max"": 1, ""legs_mgmt"": ""same"", ""leg_window"": 60, ""ma"": 100, ""dyn"": false, ""entry_mode"": ""close"", ""pb_frac"": 0.3, ""pb_wait"": 15, ""gap"": ""off"", ""body_min"": 0.5, ""volf"": ""off"", ""dow"": ""none"", ""big_thr"": 15, ""big_sl"": 50, ""big_tp"": 100, ""std_sl"": 30, ""std_tp"": 0, ""leg_gap"": 20, ""leg_sl"": 35, ""leg_tp"": 90, ""gap_min"": 0, ""be_at"": 2.0, ""partial"": 1.0, ""trail"": 1.0}",1.59,1.434,1.434,0.725,0.794,0.725,1.852,1.644,1.644,0.861,0.892,0.861
NDX100,"{""entry_tf"": 5, ""vwap"": true, ""time_stop"": 180, ""legs"": true, ""leg_max"": 4, ""legs_mgmt"": ""same"", ""leg_window"": 30, ""ma"": 0, ""dyn"": false, ""entry_mode"": ""close"", ""pb_frac"": 0.5, ""pb_wait"": 30, ""gap"": ""off"", ""body_min"": 0.5, ""volf"": ""skip_low"", ""dow"": ""none"", ""big_thr"": 15, ""big_sl"": 40, ""big_tp"": 60, ""std_sl"": 25, ""std_tp"": 60, ""leg_gap"": 20, ""leg_sl"": 25, ""leg_tp"": 60, ""gap_min"": 20, ""be_at"": 0, ""partial"": 1.5, ""trail"": 3.0}",0.711,0.389,0.389,0.939,0.623,0.623,1.51,1.016,1.016,1.539,1.015,1.015
NDX100,"{""entry_tf"": 5, ""vwap"": true, ""time_stop"": 180, ""legs"": true, ""leg_max"": 4, ""legs_mgmt"": ""same"", ""leg_window"": 30, ""ma"": 0, ""dyn"": false, ""entry_mode"": ""close"", ""pb_frac"": 0.7, ""pb_wait"": 30, ""gap"": ""off"", ""body_min"": 0.5, ""volf"": ""off"", ""dow"": ""none"", ""big_thr"": 15, ""big_sl"": 35, ""big_tp"": 100, ""std_sl"": 15, ""std_tp"": 60, ""leg_gap"": 20, ""leg_sl"": 25, ""leg_tp"": 115, ""gap_min"": 20, ""be_at"": 1.5, ""partial"": 0, ""trail"": 1.5}",1.197,1.0,1.0,1.741,1.436,1.436,2.478,1.877,1.877,1.445,1.177,1.177
NDX100,"{""entry_tf"": 5, ""vwap"": true, ""time_stop"": 180, ""legs"": true, ""leg_max"": 6, ""legs_mgmt"": ""fixed"", ""leg_window"": 120, ""ma"": 100, ""dyn"": true, ""entry_mode"": ""close"", ""pb_frac"": 0.3, ""pb_wait"": 5, ""gap"": ""off"", ""body_min"": 0.5, ""volf"": ""off"", ""dow"": ""none"", ""big_thr"": 10, ""big_sl"": 40, ""big_tp"": 130, ""std_sl"": 25, ""std_tp"": 0, ""leg_gap"": 15, ""leg_sl"": 25, ""leg_tp"": 60, ""gap_min"": 100, ""be_at"": 1.5, ""partial"": 3.0, ""trail"": 2.0}",1.372,1.005,1.005,1.619,1.357,1.357,1.546,1.262,1.262,1.575,1.167,1.167
NDX100,"{""entry_tf"": 5, ""vwap"": true, ""time_stop"": 240, ""legs"": false, ""leg_max"": 1, ""legs_mgmt"": ""same"", ""leg_window"": 60, ""ma"": 0, ""dyn"": false, ""entry_mode"": ""close"", ""pb_frac"": 0.5, ""pb_wait"": 5, ""gap"": ""off"", ""body_min"": 0.5, ""volf"": ""off"", ""dow"": ""none"", ""big_thr"": 25, ""big_sl"": 35, ""big_tp"": 0, ""std_sl"": 30, ""std_tp"": 50, ""leg_gap"": 10, ""leg_sl"": 45, ""leg_tp"": 115, ""gap_min"": 50, ""be_at"": 2.0, ""partial"": 3.0, ""trail"": 3.0}",0.994,0.752,0.752,1.587,1.131,1.131,2.154,1.57,1.57,1.092,0.766,0.766
NDX100,"{""entry_tf"": 5, ""vwap"": true, ""time_stop"": 240, ""legs"": false, ""leg_max"": 2, ""legs_mgmt"": ""fixed"", ""leg_window"": 120, ""ma"": 100, ""dyn"": false, ""entry_mode"": ""close"", ""pb_frac"": 0.5, ""pb_wait"": 30, ""gap"": ""off"", ""body_min"": 0.3, ""volf"": ""off"", ""dow"": ""mon"", ""big_thr"": 10, ""big_sl"": 35, ""big_tp"": 100, ""std_sl"": 30, ""std_tp"": 42, ""leg_gap"": 10, ""leg_sl"": 25, ""leg_tp"": 90, ""gap_min"": 100, ""be_at"": 2.0, ""partial"": 3.0, ""trail"": 0}",1.112,0.832,0.832,1.7,1.378,1.378,1.953,1.571,1.571,0.507,0.285,0.285
NDX100,"{""entry_tf"": 5, ""vwap"": true, ""time_stop"": 240, ""legs"": false, ""leg_max"": 2, ""legs_mgmt"": ""fixed"", ""leg_window"": 120, ""ma"": 100, ""dyn"": false, ""entry_mode"": ""close"", ""pb_frac"": 0.7, ""pb_wait"": 15, ""gap"": ""off"", ""body_min"": 0.5, ""volf"": ""off"", ""dow"": ""none"", ""big_thr"": 25, ""big_sl"": 25, ""big_tp"": 200, ""std_sl"": 20, ""std_tp"": 80, ""leg_gap"": 15, ""leg_sl"": 35, ""leg_tp"": 60, ""gap_min"": 0, ""be_at"": 0, ""partial"": 1.5, ""trail"": 0}",1.535,0.847,0.847,1.969,1.155,1.155,2.131,1.36,1.36,1.934,1.13,1.13
NDX100,"{""entry_tf"": 5, ""vwap"": true, ""time_stop"": 240, ""legs"": false, ""leg_max"": 4, ""legs_mgmt"": ""same"", ""leg_window"": 60, ""ma"": 100, ""dyn"": false, ""entry_mode"": ""close"", ""pb_frac"": 0.3, ""pb_wait"": 5, ""gap"": ""with"", ""body_min"": 0.3, ""volf"": ""off"", ""dow"": ""none"", ""big_thr"": 15, ""big_sl"": 25, ""big_tp"": 115, ""std_sl"": 15, ""std_tp"": 0, ""leg_gap"": 15, ""leg_sl"": 35, ""leg_tp"": 140, ""gap_min"": 0, ""be_at"": 1.5, ""partial"": 1.5, ""trail"": 2.0}",0.8,0.604,0.604,0.724,0.352,0.352,1.444,0.908,0.908,1.535,1.079,1.079
NDX100,"{""entry_tf"": 5, ""vwap"": true, ""time_stop"": 240, ""legs"": false, ""leg_max"": 6, ""legs_mgmt"": ""fixed"", ""leg_window"": 120, ""ma"": 100, ""dyn"": true, ""entry_mode"": ""close"", ""pb_frac"": 0.7, ""pb_wait"": 30, ""gap"": ""off"", ""body_min"": 0.5, ""volf"": ""off"", ""dow"": ""none"", ""big_thr"": 10, ""big_sl"": 35, ""big_tp"": 0, ""std_sl"": 25, ""std_tp"": 0, ""leg_gap"": 15, ""leg_sl"": 25, ""leg_tp"": 115, ""gap_min"": 100, ""be_at"": 1.5, ""partial"": 0, ""trail"": 0}",1.789,1.758,1.758,1.133,1.257,1.133,1.531,1.659,1.531,0.938,1.053,0.938
NDX100,"{""entry_tf"": 5, ""vwap"": true, ""time_stop"": 240, ""legs"": false, ""leg_max"": 4, ""legs_mgmt"": ""fixed"", ""leg_window"": 60, ""ma"": 100, ""dyn"": false, ""entry_mode"": ""close"", ""pb_frac"": 0.5, ""pb_wait"": 5, ""gap"": ""off"", ""body_min"": 0.3, ""volf"": ""off"", ""dow"": ""none"", ""big_thr"": 10, ""big_sl"": 30, ""big_tp"": 100, ""std_sl"": 35, ""std_tp"": 0, ""leg_gap"": 15, ""leg_sl"": 45, ""leg_tp"": 60, ""gap_min"": 100, ""be_at"": 1.0, ""partial"": 2.0, ""trail"": 0}",1.545,1.029,1.029,0.682,0.412,0.412,1.957,1.38,1.38,-99.0,-0.898,-99.0
NDX100,"{""entry_tf"": 5, ""vwap"": true, ""time_stop"": 240, ""legs"": false, ""leg_max"": 4, ""legs_mgmt"": ""same"", ""leg_window"": 30, ""ma"": 0, ""dyn"": true, ""entry_mode"": ""close"", ""pb_frac"": 0.3, ""pb_wait"": 30, ""gap"": ""off"", ""body_min"": 0.7, ""volf"": ""off"", ""dow"": ""none"", ""big_thr"": 10, ""big_sl"": 35, ""big_tp"": 100, ""std_sl"": 35, ""std_tp"": 30, ""leg_gap"": 25, ""leg_sl"": 45, ""leg_tp"": 60, ""gap_min"": 100, ""be_at"": 0, ""partial"": 2.0, ""trail"": 2.0}",1.536,0.727,0.727,1.271,0.54,0.54,1.382,0.623,0.623,1.089,0.374,0.374
NDX100,"{""entry_tf"": 5, ""vwap"": true, ""time_stop"": 240, ""legs"": false, ""leg_max"": 6, ""legs_mgmt"": ""same"", ""leg_window"": 120, ""ma"": 0, ""dyn"": true, ""entry_mode"": ""close"", ""pb_frac"": 0.5, ""pb_wait"": 5, ""gap"": ""off"", ""body_min"": 0.5, ""volf"": ""skip_high"", ""dow"": ""none"", ""big_thr"": 25, ""big_sl"": 35, ""big_tp"": 0, ""std_sl"": 20, ""std_tp"": 0, ""leg_gap"": 25, ""leg_sl"": 25, ""leg_tp"": 115, ""gap_min"": 100, ""be_at"": 1.5, ""partial"": 0, ""trail"": 2.0}",1.989,1.156,1.156,0.336,-0.025,-0.025,1.81,1.167,1.167,1.642,0.827,0.827
NDX100,"{""entry_tf"": 5, ""vwap"": true, ""time_stop"": 240, ""legs"": true, ""leg_max"": 1, ""legs_mgmt"": ""same"", ""leg_window"": 120, ""ma"": 100, ""dyn"": false, ""entry_mode"": ""close"", ""pb_frac"": 0.5, ""pb_wait"": 5, ""gap"": ""off"", ""body_min"": 0.5, ""volf"": ""off"", ""dow"": ""none"", ""big_thr"": 15, ""big_sl"": 50, ""big_tp"": 150, ""std_sl"": 20, ""std_tp"": 0, ""leg_gap"": 20, ""leg_sl"": 25, ""leg_tp"": 115, ""gap_min"": 50, ""be_at"": 1.0, ""partial"": 2.0, ""trail"": 2.0}",1.942,0.841,0.841,2.037,0.882,0.882,2.363,1.132,1.132,1.713,0.759,0.759
NDX100,"{""entry_tf"": 5, ""vwap"": true, ""time_stop"": 240, ""legs"": true, ""leg_max"": 6, ""legs_mgmt"": ""fixed"", ""leg_window"": 120, ""ma"": 100, ""dyn"": false, ""entry_mode"": ""close"", ""pb_frac"": 0.5, ""pb_wait"": 5, ""gap"": ""off"", ""body_min"": 0.5, ""volf"": ""skip_high"", ""dow"": ""none"", ""big_thr"": 15, ""big_sl"": 30, ""big_tp"": 200, ""std_sl"": 20, ""std_tp"": 30, ""leg_gap"": 10, ""leg_sl"": 45, ""leg_tp"": 140, ""gap_min"": 100, ""be_at"": 0, ""partial"": 1.0, ""trail"": 3.0}",1.55,0.978,0.978,1.137,0.616,0.616,2.31,1.774,1.774,1.189,0.892,0.892
NDX100,"{""entry_tf"": 5, ""vwap"": true, ""time_stop"": 240, ""legs"": true, ""leg_max"": 6, ""legs_mgmt"": ""fixed"", ""leg_window"": 60, ""ma"": 0, ""dyn"": false, ""entry_mode"": ""close"", ""pb_frac"": 0.5, ""pb_wait"": 15, ""gap"": ""with"", ""body_min"": 0.3, ""volf"": ""skip_low"", ""dow"": ""none"", ""big_thr"": 15, ""big_sl"": 25, ""big_tp"": 200, ""std_sl"": 30, ""std_tp"": 42, ""leg_gap"": 25, ""leg_sl"": 25, ""leg_tp"": 90, ""gap_min"": 0, ""be_at"": 0, ""partial"": 0, ""trail"": 1.5}",-99.0,-0.731,-99.0,0.772,-0.083,-0.083,0.654,0.202,0.202,1.507,0.564,0.564
NDX100,"{""entry_tf"": 5, ""vwap"": true, ""time_stop"": 240, ""legs"": true, ""leg_max"": 2, ""legs_mgmt"": ""same"", ""leg_window"": 30, ""ma"": 0, ""dyn"": false, ""entry_mode"": ""close"", ""pb_frac"": 0.3, ""pb_wait"": 5, ""gap"": ""with"", ""body_min"": 0.3, ""volf"": ""off"", ""dow"": ""none"", ""big_thr"": 20, ""big_sl"": 50, ""big_tp"": 0, ""std_sl"": 15, ""std_tp"": 30, ""leg_gap"": 15, ""leg_sl"": 35, ""leg_tp"": 90, ""gap_min"": 0, ""be_at"": 2.0, ""partial"": 3.0, ""trail"": 1.5}",0.836,0.442,0.442,1.396,0.834,0.834,1.334,0.82,0.82,1.593,1.11,1.11
NDX100,"{""entry_tf"": 5, ""vwap"": true, ""time_stop"": 240, ""legs"": true, ""leg_max"": 4, ""legs_mgmt"": ""same"", ""leg_window"": 60, ""ma"": 0, ""dyn"": false, ""entry_mode"": ""close"", ""pb_frac"": 0.7, ""pb_wait"": 5, ""gap"": ""off"", ""body_min"": 0.7, ""volf"": ""off"", ""dow"": ""none"", ""big_thr"": 10, ""big_sl"": 30, ""big_tp"": 0, ""std_sl"": 20, ""std_tp"": 42, ""leg_gap"": 25, ""leg_sl"": 45, ""leg_tp"": 115, ""gap_min"": 0, ""be_at"": 2.0, ""partial"": 3.0, ""trail"": 3.0}",2.179,1.099,1.099,2.249,1.163,1.163,2.481,1.305,1.305,1.282,0.526,0.526
NDX100,"{""entry_tf"": 5, ""vwap"": true, ""time_stop"": 240, ""legs"": false, ""leg_max"": 6, ""legs_mgmt"": ""fixed"", ""leg_window"": 60, ""ma"": 0, ""dyn"": false, ""entry_mode"": ""close"", ""pb_frac"": 0.3, ""pb_wait"": 5, ""gap"": ""off"", ""body_min"": 0.3, ""volf"": ""off"", ""dow"": ""mon"", ""big_thr"": 25, ""big_sl"": 25, ""big_tp"": 100, ""std_sl"": 35, ""std_tp"": 80, ""leg_gap"": 25, ""leg_sl"": 25, ""leg_tp"": 90, ""gap_min"": 50, ""be_at"": 2.0, ""partial"": 0, ""trail"": 2.0}",1.259,0.964,0.964,1.199,1.036,1.036,1.998,1.61,1.61,0.821,0.593,0.593
NDX100,"{""entry_tf"": 5, ""vwap"": true, ""time_stop"": 240, ""legs"": false, ""leg_max"": 6, ""legs_mgmt"": ""fixed"", ""leg_window"": 60, ""ma"": 100, ""dyn"": false, ""entry_mode"": ""close"", ""pb_frac"": 0.3, ""pb_wait"": 5, ""gap"": ""off"", ""body_min"": 0.5, ""volf"": ""off"", ""dow"": ""none"", ""big_thr"": 20, ""big_sl"": 25, ""big_tp"": 80, ""std_sl"": 30, ""std_tp"": 50, ""leg_gap"": 20, ""leg_sl"": 35, ""leg_tp"": 140, ""gap_min"": 100, ""be_at"": 0, ""partial"": 1.5, ""trail"": 3.0}",1.618,1.097,1.097,0.985,0.609,0.609,2.205,1.531,1.531,0.777,0.475,0.475
NDX100,"{""entry_tf"": 5, ""vwap"": true, ""time_stop"": 60, ""legs"": false, ""leg_max"": 1, ""legs_mgmt"": ""same"", ""leg_window"": 120, ""ma"": 0, ""dyn"": true, ""entry_mode"": ""close"", ""pb_frac"": 0.5, ""pb_wait"": 30, ""gap"": ""off"", ""body_min"": 0.7, ""volf"": ""off"", ""dow"": ""none"", ""big_thr"": 20, ""big_sl"": 50, ""big_tp"": 130, ""std_sl"": 20, ""std_tp"": 42, ""leg_gap"": 25, ""leg_sl"": 35, ""leg_tp"": 140, ""gap_min"": 50, ""be_at"": 1.0, ""partial"": 0, ""trail"": 1.5}",2.045,1.684,1.684,1.555,1.281,1.281,2.388,1.952,1.952,0.775,0.677,0.677
NDX100,"{""entry_tf"": 5, ""vwap"": true, ""time_stop"": 60, ""legs"": false, ""leg_max"": 4, ""legs_mgmt"": ""fixed"", ""leg_window"": 120, ""ma"": 0, ""dyn"": true, ""entry_mode"": ""close"", ""pb_frac"": 0.3, ""pb_wait"": 5, ""gap"": ""off"", ""body_min"": 0.5, ""volf"": ""off"", ""dow"": ""fri"", ""big_thr"": 15, ""big_sl"": 40, ""big_tp"": 200, ""std_sl"": 15, ""std_tp"": 50, ""leg_gap"": 25, ""leg_sl"": 35, ""leg_tp"": 90, ""gap_min"": 0, ""be_at"": 1.0, ""partial"": 2.0, ""trail"": 2.0}",0.912,0.528,0.528,0.444,0.122,0.122,2.013,1.3,1.3,0.526,0.181,0.181
NDX100,"{""entry_tf"": 5, ""vwap"": true, ""time_stop"": 90, ""legs"": false, ""leg_max"": 6, ""legs_mgmt"": ""fixed"", ""leg_window"": 30, ""ma"": 0, ""dyn"": false, ""entry_mode"": ""close"", ""pb_frac"": 0.3, ""pb_wait"": 15, ""gap"": ""off"", ""body_min"": 0.5, ""volf"": ""skip_low"", ""dow"": ""fri"", ""big_thr"": 15, ""big_sl"": 25, ""big_tp"": 200, ""std_sl"": 15, ""std_tp"": 0, ""leg_gap"": 15, ""leg_sl"": 25, ""leg_tp"": 60, ""gap_min"": 20, ""be_at"": 0, ""partial"": 0, ""trail"": 1.5}",0.452,0.015,0.015,1.264,0.435,0.435,1.465,0.692,0.692,1.547,0.599,0.599
NDX100,"{""entry_tf"": 5, ""vwap"": true, ""time_stop"": 90, ""legs"": false, ""leg_max"": 6, ""legs_mgmt"": ""fixed"", ""leg_window"": 30, ""ma"": 0, ""dyn"": true, ""entry_mode"": ""close"", ""pb_frac"": 0.7, ""pb_wait"": 15, ""gap"": ""off"", ""body_min"": 0.5, ""volf"": ""off"", ""dow"": ""none"", ""big_thr"": 15, ""big_sl"": 40, ""big_tp"": 115, ""std_sl"": 30, ""std_tp"": 80, ""leg_gap"": 10, ""leg_sl"": 35, ""leg_tp"": 140, ""gap_min"": 50, ""be_at"": 0, ""partial"": 3.0, ""trail"": 0}",0.947,0.812,0.812,1.694,1.247,1.247,1.385,1.096,1.096,1.634,1.118,1.118
NDX100,"{""entry_tf"": 5, ""vwap"": true, ""time_stop"": 60, ""legs"": false, ""leg_max"": 6, ""legs_mgmt"": ""fixed"", ""leg_window"": 60, ""ma"": 0, ""dyn"": true, ""entry_mode"": ""close"", ""pb_frac"": 0.7, ""pb_wait"": 30, ""gap"": ""off"", ""body_min"": 0.7, ""volf"": ""off"", ""dow"": ""none"", ""big_thr"": 15, ""big_sl"": 40, ""big_tp"": 100, ""std_sl"": 35, ""std_tp"": 50, ""leg_gap"": 15, ""leg_sl"": 45, ""leg_tp"": 140, ""gap_min"": 0, ""be_at"": 0, ""partial"": 3.0, ""trail"": 2.0}",1.595,1.376,1.376,1.742,1.41,1.41,1.109,0.97,0.97,1.226,0.864,0.864
NDX100,"{""entry_tf"": 5, ""vwap"": true, ""time_stop"": 60, ""legs"": true, ""leg_max"": 1, ""legs_mgmt"": ""same"", ""leg_window"": 30, ""ma"": 0, ""dyn"": false, ""entry_mode"": ""close"", ""pb_frac"": 0.7, ""pb_wait"": 5, ""gap"": ""off"", ""body_min"": 0.5, ""volf"": ""off"", ""dow"": ""none"", ""big_thr"": 15, ""big_sl"": 35, ""big_tp"": 150, ""std_sl"": 15, ""std_tp"": 80, ""leg_gap"": 10, ""leg_sl"": 25, ""leg_tp"": 115, ""gap_min"": 50, ""be_at"": 1.5, ""partial"": 0, ""trail"": 3.0}",0.85,0.771,0.771,1.138,1.0,1.0,1.45,1.332,1.332,1.481,1.306,1.306
NDX100,"{""entry_tf"": 5, ""vwap"": true, ""time_stop"": 60, ""legs"": true, ""leg_max"": 4, ""legs_mgmt"": ""fixed"", ""leg_window"": 120, ""ma"": 0, ""dyn"": false, ""entry_mode"": ""close"", ""pb_frac"": 0.7, ""pb_wait"": 15, ""gap"": ""off"", ""body_min"": 0.5, ""volf"": ""off"", ""dow"": ""none"", ""big_thr"": 20, ""big_sl"": 35, ""big_tp"": 150, ""std_sl"": 15, ""std_tp"": 42, ""leg_gap"": 15, ""leg_sl"": 35, ""leg_tp"": 115, ""gap_min"": 0, ""be_at"": 2.0, ""partial"": 0, ""trail"": 3.0}",1.049,0.942,0.942,0.879,0.987,0.879,1.465,1.45,1.45,1.47,1.373,1.373
NDX100,"{""entry_tf"": 5, ""vwap"": true, ""time_stop"": 90, ""legs"": false, ""leg_max"": 1, ""legs_mgmt"": ""same"", ""leg_window"": 30, ""ma"": 0, ""dyn"": false, ""entry_mode"": ""close"", ""pb_frac"": 0.7, ""pb_wait"": 15, ""gap"": ""off"", ""body_min"": 0.7, ""volf"": ""off"", ""dow"": ""none"", ""big_thr"": 10, ""big_sl"": 35, ""big_tp"": 100, ""std_sl"": 20, ""std_tp"": 30, ""leg_gap"": 10, ""leg_sl"": 45, ""leg_tp"": 60, ""gap_min"": 20, ""be_at"": 2.0, ""partial"": 1.5, ""trail"": 1.5}",1.302,0.721,0.721,0.94,0.301,0.301,1.967,1.02,1.02,0.415,0.079,0.079
NDX100,"{""entry_tf"": 5, ""vwap"": true, ""time_stop"": 90, ""legs"": true, ""leg_max"": 1, ""legs_mgmt"": ""same"", ""leg_window"": 30, ""ma"": 0, ""dyn"": false, ""entry_mode"": ""close"", ""pb_frac"": 0.3, ""pb_wait"": 15, ""gap"": ""off"", ""body_min"": 0.5, ""volf"": ""mid"", ""dow"": ""none"", ""big_thr"": 20, ""big_sl"": 40, ""big_tp"": 115, ""std_sl"": 25, ""std_tp"": 80, ""leg_gap"": 25, ""leg_sl"": 35, ""leg_tp"": 140, ""gap_min"": 20, ""be_at"": 2.0, ""partial"": 0, ""trail"": 1.5}",0.74,0.347,0.347,1.023,0.558,0.558,1.116,0.634,0.634,1.612,0.911,0.911
NDX100,"{""entry_tf"": 5, ""vwap"": true, ""time_stop"": 90, ""legs"": true, ""leg_max"": 2, ""legs_mgmt"": ""fixed"", ""leg_window"": 60, ""ma"": 0, ""dyn"": true, ""entry_mode"": ""close"", ""pb_frac"": 0.7, ""pb_wait"": 5, ""gap"": ""off"", ""body_min"": 0.5, ""volf"": ""off"", ""dow"": ""fri"", ""big_thr"": 15, ""big_sl"": 25, ""big_tp"": 115, ""std_sl"": 35, ""std_tp"": 30, ""leg_gap"": 20, ""leg_sl"": 25, ""leg_tp"": 60, ""gap_min"": 20, ""be_at"": 2.0, ""partial"": 0, ""trail"": 0}",0.887,0.873,0.873,1.592,1.301,1.301,1.884,1.601,1.601,1.21,0.913,0.913
NDX100,"{""entry_tf"": 5, ""vwap"": true, ""time_stop"": 999, ""legs"": false, ""leg_max"": 1, ""legs_mgmt"": ""fixed"", ""leg_window"": 60, ""ma"": 0, ""dyn"": true, ""entry_mode"": ""close"", ""pb_frac"": 0.5, ""pb_wait"": 5, ""gap"": ""off"", ""body_min"": 0.7, ""volf"": ""off"", ""dow"": ""none"", ""big_thr"": 15, ""big_sl"": 50, ""big_tp"": 150, ""std_sl"": 20, ""std_tp"": 42, ""leg_gap"": 20, ""leg_sl"": 45, ""leg_tp"": 0, ""gap_min"": 100, ""be_at"": 1.0, ""partial"": 0, ""trail"": 0}",1.616,1.191,1.191,1.286,0.888,0.888,1.902,1.397,1.397,0.617,0.425,0.425
NDX100,"{""entry_tf"": 5, ""vwap"": true, ""time_stop"": 999, ""legs"": false, ""leg_max"": 4, ""legs_mgmt"": ""fixed"", ""leg_window"": 120, ""ma"": 100, ""dyn"": true, ""entry_mode"": ""close"", ""pb_frac"": 0.5, ""pb_wait"": 15, ""gap"": ""off"", ""body_min"": 0.5, ""volf"": ""off"", ""dow"": ""fri"", ""big_thr"": 15, ""big_sl"": 35, ""big_tp"": 80, ""std_sl"": 35, ""std_tp"": 0, ""leg_gap"": 10, ""leg_sl"": 25, ""leg_tp"": 90, ""gap_min"": 20, ""be_at"": 0.5, ""partial"": 2.0, ""trail"": 1.5}",1.856,1.007,1.007,0.933,0.46,0.46,1.567,0.87,0.87,0.171,-0.196,-0.196
NDX100,"{""entry_tf"": 5, ""vwap"": true, ""time_stop"": 90, ""legs"": true, ""leg_max"": 6, ""legs_mgmt"": ""same"", ""leg_window"": 120, ""ma"": 100, ""dyn"": true, ""entry_mode"": ""close"", ""pb_frac"": 0.7, ""pb_wait"": 5, ""gap"": ""off"", ""body_min"": 0.5, ""volf"": ""skip_high"", ""dow"": ""none"", ""big_thr"": 25, ""big_sl"": 50, ""big_tp"": 130, ""std_sl"": 20, ""std_tp"": 60, ""leg_gap"": 15, ""leg_sl"": 35, ""leg_tp"": 90, ""gap_min"": 0, ""be_at"": 0, ""partial"": 2.0, ""trail"": 1.5}",1.761,1.234,1.234,0.969,0.61,0.61,2.35,1.944,1.944,1.481,1.023,1.023
NDX100,"{""entry_tf"": 5, ""vwap"": true, ""time_stop"": 999, ""legs"": false, ""leg_max"": 1, ""legs_mgmt"": ""fixed"", ""leg_window"": 30, ""ma"": 100, ""dyn"": true, ""entry_mode"": ""close"", ""pb_frac"": 0.3, ""pb_wait"": 15, ""gap"": ""with"", ""body_min"": 0, ""volf"": ""off"", ""dow"": ""none"", ""big_thr"": 20, ""big_sl"": 35, ""big_tp"": 200, ""std_sl"": 20, ""std_tp"": 42, ""leg_gap"": 20, ""leg_sl"": 45, ""leg_tp"": 140, ""gap_min"": 20, ""be_at"": 2.0, ""partial"": 1.5, ""trail"": 3.0}",0.876,0.054,0.054,1.311,0.272,0.272,1.879,0.591,0.591,1.585,0.473,0.473
NDX100,"{""entry_tf"": 5, ""vwap"": true, ""time_stop"": 90, ""legs"": true, ""leg_max"": 4, ""legs_mgmt"": ""fixed"", ""leg_window"": 120, ""ma"": 0, ""dyn"": false, ""entry_mode"": ""close"", ""pb_frac"": 0.5, ""pb_wait"": 5, ""gap"": ""off"", ""body_min"": 0.5, ""volf"": ""off"", ""dow"": ""none"", ""big_thr"": 15, ""big_sl"": 35, ""big_tp"": 100, ""std_sl"": 15, ""std_tp"": 80, ""leg_gap"": 20, ""leg_sl"": 25, ""leg_tp"": 0, ""gap_min"": 0, ""be_at"": 0, ""partial"": 0, ""trail"": 0}",1.515,1.35,1.35,1.926,1.596,1.596,2.25,1.863,1.863,1.62,1.361,1.361
NDX100,"{""entry_tf"": 5, ""vwap"": true, ""time_stop"": 90, ""legs"": true, ""leg_max"": 4, ""legs_mgmt"": ""same"", ""leg_window"": 120, ""ma"": 0, ""dyn"": true, ""entry_mode"": ""close"", ""pb_frac"": 0.7, ""pb_wait"": 5, ""gap"": ""off"", ""body_min"": 0.7, ""volf"": ""off"", ""dow"": ""none"", ""big_thr"": 20, ""big_sl"": 50, ""big_tp"": 150, ""std_sl"": 20, ""std_tp"": 80, ""leg_gap"": 25, ""leg_sl"": 35, ""leg_tp"": 115, ""gap_min"": 50, ""be_at"": 1.5, ""partial"": 0, ""trail"": 1.5}",1.623,1.602,1.602,1.227,1.208,1.208,1.774,1.797,1.774,0.512,0.601,0.512
NDX100,"{""entry_tf"": 5, ""vwap"": true, ""time_stop"": 999, ""legs"": true, ""leg_max"": 4, ""legs_mgmt"": ""fixed"", ""leg_window"": 60, ""ma"": 0, ""dyn"": true, ""entry_mode"": ""close"", ""pb_frac"": 0.3, ""pb_wait"": 30, ""gap"": ""off"", ""body_min"": 0.5, ""volf"": ""mid"", ""dow"": ""none"", ""big_thr"": 25, ""big_sl"": 30, ""big_tp"": 200, ""std_sl"": 15, ""std_tp"": 80, ""leg_gap"": 20, ""leg_sl"": 35, ""leg_tp"": 140, ""gap_min"": 0, ""be_at"": 2.0, ""partial"": 3.0, ""trail"": 3.0}",1.027,0.694,0.694,0.449,0.237,0.237,1.747,1.206,1.206,1.477,1.016,1.016
NDX100,"{""entry_tf"": 5, ""vwap"": true, ""time_stop"": 999, ""legs"": true, ""leg_max"": 4, ""legs_mgmt"": ""same"", ""leg_window"": 30, ""ma"": 0, ""dyn"": true, ""entry_mode"": ""close"", ""pb_frac"": 0.3, ""pb_wait"": 15, ""gap"": ""off"", ""body_min"": 0.5, ""volf"": ""off"", ""dow"": ""none"", ""big_thr"": 10, ""big_sl"": 35, ""big_tp"": 100, ""std_sl"": 35, ""std_tp"": 50, ""leg_gap"": 20, ""leg_sl"": 45, ""leg_tp"": 90, ""gap_min"": 100, ""be_at"": 2.0, ""partial"": 0, ""trail"": 0}",1.057,0.614,0.614,1.452,0.755,0.755,0.988,0.582,0.582,1.567,0.883,0.883
NDX100,"{""entry_tf"": 5, ""vwap"": true, ""time_stop"": 999, ""legs"": true, ""leg_max"": 1, ""legs_mgmt"": ""same"", ""leg_window"": 60, ""ma"": 100, ""dyn"": false, ""entry_mode"": ""close"", ""pb_frac"": 0.7, ""pb_wait"": 5, ""gap"": ""off"", ""body_min"": 0.5, ""volf"": ""off"", ""dow"": ""none"", ""big_thr"": 15, ""big_sl"": 40, ""big_tp"": 130, ""std_sl"": 30, ""std_tp"": 60, ""leg_gap"": 25, ""leg_sl"": 25, ""leg_tp"": 60, ""gap_min"": 100, ""be_at"": 2.0, ""partial"": 3.0, ""trail"": 0}",1.645,1.487,1.487,2.377,2.118,2.118,2.308,2.155,2.155,2.11,1.848,1.848
NDX100,"{""entry_tf"": 5, ""vwap"": true, ""time_stop"": 999, ""legs"": true, ""leg_max"": 2, ""legs_mgmt"": ""fixed"", ""leg_window"": 30, ""ma"": 0, ""dyn"": false, ""entry_mode"": ""close"", ""pb_frac"": 0.7, ""pb_wait"": 30, ""gap"": ""off"", ""body_min"": 0.5, ""volf"": ""off"", ""dow"": ""fri"", ""big_thr"": 15, ""big_sl"": 50, ""big_tp"": 200, ""std_sl"": 15, ""std_tp"": 0, ""leg_gap"": 15, ""leg_sl"": 25, ""leg_tp"": 140, ""gap_min"": 0, ""be_at"": 1.5, ""partial"": 1.5, ""trail"": 1.5}",0.997,0.686,0.686,1.429,0.968,0.968,2.021,1.363,1.363,1.114,0.638,0.638
NDX100,"{""entry_tf"": 5, ""vwap"": true, ""time_stop"": 999, ""legs"": false, ""leg_max"": 6, ""legs_mgmt"": ""same"", ""leg_window"": 60, ""ma"": 0, ""dyn"": false, ""entry_mode"": ""close"", ""pb_frac"": 0.7, ""pb_wait"": 15, ""gap"": ""off"", ""body_min"": 0.5, ""volf"": ""off"", ""dow"": ""none"", ""big_thr"": 15, ""big_sl"": 40, ""big_tp"": 100, ""std_sl"": 30, ""std_tp"": 60, ""leg_gap"": 20, ""leg_sl"": 25, ""leg_tp"": 90, ""gap_min"": 0, ""be_at"": 2.0, ""partial"": 0, ""trail"": 0}",1.624,1.368,1.368,2.421,2.021,2.021,2.488,1.954,1.954,1.714,1.356,1.356
NDX100,"{""entry_tf"": 5, ""vwap"": true, ""time_stop"": 999, ""legs"": true, ""leg_max"": 1, ""legs_mgmt"": ""same"", ""leg_window"": 60, ""ma"": 100, ""dyn"": false, ""entry_mode"": ""close"", ""pb_frac"": 0.3, ""pb_wait"": 5, ""gap"": ""off"", ""body_min"": 0.5, ""volf"": ""off"", ""dow"": ""none"", ""big_thr"": 25, ""big_sl"": 30, ""big_tp"": 200, ""std_sl"": 35, ""std_tp"": 50, ""leg_gap"": 20, ""leg_sl"": 25, ""leg_tp"": 90, ""gap_min"": 100, ""be_at"": 2.0, ""partial"": 3.0, ""trail"": 2.0}",1.052,0.861,0.861,2.073,1.606,1.606,1.523,1.253,1.253,1.372,0.963,0.963
NDX100,"{""entry_tf"": 5, ""vwap"": true, ""time_stop"": 999, ""legs"": false, ""leg_max"": 6, ""legs_mgmt"": ""fixed"", ""leg_window"": 30, ""ma"": 100, ""dyn"": false, ""entry_mode"": ""close"", ""pb_frac"": 0.5, ""pb_wait"": 15, ""gap"": ""off"", ""body_min"": 0.3, ""volf"": ""off"", ""dow"": ""none"", ""big_thr"": 10, ""big_sl"": 50, ""big_tp"": 200, ""std_sl"": 15, ""std_tp"": 0, ""leg_gap"": 20, ""leg_sl"": 45, ""leg_tp"": 115, ""gap_min"": 100, ""be_at"": 1.0, ""partial"": 3.0, ""trail"": 3.0}",1.429,1.162,1.162,1.615,1.34,1.34,1.875,1.573,1.573,0.456,0.128,0.128
NDX100,"{""entry_tf"": 5, ""vwap"": true, ""time_stop"": 999, ""legs"": false, ""leg_max"": 6, ""legs_mgmt"": ""same"", ""leg_window"": 120, ""ma"": 0, ""dyn"": false, ""entry_mode"": ""close"", ""pb_frac"": 0.5, ""pb_wait"": 30, ""gap"": ""off"", ""body_min"": 0.5, ""volf"": ""off"", ""dow"": ""none"", ""big_thr"": 15, ""big_sl"": 35, ""big_tp"": 100, ""std_sl"": 30, ""std_tp"": 80, ""leg_gap"": 10, ""leg_sl"": 45, ""leg_tp"": 0, ""gap_min"": 100, ""be_at"": 1.5, ""partial"": 3.0, ""trail"": 3.0}",2.039,1.707,1.707,1.844,1.591,1.591,2.399,2.014,2.014,1.24,0.993,0.993
NDX100,"{""entry_tf"": 5, ""vwap"": true, ""time_stop"": 999, ""legs"": true, ""leg_max"": 4, ""legs_mgmt"": ""same"", ""leg_window"": 30, ""ma"": 100, ""dyn"": false, ""entry_mode"": ""close"", ""pb_frac"": 0.7, ""pb_wait"": 5, ""gap"": ""off"", ""body_min"": 0.5, ""volf"": ""off"", ""dow"": ""none"", ""big_thr"": 25, ""big_sl"": 40, ""big_tp"": 130, ""std_sl"": 35, ""std_tp"": 0, ""leg_gap"": 25, ""leg_sl"": 35, ""leg_tp"": 140, ""gap_min"": 50, ""be_at"": 1.0, ""partial"": 1.5, ""trail"": 1.5}",1.444,0.847,0.847,1.33,0.894,0.894,2.284,1.494,1.494,1.242,0.728,0.728
NDX100,"{""entry_tf"": 5, ""vwap"": true, ""time_stop"": 999, ""legs"": true, ""leg_max"": 6, ""legs_mgmt"": ""fixed"", ""leg_window"": 120, ""ma"": 0, ""dyn"": false, ""entry_mode"": ""close"", ""pb_frac"": 0.3, ""pb_wait"": 30, ""gap"": ""off"", ""body_min"": 0.5, ""volf"": ""off"", ""dow"": ""fri"", ""big_thr"": 15, ""big_sl"": 40, ""big_tp"": 200, ""std_sl"": 35, ""std_tp"": 80, ""leg_gap"": 15, ""leg_sl"": 35, ""leg_tp"": 140, ""gap_min"": 100, ""be_at"": 2.0, ""partial"": 2.0, ""trail"": 1.0}",1.483,1.243,1.243,1.667,1.45,1.45,2.162,1.846,1.846,1.948,1.597,1.597
NDX100,"{""entry_tf"": 5, ""vwap"": true, ""time_stop"": 999, ""legs"": true, ""leg_max"": 6, ""legs_mgmt"": ""fixed"", ""leg_window"": 60, ""ma"": 0, ""dyn"": false, ""entry_mode"": ""close"", ""pb_frac"": 0.5, ""pb_wait"": 30, ""gap"": ""off"", ""body_min"": 0.7, ""volf"": ""off"", ""dow"": ""none"", ""big_thr"": 25, ""big_sl"": 25, ""big_tp"": 200, ""std_sl"": 25, ""std_tp"": 42, ""leg_gap"": 15, ""leg_sl"": 45, ""leg_tp"": 140, ""gap_min"": 100, ""be_at"": 1.5, ""partial"": 3.0, ""trail"": 2.0}",1.253,0.675,0.675,1.181,0.614,0.614,2.052,1.237,1.237,1.543,0.866,0.866
NDX100,"{""entry_tf"": 5, ""vwap"": true, ""time_stop"": 999, ""legs"": true, ""leg_max"": 6, ""legs_mgmt"": ""same"", ""leg_window"": 120, ""ma"": 0, ""dyn"": false, ""entry_mode"": ""close"", ""pb_frac"": 0.3, ""pb_wait"": 5, ""gap"": ""off"", ""body_min"": 0.5, ""volf"": ""off"", ""dow"": ""fri"", ""big_thr"": 15, ""big_sl"": 35, ""big_tp"": 100, ""std_sl"": 15, ""std_tp"": 0, ""leg_gap"": 25, ""leg_sl"": 25, ""leg_tp"": 90, ""gap_min"": 100, ""be_at"": 2.0, ""partial"": 3.0, ""trail"": 1.5}",1.19,0.681,0.681,1.904,1.083,1.083,2.425,1.435,1.435,1.404,0.694,0.694
US30,"{""entry_tf"": 1, ""vwap"": false, ""time_stop"": 120, ""legs"": false, ""leg_max"": 1, ""legs_mgmt"": ""fixed"", ""leg_window"": 30, ""ma"": 100, ""dyn"": false, ""entry_mode"": ""close"", ""pb_frac"": 0.3, ""pb_wait"": 30, ""gap"": ""off"", ""body_min"": 0.5, ""volf"": ""off"", ""dow"": ""fri"", ""big_thr"": 25, ""big_sl"": 25, ""big_tp"": 100, ""std_sl"": 25, ""std_tp"": 42, ""leg_gap"": 10, ""leg_sl"": 25, ""leg_tp"": 140, ""gap_min"": 100, ""be_at"": 1.5, ""partial"": 3.0, ""trail"": 1.5}",0.912,0.59,0.59,1.055,0.691,0.691,0.76,0.349,0.349,0.548,0.127,0.127
US30,"{""entry_tf"": 1, ""vwap"": false, ""time_stop"": 120, ""legs"": false, ""leg_max"": 1, ""legs_mgmt"": ""fixed"", ""leg_window"": 30, ""ma"": 100, ""dyn"": false, ""entry_mode"": ""close"", ""pb_frac"": 0.5, ""pb_wait"": 30, ""gap"": ""off"", ""body_min"": 0.3, ""volf"": ""off"", ""dow"": ""fri"", ""big_thr"": 25, ""big_sl"": 25, ""big_tp"": 0, ""std_sl"": 25, ""std_tp"": 50, ""leg_gap"": 25, ""leg_sl"": 35, ""leg_tp"": 60, ""gap_min"": 100, ""be_at"": 0, ""partial"": 3.0, ""trail"": 2.0}",0.799,0.648,0.648,0.212,0.239,0.212,0.407,0.304,0.304,-99.0,-0.874,-99.0
NDX100,"{""entry_tf"": 5, ""vwap"": true, ""time_stop"": 999, ""legs"": true, ""leg_max"": 6, ""legs_mgmt"": ""same"", ""leg_window"": 60, ""ma"": 100, ""dyn"": false, ""entry_mode"": ""close"", ""pb_frac"": 0.7, ""pb_wait"": 5, ""gap"": ""off"", ""body_min"": 0.5, ""volf"": ""off"", ""dow"": ""none"", ""big_thr"": 10, ""big_sl"": 35, ""big_tp"": 200, ""std_sl"": 15, ""std_tp"": 80, ""leg_gap"": 20, ""leg_sl"": 25, ""leg_tp"": 60, ""gap_min"": 20, ""be_at"": 0, ""partial"": 1.5, ""trail"": 2.0}",1.447,1.039,1.039,1.628,1.314,1.314,2.35,1.815,1.815,1.358,1.055,1.055
US30,"{""entry_tf"": 1, ""vwap"": false, ""time_stop"": 120, ""legs"": false, ""leg_max"": 1, ""legs_mgmt"": ""fixed"", ""leg_window"": 120, ""ma"": 0, ""dyn"": false, ""entry_mode"": ""close"", ""pb_frac"": 0.3, ""pb_wait"": 5, ""gap"": ""off"", ""body_min"": 0.5, ""volf"": ""mid"", ""dow"": ""fri"", ""big_thr"": 10, ""big_sl"": 30, ""big_tp"": 200, ""std_sl"": 30, ""std_tp"": 80, ""leg_gap"": 10, ""leg_sl"": 35, ""leg_tp"": 0, ""gap_min"": 20, ""be_at"": 1.0, ""partial"": 0, ""trail"": 1.0}",-99.0,-0.796,-99.0,0.768,0.634,0.634,-99.0,-0.736,-99.0,-99.0,-1.0,-99.0
US30,"{""entry_tf"": 1, ""vwap"": false, ""time_stop"": 120, ""legs"": false, ""leg_max"": 2, ""legs_mgmt"": ""same"", ""leg_window"": 120, ""ma"": 100, ""dyn"": false, ""entry_mode"": ""close"", ""pb_frac"": 0.7, ""pb_wait"": 5, ""gap"": ""off"", ""body_min"": 0.3, ""volf"": ""off"", ""dow"": ""none"", ""big_thr"": 25, ""big_sl"": 35, ""big_tp"": 130, ""std_sl"": 30, ""std_tp"": 42, ""leg_gap"": 15, ""leg_sl"": 25, ""leg_tp"": 115, ""gap_min"": 100, ""be_at"": 0.5, ""partial"": 3.0, ""trail"": 3.0}",-99.0,-0.734,-99.0,0.735,0.578,0.578,0.933,0.793,0.793,-99.0,-0.614,-99.0
US30,"{""entry_tf"": 1, ""vwap"": false, ""time_stop"": 120, ""legs"": false, ""leg_max"": 2, ""legs_mgmt"": ""same"", ""leg_window"": 30, ""ma"": 100, ""dyn"": false, ""entry_mode"": ""close"", ""pb_frac"": 0.7, ""pb_wait"": 5, ""gap"": ""off"", ""body_min"": 0.3, ""volf"": ""off"", ""dow"": ""none"", ""big_thr"": 25, ""big_sl"": 30, ""big_tp"": 60, ""std_sl"": 25, ""std_tp"": 80, ""leg_gap"": 10, ""leg_sl"": 45, ""leg_tp"": 140, ""gap_min"": 100, ""be_at"": 1.5, ""partial"": 1.5, ""trail"": 3.0}",0.455,0.173,0.173,-99.0,-0.903,-99.0,0.821,0.483,0.483,0.717,0.352,0.352
US30,"{""entry_tf"": 1, ""vwap"": false, ""time_stop"": 120, ""legs"": false, ""leg_max"": 4, ""legs_mgmt"": ""fixed"", ""leg_window"": 120, ""ma"": 100, ""dyn"": false, ""entry_mode"": ""close"", ""pb_frac"": 0.3, ""pb_wait"": 5, ""gap"": ""off"", ""body_min"": 0.3, ""volf"": ""off"", ""dow"": ""fri"", ""big_thr"": 20, ""big_sl"": 30, ""big_tp"": 80, ""std_sl"": 30, ""std_tp"": 80, ""leg_gap"": 20, ""leg_sl"": 25, ""leg_tp"": 140, ""gap_min"": 20, ""be_at"": 1.5, ""partial"": 2.0, ""trail"": 0}",1.078,0.215,0.215,0.757,-0.045,-0.045,0.1,-0.23,-0.23,0.519,-0.361,-0.361
US30,"{""entry_tf"": 1, ""vwap"": false, ""time_stop"": 120, ""legs"": false, ""leg_max"": 4, ""legs_mgmt"": ""same"", ""leg_window"": 30, ""ma"": 100, ""dyn"": false, ""entry_mode"": ""close"", ""pb_frac"": 0.7, ""pb_wait"": 30, ""gap"": ""off"", ""body_min"": 0.5, ""volf"": ""off"", ""dow"": ""fri"", ""big_thr"": 20, ""big_sl"": 35, ""big_tp"": 115, ""std_sl"": 35, ""std_tp"": 30, ""leg_gap"": 25, ""leg_sl"": 25, ""leg_tp"": 60, ""gap_min"": 50, ""be_at"": 0.5, ""partial"": 1.5, ""trail"": 2.0}",-99.0,-0.795,-99.0,1.068,0.672,0.672,1.149,0.88,0.88,0.205,-0.036,-0.036
US30,"{""entry_tf"": 1, ""vwap"": false, ""time_stop"": 120, ""legs"": false, ""leg_max"": 6, ""legs_mgmt"": ""same"", ""leg_window"": 60, ""ma"": 100, ""dyn"": false, ""entry_mode"": ""close"", ""pb_frac"": 0.7, ""pb_wait"": 30, ""gap"": ""off"", ""body_min"": 0.3, ""volf"": ""off"", ""dow"": ""fri"", ""big_thr"": 15, ""big_sl"": 40, ""big_tp"": 200, ""std_sl"": 30, ""std_tp"": 60, ""leg_gap"": 15, ""leg_sl"": 35, ""leg_tp"": 115, ""gap_min"": 0, ""be_at"": 0, ""partial"": 0, ""trail"": 1.0}",1.129,0.685,0.685,0.597,0.137,0.137,1.314,0.782,0.782,0.883,0.498,0.498
US30,"{""entry_tf"": 1, ""vwap"": false, ""time_stop"": 120, ""legs"": true, ""leg_max"": 1, ""legs_mgmt"": ""fixed"", ""leg_window"": 30, ""ma"": 100, ""dyn"": false, ""entry_mode"": ""close"", ""pb_frac"": 0.7, ""pb_wait"": 5, ""gap"": ""off"", ""body_min"": 0.3, ""volf"": ""skip_low"", ""dow"": ""none"", ""big_thr"": 25, ""big_sl"": 40, ""big_tp"": 60, ""std_sl"": 30, ""std_tp"": 60, ""leg_gap"": 10, ""leg_sl"": 35, ""leg_tp"": 0, ""gap_min"": 20, ""be_at"": 1.5, ""partial"": 1.0, ""trail"": 3.0}",-99.0,-0.717,-99.0,0.149,-0.216,-0.216,0.697,0.397,0.397,0.642,0.286,0.286
US30,"{""entry_tf"": 1, ""vwap"": false, ""time_stop"": 120, ""legs"": false, ""leg_max"": 6, ""legs_mgmt"": ""fixed"", ""leg_window"": 30, ""ma"": 100, ""dyn"": false, ""entry_mode"": ""close"", ""pb_frac"": 0.7, ""pb_wait"": 15, ""gap"": ""off"", ""body_min"": 0.3, ""volf"": ""skip_low"", ""dow"": ""none"", ""big_thr"": 25, ""big_sl"": 40, ""big_tp"": 100, ""std_sl"": 30, ""std_tp"": 0, ""leg_gap"": 20, ""leg_sl"": 25, ""leg_tp"": 140, ""gap_min"": 50, ""be_at"": 2.0, ""partial"": 1.0, ""trail"": 0}",0.191,0.038,0.038,-99.0,-0.897,-99.0,1.319,1.102,1.102,1.024,0.932,0.932
US30,"{""entry_tf"": 1, ""vwap"": false, ""time_stop"": 120, ""legs"": false, ""leg_max"": 6, ""legs_mgmt"": ""same"", ""leg_window"": 60, ""ma"": 100, ""dyn"": false, ""entry_mode"": ""close"", ""pb_frac"": 0.5, ""pb_wait"": 5, ""gap"": ""off"", ""body_min"": 0.5, ""volf"": ""off"", ""dow"": ""none"", ""big_thr"": 10, ""big_sl"": 30, ""big_tp"": 0, ""std_sl"": 20, ""std_tp"": 80, ""leg_gap"": 15, ""leg_sl"": 25, ""leg_tp"": 0, ""gap_min"": 50, ""be_at"": 1.0, ""partial"": 2.0, ""trail"": 1.5}",0.222,-0.337,-0.337,0.922,0.234,0.234,1.2,0.487,0.487,0.614,0.054,0.054
US30,"{""entry_tf"": 1, ""vwap"": false, ""time_stop"": 120, ""legs"": true, ""leg_max"": 1, ""legs_mgmt"": ""fixed"", ""leg_window"": 60, ""ma"": 0, ""dyn"": false, ""entry_mode"": ""close"", ""pb_frac"": 0.3, ""pb_wait"": 30, ""gap"": ""with"", ""body_min"": 0, ""volf"": ""off"", ""dow"": ""none"", ""big_thr"": 20, ""big_sl"": 25, ""big_tp"": 130, ""std_sl"": 35, ""std_tp"": 50, ""leg_gap"": 15, ""leg_sl"": 25, ""leg_tp"": 115, ""gap_min"": 50, ""be_at"": 1.5, ""partial"": 1.0, ""trail"": 1.0}",-99.0,-0.888,-99.0,0.873,-0.164,-0.164,0.99,-0.207,-0.207,0.345,-0.54,-0.54
US30,"{""entry_tf"": 1, ""vwap"": false, ""time_stop"": 120, ""legs"": true, ""leg_max"": 4, ""legs_mgmt"": ""same"", ""leg_window"": 120, ""ma"": 0, ""dyn"": false, ""entry_mode"": ""close"", ""pb_frac"": 0.3, ""pb_wait"": 30, ""gap"": ""off"", ""body_min"": 0.5, ""volf"": ""off"", ""dow"": ""fri"", ""big_thr"": 15, ""big_sl"": 40, ""big_tp"": 200, ""std_sl"": 30, ""std_tp"": 80, ""leg_gap"": 15, ""leg_sl"": 35, ""leg_tp"": 0, ""gap_min"": 50, ""be_at"": 0.5, ""partial"": 0, ""trail"": 1.5}",-99.0,-1.0,-99.0,0.908,0.538,0.538,0.867,0.642,0.642,0.134,-0.104,-0.104
US30,"{""entry_tf"": 1, ""vwap"": false, ""time_stop"": 180, ""legs"": false, ""leg_max"": 2, ""legs_mgmt"": ""same"", ""leg_window"": 30, ""ma"": 100, ""dyn"": false, ""entry_mode"": ""close"", ""pb_frac"": 0.3, ""pb_wait"": 5, ""gap"": ""off"", ""body_min"": 0.5, ""volf"": ""skip_low"", ""dow"": ""none"", ""big_thr"": 10, ""big_sl"": 40, ""big_tp"": 80, ""std_sl"": 35, ""std_tp"": 50, ""leg_gap"": 10, ""leg_sl"": 45, ""leg_tp"": 0, ""gap_min"": 100, ""be_at"": 1.0, ""partial"": 3.0, ""trail"": 1.0}",0.579,0.312,0.312,1.096,0.745,0.745,1.325,0.939,0.939,0.559,0.326,0.326
US30,"{""entry_tf"": 1, ""vwap"": false, ""time_stop"": 180, ""legs"": false, ""leg_max"": 6, ""legs_mgmt"": ""fixed"", ""leg_window"": 120, ""ma"": 0, ""dyn"": false, ""entry_mode"": ""close"", ""pb_frac"": 0.7, ""pb_wait"": 15, ""gap"": ""off"", ""body_min"": 0.5, ""volf"": ""skip_high"", ""dow"": ""fri"", ""big_thr"": 25, ""big_sl"": 40, ""big_tp"": 150, ""std_sl"": 20, ""std_tp"": 42, ""leg_gap"": 10, ""leg_sl"": 45, ""leg_tp"": 60, ""gap_min"": 50, ""be_at"": 0, ""partial"": 3.0, ""trail"": 1.0}",0.532,-0.38,-0.38,0.929,-0.084,-0.084,0.687,-0.201,-0.201,0.561,-0.28,-0.28
US30,"{""entry_tf"": 1, ""vwap"": false, ""time_stop"": 120, ""legs"": true, ""leg_max"": 6, ""legs_mgmt"": ""same"", ""leg_window"": 60, ""ma"": 100, ""dyn"": false, ""entry_mode"": ""close"", ""pb_frac"": 0.5, ""pb_wait"": 15, ""gap"": ""off"", ""body_min"": 0.3, ""volf"": ""off"", ""dow"": ""fri"", ""big_thr"": 20, ""big_sl"": 25, ""big_tp"": 130, ""std_sl"": 20, ""std_tp"": 60, ""leg_gap"": 15, ""leg_sl"": 25, ""leg_tp"": 140, ""gap_min"": 100, ""be_at"": 0.5, ""partial"": 0, ""trail"": 1.5}",0.777,0.415,0.415,0.321,0.102,0.102,0.837,0.561,0.561,-99.0,-1.0,-99.0
US30,"{""entry_tf"": 1, ""vwap"": false, ""time_stop"": 180, ""legs"": false, ""leg_max"": 1, ""legs_mgmt"": ""same"", ""leg_window"": 60, ""ma"": 100, ""dyn"": false, ""entry_mode"": ""close"", ""pb_frac"": 0.7, ""pb_wait"": 5, ""gap"": ""off"", ""body_min"": 0.5, ""volf"": ""off"", ""dow"": ""none"", ""big_thr"": 20, ""big_sl"": 40, ""big_tp"": 0, ""std_sl"": 35, ""std_tp"": 80, ""leg_gap"": 10, ""leg_sl"": 25, ""leg_tp"": 0, ""gap_min"": 0, ""be_at"": 1.5, ""partial"": 2.0, ""trail"": 3.0}",0.155,-0.037,-0.037,0.722,0.338,0.338,1.066,0.795,0.795,0.602,0.207,0.207
US30,"{""entry_tf"": 1, ""vwap"": false, ""time_stop"": 180, ""legs"": false, ""leg_max"": 6, ""legs_mgmt"": ""same"", ""leg_window"": 30, ""ma"": 0, ""dyn"": false, ""entry_mode"": ""close"", ""pb_frac"": 0.7, ""pb_wait"": 30, ""gap"": ""off"", ""body_min"": 0, ""volf"": ""skip_low"", ""dow"": ""fri"", ""big_thr"": 25, ""big_sl"": 35, ""big_tp"": 130, ""std_sl"": 25, ""std_tp"": 60, ""leg_gap"": 10, ""leg_sl"": 45, ""leg_tp"": 90, ""gap_min"": 50, ""be_at"": 1.5, ""partial"": 1.5, ""trail"": 1.5}",0.439,0.1,0.1,0.38,0.021,0.021,0.284,0.173,0.173,0.794,0.431,0.431
US30,"{""entry_tf"": 1, ""vwap"": false, ""time_stop"": 180, ""legs"": true, ""leg_max"": 1, ""legs_mgmt"": ""fixed"", ""leg_window"": 30, ""ma"": 100, ""dyn"": false, ""entry_mode"": ""close"", ""pb_frac"": 0.7, ""pb_wait"": 5, ""gap"": ""off"", ""body_min"": 0, ""volf"": ""skip_low"", ""dow"": ""fri"", ""big_thr"": 15, ""big_sl"": 40, ""big_tp"": 0, ""std_sl"": 25, ""std_tp"": 30, ""leg_gap"": 15, ""leg_sl"": 25, ""leg_tp"": 60, ""gap_min"": 100, ""be_at"": 0, ""partial"": 0, ""trail"": 1.5}",0.708,0.285,0.285,-99.0,-0.81,-99.0,0.959,0.692,0.692,0.539,0.405,0.405
US30,"{""entry_tf"": 1, ""vwap"": false, ""time_stop"": 180, ""legs"": true, ""leg_max"": 4, ""legs_mgmt"": ""fixed"", ""leg_window"": 60, ""ma"": 100, ""dyn"": false, ""entry_mode"": ""close"", ""pb_frac"": 0.7, ""pb_wait"": 5, ""gap"": ""off"", ""body_min"": 0.5, ""volf"": ""off"", ""dow"": ""none"", ""big_thr"": 25, ""big_sl"": 35, ""big_tp"": 115, ""std_sl"": 35, ""std_tp"": 60, ""leg_gap"": 15, ""leg_sl"": 25, ""leg_tp"": 115, ""gap_min"": 100, ""be_at"": 1.5, ""partial"": 2.0, ""trail"": 0}",0.167,-0.067,-0.067,0.871,0.582,0.582,0.885,0.644,0.644,-99.0,-1.0,-99.0
US30,"{""entry_tf"": 1, ""vwap"": false, ""time_stop"": 180, ""legs"": true, ""leg_max"": 4, ""legs_mgmt"": ""same"", ""leg_window"": 120, ""ma"": 0, ""dyn"": true, ""entry_mode"": ""close"", ""pb_frac"": 0.5, ""pb_wait"": 5, ""gap"": ""off"", ""body_min"": 0.5, ""volf"": ""skip_low"", ""dow"": ""fri"", ""big_thr"": 15, ""big_sl"": 25, ""big_tp"": 0, ""std_sl"": 15, ""std_tp"": 30, ""leg_gap"": 25, ""leg_sl"": 35, ""leg_tp"": 0, ""gap_min"": 100, ""be_at"": 1.0, ""partial"": 0, ""trail"": 1.0}",0.723,-0.182,-0.182,0.626,0.075,0.075,0.417,-0.22,-0.22,-99.0,-1.0,-99.0
US30,"{""entry_tf"": 1, ""vwap"": false, ""time_stop"": 180, ""legs"": true, ""leg_max"": 1, ""legs_mgmt"": ""fixed"", ""leg_window"": 60, ""ma"": 100, ""dyn"": false, ""entry_mode"": ""close"", ""pb_frac"": 0.5, ""pb_wait"": 15, ""gap"": ""off"", ""body_min"": 0.5, ""volf"": ""off"", ""dow"": ""none"", ""big_thr"": 25, ""big_sl"": 30, ""big_tp"": 100, ""std_sl"": 25, ""std_tp"": 30, ""leg_gap"": 25, ""leg_sl"": 45, ""leg_tp"": 140, ""gap_min"": 0, ""be_at"": 0, ""partial"": 0, ""trail"": 3.0}",0.639,0.227,0.227,0.564,0.191,0.191,1.302,0.81,0.81,0.039,-0.381,-0.381
US30,"{""entry_tf"": 1, ""vwap"": false, ""time_stop"": 180, ""legs"": true, ""leg_max"": 2, ""legs_mgmt"": ""same"", ""leg_window"": 30, ""ma"": 100, ""dyn"": false, ""entry_mode"": ""close"", ""pb_frac"": 0.3, ""pb_wait"": 30, ""gap"": ""off"", ""body_min"": 0.5, ""volf"": ""skip_low"", ""dow"": ""none"", ""big_thr"": 10, ""big_sl"": 50, ""big_tp"": 150, ""std_sl"": 35, ""std_tp"": 60, ""leg_gap"": 25, ""leg_sl"": 25, ""leg_tp"": 60, ""gap_min"": 50, ""be_at"": 0.5, ""partial"": 2.0, ""trail"": 1.5}",0.166,-0.143,-0.143,1.104,0.553,0.553,1.256,0.807,0.807,0.62,0.456,0.456
US30,"{""entry_tf"": 1, ""vwap"": false, ""time_stop"": 180, ""legs"": true, ""leg_max"": 4, ""legs_mgmt"": ""same"", ""leg_window"": 120, ""ma"": 100, ""dyn"": false, ""entry_mode"": ""close"", ""pb_frac"": 0.7, ""pb_wait"": 5, ""gap"": ""off"", ""body_min"": 0.5, ""volf"": ""off"", ""dow"": ""none"", ""big_thr"": 20, ""big_sl"": 30, ""big_tp"": 150, ""std_sl"": 25, ""std_tp"": 50, ""leg_gap"": 25, ""leg_sl"": 45, ""leg_tp"": 90, ""gap_min"": 50, ""be_at"": 0, ""partial"": 3.0, ""trail"": 2.0}",0.621,0.219,0.219,0.95,0.566,0.566,1.028,0.817,0.817,-99.0,-0.817,-99.0
US30,"{""entry_tf"": 1, ""vwap"": false, ""time_stop"": 180, ""legs"": true, ""leg_max"": 4, ""legs_mgmt"": ""same"", ""leg_window"": 60, ""ma"": 100, ""dyn"": false, ""entry_mode"": ""close"", ""pb_frac"": 0.3, ""pb_wait"": 30, ""gap"": ""off"", ""body_min"": 0.3, ""volf"": ""skip_low"", ""dow"": ""fri"", ""big_thr"": 20, ""big_sl"": 30, ""big_tp"": 200, ""std_sl"": 30, ""std_tp"": 50, ""leg_gap"": 20, ""leg_sl"": 35, ""leg_tp"": 60, ""gap_min"": 0, ""be_at"": 1.0, ""partial"": 0, ""trail"": 1.5}",1.701,0.927,0.927,1.102,0.571,0.571,1.753,1.156,1.156,0.884,0.372,0.372
US30,"{""entry_tf"": 1, ""vwap"": false, ""time_stop"": 180, ""legs"": true, ""leg_max"": 6, ""legs_mgmt"": ""fixed"", ""leg_window"": 30, ""ma"": 100, ""dyn"": false, ""entry_mode"": ""close"", ""pb_frac"": 0.3, ""pb_wait"": 30, ""gap"": ""off"", ""body_min"": 0.5, ""volf"": ""off"", ""dow"": ""fri"", ""big_thr"": 10, ""big_sl"": 30, ""big_tp"": 150, ""std_sl"": 35, ""std_tp"": 30, ""leg_gap"": 25, ""leg_sl"": 25, ""leg_tp"": 90, ""gap_min"": 0, ""be_at"": 1.5, ""partial"": 1.5, ""trail"": 1.0}",0.004,-0.282,-0.282,1.068,0.702,0.702,0.792,0.628,0.628,-99.0,-0.903,-99.0
US30,"{""entry_tf"": 1, ""vwap"": false, ""time_stop"": 180, ""legs"": true, ""leg_max"": 6, ""legs_mgmt"": ""fixed"", ""leg_window"": 60, ""ma"": 100, ""dyn"": false, ""entry_mode"": ""close"", ""pb_frac"": 0.7, ""pb_wait"": 5, ""gap"": ""off"", ""body_min"": 0.3, ""volf"": ""skip_low"", ""dow"": ""fri"", ""big_thr"": 25, ""big_sl"": 30, ""big_tp"": 0, ""std_sl"": 35, ""std_tp"": 80, ""leg_gap"": 15, ""leg_sl"": 35, ""leg_tp"": 90, ""gap_min"": 0, ""be_at"": 2.0, ""partial"": 1.5, ""trail"": 2.0}",1.13,0.773,0.773,0.911,0.557,0.557,0.669,0.637,0.637,0.899,0.682,0.682
US30,"{""entry_tf"": 1, ""vwap"": false, ""time_stop"": 240, ""legs"": false, ""leg_max"": 1, ""legs_mgmt"": ""fixed"", ""leg_window"": 60, ""ma"": 100, ""dyn"": false, ""entry_mode"": ""close"", ""pb_frac"": 0.3, ""pb_wait"": 5, ""gap"": ""off"", ""body_min"": 0.5, ""volf"": ""off"", ""dow"": ""none"", ""big_thr"": 20, ""big_sl"": 30, ""big_tp"": 100, ""std_sl"": 35, ""std_tp"": 0, ""leg_gap"": 25, ""leg_sl"": 25, ""leg_tp"": 60, ""gap_min"": 20, ""be_at"": 0, ""partial"": 0, ""trail"": 1.5}",0.217,-0.04,-0.04,0.603,0.257,0.257,1.327,0.692,0.692,0.583,0.166,0.166
US30,"{""entry_tf"": 1, ""vwap"": false, ""time_stop"": 240, ""legs"": false, ""leg_max"": 2, ""legs_mgmt"": ""fixed"", ""leg_window"": 120, ""ma"": 100, ""dyn"": false, ""entry_mode"": ""close"", ""pb_frac"": 0.3, ""pb_wait"": 30, ""gap"": ""off"", ""body_min"": 0.5, ""volf"": ""skip_low"", ""dow"": ""none"", ""big_thr"": 15, ""big_sl"": 25, ""big_tp"": 115, ""std_sl"": 35, ""std_tp"": 80, ""leg_gap"": 25, ""leg_sl"": 45, ""leg_tp"": 60, ""gap_min"": 100, ""be_at"": 2.0, ""partial"": 3.0, ""trail"": 0}",0.399,0.192,0.192,0.827,0.506,0.506,1.416,1.071,1.071,-99.0,-0.875,-99.0
US30,"{""entry_tf"": 1, ""vwap"": false, ""time_stop"": 240, ""legs"": false, ""leg_max"": 4, ""legs_mgmt"": ""fixed"", ""leg_window"": 60, ""ma"": 0, ""dyn"": false, ""entry_mode"": ""close"", ""pb_frac"": 0.3, ""pb_wait"": 30, ""gap"": ""off"", ""body_min"": 0.5, ""volf"": ""off"", ""dow"": ""fri"", ""big_thr"": 15, ""big_sl"": 30, ""big_tp"": 100, ""std_sl"": 25, ""std_tp"": 80, ""leg_gap"": 15, ""leg_sl"": 35, ""leg_tp"": 140, ""gap_min"": 20, ""be_at"": 1.0, ""partial"": 1.5, ""trail"": 1.5}",0.063,-0.466,-0.466,0.79,0.125,0.125,0.44,0.073,0.073,0.32,-0.251,-0.251
US30,"{""entry_tf"": 1, ""vwap"": false, ""time_stop"": 240, ""legs"": false, ""leg_max"": 4, ""legs_mgmt"": ""same"", ""leg_window"": 120, ""ma"": 100, ""dyn"": false, ""entry_mode"": ""close"", ""pb_frac"": 0.3, ""pb_wait"": 30, ""gap"": ""off"", ""body_min"": 0.5, ""volf"": ""off"", ""dow"": ""none"", ""big_thr"": 20, ""big_sl"": 50, ""big_tp"": 130, ""std_sl"": 35, ""std_tp"": 30, ""leg_gap"": 20, ""leg_sl"": 25, ""leg_tp"": 0, ""gap_min"": 0, ""be_at"": 0.5, ""partial"": 2.0, ""trail"": 1.5}",0.167,-0.228,-0.228,0.776,0.533,0.533,1.383,1.014,1.014,0.065,-0.368,-0.368
US30,"{""entry_tf"": 1, ""vwap"": false, ""time_stop"": 240, ""legs"": false, ""leg_max"": 4, ""legs_mgmt"": ""same"", ""leg_window"": 30, ""ma"": 0, ""dyn"": false, ""entry_mode"": ""close"", ""pb_frac"": 0.7, ""pb_wait"": 5, ""gap"": ""off"", ""body_min"": 0.3, ""volf"": ""skip_low"", ""dow"": ""fri"", ""big_thr"": 25, ""big_sl"": 30, ""big_tp"": 150, ""std_sl"": 25, ""std_tp"": 50, ""leg_gap"": 10, ""leg_sl"": 25, ""leg_tp"": 0, ""gap_min"": 100, ""be_at"": 0.5, ""partial"": 3.0, ""trail"": 1.0}",0.718,0.25,0.25,0.472,0.222,0.222,0.681,0.42,0.42,0.049,-0.17,-0.17
US30,"{""entry_tf"": 1, ""vwap"": false, ""time_stop"": 240, ""legs"": false, ""leg_max"": 4, ""legs_mgmt"": ""same"", ""leg_window"": 30, ""ma"": 100, ""dyn"": false, ""entry_mode"": ""close"", ""pb_frac"": 0.3, ""pb_wait"": 5, ""gap"": ""off"", ""body_min"": 0.5, ""volf"": ""off"", ""dow"": ""none"", ""big_thr"": 15, ""big_sl"": 30, ""big_tp"": 80, ""std_sl"": 20, ""std_tp"": 60, ""leg_gap"": 15, ""leg_sl"": 35, ""leg_tp"": 60, ""gap_min"": 0, ""be_at"": 2.0, ""partial"": 0, ""trail"": 2.0}",0.566,0.387,0.387,0.813,0.596,0.596,0.644,0.492,0.492,0.078,-0.174,-0.174
US30,"{""entry_tf"": 1, ""vwap"": false, ""time_stop"": 240, ""legs"": true, ""leg_max"": 4, ""legs_mgmt"": ""same"", ""leg_window"": 120, ""ma"": 0, ""dyn"": false, ""entry_mode"": ""close"", ""pb_frac"": 0.3, ""pb_wait"": 15, ""gap"": ""with"", ""body_min"": 0, ""volf"": ""skip_low"", ""dow"": ""fri"", ""big_thr"": 15, ""big_sl"": 25, ""big_tp"": 115, ""std_sl"": 25, ""std_tp"": 50, ""leg_gap"": 25, ""leg_sl"": 45, ""leg_tp"": 90, ""gap_min"": 0, ""be_at"": 2.0, ""partial"": 2.0, ""trail"": 1.5}",0.211,-0.05,-0.05,0.071,-0.412,-0.412,0.664,0.216,0.216,0.639,0.254,0.254
US30,"{""entry_tf"": 1, ""vwap"": false, ""time_stop"": 240, ""legs"": true, ""leg_max"": 4, ""legs_mgmt"": ""same"", ""leg_window"": 30, ""ma"": 100, ""dyn"": true, ""entry_mode"": ""close"", ""pb_frac"": 0.3, ""pb_wait"": 15, ""gap"": ""off"", ""body_min"": 0, ""volf"": ""skip_low"", ""dow"": ""fri"", ""big_thr"": 25, ""big_sl"": 40, ""big_tp"": 80, ""std_sl"": 30, ""std_tp"": 30, ""leg_gap"": 10, ""leg_sl"": 45, ""leg_tp"": 90, ""gap_min"": 20, ""be_at"": 1.5, ""partial"": 1.5, ""trail"": 1.0}",-99.0,-0.727,-99.0,-99.0,-1.0,-99.0,-99.0,-0.773,-99.0,0.559,0.102,0.102
US30,"{""entry_tf"": 1, ""vwap"": false, ""time_stop"": 240, ""legs"": false, ""leg_max"": 6, ""legs_mgmt"": ""same"", ""leg_window"": 60, ""ma"": 100, ""dyn"": false, ""entry_mode"": ""close"", ""pb_frac"": 0.3, ""pb_wait"": 30, ""gap"": ""off"", ""body_min"": 0, ""volf"": ""skip_low"", ""dow"": ""none"", ""big_thr"": 25, ""big_sl"": 35, ""big_tp"": 80, ""std_sl"": 20, ""std_tp"": 42, ""leg_gap"": 10, ""leg_sl"": 45, ""leg_tp"": 140, ""gap_min"": 20, ""be_at"": 0.5, ""partial"": 3.0, ""trail"": 0}",0.062,-0.229,-0.229,0.894,0.582,0.582,1.058,0.793,0.793,-99.0,-0.809,-99.0
US30,"{""entry_tf"": 1, ""vwap"": false, ""time_stop"": 240, ""legs"": true, ""leg_max"": 2, ""legs_mgmt"": ""same"", ""leg_window"": 30, ""ma"": 0, ""dyn"": false, ""entry_mode"": ""close"", ""pb_frac"": 0.3, ""pb_wait"": 5, ""gap"": ""with"", ""body_min"": 0.3, ""volf"": ""off"", ""dow"": ""fri"", ""big_thr"": 15, ""big_sl"": 40, ""big_tp"": 130, ""std_sl"": 20, ""std_tp"": 30, ""leg_gap"": 10, ""leg_sl"": 45, ""leg_tp"": 115, ""gap_min"": 0, ""be_at"": 0.5, ""partial"": 1.0, ""trail"": 1.0}",0.697,-0.096,-0.096,-99.0,-0.795,-99.0,0.402,-0.124,-0.124,0.862,0.33,0.33
US30,"{""entry_tf"": 1, ""vwap"": false, ""time_stop"": 240, ""legs"": false, ""leg_max"": 4, ""legs_mgmt"": ""same"", ""leg_window"": 30, ""ma"": 100, ""dyn"": false, ""entry_mode"": ""close"", ""pb_frac"": 0.5, ""pb_wait"": 30, ""gap"": ""off"", ""body_min"": 0.5, ""volf"": ""off"", ""dow"": ""none"", ""big_thr"": 10, ""big_sl"": 35, ""big_tp"": 130, ""std_sl"": 25, ""std_tp"": 80, ""leg_gap"": 10, ""leg_sl"": 45, ""leg_tp"": 140, ""gap_min"": 0, ""be_at"": 1.0, ""partial"": 1.0, ""trail"": 2.0}",0.194,-0.058,-0.058,0.651,0.272,0.272,0.718,0.452,0.452,0.593,0.198,0.198
US30,"{""entry_tf"": 1, ""vwap"": false, ""time_stop"": 240, ""legs"": false, ""leg_max"": 6, ""legs_mgmt"": ""same"", ""leg_window"": 60, ""ma"": 0, ""dyn"": false, ""entry_mode"": ""close"", ""pb_frac"": 0.3, ""pb_wait"": 30, ""gap"": ""off"", ""body_min"": 0, ""volf"": ""mid"", ""dow"": ""fri"", ""big_thr"": 15, ""big_sl"": 35, ""big_tp"": 130, ""std_sl"": 20, ""std_tp"": 60, ""leg_gap"": 25, ""leg_sl"": 35, ""leg_tp"": 115, ""gap_min"": 100, ""be_at"": 0, ""partial"": 2.0, ""trail"": 1.5}",0.212,-0.201,-0.201,-99.0,-0.6,-99.0,0.286,0.357,0.286,0.604,0.277,0.277
US30,"{""entry_tf"": 1, ""vwap"": false, ""time_stop"": 60, ""legs"": false, ""leg_max"": 1, ""legs_mgmt"": ""fixed"", ""leg_window"": 120, ""ma"": 100, ""dyn"": false, ""entry_mode"": ""close"", ""pb_frac"": 0.5, ""pb_wait"": 30, ""gap"": ""off"", ""body_min"": 0.5, ""volf"": ""off"", ""dow"": ""fri"", ""big_thr"": 25, ""big_sl"": 30, ""big_tp"": 115, ""std_sl"": 15, ""std_tp"": 0, ""leg_gap"": 20, ""leg_sl"": 25, ""leg_tp"": 90, ""gap_min"": 0, ""be_at"": 1.5, ""partial"": 3.0, ""trail"": 0}",0.865,0.068,0.068,1.148,0.405,0.405,0.837,0.326,0.326,0.488,-0.413,-0.413
US30,"{""entry_tf"": 1, ""vwap"": false, ""time_stop"": 60, ""legs"": false, ""leg_max"": 4, ""legs_mgmt"": ""fixed"", ""leg_window"": 120, ""ma"": 100, ""dyn"": true, ""entry_mode"": ""close"", ""pb_frac"": 0.7, ""pb_wait"": 30, ""gap"": ""off"", ""body_min"": 0.3, ""volf"": ""skip_low"", ""dow"": ""none"", ""big_thr"": 15, ""big_sl"": 35, ""big_tp"": 200, ""std_sl"": 15, ""std_tp"": 80, ""leg_gap"": 25, ""leg_sl"": 45, ""leg_tp"": 60, ""gap_min"": 50, ""be_at"": 2.0, ""partial"": 1.5, ""trail"": 2.0}",0.015,-0.369,-0.369,-99.0,-1.0,-99.0,0.094,-0.072,-0.072,0.769,0.387,0.387
US30,"{""entry_tf"": 1, ""vwap"": false, ""time_stop"": 240, ""legs"": true, ""leg_max"": 6, ""legs_mgmt"": ""fixed"", ""leg_window"": 60, ""ma"": 0, ""dyn"": false, ""entry_mode"": ""close"", ""pb_frac"": 0.3, ""pb_wait"": 30, ""gap"": ""with"", ""body_min"": 0, ""volf"": ""off"", ""dow"": ""mon"", ""big_thr"": 25, ""big_sl"": 35, ""big_tp"": 200, ""std_sl"": 35, ""std_tp"": 0, ""leg_gap"": 10, ""leg_sl"": 25, ""leg_tp"": 90, ""gap_min"": 20, ""be_at"": 0.5, ""partial"": 2.0, ""trail"": 2.0}",-99.0,-1.0,-99.0,0.966,0.785,0.785,0.68,0.683,0.68,-99.0,-1.0,-99.0
US30,"{""entry_tf"": 1, ""vwap"": false, ""time_stop"": 240, ""legs"": true, ""leg_max"": 6, ""legs_mgmt"": ""same"", ""leg_window"": 120, ""ma"": 100, ""dyn"": false, ""entry_mode"": ""close"", ""pb_frac"": 0.5, ""pb_wait"": 15, ""gap"": ""with"", ""body_min"": 0, ""volf"": ""off"", ""dow"": ""none"", ""big_thr"": 10, ""big_sl"": 50, ""big_tp"": 100, ""std_sl"": 15, ""std_tp"": 60, ""leg_gap"": 25, ""leg_sl"": 35, ""leg_tp"": 140, ""gap_min"": 0, ""be_at"": 1.0, ""partial"": 2.0, ""trail"": 1.5}",0.796,0.223,0.223,-99.0,-1.0,-99.0,0.821,0.314,0.314,0.26,-0.09,-0.09
US30,"{""entry_tf"": 1, ""vwap"": false, ""time_stop"": 60, ""legs"": false, ""leg_max"": 6, ""legs_mgmt"": ""fixed"", ""leg_window"": 120, ""ma"": 0, ""dyn"": false, ""entry_mode"": ""close"", ""pb_frac"": 0.7, ""pb_wait"": 30, ""gap"": ""with"", ""body_min"": 0.3, ""volf"": ""off"", ""dow"": ""none"", ""big_thr"": 10, ""big_sl"": 35, ""big_tp"": 0, ""std_sl"": 35, ""std_tp"": 60, ""leg_gap"": 15, ""leg_sl"": 35, ""leg_tp"": 115, ""gap_min"": 20, ""be_at"": 0.5, ""partial"": 1.5, ""trail"": 0}",0.365,-0.07,-0.07,0.48,0.132,0.132,1.296,0.826,0.826,0.423,0.095,0.095
US30,"{""entry_tf"": 1, ""vwap"": false, ""time_stop"": 60, ""legs"": true, ""leg_max"": 4, ""legs_mgmt"": ""same"", ""leg_window"": 30, ""ma"": 100, ""dyn"": false, ""entry_mode"": ""close"", ""pb_frac"": 0.3, ""pb_wait"": 5, ""gap"": ""off"", ""body_min"": 0, ""volf"": ""mid"", ""dow"": ""none"", ""big_thr"": 25, ""big_sl"": 30, ""big_tp"": 130, ""std_sl"": 35, ""std_tp"": 42, ""leg_gap"": 20, ""leg_sl"": 25, ""leg_tp"": 0, ""gap_min"": 100, ""be_at"": 0, ""partial"": 0, ""trail"": 1.5}",1.001,0.763,0.763,0.767,0.541,0.541,0.919,0.725,0.725,-99.0,-0.89,-99.0
US30,"{""entry_tf"": 1, ""vwap"": false, ""time_stop"": 60, ""legs"": true, ""leg_max"": 6, ""legs_mgmt"": ""fixed"", ""leg_window"": 60, ""ma"": 100, ""dyn"": false, ""entry_mode"": ""close"", ""pb_frac"": 0.5, ""pb_wait"": 30, ""gap"": ""off"", ""body_min"": 0.3, ""volf"": ""skip_low"", ""dow"": ""fri"", ""big_thr"": 25, ""big_sl"": 25, ""big_tp"": 80, ""std_sl"": 35, ""std_tp"": 42, ""leg_gap"": 20, ""leg_sl"": 25, ""leg_tp"": 0, ""gap_min"": 0, ""be_at"": 2.0, ""partial"": 1.5, ""trail"": 2.0}",0.537,0.393,0.393,0.876,0.64,0.64,-99.0,-0.428,-99.0,-99.0,-1.0,-99.0
US30,"{""entry_tf"": 1, ""vwap"": false, ""time_stop"": 60, ""legs"": true, ""leg_max"": 6, ""legs_mgmt"": ""same"", ""leg_window"": 30, ""ma"": 100, ""dyn"": false, ""entry_mode"": ""close"", ""pb_frac"": 0.5, ""pb_wait"": 15, ""gap"": ""off"", ""body_min"": 0, ""volf"": ""skip_low"", ""dow"": ""none"", ""big_thr"": 15, ""big_sl"": 40, ""big_tp"": 100, ""std_sl"": 20, ""std_tp"": 60, ""leg_gap"": 20, ""leg_sl"": 35, ""leg_tp"": 60, ""gap_min"": 20, ""be_at"": 0.5, ""partial"": 3.0, ""trail"": 0}",-99.0,-0.615,-99.0,0.098,-0.328,-0.328,0.259,-0.141,-0.141,0.777,0.112,0.112
US30,"{""entry_tf"": 1, ""vwap"": false, ""time_stop"": 60, ""legs"": true, ""leg_max"": 6, ""legs_mgmt"": ""same"", ""leg_window"": 30, ""ma"": 100, ""dyn"": false, ""entry_mode"": ""close"", ""pb_frac"": 0.7, ""pb_wait"": 30, ""gap"": ""with"", ""body_min"": 0, ""volf"": ""off"", ""dow"": ""fri"", ""big_thr"": 25, ""big_sl"": 25, ""big_tp"": 130, ""std_sl"": 15, ""std_tp"": 60, ""leg_gap"": 10, ""leg_sl"": 45, ""leg_tp"": 115, ""gap_min"": 0, ""be_at"": 1.5, ""partial"": 1.5, ""trail"": 1.0}",0.625,0.003,0.003,-99.0,-1.0,-99.0,0.319,-0.183,-0.183,0.992,0.367,0.367
US30,"{""entry_tf"": 1, ""vwap"": false, ""time_stop"": 60, ""legs"": true, ""leg_max"": 6, ""legs_mgmt"": ""same"", ""leg_window"": 60, ""ma"": 100, ""dyn"": false, ""entry_mode"": ""close"", ""pb_frac"": 0.7, ""pb_wait"": 5, ""gap"": ""off"", ""body_min"": 0.3, ""volf"": ""off"", ""dow"": ""none"", ""big_thr"": 20, ""big_sl"": 50, ""big_tp"": 150, ""std_sl"": 30, ""std_tp"": 50, ""leg_gap"": 25, ""leg_sl"": 45, ""leg_tp"": 0, ""gap_min"": 20, ""be_at"": 1.5, ""partial"": 2.0, ""trail"": 1.0}",0.22,0.16,0.16,-99.0,-0.913,-99.0,0.56,0.478,0.478,0.783,0.547,0.547
US30,"{""entry_tf"": 1, ""vwap"": false, ""time_stop"": 90, ""legs"": false, ""leg_max"": 1, ""legs_mgmt"": ""same"", ""leg_window"": 60, ""ma"": 100, ""dyn"": true, ""entry_mode"": ""close"", ""pb_frac"": 0.5, ""pb_wait"": 30, ""gap"": ""off"", ""body_min"": 0.5, ""volf"": ""off"", ""dow"": ""fri"", ""big_thr"": 20, ""big_sl"": 50, ""big_tp"": 150, ""std_sl"": 15, ""std_tp"": 50, ""leg_gap"": 10, ""leg_sl"": 45, ""leg_tp"": 60, ""gap_min"": 100, ""be_at"": 0.5, ""partial"": 3.0, ""trail"": 1.0}",0.156,-0.158,-0.158,-99.0,-0.768,-99.0,0.031,-0.187,-0.187,0.63,0.204,0.204
US30,"{""entry_tf"": 1, ""vwap"": false, ""time_stop"": 90, ""legs"": false, ""leg_max"": 2, ""legs_mgmt"": ""fixed"", ""leg_window"": 120, ""ma"": 0, ""dyn"": false, ""entry_mode"": ""close"", ""pb_frac"": 0.5, ""pb_wait"": 5, ""gap"": ""off"", ""body_min"": 0.3, ""volf"": ""mid"", ""dow"": ""none"", ""big_thr"": 20, ""big_sl"": 40, ""big_tp"": 115, ""std_sl"": 30, ""std_tp"": 50, ""leg_gap"": 15, ""leg_sl"": 35, ""leg_tp"": 0, ""gap_min"": 20, ""be_at"": 1.5, ""partial"": 1.5, ""trail"": 1.0}",0.784,0.322,0.322,0.175,-0.215,-0.215,1.112,0.653,0.653,0.523,0.129,0.129
US30,"{""entry_tf"": 1, ""vwap"": false, ""time_stop"": 90, ""legs"": false, ""leg_max"": 2, ""legs_mgmt"": ""fixed"", ""leg_window"": 60, ""ma"": 100, ""dyn"": false, ""entry_mode"": ""close"", ""pb_frac"": 0.7, ""pb_wait"": 15, ""gap"": ""off"", ""body_min"": 0.3, ""volf"": ""skip_low"", ""dow"": ""mon"", ""big_thr"": 10, ""big_sl"": 40, ""big_tp"": 0, ""std_sl"": 30, ""std_tp"": 50, ""leg_gap"": 10, ""leg_sl"": 35, ""leg_tp"": 90, ""gap_min"": 0, ""be_at"": 0, ""partial"": 3.0, ""trail"": 0}",0.231,-0.049,-0.049,-99.0,-1.0,-99.0,1.218,0.751,0.751,0.166,-0.192,-0.192
US30,"{""entry_tf"": 1, ""vwap"": false, ""time_stop"": 90, ""legs"": false, ""leg_max"": 6, ""legs_mgmt"": ""fixed"", ""leg_window"": 60, ""ma"": 0, ""dyn"": true, ""entry_mode"": ""close"", ""pb_frac"": 0.7, ""pb_wait"": 15, ""gap"": ""off"", ""body_min"": 0, ""volf"": ""skip_low"", ""dow"": ""fri"", ""big_thr"": 20, ""big_sl"": 35, ""big_tp"": 150, ""std_sl"": 15, ""std_tp"": 0, ""leg_gap"": 10, ""leg_sl"": 45, ""leg_tp"": 115, ""gap_min"": 0, ""be_at"": 1.5, ""partial"": 3.0, ""trail"": 2.0}",0.756,0.481,0.481,-99.0,-0.707,-99.0,-99.0,-0.763,-99.0,0.153,0.016,0.016
US30,"{""entry_tf"": 1, ""vwap"": false, ""time_stop"": 90, ""legs"": false, ""leg_max"": 6, ""legs_mgmt"": ""fixed"", ""leg_window"": 60, ""ma"": 100, ""dyn"": false, ""entry_mode"": ""close"", ""pb_frac"": 0.7, ""pb_wait"": 5, ""gap"": ""with"", ""body_min"": 0, ""volf"": ""off"", ""dow"": ""none"", ""big_thr"": 20, ""big_sl"": 25, ""big_tp"": 200, ""std_sl"": 30, ""std_tp"": 30, ""leg_gap"": 20, ""leg_sl"": 35, ""leg_tp"": 115, ""gap_min"": 0, ""be_at"": 0.5, ""partial"": 1.5, ""trail"": 3.0}",0.404,-0.402,-0.402,0.529,-0.144,-0.144,1.212,0.362,0.362,0.21,-0.016,-0.016
US30,"{""entry_tf"": 1, ""vwap"": false, ""time_stop"": 90, ""legs"": true, ""leg_max"": 1, ""legs_mgmt"": ""fixed"", ""leg_window"": 120, ""ma"": 100, ""dyn"": false, ""entry_mode"": ""close"", ""pb_frac"": 0.3, ""pb_wait"": 30, ""gap"": ""off"", ""body_min"": 0, ""volf"": ""skip_low"", ""dow"": ""none"", ""big_thr"": 25, ""big_sl"": 40, ""big_tp"": 0, ""std_sl"": 30, ""std_tp"": 0, ""leg_gap"": 15, ""leg_sl"": 45, ""leg_tp"": 140, ""gap_min"": 20, ""be_at"": 0.5, ""partial"": 0, ""trail"": 1.0}",0.392,0.072,0.072,0.621,0.375,0.375,1.305,1.042,1.042,-99.0,-0.799,-99.0
US30,"{""entry_tf"": 1, ""vwap"": false, ""time_stop"": 90, ""legs"": true, ""leg_max"": 2, ""legs_mgmt"": ""same"", ""leg_window"": 30, ""ma"": 100, ""dyn"": false, ""entry_mode"": ""close"", ""pb_frac"": 0.3, ""pb_wait"": 15, ""gap"": ""with"", ""body_min"": 0, ""volf"": ""off"", ""dow"": ""none"", ""big_thr"": 10, ""big_sl"": 40, ""big_tp"": 80, ""std_sl"": 20, ""std_tp"": 60, ""leg_gap"": 15, ""leg_sl"": 45, ""leg_tp"": 90, ""gap_min"": 20, ""be_at"": 1.5, ""partial"": 2.0, ""trail"": 1.0}",0.061,-0.448,-0.448,-99.0,-1.0,-99.0,-99.0,-0.886,-99.0,0.592,-0.002,-0.002
US30,"{""entry_tf"": 1, ""vwap"": false, ""time_stop"": 90, ""legs"": true, ""leg_max"": 2, ""legs_mgmt"": ""same"", ""leg_window"": 60, ""ma"": 100, ""dyn"": false, ""entry_mode"": ""close"", ""pb_frac"": 0.5, ""pb_wait"": 15, ""gap"": ""off"", ""body_min"": 0.5, ""volf"": ""off"", ""dow"": ""mon"", ""big_thr"": 20, ""big_sl"": 40, ""big_tp"": 200, ""std_sl"": 25, ""std_tp"": 0, ""leg_gap"": 15, ""leg_sl"": 35, ""leg_tp"": 60, ""gap_min"": 50, ""be_at"": 2.0, ""partial"": 3.0, ""trail"": 1.5}",-99.0,-0.83,-99.0,0.738,-0.054,-0.054,1.21,0.348,0.348,-99.0,-0.886,-99.0
US30,"{""entry_tf"": 1, ""vwap"": false, ""time_stop"": 90, ""legs"": true, ""leg_max"": 6, ""legs_mgmt"": ""fixed"", ""leg_window"": 60, ""ma"": 100, ""dyn"": false, ""entry_mode"": ""close"", ""pb_frac"": 0.7, ""pb_wait"": 5, ""gap"": ""off"", ""body_min"": 0, ""volf"": ""skip_low"", ""dow"": ""mon"", ""big_thr"": 15, ""big_sl"": 25, ""big_tp"": 100, ""std_sl"": 30, ""std_tp"": 80, ""leg_gap"": 10, ""leg_sl"": 45, ""leg_tp"": 60, ""gap_min"": 20, ""be_at"": 1.5, ""partial"": 2.0, ""trail"": 3.0}",-99.0,-0.7,-99.0,0.305,0.048,0.048,1.21,0.792,0.792,-99.0,-1.0,-99.0
US30,"{""entry_tf"": 1, ""vwap"": false, ""time_stop"": 90, ""legs"": true, ""leg_max"": 6, ""legs_mgmt"": ""same"", ""leg_window"": 120, ""ma"": 0, ""dyn"": false, ""entry_mode"": ""close"", ""pb_frac"": 0.3, ""pb_wait"": 5, ""gap"": ""with"", ""body_min"": 0.3, ""volf"": ""off"", ""dow"": ""none"", ""big_thr"": 25, ""big_sl"": 35, ""big_tp"": 150, ""std_sl"": 25, ""std_tp"": 80, ""leg_gap"": 10, ""leg_sl"": 35, ""leg_tp"": 90, ""gap_min"": 20, ""be_at"": 1.0, ""partial"": 0, ""trail"": 1.5}",0.852,0.523,0.523,0.435,0.365,0.365,1.313,1.026,1.026,0.483,0.307,0.307
US30,"{""entry_tf"": 1, ""vwap"": false, ""time_stop"": 90, ""legs"": true, ""leg_max"": 6, ""legs_mgmt"": ""same"", ""leg_window"": 30, ""ma"": 100, ""dyn"": false, ""entry_mode"": ""close"", ""pb_frac"": 0.7, ""pb_wait"": 30, ""gap"": ""off"", ""body_min"": 0.5, ""volf"": ""off"", ""dow"": ""none"", ""big_thr"": 15, ""big_sl"": 25, ""big_tp"": 115, ""std_sl"": 30, ""std_tp"": 50, ""leg_gap"": 15, ""leg_sl"": 35, ""leg_tp"": 60, ""gap_min"": 0, ""be_at"": 0, ""partial"": 0, ""trail"": 3.0}",0.036,-0.193,-0.193,0.667,0.309,0.309,1.412,0.903,0.903,-99.0,-1.0,-99.0
US30,"{""entry_tf"": 1, ""vwap"": false, ""time_stop"": 999, ""legs"": false, ""leg_max"": 1, ""legs_mgmt"": ""fixed"", ""leg_window"": 120, ""ma"": 100, ""dyn"": false, ""entry_mode"": ""close"", ""pb_frac"": 0.5, ""pb_wait"": 30, ""gap"": ""off"", ""body_min"": 0, ""volf"": ""skip_low"", ""dow"": ""none"", ""big_thr"": 15, ""big_sl"": 30, ""big_tp"": 80, ""std_sl"": 20, ""std_tp"": 50, ""leg_gap"": 10, ""leg_sl"": 35, ""leg_tp"": 115, ""gap_min"": 0, ""be_at"": 1.5, ""partial"": 3.0, ""trail"": 2.0}",0.821,0.553,0.553,0.614,0.271,0.271,0.986,0.66,0.66,-99.0,-0.699,-99.0
US30,"{""entry_tf"": 1, ""vwap"": false, ""time_stop"": 999, ""legs"": false, ""leg_max"": 1, ""legs_mgmt"": ""fixed"", ""leg_window"": 30, ""ma"": 100, ""dyn"": false, ""entry_mode"": ""close"", ""pb_frac"": 0.7, ""pb_wait"": 15, ""gap"": ""off"", ""body_min"": 0.3, ""volf"": ""skip_low"", ""dow"": ""fri"", ""big_thr"": 25, ""big_sl"": 50, ""big_tp"": 80, ""std_sl"": 30, ""std_tp"": 80, ""leg_gap"": 10, ""leg_sl"": 35, ""leg_tp"": 90, ""gap_min"": 50, ""be_at"": 0.5, ""partial"": 2.0, ""trail"": 1.0}",0.727,0.303,0.303,0.833,0.406,0.406,1.022,0.69,0.69,0.371,0.019,0.019
US30,"{""entry_tf"": 1, ""vwap"": false, ""time_stop"": 999, ""legs"": false, ""leg_max"": 1, ""legs_mgmt"": ""same"", ""leg_window"": 60, ""ma"": 100, ""dyn"": false, ""entry_mode"": ""close"", ""pb_frac"": 0.5, ""pb_wait"": 5, ""gap"": ""off"", ""body_min"": 0, ""volf"": ""mid"", ""dow"": ""none"", ""big_thr"": 15, ""big_sl"": 30, ""big_tp"": 200, ""std_sl"": 30, ""std_tp"": 0, ""leg_gap"": 15, ""leg_sl"": 35, ""leg_tp"": 0, ""gap_min"": 0, ""be_at"": 1.5, ""partial"": 0, ""trail"": 1.5}",0.723,0.463,0.463,-99.0,-0.912,-99.0,0.99,0.771,0.771,-99.0,-0.905,-99.0
US30,"{""entry_tf"": 1, ""vwap"": false, ""time_stop"": 999, ""legs"": false, ""leg_max"": 4, ""legs_mgmt"": ""same"", ""leg_window"": 120, ""ma"": 100, ""dyn"": true, ""entry_mode"": ""close"", ""pb_frac"": 0.7, ""pb_wait"": 5, ""gap"": ""off"", ""body_min"": 0.5, ""volf"": ""skip_low"", ""dow"": ""none"", ""big_thr"": 15, ""big_sl"": 35, ""big_tp"": 130, ""std_sl"": 30, ""std_tp"": 30, ""leg_gap"": 20, ""leg_sl"": 45, ""leg_tp"": 60, ""gap_min"": 50, ""be_at"": 0.5, ""partial"": 3.0, ""trail"": 1.0}",-99.0,-0.906,-99.0,-99.0,-0.861,-99.0,-99.0,-0.825,-99.0,0.568,-0.097,-0.097
US30,"{""entry_tf"": 1, ""vwap"": false, ""time_stop"": 999, ""legs"": false, ""leg_max"": 4, ""legs_mgmt"": ""same"", ""leg_window"": 30, ""ma"": 100, ""dyn"": false, ""entry_mode"": ""close"", ""pb_frac"": 0.3, ""pb_wait"": 5, ""gap"": ""off"", ""body_min"": 0.3, ""volf"": ""skip_low"", ""dow"": ""mon"", ""big_thr"": 15, ""big_sl"": 35, ""big_tp"": 130, ""std_sl"": 25, ""std_tp"": 50, ""leg_gap"": 15, ""leg_sl"": 45, ""leg_tp"": 115, ""gap_min"": 0, ""be_at"": 1.5, ""partial"": 2.0, ""trail"": 1.5}",1.339,0.841,0.841,0.57,0.237,0.237,1.641,1.248,1.248,0.219,0.011,0.011
US30,"{""entry_tf"": 1, ""vwap"": false, ""time_stop"": 999, ""legs"": false, ""leg_max"": 2, ""legs_mgmt"": ""same"", ""leg_window"": 30, ""ma"": 0, ""dyn"": false, ""entry_mode"": ""close"", ""pb_frac"": 0.5, ""pb_wait"": 15, ""gap"": ""with"", ""body_min"": 0.3, ""volf"": ""off"", ""dow"": ""none"", ""big_thr"": 15, ""big_sl"": 25, ""big_tp"": 100, ""std_sl"": 30, ""std_tp"": 0, ""leg_gap"": 10, ""leg_sl"": 25, ""leg_tp"": 115, ""gap_min"": 0, ""be_at"": 0, ""partial"": 3.0, ""trail"": 1.0}",0.936,0.587,0.587,0.556,0.247,0.247,1.449,0.763,0.763,0.945,0.394,0.394
US30,"{""entry_tf"": 1, ""vwap"": false, ""time_stop"": 999, ""legs"": false, ""leg_max"": 2, ""legs_mgmt"": ""same"", ""leg_window"": 60, ""ma"": 100, ""dyn"": false, ""entry_mode"": ""close"", ""pb_frac"": 0.7, ""pb_wait"": 30, ""gap"": ""off"", ""body_min"": 0, ""volf"": ""skip_low"", ""dow"": ""fri"", ""big_thr"": 10, ""big_sl"": 35, ""big_tp"": 80, ""std_sl"": 30, ""std_tp"": 30, ""leg_gap"": 25, ""leg_sl"": 25, ""leg_tp"": 0, ""gap_min"": 100, ""be_at"": 0, ""partial"": 1.5, ""trail"": 2.0}",0.551,0.368,0.368,0.854,0.675,0.675,0.407,0.468,0.407,0.389,0.183,0.183
US30,"{""entry_tf"": 1, ""vwap"": false, ""time_stop"": 999, ""legs"": true, ""leg_max"": 1, ""legs_mgmt"": ""same"", ""leg_window"": 30, ""ma"": 100, ""dyn"": false, ""entry_mode"": ""close"", ""pb_frac"": 0.7, ""pb_wait"": 30, ""gap"": ""off"", ""body_min"": 0.5, ""volf"": ""off"", ""dow"": ""fri"", ""big_thr"": 10, ""big_sl"": 30, ""big_tp"": 80, ""std_sl"": 35, ""std_tp"": 60, ""leg_gap"": 10, ""leg_sl"": 45, ""leg_tp"": 140, ""gap_min"": 20, ""be_at"": 2.0, ""partial"": 0, ""trail"": 2.0}",0.532,0.338,0.338,0.856,0.616,0.616,0.238,0.054,0.054,0.494,0.199,0.199
US30,"{""entry_tf"": 1, ""vwap"": false, ""time_stop"": 999, ""legs"": true, ""leg_max"": 2, ""legs_mgmt"": ""same"", ""leg_window"": 30, ""ma"": 100, ""dyn"": false, ""entry_mode"": ""close"", ""pb_frac"": 0.3, ""pb_wait"": 5, ""gap"": ""off"", ""body_min"": 0.5, ""volf"": ""skip_low"", ""dow"": ""none"", ""big_thr"": 10, ""big_sl"": 30, ""big_tp"": 80, ""std_sl"": 20, ""std_tp"": 0, ""leg_gap"": 10, ""leg_sl"": 25, ""leg_tp"": 90, ""gap_min"": 0, ""be_at"": 1.0, ""partial"": 2.0, ""trail"": 0}",0.532,-0.105,-0.105,0.94,0.358,0.358,0.975,0.426,0.426,0.312,-0.058,-0.058
US30,"{""entry_tf"": 1, ""vwap"": false, ""time_stop"": 999, ""legs"": false, ""leg_max"": 4, ""legs_mgmt"": ""same"", ""leg_window"": 30, ""ma"": 100, ""dyn"": false, ""entry_mode"": ""close"", ""pb_frac"": 0.5, ""pb_wait"": 5, ""gap"": ""off"", ""body_min"": 0.3, ""volf"": ""skip_low"", ""dow"": ""none"", ""big_thr"": 20, ""big_sl"": 30, ""big_tp"": 80, ""std_sl"": 35, ""std_tp"": 60, ""leg_gap"": 15, ""leg_sl"": 35, ""leg_tp"": 0, ""gap_min"": 0, ""be_at"": 1.0, ""partial"": 3.0, ""trail"": 2.0}",0.732,0.449,0.449,0.857,0.348,0.348,1.345,1.024,1.024,0.632,0.115,0.115
US30,"{""entry_tf"": 1, ""vwap"": false, ""time_stop"": 999, ""legs"": false, ""leg_max"": 6, ""legs_mgmt"": ""fixed"", ""leg_window"": 120, ""ma"": 100, ""dyn"": false, ""entry_mode"": ""close"", ""pb_frac"": 0.5, ""pb_wait"": 5, ""gap"": ""off"", ""body_min"": 0.3, ""volf"": ""skip_low"", ""dow"": ""none"", ""big_thr"": 25, ""big_sl"": 30, ""big_tp"": 115, ""std_sl"": 25, ""std_tp"": 80, ""leg_gap"": 20, ""leg_sl"": 35, ""leg_tp"": 60, ""gap_min"": 50, ""be_at"": 0, ""partial"": 0, ""trail"": 2.0}",1.12,0.735,0.735,0.848,0.66,0.66,1.166,1.067,1.067,0.33,0.073,0.073
US30,"{""entry_tf"": 1, ""vwap"": false, ""time_stop"": 999, ""legs"": true, ""leg_max"": 2, ""legs_mgmt"": ""same"", ""leg_window"": 30, ""ma"": 100, ""dyn"": false, ""entry_mode"": ""close"", ""pb_frac"": 0.7, ""pb_wait"": 30, ""gap"": ""with"", ""body_min"": 0, ""volf"": ""off"", ""dow"": ""none"", ""big_thr"": 25, ""big_sl"": 25, ""big_tp"": 0, ""std_sl"": 35, ""std_tp"": 30, ""leg_gap"": 20, ""leg_sl"": 35, ""leg_tp"": 60, ""gap_min"": 20, ""be_at"": 0.5, ""partial"": 2.0, ""trail"": 2.0}",-99.0,-1.0,-99.0,0.446,0.043,0.043,0.233,0.055,0.055,1.073,0.763,0.763
US30,"{""entry_tf"": 1, ""vwap"": false, ""time_stop"": 999, ""legs"": true, ""leg_max"": 6, ""legs_mgmt"": ""same"", ""leg_window"": 60, ""ma"": 0, ""dyn"": false, ""entry_mode"": ""close"", ""pb_frac"": 0.5, ""pb_wait"": 5, ""gap"": ""off"", ""body_min"": 0, ""volf"": ""mid"", ""dow"": ""none"", ""big_thr"": 15, ""big_sl"": 40, ""big_tp"": 130, ""std_sl"": 35, ""std_tp"": 50, ""leg_gap"": 25, ""leg_sl"": 35, ""leg_tp"": 60, ""gap_min"": 50, ""be_at"": 0.5, ""partial"": 3.0, ""trail"": 1.0}",0.775,0.596,0.596,1.05,0.814,0.814,0.84,0.645,0.645,0.342,0.228,0.228
US30,"{""entry_tf"": 1, ""vwap"": false, ""time_stop"": 999, ""legs"": true, ""leg_max"": 1, ""legs_mgmt"": ""same"", ""leg_window"": 30, ""ma"": 0, ""dyn"": false, ""entry_mode"": ""close"", ""pb_frac"": 0.7, ""pb_wait"": 30, ""gap"": ""off"", ""body_min"": 0.5, ""volf"": ""off"", ""dow"": ""fri"", ""big_thr"": 15, ""big_sl"": 25, ""big_tp"": 60, ""std_sl"": 35, ""std_tp"": 0, ""leg_gap"": 20, ""leg_sl"": 45, ""leg_tp"": 60, ""gap_min"": 50, ""be_at"": 2.0, ""partial"": 2.0, ""trail"": 1.0}",0.119,-0.13,-0.13,0.795,0.5,0.5,0.776,0.538,0.538,0.104,-0.249,-0.249
US30,"{""entry_tf"": 1, ""vwap"": false, ""time_stop"": 999, ""legs"": true, ""leg_max"": 1, ""legs_mgmt"": ""same"", ""leg_window"": 30, ""ma"": 100, ""dyn"": false, ""entry_mode"": ""close"", ""pb_frac"": 0.7, ""pb_wait"": 30, ""gap"": ""off"", ""body_min"": 0, ""volf"": ""off"", ""dow"": ""none"", ""big_thr"": 25, ""big_sl"": 30, ""big_tp"": 60, ""std_sl"": 30, ""std_tp"": 50, ""leg_gap"": 10, ""leg_sl"": 35, ""leg_tp"": 90, ""gap_min"": 50, ""be_at"": 2.0, ""partial"": 1.5, ""trail"": 2.0}",0.815,0.559,0.559,0.019,-0.273,-0.273,0.902,0.579,0.579,-99.0,-0.705,-99.0
US30,"{""entry_tf"": 1, ""vwap"": true, ""time_stop"": 120, ""legs"": true, ""leg_max"": 2, ""legs_mgmt"": ""fixed"", ""leg_window"": 30, ""ma"": 100, ""dyn"": false, ""entry_mode"": ""close"", ""pb_frac"": 0.7, ""pb_wait"": 5, ""gap"": ""off"", ""body_min"": 0, ""volf"": ""skip_low"", ""dow"": ""mon"", ""big_thr"": 10, ""big_sl"": 25, ""big_tp"": 100, ""std_sl"": 30, ""std_tp"": 42, ""leg_gap"": 25, ""leg_sl"": 25, ""leg_tp"": 90, ""gap_min"": 50, ""be_at"": 0, ""partial"": 3.0, ""trail"": 2.0}",0.509,0.279,0.279,0.478,0.054,0.054,1.526,1.106,1.106,-99.0,-0.916,-99.0
US30,"{""entry_tf"": 1, ""vwap"": true, ""time_stop"": 120, ""legs"": true, ""leg_max"": 2, ""legs_mgmt"": ""same"", ""leg_window"": 120, ""ma"": 100, ""dyn"": true, ""entry_mode"": ""close"", ""pb_frac"": 0.5, ""pb_wait"": 15, ""gap"": ""off"", ""body_min"": 0.3, ""volf"": ""skip_low"", ""dow"": ""fri"", ""big_thr"": 20, ""big_sl"": 40, ""big_tp"": 115, ""std_sl"": 15, ""std_tp"": 0, ""leg_gap"": 25, ""leg_sl"": 25, ""leg_tp"": 60, ""gap_min"": 50, ""be_at"": 0.5, ""partial"": 1.5, ""trail"": 1.0}",-99.0,-0.685,-99.0,-99.0,-0.749,-99.0,-99.0,-0.758,-99.0,0.695,0.254,0.254
US30,"{""entry_tf"": 1, ""vwap"": true, ""time_stop"": 120, ""legs"": false, ""leg_max"": 1, ""legs_mgmt"": ""fixed"", ""leg_window"": 30, ""ma"": 100, ""dyn"": false, ""entry_mode"": ""close"", ""pb_frac"": 0.7, ""pb_wait"": 30, ""gap"": ""off"", ""body_min"": 0.5, ""volf"": ""skip_low"", ""dow"": ""none"", ""big_thr"": 20, ""big_sl"": 35, ""big_tp"": 0, ""std_sl"": 15, ""std_tp"": 42, ""leg_gap"": 25, ""leg_sl"": 25, ""leg_tp"": 60, ""gap_min"": 20, ""be_at"": 1.0, ""partial"": 1.5, ""trail"": 0}",-99.0,-1.0,-99.0,0.217,0.112,0.112,0.461,0.34,0.34,0.703,0.58,0.58
US30,"{""entry_tf"": 1, ""vwap"": true, ""time_stop"": 120, ""legs"": false, ""leg_max"": 2, ""legs_mgmt"": ""fixed"", ""leg_window"": 30, ""ma"": 100, ""dyn"": false, ""entry_mode"": ""close"", ""pb_frac"": 0.3, ""pb_wait"": 30, ""gap"": ""off"", ""body_min"": 0, ""volf"": ""off"", ""dow"": ""fri"", ""big_thr"": 10, ""big_sl"": 35, ""big_tp"": 115, ""std_sl"": 20, ""std_tp"": 42, ""leg_gap"": 25, ""leg_sl"": 35, ""leg_tp"": 140, ""gap_min"": 20, ""be_at"": 0, ""partial"": 3.0, ""trail"": 1.5}",0.721,0.524,0.524,0.142,-0.126,-0.126,0.45,0.403,0.403,0.596,0.32,0.32
US30,"{""entry_tf"": 1, ""vwap"": true, ""time_stop"": 120, ""legs"": false, ""leg_max"": 4, ""legs_mgmt"": ""same"", ""leg_window"": 30, ""ma"": 100, ""dyn"": false, ""entry_mode"": ""close"", ""pb_frac"": 0.7, ""pb_wait"": 15, ""gap"": ""off"", ""body_min"": 0.3, ""volf"": ""mid"", ""dow"": ""none"", ""big_thr"": 15, ""big_sl"": 35, ""big_tp"": 115, ""std_sl"": 25, ""std_tp"": 0, ""leg_gap"": 20, ""leg_sl"": 45, ""leg_tp"": 0, ""gap_min"": 100, ""be_at"": 1.5, ""partial"": 3.0, ""trail"": 3.0}",0.785,0.702,0.702,0.236,0.007,0.007,0.952,0.747,0.747,0.504,0.439,0.439
US30,"{""entry_tf"": 1, ""vwap"": true, ""time_stop"": 120, ""legs"": true, ""leg_max"": 1, ""legs_mgmt"": ""fixed"", ""leg_window"": 30, ""ma"": 0, ""dyn"": false, ""entry_mode"": ""close"", ""pb_frac"": 0.3, ""pb_wait"": 15, ""gap"": ""with"", ""body_min"": 0, ""volf"": ""off"", ""dow"": ""none"", ""big_thr"": 15, ""big_sl"": 25, ""big_tp"": 0, ""std_sl"": 30, ""std_tp"": 50, ""leg_gap"": 25, ""leg_sl"": 25, ""leg_tp"": 90, ""gap_min"": 0, ""be_at"": 0.5, ""partial"": 1.0, ""trail"": 1.0}",-99.0,-0.667,-99.0,0.045,-0.293,-0.293,0.542,0.193,0.193,0.793,0.31,0.31
US30,"{""entry_tf"": 1, ""vwap"": true, ""time_stop"": 120, ""legs"": true, ""leg_max"": 4, ""legs_mgmt"": ""fixed"", ""leg_window"": 120, ""ma"": 100, ""dyn"": false, ""entry_mode"": ""close"", ""pb_frac"": 0.7, ""pb_wait"": 15, ""gap"": ""off"", ""body_min"": 0.5, ""volf"": ""off"", ""dow"": ""mon"", ""big_thr"": 25, ""big_sl"": 40, ""big_tp"": 130, ""std_sl"": 25, ""std_tp"": 60, ""leg_gap"": 10, ""leg_sl"": 25, ""leg_tp"": 60, ""gap_min"": 0, ""be_at"": 1.0, ""partial"": 1.5, ""trail"": 2.0}",0.33,-0.177,-0.177,0.847,0.294,0.294,1.113,0.485,0.485,-99.0,-1.0,-99.0
US30,"{""entry_tf"": 1, ""vwap"": true, ""time_stop"": 180, ""legs"": false, ""leg_max"": 1, ""legs_mgmt"": ""fixed"", ""leg_window"": 30, ""ma"": 100, ""dyn"": false, ""entry_mode"": ""close"", ""pb_frac"": 0.3, ""pb_wait"": 5, ""gap"": ""off"", ""body_min"": 0, ""volf"": ""skip_low"", ""dow"": ""mon"", ""big_thr"": 20, ""big_sl"": 35, ""big_tp"": 115, ""std_sl"": 35, ""std_tp"": 60, ""leg_gap"": 15, ""leg_sl"": 35, ""leg_tp"": 90, ""gap_min"": 100, ""be_at"": 2.0, ""partial"": 0, ""trail"": 1.5}",0.524,-0.112,-0.112,0.823,0.112,0.112,1.566,0.877,0.877,0.169,-0.317,-0.317
US30,"{""entry_tf"": 1, ""vwap"": true, ""time_stop"": 180, ""legs"": false, ""leg_max"": 1, ""legs_mgmt"": ""fixed"", ""leg_window"": 60, ""ma"": 100, ""dyn"": false, ""entry_mode"": ""close"", ""pb_frac"": 0.5, ""pb_wait"": 5, ""gap"": ""off"", ""body_min"": 0, ""volf"": ""skip_low"", ""dow"": ""fri"", ""big_thr"": 25, ""big_sl"": 35, ""big_tp"": 60, ""std_sl"": 20, ""std_tp"": 42, ""leg_gap"": 15, ""leg_sl"": 25, ""leg_tp"": 140, ""gap_min"": 100, ""be_at"": 1.5, ""partial"": 3.0, ""trail"": 1.5}",0.992,0.37,0.37,0.839,0.268,0.268,0.64,0.164,0.164,0.877,0.372,0.372
US30,"{""entry_tf"": 1, ""vwap"": true, ""time_stop"": 180, ""legs"": false, ""leg_max"": 1, ""legs_mgmt"": ""same"", ""leg_window"": 60, ""ma"": 0, ""dyn"": false, ""entry_mode"": ""close"", ""pb_frac"": 0.5, ""pb_wait"": 30, ""gap"": ""off"", ""body_min"": 0, ""volf"": ""skip_low"", ""dow"": ""fri"", ""big_thr"": 20, ""big_sl"": 30, ""big_tp"": 115, ""std_sl"": 25, ""std_tp"": 60, ""leg_gap"": 25, ""leg_sl"": 45, ""leg_tp"": 90, ""gap_min"": 100, ""be_at"": 1.0, ""partial"": 3.0, ""trail"": 0}",0.457,0.044,0.044,-99.0,-0.68,-99.0,0.241,-0.184,-0.184,0.654,0.189,0.189
US30,"{""entry_tf"": 1, ""vwap"": true, ""time_stop"": 180, ""legs"": false, ""leg_max"": 2, ""legs_mgmt"": ""same"", ""leg_window"": 120, ""ma"": 100, ""dyn"": false, ""entry_mode"": ""close"", ""pb_frac"": 0.7, ""pb_wait"": 15, ""gap"": ""with"", ""body_min"": 0, ""volf"": ""off"", ""dow"": ""none"", ""big_thr"": 10, ""big_sl"": 25, ""big_tp"": 200, ""std_sl"": 35, ""std_tp"": 50, ""leg_gap"": 10, ""leg_sl"": 35, ""leg_tp"": 0, ""gap_min"": 0, ""be_at"": 1.0, ""partial"": 0, ""trail"": 3.0}",0.458,-0.036,-0.036,0.041,-0.53,-0.53,1.26,0.474,0.474,0.25,-0.215,-0.215
US30,"{""entry_tf"": 1, ""vwap"": true, ""time_stop"": 180, ""legs"": false, ""leg_max"": 2, ""legs_mgmt"": ""same"", ""leg_window"": 60, ""ma"": 100, ""dyn"": false, ""entry_mode"": ""close"", ""pb_frac"": 0.7, ""pb_wait"": 5, ""gap"": ""off"", ""body_min"": 0.3, ""volf"": ""skip_low"", ""dow"": ""none"", ""big_thr"": 10, ""big_sl"": 30, ""big_tp"": 60, ""std_sl"": 20, ""std_tp"": 60, ""leg_gap"": 10, ""leg_sl"": 45, ""leg_tp"": 60, ""gap_min"": 20, ""be_at"": 2.0, ""partial"": 1.0, ""trail"": 2.0}",0.185,0.086,0.086,0.145,-0.016,-0.016,0.564,0.352,0.352,0.575,0.281,0.281
US30,"{""entry_tf"": 1, ""vwap"": true, ""time_stop"": 180, ""legs"": false, ""leg_max"": 4, ""legs_mgmt"": ""fixed"", ""leg_window"": 30, ""ma"": 100, ""dyn"": false, ""entry_mode"": ""close"", ""pb_frac"": 0.7, ""pb_wait"": 30, ""gap"": ""off"", ""body_min"": 0.3, ""volf"": ""skip_low"", ""dow"": ""none"", ""big_thr"": 10, ""big_sl"": 25, ""big_tp"": 130, ""std_sl"": 15, ""std_tp"": 30, ""leg_gap"": 20, ""leg_sl"": 45, ""leg_tp"": 90, ""gap_min"": 50, ""be_at"": 1.5, ""partial"": 1.5, ""trail"": 1.0}",-99.0,-0.901,-99.0,-99.0,-0.904,-99.0,0.438,0.206,0.206,0.594,0.307,0.307
US30,"{""entry_tf"": 1, ""vwap"": true, ""time_stop"": 180, ""legs"": false, ""leg_max"": 4, ""legs_mgmt"": ""same"", ""leg_window"": 120, ""ma"": 0, ""dyn"": false, ""entry_mode"": ""close"", ""pb_frac"": 0.7, ""pb_wait"": 15, ""gap"": ""off"", ""body_min"": 0.5, ""volf"": ""skip_low"", ""dow"": ""fri"", ""big_thr"": 10, ""big_sl"": 35, ""big_tp"": 200, ""std_sl"": 30, ""std_tp"": 42, ""leg_gap"": 10, ""leg_sl"": 45, ""leg_tp"": 60, ""gap_min"": 50, ""be_at"": 1.5, ""partial"": 3.0, ""trail"": 1.0}",0.283,0.276,0.276,0.87,0.822,0.822,0.849,0.779,0.779,0.476,0.512,0.476
US30,"{""entry_tf"": 1, ""vwap"": true, ""time_stop"": 180, ""legs"": false, ""leg_max"": 1, ""legs_mgmt"": ""same"", ""leg_window"": 60, ""ma"": 100, ""dyn"": false, ""entry_mode"": ""close"", ""pb_frac"": 0.5, ""pb_wait"": 5, ""gap"": ""off"", ""body_min"": 0.5, ""volf"": ""off"", ""dow"": ""none"", ""big_thr"": 10, ""big_sl"": 35, ""big_tp"": 200, ""std_sl"": 25, ""std_tp"": 0, ""leg_gap"": 20, ""leg_sl"": 45, ""leg_tp"": 60, ""gap_min"": 0, ""be_at"": 0.5, ""partial"": 0, ""trail"": 2.0}",0.149,-0.326,-0.326,1.101,0.839,0.839,1.285,1.053,1.053,0.341,0.034,0.034
US30,"{""entry_tf"": 1, ""vwap"": true, ""time_stop"": 180, ""legs"": false, ""leg_max"": 2, ""legs_mgmt"": ""same"", ""leg_window"": 120, ""ma"": 0, ""dyn"": false, ""entry_mode"": ""close"", ""pb_frac"": 0.5, ""pb_wait"": 15, ""gap"": ""off"", ""body_min"": 0, ""volf"": ""off"", ""dow"": ""fri"", ""big_thr"": 20, ""big_sl"": 25, ""big_tp"": 0, ""std_sl"": 30, ""std_tp"": 80, ""leg_gap"": 25, ""leg_sl"": 25, ""leg_tp"": 140, ""gap_min"": 50, ""be_at"": 0, ""partial"": 0, ""trail"": 2.0}",0.752,0.074,0.074,-99.0,-1.0,-99.0,-99.0,-0.704,-99.0,-99.0,-1.0,-99.0
US30,"{""entry_tf"": 1, ""vwap"": true, ""time_stop"": 180, ""legs"": false, ""leg_max"": 4, ""legs_mgmt"": ""same"", ""leg_window"": 120, ""ma"": 100, ""dyn"": true, ""entry_mode"": ""close"", ""pb_frac"": 0.5, ""pb_wait"": 15, ""gap"": ""off"", ""body_min"": 0.5, ""volf"": ""off"", ""dow"": ""fri"", ""big_thr"": 10, ""big_sl"": 40, ""big_tp"": 0, ""std_sl"": 35, ""std_tp"": 0, ""leg_gap"": 20, ""leg_sl"": 45, ""leg_tp"": 0, ""gap_min"": 100, ""be_at"": 2.0, ""partial"": 2.0, ""trail"": 3.0}",-99.0,-0.853,-99.0,0.272,-0.028,-0.028,0.309,0.177,0.177,0.768,0.454,0.454
US30,"{""entry_tf"": 1, ""vwap"": true, ""time_stop"": 180, ""legs"": false, ""leg_max"": 4, ""legs_mgmt"": ""same"", ""leg_window"": 30, ""ma"": 100, ""dyn"": false, ""entry_mode"": ""close"", ""pb_frac"": 0.5, ""pb_wait"": 15, ""gap"": ""off"", ""body_min"": 0.3, ""volf"": ""skip_low"", ""dow"": ""fri"", ""big_thr"": 10, ""big_sl"": 40, ""big_tp"": 115, ""std_sl"": 25, ""std_tp"": 30, ""leg_gap"": 25, ""leg_sl"": 25, ""leg_tp"": 140, ""gap_min"": 0, ""be_at"": 1.5, ""partial"": 0, ""trail"": 0}",0.84,0.047,0.047,0.634,-0.067,-0.067,0.696,0.217,0.217,0.985,0.169,0.169
US30,"{""entry_tf"": 1, ""vwap"": true, ""time_stop"": 180, ""legs"": false, ""leg_max"": 6, ""legs_mgmt"": ""fixed"", ""leg_window"": 120, ""ma"": 100, ""dyn"": false, ""entry_mode"": ""close"", ""pb_frac"": 0.3, ""pb_wait"": 30, ""gap"": ""off"", ""body_min"": 0.5, ""volf"": ""skip_low"", ""dow"": ""none"", ""big_thr"": 20, ""big_sl"": 50, ""big_tp"": 100, ""std_sl"": 30, ""std_tp"": 60, ""leg_gap"": 10, ""leg_sl"": 45, ""leg_tp"": 60, ""gap_min"": 100, ""be_at"": 0, ""partial"": 1.0, ""trail"": 1.5}",0.178,-0.128,-0.128,0.51,0.253,0.253,1.206,0.893,0.893,0.29,0.06,0.06
US30,"{""entry_tf"": 1, ""vwap"": true, ""time_stop"": 180, ""legs"": true, ""leg_max"": 1, ""legs_mgmt"": ""same"", ""leg_window"": 120, ""ma"": 100, ""dyn"": false, ""entry_mode"": ""close"", ""pb_frac"": 0.3, ""pb_wait"": 5, ""gap"": ""off"", ""body_min"": 0.5, ""volf"": ""off"", ""dow"": ""fri"", ""big_thr"": 25, ""big_sl"": 30, ""big_tp"": 115, ""std_sl"": 35, ""std_tp"": 50, ""leg_gap"": 10, ""leg_sl"": 35, ""leg_tp"": 0, ""gap_min"": 20, ""be_at"": 1.0, ""partial"": 1.0, ""trail"": 0}",0.277,-0.112,-0.112,0.816,0.68,0.68,0.808,0.519,0.519,0.757,0.236,0.236
US30,"{""entry_tf"": 1, ""vwap"": true, ""time_stop"": 180, ""legs"": true, ""leg_max"": 1, ""legs_mgmt"": ""same"", ""leg_window"": 60, ""ma"": 100, ""dyn"": false, ""entry_mode"": ""close"", ""pb_frac"": 0.5, ""pb_wait"": 30, ""gap"": ""off"", ""body_min"": 0.5, ""volf"": ""skip_low"", ""dow"": ""none"", ""big_thr"": 25, ""big_sl"": 40, ""big_tp"": 115, ""std_sl"": 30, ""std_tp"": 60, ""leg_gap"": 25, ""leg_sl"": 25, ""leg_tp"": 140, ""gap_min"": 50, ""be_at"": 2.0, ""partial"": 1.5, ""trail"": 2.0}",0.722,0.233,0.233,1.15,0.643,0.643,1.556,0.989,0.989,0.459,0.188,0.188
US30,"{""entry_tf"": 1, ""vwap"": true, ""time_stop"": 180, ""legs"": true, ""leg_max"": 2, ""legs_mgmt"": ""fixed"", ""leg_window"": 30, ""ma"": 100, ""dyn"": false, ""entry_mode"": ""close"", ""pb_frac"": 0.5, ""pb_wait"": 15, ""gap"": ""off"", ""body_min"": 0.3, ""volf"": ""off"", ""dow"": ""fri"", ""big_thr"": 25, ""big_sl"": 50, ""big_tp"": 130, ""std_sl"": 30, ""std_tp"": 60, ""leg_gap"": 15, ""leg_sl"": 35, ""leg_tp"": 0, ""gap_min"": 50, ""be_at"": 1.5, ""partial"": 2.0, ""trail"": 1.0}",0.596,0.178,0.178,0.262,-0.147,-0.147,0.164,-0.192,-0.192,0.781,0.407,0.407
US30,"{""entry_tf"": 1, ""vwap"": true, ""time_stop"": 180, ""legs"": true, ""leg_max"": 2, ""legs_mgmt"": ""fixed"", ""leg_window"": 60, ""ma"": 100, ""dyn"": false, ""entry_mode"": ""close"", ""pb_frac"": 0.7, ""pb_wait"": 5, ""gap"": ""off"", ""body_min"": 0.5, ""volf"": ""off"", ""dow"": ""fri"", ""big_thr"": 25, ""big_sl"": 35, ""big_tp"": 100, ""std_sl"": 15, ""std_tp"": 30, ""leg_gap"": 20, ""leg_sl"": 45, ""leg_tp"": 115, ""gap_min"": 0, ""be_at"": 1.5, ""partial"": 1.5, ""trail"": 2.0}",0.096,-0.299,-0.299,0.74,0.097,0.097,0.32,-0.19,-0.19,0.388,-0.059,-0.059
US30,"{""entry_tf"": 1, ""vwap"": true, ""time_stop"": 180, ""legs"": true, ""leg_max"": 4, ""legs_mgmt"": ""same"", ""leg_window"": 120, ""ma"": 100, ""dyn"": false, ""entry_mode"": ""close"", ""pb_frac"": 0.3, ""pb_wait"": 5, ""gap"": ""off"", ""body_min"": 0.5, ""volf"": ""skip_low"", ""dow"": ""none"", ""big_thr"": 15, ""big_sl"": 40, ""big_tp"": 0, ""std_sl"": 20, ""std_tp"": 0, ""leg_gap"": 20, ""leg_sl"": 35, ""leg_tp"": 90, ""gap_min"": 20, ""be_at"": 1.5, ""partial"": 3.0, ""trail"": 2.0}",1.139,0.514,0.514,1.275,0.571,0.571,1.81,0.91,0.91,0.631,0.072,0.072
US30,"{""entry_tf"": 1, ""vwap"": true, ""time_stop"": 180, ""legs"": true, ""leg_max"": 6, ""legs_mgmt"": ""same"", ""leg_window"": 30, ""ma"": 100, ""dyn"": false, ""entry_mode"": ""close"", ""pb_frac"": 0.5, ""pb_wait"": 5, ""gap"": ""off"", ""body_min"": 0.5, ""volf"": ""off"", ""dow"": ""none"", ""big_thr"": 20, ""big_sl"": 50, ""big_tp"": 200, ""std_sl"": 25, ""std_tp"": 30, ""leg_gap"": 25, ""leg_sl"": 25, ""leg_tp"": 140, ""gap_min"": 20, ""be_at"": 0, ""partial"": 1.5, ""trail"": 1.5}",0.351,-0.221,-0.221,0.886,0.417,0.417,0.907,0.44,0.44,-99.0,-0.689,-99.0
US30,"{""entry_tf"": 1, ""vwap"": true, ""time_stop"": 240, ""legs"": false, ""leg_max"": 1, ""legs_mgmt"": ""fixed"", ""leg_window"": 120, ""ma"": 100, ""dyn"": false, ""entry_mode"": ""close"", ""pb_frac"": 0.7, ""pb_wait"": 15, ""gap"": ""off"", ""body_min"": 0, ""volf"": ""mid"", ""dow"": ""none"", ""big_thr"": 10, ""big_sl"": 30, ""big_tp"": 60, ""std_sl"": 15, ""std_tp"": 60, ""leg_gap"": 10, ""leg_sl"": 45, ""leg_tp"": 90, ""gap_min"": 0, ""be_at"": 0, ""partial"": 1.5, ""trail"": 3.0}",0.742,0.562,0.562,-99.0,-0.692,-99.0,0.448,0.413,0.413,0.127,0.007,0.007
US30,"{""entry_tf"": 1, ""vwap"": true, ""time_stop"": 240, ""legs"": false, ""leg_max"": 4, ""legs_mgmt"": ""fixed"", ""leg_window"": 120, ""ma"": 100, ""dyn"": false, ""entry_mode"": ""close"", ""pb_frac"": 0.3, ""pb_wait"": 15, ""gap"": ""off"", ""body_min"": 0.5, ""volf"": ""off"", ""dow"": ""mon"", ""big_thr"": 10, ""big_sl"": 25, ""big_tp"": 130, ""std_sl"": 20, ""std_tp"": 60, ""leg_gap"": 25, ""leg_sl"": 35, ""leg_tp"": 60, ""gap_min"": 0, ""be_at"": 1.5, ""partial"": 0, ""trail"": 3.0}",0.444,-0.012,-0.012,0.793,0.128,0.128,1.065,0.545,0.545,-99.0,-1.0,-99.0
US30,"{""entry_tf"": 1, ""vwap"": true, ""time_stop"": 240, ""legs"": false, ""leg_max"": 6, ""legs_mgmt"": ""fixed"", ""leg_window"": 120, ""ma"": 100, ""dyn"": false, ""entry_mode"": ""close"", ""pb_frac"": 0.7, ""pb_wait"": 30, ""gap"": ""off"", ""body_min"": 0, ""volf"": ""skip_low"", ""dow"": ""none"", ""big_thr"": 20, ""big_sl"": 40, ""big_tp"": 130, ""std_sl"": 30, ""std_tp"": 42, ""leg_gap"": 15, ""leg_sl"": 35, ""leg_tp"": 115, ""gap_min"": 20, ""be_at"": 1.0, ""partial"": 3.0, ""trail"": 2.0}",1.007,0.361,0.361,0.933,0.318,0.318,1.309,0.698,0.698,0.373,0.006,0.006
US30,"{""entry_tf"": 1, ""vwap"": true, ""time_stop"": 240, ""legs"": true, ""leg_max"": 1, ""legs_mgmt"": ""same"", ""leg_window"": 120, ""ma"": 100, ""dyn"": false, ""entry_mode"": ""close"", ""pb_frac"": 0.7, ""pb_wait"": 5, ""gap"": ""off"", ""body_min"": 0.3, ""volf"": ""off"", ""dow"": ""none"", ""big_thr"": 20, ""big_sl"": 35, ""big_tp"": 200, ""std_sl"": 20, ""std_tp"": 60, ""leg_gap"": 20, ""leg_sl"": 25, ""leg_tp"": 0, ""gap_min"": 20, ""be_at"": 1.5, ""partial"": 0, ""trail"": 3.0}",0.707,0.467,0.467,-99.0,-0.641,-99.0,0.568,0.367,0.367,0.505,0.198,0.198
US30,"{""entry_tf"": 1, ""vwap"": true, ""time_stop"": 240, ""legs"": true, ""leg_max"": 2, ""legs_mgmt"": ""fixed"", ""leg_window"": 120, ""ma"": 100, ""dyn"": true, ""entry_mode"": ""close"", ""pb_frac"": 0.7, ""pb_wait"": 5, ""gap"": ""with"", ""body_min"": 0, ""volf"": ""off"", ""dow"": ""none"", ""big_thr"": 25, ""big_sl"": 40, ""big_tp"": 150, ""std_sl"": 25, ""std_tp"": 80, ""leg_gap"": 10, ""leg_sl"": 45, ""leg_tp"": 140, ""gap_min"": 0, ""be_at"": 0, ""partial"": 1.5, ""trail"": 1.0}",0.484,-0.179,-0.179,-99.0,-1.0,-99.0,-99.0,-0.914,-99.0,0.632,0.414,0.414
US30,"{""entry_tf"": 1, ""vwap"": true, ""time_stop"": 240, ""legs"": false, ""leg_max"": 6, ""legs_mgmt"": ""same"", ""leg_window"": 30, ""ma"": 0, ""dyn"": false, ""entry_mode"": ""close"", ""pb_frac"": 0.5, ""pb_wait"": 30, ""gap"": ""with"", ""body_min"": 0, ""volf"": ""off"", ""dow"": ""none"", ""big_thr"": 10, ""big_sl"": 25, ""big_tp"": 80, ""std_sl"": 20, ""std_tp"": 42, ""leg_gap"": 15, ""leg_sl"": 35, ""leg_tp"": 60, ""gap_min"": 20, ""be_at"": 1.0, ""partial"": 1.5, ""trail"": 1.5}",0.866,0.27,0.27,-99.0,-0.684,-99.0,1.132,0.508,0.508,-99.0,-0.718,-99.0
US30,"{""entry_tf"": 1, ""vwap"": true, ""time_stop"": 240, ""legs"": false, ""leg_max"": 6, ""legs_mgmt"": ""same"", ""leg_window"": 60, ""ma"": 100, ""dyn"": false, ""entry_mode"": ""close"", ""pb_frac"": 0.3, ""pb_wait"": 5, ""gap"": ""off"", ""body_min"": 0, ""volf"": ""off"", ""dow"": ""none"", ""big_thr"": 20, ""big_sl"": 35, ""big_tp"": 115, ""std_sl"": 35, ""std_tp"": 80, ""leg_gap"": 20, ""leg_sl"": 25, ""leg_tp"": 90, ""gap_min"": 50, ""be_at"": 1.5, ""partial"": 0, ""trail"": 3.0}",0.933,0.497,0.497,0.304,-0.04,-0.04,0.583,0.484,0.484,0.023,-0.393,-0.393
US30,"{""entry_tf"": 1, ""vwap"": true, ""time_stop"": 240, ""legs"": true, ""leg_max"": 2, ""legs_mgmt"": ""fixed"", ""leg_window"": 30, ""ma"": 100, ""dyn"": false, ""entry_mode"": ""close"", ""pb_frac"": 0.5, ""pb_wait"": 30, ""gap"": ""off"", ""body_min"": 0.5, ""volf"": ""off"", ""dow"": ""none"", ""big_thr"": 10, ""big_sl"": 30, ""big_tp"": 150, ""std_sl"": 25, ""std_tp"": 60, ""leg_gap"": 25, ""leg_sl"": 45, ""leg_tp"": 115, ""gap_min"": 50, ""be_at"": 0, ""partial"": 3.0, ""trail"": 1.5}",0.354,0.096,0.096,1.033,0.505,0.505,1.304,0.819,0.819,0.444,0.067,0.067
US30,"{""entry_tf"": 1, ""vwap"": true, ""time_stop"": 240, ""legs"": true, ""leg_max"": 4, ""legs_mgmt"": ""same"", ""leg_window"": 120, ""ma"": 100, ""dyn"": false, ""entry_mode"": ""close"", ""pb_frac"": 0.7, ""pb_wait"": 30, ""gap"": ""off"", ""body_min"": 0, ""volf"": ""skip_low"", ""dow"": ""mon"", ""big_thr"": 25, ""big_sl"": 35, ""big_tp"": 200, ""std_sl"": 30, ""std_tp"": 0, ""leg_gap"": 20, ""leg_sl"": 45, ""leg_tp"": 90, ""gap_min"": 20, ""be_at"": 1.5, ""partial"": 3.0, ""trail"": 1.5}",0.527,0.112,0.112,0.659,0.373,0.373,1.505,1.141,1.141,0.271,0.084,0.084
US30,"{""entry_tf"": 1, ""vwap"": true, ""time_stop"": 60, ""legs"": false, ""leg_max"": 2, ""legs_mgmt"": ""same"", ""leg_window"": 60, ""ma"": 100, ""dyn"": true, ""entry_mode"": ""close"", ""pb_frac"": 0.5, ""pb_wait"": 30, ""gap"": ""off"", ""body_min"": 0.3, ""volf"": ""off"", ""dow"": ""fri"", ""big_thr"": 10, ""big_sl"": 25, ""big_tp"": 0, ""std_sl"": 35, ""std_tp"": 42, ""leg_gap"": 10, ""leg_sl"": 25, ""leg_tp"": 60, ""gap_min"": 50, ""be_at"": 2.0, ""partial"": 0, ""trail"": 3.0}",0.754,0.697,0.697,-99.0,-1.0,-99.0,-99.0,-0.506,-99.0,-99.0,-0.675,-99.0
US30,"{""entry_tf"": 1, ""vwap"": true, ""time_stop"": 60, ""legs"": false, ""leg_max"": 4, ""legs_mgmt"": ""fixed"", ""leg_window"": 120, ""ma"": 0, ""dyn"": false, ""entry_mode"": ""close"", ""pb_frac"": 0.5, ""pb_wait"": 30, ""gap"": ""with"", ""body_min"": 0, ""volf"": ""off"", ""dow"": ""none"", ""big_thr"": 25, ""big_sl"": 30, ""big_tp"": 150, ""std_sl"": 25, ""std_tp"": 80, ""leg_gap"": 20, ""leg_sl"": 45, ""leg_tp"": 115, ""gap_min"": 20, ""be_at"": 0.5, ""partial"": 3.0, ""trail"": 2.0}",0.243,-0.322,-0.322,0.419,-0.337,-0.337,1.304,0.237,0.237,0.3,-0.422,-0.422
US30,"{""entry_tf"": 1, ""vwap"": true, ""time_stop"": 60, ""legs"": false, ""leg_max"": 4, ""legs_mgmt"": ""same"", ""leg_window"": 60, ""ma"": 100, ""dyn"": false, ""entry_mode"": ""close"", ""pb_frac"": 0.7, ""pb_wait"": 5, ""gap"": ""off"", ""body_min"": 0, ""volf"": ""skip_low"", ""dow"": ""fri"", ""big_thr"": 25, ""big_sl"": 50, ""big_tp"": 100, ""std_sl"": 15, ""std_tp"": 42, ""leg_gap"": 10, ""leg_sl"": 35, ""leg_tp"": 115, ""gap_min"": 0, ""be_at"": 0, ""partial"": 0, ""trail"": 2.0}",0.291,0.083,0.083,-99.0,-0.913,-99.0,0.547,0.432,0.432,0.677,0.464,0.464
US30,"{""entry_tf"": 1, ""vwap"": true, ""time_stop"": 60, ""legs"": false, ""leg_max"": 6, ""legs_mgmt"": ""fixed"", ""leg_window"": 30, ""ma"": 0, ""dyn"": true, ""entry_mode"": ""close"", ""pb_frac"": 0.5, ""pb_wait"": 30, ""gap"": ""off"", ""body_min"": 0, ""volf"": ""skip_low"", ""dow"": ""fri"", ""big_thr"": 15, ""big_sl"": 35, ""big_tp"": 60, ""std_sl"": 15, ""std_tp"": 80, ""leg_gap"": 15, ""leg_sl"": 35, ""leg_tp"": 0, ""gap_min"": 100, ""be_at"": 1.0, ""partial"": 0, ""trail"": 2.0}",-99.0,-1.0,-99.0,-99.0,-0.905,-99.0,-99.0,-1.0,-99.0,0.669,0.259,0.259
US30,"{""entry_tf"": 1, ""vwap"": true, ""time_stop"": 240, ""legs"": true, ""leg_max"": 4, ""legs_mgmt"": ""same"", ""leg_window"": 60, ""ma"": 0, ""dyn"": false, ""entry_mode"": ""close"", ""pb_frac"": 0.5, ""pb_wait"": 30, ""gap"": ""off"", ""body_min"": 0, ""volf"": ""skip_low"", ""dow"": ""mon"", ""big_thr"": 10, ""big_sl"": 40, ""big_tp"": 200, ""std_sl"": 30, ""std_tp"": 50, ""leg_gap"": 20, ""leg_sl"": 25, ""leg_tp"": 60, ""gap_min"": 20, ""be_at"": 0.5, ""partial"": 3.0, ""trail"": 2.0}",-99.0,-0.678,-99.0,0.732,0.478,0.478,0.816,0.547,0.547,0.037,-0.36,-0.36
US30,"{""entry_tf"": 1, ""vwap"": true, ""time_stop"": 60, ""legs"": false, ""leg_max"": 2, ""legs_mgmt"": ""fixed"", ""leg_window"": 60, ""ma"": 0, ""dyn"": false, ""entry_mode"": ""close"", ""pb_frac"": 0.5, ""pb_wait"": 30, ""gap"": ""off"", ""body_min"": 0.5, ""volf"": ""skip_low"", ""dow"": ""fri"", ""big_thr"": 25, ""big_sl"": 40, ""big_tp"": 0, ""std_sl"": 15, ""std_tp"": 50, ""leg_gap"": 10, ""leg_sl"": 45, ""leg_tp"": 90, ""gap_min"": 20, ""be_at"": 1.0, ""partial"": 1.0, ""trail"": 1.0}",-99.0,-0.912,-99.0,0.176,-0.106,-0.106,0.501,0.004,0.004,0.86,0.296,0.296
US30,"{""entry_tf"": 1, ""vwap"": true, ""time_stop"": 60, ""legs"": false, ""leg_max"": 6, ""legs_mgmt"": ""fixed"", ""leg_window"": 60, ""ma"": 100, ""dyn"": false, ""entry_mode"": ""close"", ""pb_frac"": 0.3, ""pb_wait"": 30, ""gap"": ""off"", ""body_min"": 0, ""volf"": ""skip_low"", ""dow"": ""fri"", ""big_thr"": 25, ""big_sl"": 25, ""big_tp"": 100, ""std_sl"": 35, ""std_tp"": 0, ""leg_gap"": 15, ""leg_sl"": 45, ""leg_tp"": 90, ""gap_min"": 100, ""be_at"": 1.0, ""partial"": 3.0, ""trail"": 1.0}",0.893,0.351,0.351,0.411,0.127,0.127,1.121,0.851,0.851,0.335,-0.006,-0.006
US30,"{""entry_tf"": 1, ""vwap"": true, ""time_stop"": 60, ""legs"": false, ""leg_max"": 6, ""legs_mgmt"": ""same"", ""leg_window"": 120, ""ma"": 100, ""dyn"": false, ""entry_mode"": ""close"", ""pb_frac"": 0.7, ""pb_wait"": 5, ""gap"": ""off"", ""body_min"": 0, ""volf"": ""mid"", ""dow"": ""fri"", ""big_thr"": 15, ""big_sl"": 30, ""big_tp"": 115, ""std_sl"": 20, ""std_tp"": 60, ""leg_gap"": 20, ""leg_sl"": 45, ""leg_tp"": 140, ""gap_min"": 50, ""be_at"": 2.0, ""partial"": 3.0, ""trail"": 1.5}",1.371,1.093,1.093,0.329,0.2,0.2,0.7,0.435,0.435,0.482,0.112,0.112
US30,"{""entry_tf"": 1, ""vwap"": true, ""time_stop"": 60, ""legs"": false, ""leg_max"": 6, ""legs_mgmt"": ""same"", ""leg_window"": 30, ""ma"": 100, ""dyn"": false, ""entry_mode"": ""close"", ""pb_frac"": 0.3, ""pb_wait"": 15, ""gap"": ""off"", ""body_min"": 0.5, ""volf"": ""off"", ""dow"": ""none"", ""big_thr"": 20, ""big_sl"": 25, ""big_tp"": 130, ""std_sl"": 25, ""std_tp"": 80, ""leg_gap"": 10, ""leg_sl"": 25, ""leg_tp"": 140, ""gap_min"": 20, ""be_at"": 1.5, ""partial"": 1.5, ""trail"": 1.5}",0.415,-0.123,-0.123,0.828,0.408,0.408,1.083,0.631,0.631,-99.0,-0.916,-99.0
US30,"{""entry_tf"": 1, ""vwap"": true, ""time_stop"": 60, ""legs"": false, ""leg_max"": 6, ""legs_mgmt"": ""same"", ""leg_window"": 60, ""ma"": 100, ""dyn"": false, ""entry_mode"": ""close"", ""pb_frac"": 0.7, ""pb_wait"": 5, ""gap"": ""off"", ""body_min"": 0.5, ""volf"": ""off"", ""dow"": ""none"", ""big_thr"": 20, ""big_sl"": 50, ""big_tp"": 130, ""std_sl"": 35, ""std_tp"": 80, ""leg_gap"": 10, ""leg_sl"": 45, ""leg_tp"": 0, ""gap_min"": 0, ""be_at"": 1.5, ""partial"": 2.0, ""trail"": 1.0}",0.245,-0.059,-0.059,0.801,0.303,0.303,1.329,0.714,0.714,0.845,0.231,0.231
US30,"{""entry_tf"": 1, ""vwap"": true, ""time_stop"": 60, ""legs"": true, ""leg_max"": 2, ""legs_mgmt"": ""fixed"", ""leg_window"": 120, ""ma"": 0, ""dyn"": false, ""entry_mode"": ""close"", ""pb_frac"": 0.7, ""pb_wait"": 15, ""gap"": ""with"", ""body_min"": 0, ""volf"": ""off"", ""dow"": ""fri"", ""big_thr"": 10, ""big_sl"": 25, ""big_tp"": 115, ""std_sl"": 25, ""std_tp"": 60, ""leg_gap"": 20, ""leg_sl"": 45, ""leg_tp"": 140, ""gap_min"": 20, ""be_at"": 0.5, ""partial"": 2.0, ""trail"": 1.0}",0.759,0.257,0.257,0.414,-0.037,-0.037,0.771,0.199,0.199,0.967,0.407,0.407
US30,"{""entry_tf"": 1, ""vwap"": true, ""time_stop"": 60, ""legs"": true, ""leg_max"": 2, ""legs_mgmt"": ""fixed"", ""leg_window"": 120, ""ma"": 100, ""dyn"": false, ""entry_mode"": ""close"", ""pb_frac"": 0.7, ""pb_wait"": 30, ""gap"": ""off"", ""body_min"": 0.5, ""volf"": ""off"", ""dow"": ""none"", ""big_thr"": 20, ""big_sl"": 30, ""big_tp"": 80, ""std_sl"": 30, ""std_tp"": 60, ""leg_gap"": 25, ""leg_sl"": 35, ""leg_tp"": 115, ""gap_min"": 100, ""be_at"": 1.0, ""partial"": 1.0, ""trail"": 3.0}",0.254,-0.257,-0.257,0.84,0.191,0.191,0.848,0.222,0.222,0.606,-0.062,-0.062
US30,"{""entry_tf"": 1, ""vwap"": true, ""time_stop"": 60, ""legs"": true, ""leg_max"": 4, ""legs_mgmt"": ""fixed"", ""leg_window"": 120, ""ma"": 100, ""dyn"": false, ""entry_mode"": ""close"", ""pb_frac"": 0.7, ""pb_wait"": 15, ""gap"": ""off"", ""body_min"": 0.5, ""volf"": ""off"", ""dow"": ""none"", ""big_thr"": 20, ""big_sl"": 40, ""big_tp"": 130, ""std_sl"": 20, ""std_tp"": 60, ""leg_gap"": 25, ""leg_sl"": 25, ""leg_tp"": 60, ""gap_min"": 20, ""be_at"": 1.5, ""partial"": 3.0, ""trail"": 3.0}",0.255,0.087,0.087,0.576,0.309,0.309,1.369,0.875,0.875,-99.0,-1.0,-99.0
US30,"{""entry_tf"": 1, ""vwap"": true, ""time_stop"": 60, ""legs"": true, ""leg_max"": 4, ""legs_mgmt"": ""fixed"", ""leg_window"": 120, ""ma"": 100, ""dyn"": false, ""entry_mode"": ""close"", ""pb_frac"": 0.7, ""pb_wait"": 30, ""gap"": ""off"", ""body_min"": 0.5, ""volf"": ""off"", ""dow"": ""fri"", ""big_thr"": 25, ""big_sl"": 35, ""big_tp"": 200, ""std_sl"": 25, ""std_tp"": 60, ""leg_gap"": 15, ""leg_sl"": 35, ""leg_tp"": 60, ""gap_min"": 100, ""be_at"": 2.0, ""partial"": 1.0, ""trail"": 2.0}",0.694,0.204,0.204,1.137,0.69,0.69,0.978,0.532,0.532,0.551,0.138,0.138
US30,"{""entry_tf"": 1, ""vwap"": true, ""time_stop"": 60, ""legs"": true, ""leg_max"": 6, ""legs_mgmt"": ""same"", ""leg_window"": 120, ""ma"": 100, ""dyn"": false, ""entry_mode"": ""close"", ""pb_frac"": 0.5, ""pb_wait"": 15, ""gap"": ""off"", ""body_min"": 0, ""volf"": ""off"", ""dow"": ""none"", ""big_thr"": 25, ""big_sl"": 30, ""big_tp"": 200, ""std_sl"": 20, ""std_tp"": 42, ""leg_gap"": 20, ""leg_sl"": 25, ""leg_tp"": 140, ""gap_min"": 20, ""be_at"": 1.0, ""partial"": 2.0, ""trail"": 1.5}",0.884,0.615,0.615,0.335,0.104,0.104,0.202,0.154,0.154,-99.0,-0.889,-99.0
US30,"{""entry_tf"": 1, ""vwap"": true, ""time_stop"": 90, ""legs"": false, ""leg_max"": 1, ""legs_mgmt"": ""fixed"", ""leg_window"": 30, ""ma"": 100, ""dyn"": false, ""entry_mode"": ""close"", ""pb_frac"": 0.7, ""pb_wait"": 15, ""gap"": ""off"", ""body_min"": 0, ""volf"": ""mid"", ""dow"": ""mon"", ""big_thr"": 20, ""big_sl"": 35, ""big_tp"": 100, ""std_sl"": 35, ""std_tp"": 0, ""leg_gap"": 20, ""leg_sl"": 45, ""leg_tp"": 60, ""gap_min"": 0, ""be_at"": 1.5, ""partial"": 1.5, ""trail"": 3.0}",0.839,0.365,0.365,0.011,-0.557,-0.557,0.86,0.347,0.347,-99.0,-0.915,-99.0
US30,"{""entry_tf"": 1, ""vwap"": true, ""time_stop"": 90, ""legs"": false, ""leg_max"": 2, ""legs_mgmt"": ""fixed"", ""leg_window"": 30, ""ma"": 100, ""dyn"": false, ""entry_mode"": ""close"", ""pb_frac"": 0.5, ""pb_wait"": 5, ""gap"": ""off"", ""body_min"": 0.5, ""volf"": ""skip_low"", ""dow"": ""none"", ""big_thr"": 20, ""big_sl"": 50, ""big_tp"": 80, ""std_sl"": 30, ""std_tp"": 30, ""leg_gap"": 10, ""leg_sl"": 45, ""leg_tp"": 115, ""gap_min"": 100, ""be_at"": 0, ""partial"": 1.5, ""trail"": 1.0}",0.29,0.205,0.205,0.861,0.705,0.705,1.289,1.074,1.074,0.855,0.701,0.701
US30,"{""entry_tf"": 1, ""vwap"": true, ""time_stop"": 90, ""legs"": false, ""leg_max"": 4, ""legs_mgmt"": ""fixed"", ""leg_window"": 60, ""ma"": 100, ""dyn"": true, ""entry_mode"": ""close"", ""pb_frac"": 0.3, ""pb_wait"": 15, ""gap"": ""off"", ""body_min"": 0, ""volf"": ""mid"", ""dow"": ""none"", ""big_thr"": 10, ""big_sl"": 30, ""big_tp"": 100, ""std_sl"": 25, ""std_tp"": 0, ""leg_gap"": 15, ""leg_sl"": 25, ""leg_tp"": 90, ""gap_min"": 50, ""be_at"": 2.0, ""partial"": 0, ""trail"": 3.0}",0.885,0.42,0.42,-99.0,-1.0,-99.0,-99.0,-1.0,-99.0,-99.0,-0.912,-99.0
US30,"{""entry_tf"": 1, ""vwap"": true, ""time_stop"": 90, ""legs"": false, ""leg_max"": 1, ""legs_mgmt"": ""fixed"", ""leg_window"": 30, ""ma"": 100, ""dyn"": false, ""entry_mode"": ""close"", ""pb_frac"": 0.7, ""pb_wait"": 15, ""gap"": ""off"", ""body_min"": 0.5, ""volf"": ""off"", ""dow"": ""none"", ""big_thr"": 25, ""big_sl"": 35, ""big_tp"": 100, ""std_sl"": 25, ""std_tp"": 50, ""leg_gap"": 15, ""leg_sl"": 25, ""leg_tp"": 140, ""gap_min"": 20, ""be_at"": 1.0, ""partial"": 0, ""trail"": 2.0}",0.175,-0.319,-0.319,1.086,0.496,0.496,0.969,0.468,0.468,0.537,0.033,0.033
US30,"{""entry_tf"": 1, ""vwap"": true, ""time_stop"": 90, ""legs"": false, ""leg_max"": 2, ""legs_mgmt"": ""fixed"", ""leg_window"": 30, ""ma"": 100, ""dyn"": false, ""entry_mode"": ""close"", ""pb_frac"": 0.5, ""pb_wait"": 5, ""gap"": ""off"", ""body_min"": 0.5, ""volf"": ""skip_low"", ""dow"": ""none"", ""big_thr"": 20, ""big_sl"": 25, ""big_tp"": 130, ""std_sl"": 30, ""std_tp"": 0, ""leg_gap"": 20, ""leg_sl"": 35, ""leg_tp"": 60, ""gap_min"": 100, ""be_at"": 1.0, ""partial"": 1.0, ""trail"": 0}",-99.0,-0.791,-99.0,0.868,0.317,0.317,1.113,0.536,0.536,-99.0,-0.862,-99.0
US30,"{""entry_tf"": 1, ""vwap"": true, ""time_stop"": 90, ""legs"": false, ""leg_max"": 6, ""legs_mgmt"": ""fixed"", ""leg_window"": 30, ""ma"": 0, ""dyn"": false, ""entry_mode"": ""close"", ""pb_frac"": 0.5, ""pb_wait"": 5, ""gap"": ""off"", ""body_min"": 0.5, ""volf"": ""skip_low"", ""dow"": ""fri"", ""big_thr"": 15, ""big_sl"": 40, ""big_tp"": 115, ""std_sl"": 30, ""std_tp"": 0, ""leg_gap"": 15, ""leg_sl"": 25, ""leg_tp"": 115, ""gap_min"": 20, ""be_at"": 2.0, ""partial"": 3.0, ""trail"": 1.0}",0.678,-0.024,-0.024,1.249,0.816,0.816,1.309,0.79,0.79,0.442,0.153,0.153
US30,"{""entry_tf"": 1, ""vwap"": true, ""time_stop"": 90, ""legs"": false, ""leg_max"": 6, ""legs_mgmt"": ""same"", ""leg_window"": 120, ""ma"": 100, ""dyn"": false, ""entry_mode"": ""close"", ""pb_frac"": 0.5, ""pb_wait"": 30, ""gap"": ""off"", ""body_min"": 0, ""volf"": ""off"", ""dow"": ""fri"", ""big_thr"": 25, ""big_sl"": 35, ""big_tp"": 100, ""std_sl"": 30, ""std_tp"": 0, ""leg_gap"": 10, ""leg_sl"": 35, ""leg_tp"": 140, ""gap_min"": 20, ""be_at"": 1.5, ""partial"": 0, ""trail"": 0}",0.705,0.433,0.433,-99.0,-0.823,-99.0,0.235,0.195,0.195,0.572,0.188,0.188
US30,"{""entry_tf"": 1, ""vwap"": true, ""time_stop"": 90, ""legs"": true, ""leg_max"": 1, ""legs_mgmt"": ""fixed"", ""leg_window"": 120, ""ma"": 100, ""dyn"": false, ""entry_mode"": ""close"", ""pb_frac"": 0.5, ""pb_wait"": 30, ""gap"": ""with"", ""body_min"": 0, ""volf"": ""off"", ""dow"": ""none"", ""big_thr"": 15, ""big_sl"": 30, ""big_tp"": 115, ""std_sl"": 15, ""std_tp"": 60, ""leg_gap"": 25, ""leg_sl"": 35, ""leg_tp"": 115, ""gap_min"": 0, ""be_at"": 0.5, ""partial"": 1.0, ""trail"": 0}",-99.0,-1.0,-99.0,-99.0,-1.0,-99.0,-99.0,-0.865,-99.0,0.697,-0.107,-0.107
US30,"{""entry_tf"": 1, ""vwap"": true, ""time_stop"": 90, ""legs"": true, ""leg_max"": 1, ""legs_mgmt"": ""same"", ""leg_window"": 30, ""ma"": 0, ""dyn"": false, ""entry_mode"": ""close"", ""pb_frac"": 0.5, ""pb_wait"": 5, ""gap"": ""off"", ""body_min"": 0.3, ""volf"": ""skip_low"", ""dow"": ""fri"", ""big_thr"": 15, ""big_sl"": 40, ""big_tp"": 80, ""std_sl"": 20, ""std_tp"": 60, ""leg_gap"": 15, ""leg_sl"": 45, ""leg_tp"": 60, ""gap_min"": 100, ""be_at"": 0.5, ""partial"": 1.5, ""trail"": 0}",0.758,0.265,0.265,0.914,0.479,0.479,0.747,0.401,0.401,0.929,0.561,0.561
US30,"{""entry_tf"": 1, ""vwap"": true, ""time_stop"": 90, ""legs"": true, ""leg_max"": 1, ""legs_mgmt"": ""same"", ""leg_window"": 60, ""ma"": 100, ""dyn"": false, ""entry_mode"": ""close"", ""pb_frac"": 0.5, ""pb_wait"": 5, ""gap"": ""off"", ""body_min"": 0, ""volf"": ""off"", ""dow"": ""fri"", ""big_thr"": 10, ""big_sl"": 50, ""big_tp"": 150, ""std_sl"": 35, ""std_tp"": 30, ""leg_gap"": 25, ""leg_sl"": 35, ""leg_tp"": 115, ""gap_min"": 20, ""be_at"": 1.5, ""partial"": 0, ""trail"": 1.0}",0.826,0.424,0.424,-99.0,-1.0,-99.0,0.881,0.774,0.774,0.241,0.053,0.053
US30,"{""entry_tf"": 1, ""vwap"": true, ""time_stop"": 90, ""legs"": true, ""leg_max"": 1, ""legs_mgmt"": ""same"", ""leg_window"": 60, ""ma"": 100, ""dyn"": false, ""entry_mode"": ""close"", ""pb_frac"": 0.7, ""pb_wait"": 5, ""gap"": ""off"", ""body_min"": 0.5, ""volf"": ""skip_low"", ""dow"": ""fri"", ""big_thr"": 15, ""big_sl"": 35, ""big_tp"": 115, ""std_sl"": 15, ""std_tp"": 30, ""leg_gap"": 10, ""leg_sl"": 45, ""leg_tp"": 60, ""gap_min"": 0, ""be_at"": 2.0, ""partial"": 1.0, ""trail"": 1.5}",-99.0,-1.0,-99.0,0.936,0.347,0.347,-99.0,-0.862,-99.0,-99.0,-0.901,-99.0
US30,"{""entry_tf"": 1, ""vwap"": true, ""time_stop"": 90, ""legs"": true, ""leg_max"": 2, ""legs_mgmt"": ""same"", ""leg_window"": 120, ""ma"": 0, ""dyn"": false, ""entry_mode"": ""close"", ""pb_frac"": 0.7, ""pb_wait"": 30, ""gap"": ""off"", ""body_min"": 0, ""volf"": ""mid"", ""dow"": ""fri"", ""big_thr"": 20, ""big_sl"": 50, ""big_tp"": 115, ""std_sl"": 35, ""std_tp"": 60, ""leg_gap"": 10, ""leg_sl"": 45, ""leg_tp"": 140, ""gap_min"": 100, ""be_at"": 0.5, ""partial"": 2.0, ""trail"": 1.0}",0.818,0.446,0.446,0.171,-0.105,-0.105,0.61,0.328,0.328,-99.0,-0.625,-99.0
US30,"{""entry_tf"": 1, ""vwap"": true, ""time_stop"": 90, ""legs"": true, ""leg_max"": 4, ""legs_mgmt"": ""fixed"", ""leg_window"": 60, ""ma"": 100, ""dyn"": false, ""entry_mode"": ""close"", ""pb_frac"": 0.5, ""pb_wait"": 30, ""gap"": ""off"", ""body_min"": 0, ""volf"": ""off"", ""dow"": ""none"", ""big_thr"": 25, ""big_sl"": 30, ""big_tp"": 80, ""std_sl"": 20, ""std_tp"": 0, ""leg_gap"": 25, ""leg_sl"": 45, ""leg_tp"": 90, ""gap_min"": 20, ""be_at"": 2.0, ""partial"": 0, ""trail"": 3.0}",0.706,0.409,0.409,-99.0,-1.0,-99.0,0.858,0.613,0.613,-99.0,-1.0,-99.0
US30,"{""entry_tf"": 1, ""vwap"": true, ""time_stop"": 90, ""legs"": true, ""leg_max"": 6, ""legs_mgmt"": ""same"", ""leg_window"": 120, ""ma"": 0, ""dyn"": false, ""entry_mode"": ""close"", ""pb_frac"": 0.3, ""pb_wait"": 30, ""gap"": ""with"", ""body_min"": 0, ""volf"": ""off"", ""dow"": ""none"", ""big_thr"": 15, ""big_sl"": 35, ""big_tp"": 0, ""std_sl"": 30, ""std_tp"": 60, ""leg_gap"": 25, ""leg_sl"": 45, ""leg_tp"": 115, ""gap_min"": 0, ""be_at"": 0.5, ""partial"": 2.0, ""trail"": 3.0}",0.025,-0.693,-0.693,0.625,0.175,0.175,1.377,0.848,0.848,0.991,0.483,0.483
US30,"{""entry_tf"": 1, ""vwap"": true, ""time_stop"": 999, ""legs"": false, ""leg_max"": 1, ""legs_mgmt"": ""fixed"", ""leg_window"": 60, ""ma"": 0, ""dyn"": false, ""entry_mode"": ""close"", ""pb_frac"": 0.5, ""pb_wait"": 5, ""gap"": ""off"", ""body_min"": 0, ""volf"": ""skip_low"", ""dow"": ""fri"", ""big_thr"": 15, ""big_sl"": 30, ""big_tp"": 100, ""std_sl"": 15, ""std_tp"": 50, ""leg_gap"": 10, ""leg_sl"": 35, ""leg_tp"": 60, ""gap_min"": 100, ""be_at"": 2.0, ""partial"": 0, ""trail"": 0}",1.167,0.686,0.686,0.052,-0.222,-0.222,0.439,0.0,0.0,0.878,0.446,0.446
US30,"{""entry_tf"": 1, ""vwap"": true, ""time_stop"": 999, ""legs"": false, ""leg_max"": 2, ""legs_mgmt"": ""fixed"", ""leg_window"": 120, ""ma"": 100, ""dyn"": false, ""entry_mode"": ""close"", ""pb_frac"": 0.3, ""pb_wait"": 30, ""gap"": ""off"", ""body_min"": 0.3, ""volf"": ""skip_low"", ""dow"": ""mon"", ""big_thr"": 25, ""big_sl"": 30, ""big_tp"": 100, ""std_sl"": 30, ""std_tp"": 80, ""leg_gap"": 10, ""leg_sl"": 35, ""leg_tp"": 0, ""gap_min"": 100, ""be_at"": 1.0, ""partial"": 1.0, ""trail"": 0}",0.499,0.131,0.131,0.46,0.226,0.226,1.265,1.04,1.04,0.302,-0.017,-0.017
US30,"{""entry_tf"": 1, ""vwap"": true, ""time_stop"": 999, ""legs"": false, ""leg_max"": 6, ""legs_mgmt"": ""fixed"", ""leg_window"": 60, ""ma"": 100, ""dyn"": false, ""entry_mode"": ""close"", ""pb_frac"": 0.3, ""pb_wait"": 30, ""gap"": ""off"", ""body_min"": 0.3, ""volf"": ""skip_low"", ""dow"": ""none"", ""big_thr"": 25, ""big_sl"": 30, ""big_tp"": 100, ""std_sl"": 20, ""std_tp"": 50, ""leg_gap"": 15, ""leg_sl"": 45, ""leg_tp"": 90, ""gap_min"": 50, ""be_at"": 2.0, ""partial"": 1.0, ""trail"": 3.0}",0.913,0.732,0.732,0.605,0.535,0.535,1.253,1.026,1.026,0.688,0.502,0.502
US30,"{""entry_tf"": 1, ""vwap"": true, ""time_stop"": 999, ""legs"": false, ""leg_max"": 6, ""legs_mgmt"": ""fixed"", ""leg_window"": 60, ""ma"": 100, ""dyn"": false, ""entry_mode"": ""close"", ""pb_frac"": 0.3, ""pb_wait"": 5, ""gap"": ""off"", ""body_min"": 0, ""volf"": ""skip_low"", ""dow"": ""fri"", ""big_thr"": 25, ""big_sl"": 40, ""big_tp"": 80, ""std_sl"": 30, ""std_tp"": 42, ""leg_gap"": 25, ""leg_sl"": 35, ""leg_tp"": 90, ""gap_min"": 50, ""be_at"": 2.0, ""partial"": 1.0, ""trail"": 0}",0.618,0.08,0.08,0.508,0.009,0.009,0.652,0.391,0.391,0.984,0.357,0.357
US30,"{""entry_tf"": 1, ""vwap"": true, ""time_stop"": 999, ""legs"": true, ""leg_max"": 1, ""legs_mgmt"": ""same"", ""leg_window"": 120, ""ma"": 0, ""dyn"": false, ""entry_mode"": ""close"", ""pb_frac"": 0.7, ""pb_wait"": 5, ""gap"": ""off"", ""body_min"": 0.5, ""volf"": ""mid"", ""dow"": ""none"", ""big_thr"": 15, ""big_sl"": 35, ""big_tp"": 130, ""std_sl"": 35, ""std_tp"": 0, ""leg_gap"": 25, ""leg_sl"": 25, ""leg_tp"": 140, ""gap_min"": 100, ""be_at"": 2.0, ""partial"": 2.0, ""trail"": 1.0}",0.925,0.393,0.393,1.007,0.505,0.505,0.842,0.389,0.389,0.26,-0.052,-0.052
US30,"{""entry_tf"": 1, ""vwap"": true, ""time_stop"": 999, ""legs"": false, ""leg_max"": 1, ""legs_mgmt"": ""same"", ""leg_window"": 120, ""ma"": 0, ""dyn"": false, ""entry_mode"": ""close"", ""pb_frac"": 0.7, ""pb_wait"": 5, ""gap"": ""off"", ""body_min"": 0, ""volf"": ""off"", ""dow"": ""fri"", ""big_thr"": 10, ""big_sl"": 30, ""big_tp"": 0, ""std_sl"": 20, ""std_tp"": 60, ""leg_gap"": 10, ""leg_sl"": 45, ""leg_tp"": 140, ""gap_min"": 20, ""be_at"": 1.5, ""partial"": 3.0, ""trail"": 3.0}",0.724,0.346,0.346,-99.0,-0.823,-99.0,-99.0,-0.783,-99.0,0.639,0.232,0.232
US30,"{""entry_tf"": 1, ""vwap"": true, ""time_stop"": 999, ""legs"": false, ""leg_max"": 1, ""legs_mgmt"": ""same"", ""leg_window"": 60, ""ma"": 100, ""dyn"": false, ""entry_mode"": ""close"", ""pb_frac"": 0.5, ""pb_wait"": 30, ""gap"": ""off"", ""body_min"": 0, ""volf"": ""skip_low"", ""dow"": ""none"", ""big_thr"": 25, ""big_sl"": 25, ""big_tp"": 100, ""std_sl"": 15, ""std_tp"": 42, ""leg_gap"": 15, ""leg_sl"": 45, ""leg_tp"": 140, ""gap_min"": 100, ""be_at"": 0.5, ""partial"": 0, ""trail"": 3.0}",0.703,0.345,0.345,0.612,0.104,0.104,0.552,0.21,0.21,0.357,0.108,0.108
US30,"{""entry_tf"": 1, ""vwap"": true, ""time_stop"": 999, ""legs"": true, ""leg_max"": 1, ""legs_mgmt"": ""same"", ""leg_window"": 120, ""ma"": 100, ""dyn"": false, ""entry_mode"": ""close"", ""pb_frac"": 0.3, ""pb_wait"": 30, ""gap"": ""off"", ""body_min"": 0, ""volf"": ""skip_low"", ""dow"": ""fri"", ""big_thr"": 25, ""big_sl"": 30, ""big_tp"": 130, ""std_sl"": 35, ""std_tp"": 0, ""leg_gap"": 20, ""leg_sl"": 45, ""leg_tp"": 90, ""gap_min"": 20, ""be_at"": 1.0, ""partial"": 1.0, ""trail"": 1.5}",1.117,0.659,0.659,0.454,0.295,0.295,1.108,0.885,0.885,0.408,0.149,0.149
US30,"{""entry_tf"": 1, ""vwap"": true, ""time_stop"": 999, ""legs"": true, ""leg_max"": 1, ""legs_mgmt"": ""same"", ""leg_window"": 30, ""ma"": 0, ""dyn"": false, ""entry_mode"": ""close"", ""pb_frac"": 0.7, ""pb_wait"": 5, ""gap"": ""with"", ""body_min"": 0, ""volf"": ""off"", ""dow"": ""fri"", ""big_thr"": 20, ""big_sl"": 25, ""big_tp"": 0, ""std_sl"": 20, ""std_tp"": 50, ""leg_gap"": 20, ""leg_sl"": 35, ""leg_tp"": 0, ""gap_min"": 20, ""be_at"": 0, ""partial"": 2.0, ""trail"": 1.0}",1.134,0.26,0.26,0.591,-0.106,-0.106,0.885,0.032,0.032,0.888,0.077,0.077
US30,"{""entry_tf"": 1, ""vwap"": true, ""time_stop"": 999, ""legs"": true, ""leg_max"": 6, ""legs_mgmt"": ""fixed"", ""leg_window"": 60, ""ma"": 0, ""dyn"": false, ""entry_mode"": ""close"", ""pb_frac"": 0.5, ""pb_wait"": 5, ""gap"": ""with"", ""body_min"": 0, ""volf"": ""off"", ""dow"": ""none"", ""big_thr"": 25, ""big_sl"": 30, ""big_tp"": 115, ""std_sl"": 15, ""std_tp"": 42, ""leg_gap"": 20, ""leg_sl"": 25, ""leg_tp"": 90, ""gap_min"": 20, ""be_at"": 0, ""partial"": 3.0, ""trail"": 0}",0.971,0.323,0.323,0.333,-0.165,-0.165,0.46,0.037,0.037,0.222,-0.291,-0.291
US30,"{""entry_tf"": 1, ""vwap"": true, ""time_stop"": 999, ""legs"": true, ""leg_max"": 6, ""legs_mgmt"": ""same"", ""leg_window"": 60, ""ma"": 0, ""dyn"": false, ""entry_mode"": ""close"", ""pb_frac"": 0.7, ""pb_wait"": 5, ""gap"": ""off"", ""body_min"": 0, ""volf"": ""mid"", ""dow"": ""none"", ""big_thr"": 25, ""big_sl"": 30, ""big_tp"": 115, ""std_sl"": 25, ""std_tp"": 60, ""leg_gap"": 10, ""leg_sl"": 45, ""leg_tp"": 140, ""gap_min"": 20, ""be_at"": 2.0, ""partial"": 3.0, ""trail"": 1.5}",0.837,0.418,0.418,0.564,0.025,0.025,0.334,0.056,0.056,-99.0,-1.0,-99.0
US30,"{""entry_tf"": 5, ""vwap"": false, ""time_stop"": 180, ""legs"": false, ""leg_max"": 1, ""legs_mgmt"": ""same"", ""leg_window"": 120, ""ma"": 100, ""dyn"": false, ""entry_mode"": ""close"", ""pb_frac"": 0.7, ""pb_wait"": 5, ""gap"": ""off"", ""body_min"": 0.3, ""volf"": ""off"", ""dow"": ""none"", ""big_thr"": 25, ""big_sl"": 40, ""big_tp"": 60, ""std_sl"": 25, ""std_tp"": 60, ""leg_gap"": 15, ""leg_sl"": 35, ""leg_tp"": 140, ""gap_min"": 20, ""be_at"": 2.0, ""partial"": 1.0, ""trail"": 2.0}",-99.0,-0.909,-99.0,-99.0,-1.0,-99.0,1.326,1.04,1.04,-99.0,-0.899,-99.0
US30,"{""entry_tf"": 5, ""vwap"": false, ""time_stop"": 180, ""legs"": false, ""leg_max"": 6, ""legs_mgmt"": ""fixed"", ""leg_window"": 60, ""ma"": 100, ""dyn"": false, ""entry_mode"": ""close"", ""pb_frac"": 0.7, ""pb_wait"": 5, ""gap"": ""off"", ""body_min"": 0, ""volf"": ""off"", ""dow"": ""fri"", ""big_thr"": 15, ""big_sl"": 25, ""big_tp"": 80, ""std_sl"": 20, ""std_tp"": 0, ""leg_gap"": 20, ""leg_sl"": 45, ""leg_tp"": 115, ""gap_min"": 0, ""be_at"": 1.5, ""partial"": 3.0, ""trail"": 0}",0.146,-0.306,-0.306,-99.0,-1.0,-99.0,1.225,0.668,0.668,-99.0,-1.0,-99.0
US30,"{""entry_tf"": 1, ""vwap"": true, ""time_stop"": 999, ""legs"": true, ""leg_max"": 2, ""legs_mgmt"": ""fixed"", ""leg_window"": 60, ""ma"": 100, ""dyn"": false, ""entry_mode"": ""close"", ""pb_frac"": 0.5, ""pb_wait"": 30, ""gap"": ""off"", ""body_min"": 0.3, ""volf"": ""skip_low"", ""dow"": ""fri"", ""big_thr"": 10, ""big_sl"": 30, ""big_tp"": 150, ""std_sl"": 35, ""std_tp"": 60, ""leg_gap"": 25, ""leg_sl"": 25, ""leg_tp"": 115, ""gap_min"": 20, ""be_at"": 1.5, ""partial"": 1.5, ""trail"": 1.5}",1.614,0.922,0.922,1.067,0.584,0.584,1.107,0.617,0.617,0.958,0.482,0.482
US30,"{""entry_tf"": 1, ""vwap"": true, ""time_stop"": 999, ""legs"": true, ""leg_max"": 4, ""legs_mgmt"": ""fixed"", ""leg_window"": 30, ""ma"": 100, ""dyn"": false, ""entry_mode"": ""close"", ""pb_frac"": 0.5, ""pb_wait"": 30, ""gap"": ""off"", ""body_min"": 0.3, ""volf"": ""off"", ""dow"": ""none"", ""big_thr"": 10, ""big_sl"": 40, ""big_tp"": 0, ""std_sl"": 25, ""std_tp"": 42, ""leg_gap"": 10, ""leg_sl"": 35, ""leg_tp"": 60, ""gap_min"": 50, ""be_at"": 1.5, ""partial"": 0, ""trail"": 2.0}",0.623,0.062,0.062,0.148,-0.335,-0.335,1.321,0.679,0.679,0.688,0.178,0.178
US30,"{""entry_tf"": 5, ""vwap"": false, ""time_stop"": 240, ""legs"": true, ""leg_max"": 1, ""legs_mgmt"": ""same"", ""leg_window"": 120, ""ma"": 100, ""dyn"": false, ""entry_mode"": ""close"", ""pb_frac"": 0.7, ""pb_wait"": 30, ""gap"": ""off"", ""body_min"": 0.3, ""volf"": ""off"", ""dow"": ""fri"", ""big_thr"": 25, ""big_sl"": 30, ""big_tp"": 60, ""std_sl"": 30, ""std_tp"": 60, ""leg_gap"": 25, ""leg_sl"": 45, ""leg_tp"": 90, ""gap_min"": 50, ""be_at"": 0.5, ""partial"": 1.5, ""trail"": 2.0}",0.39,-0.071,-0.071,0.128,0.091,0.091,1.505,1.124,1.124,0.687,0.245,0.245
US30,"{""entry_tf"": 5, ""vwap"": false, ""time_stop"": 999, ""legs"": false, ""leg_max"": 2, ""legs_mgmt"": ""fixed"", ""leg_window"": 120, ""ma"": 0, ""dyn"": false, ""entry_mode"": ""close"", ""pb_frac"": 0.5, ""pb_wait"": 5, ""gap"": ""off"", ""body_min"": 0, ""volf"": ""off"", ""dow"": ""fri"", ""big_thr"": 10, ""big_sl"": 35, ""big_tp"": 130, ""std_sl"": 35, ""std_tp"": 80, ""leg_gap"": 20, ""leg_sl"": 25, ""leg_tp"": 0, ""gap_min"": 100, ""be_at"": 1.0, ""partial"": 2.0, ""trail"": 1.0}",0.424,-0.309,-0.309,0.3,-0.325,-0.325,1.277,0.646,0.646,-99.0,-1.0,-99.0
US30,"{""entry_tf"": 5, ""vwap"": true, ""time_stop"": 120, ""legs"": false, ""leg_max"": 1, ""legs_mgmt"": ""fixed"", ""leg_window"": 60, ""ma"": 100, ""dyn"": false, ""entry_mode"": ""close"", ""pb_frac"": 0.7, ""pb_wait"": 15, ""gap"": ""off"", ""body_min"": 0, ""volf"": ""skip_high"", ""dow"": ""fri"", ""big_thr"": 20, ""big_sl"": 40, ""big_tp"": 200, ""std_sl"": 25, ""std_tp"": 80, ""leg_gap"": 15, ""leg_sl"": 45, ""leg_tp"": 0, ""gap_min"": 0, ""be_at"": 1.0, ""partial"": 2.0, ""trail"": 2.0}",-99.0,-1.0,-99.0,-99.0,-1.0,-99.0,1.266,0.729,0.729,-99.0,-0.735,-99.0
US30,"{""entry_tf"": 5, ""vwap"": true, ""time_stop"": 120, ""legs"": true, ""leg_max"": 2, ""legs_mgmt"": ""same"", ""leg_window"": 60, ""ma"": 0, ""dyn"": false, ""entry_mode"": ""close"", ""pb_frac"": 0.3, ""pb_wait"": 5, ""gap"": ""with"", ""body_min"": 0, ""volf"": ""off"", ""dow"": ""fri"", ""big_thr"": 25, ""big_sl"": 30, ""big_tp"": 60, ""std_sl"": 25, ""std_tp"": 0, ""leg_gap"": 20, ""leg_sl"": 25, ""leg_tp"": 60, ""gap_min"": 0, ""be_at"": 1.5, ""partial"": 0, ""trail"": 2.0}",0.317,-0.025,-0.025,0.11,-0.519,-0.519,1.383,0.88,0.88,-99.0,-1.0,-99.0
US30,"{""entry_tf"": 5, ""vwap"": true, ""time_stop"": 120, ""legs"": true, ""leg_max"": 4, ""legs_mgmt"": ""same"", ""leg_window"": 30, ""ma"": 100, ""dyn"": false, ""entry_mode"": ""close"", ""pb_frac"": 0.5, ""pb_wait"": 30, ""gap"": ""off"", ""body_min"": 0, ""volf"": ""skip_high"", ""dow"": ""fri"", ""big_thr"": 15, ""big_sl"": 35, ""big_tp"": 200, ""std_sl"": 35, ""std_tp"": 80, ""leg_gap"": 25, ""leg_sl"": 45, ""leg_tp"": 115, ""gap_min"": 100, ""be_at"": 1.0, ""partial"": 2.0, ""trail"": 1.5}",-99.0,-1.0,-99.0,-99.0,-0.911,-99.0,1.356,0.949,0.949,-99.0,-1.0,-99.0
US30,"{""entry_tf"": 5, ""vwap"": true, ""time_stop"": 120, ""legs"": true, ""leg_max"": 4, ""legs_mgmt"": ""same"", ""leg_window"": 60, ""ma"": 0, ""dyn"": false, ""entry_mode"": ""close"", ""pb_frac"": 0.3, ""pb_wait"": 30, ""gap"": ""with"", ""body_min"": 0, ""volf"": ""off"", ""dow"": ""fri"", ""big_thr"": 25, ""big_sl"": 35, ""big_tp"": 60, ""std_sl"": 35, ""std_tp"": 30, ""leg_gap"": 15, ""leg_sl"": 35, ""leg_tp"": 60, ""gap_min"": 20, ""be_at"": 0.5, ""partial"": 1.0, ""trail"": 2.0}",0.409,0.042,0.042,-99.0,-1.0,-99.0,1.421,0.906,0.906,-99.0,-1.0,-99.0
US30,"{""entry_tf"": 5, ""vwap"": true, ""time_stop"": 180, ""legs"": true, ""leg_max"": 4, ""legs_mgmt"": ""fixed"", ""leg_window"": 120, ""ma"": 100, ""dyn"": false, ""entry_mode"": ""close"", ""pb_frac"": 0.5, ""pb_wait"": 5, ""gap"": ""off"", ""body_min"": 0.3, ""volf"": ""skip_low"", ""dow"": ""fri"", ""big_thr"": 20, ""big_sl"": 30, ""big_tp"": 0, ""std_sl"": 35, ""std_tp"": 80, ""leg_gap"": 15, ""leg_sl"": 35, ""leg_tp"": 115, ""gap_min"": 0, ""be_at"": 1.0, ""partial"": 0, ""trail"": 2.0}",0.1,-0.122,-0.122,-99.0,-1.0,-99.0,1.359,0.891,0.891,0.482,0.055,0.055
US30,"{""entry_tf"": 5, ""vwap"": true, ""time_stop"": 180, ""legs"": true, ""leg_max"": 6, ""legs_mgmt"": ""same"", ""leg_window"": 30, ""ma"": 100, ""dyn"": false, ""entry_mode"": ""close"", ""pb_frac"": 0.3, ""pb_wait"": 15, ""gap"": ""off"", ""body_min"": 0, ""volf"": ""mid"", ""dow"": ""fri"", ""big_thr"": 20, ""big_sl"": 35, ""big_tp"": 0, ""std_sl"": 35, ""std_tp"": 80, ""leg_gap"": 20, ""leg_sl"": 45, ""leg_tp"": 115, ""gap_min"": 0, ""be_at"": 1.0, ""partial"": 2.0, ""trail"": 1.5}",0.201,-0.202,-0.202,-99.0,-0.91,-99.0,1.394,1.376,1.376,-99.0,-1.0,-99.0
US30,"{""entry_tf"": 5, ""vwap"": true, ""time_stop"": 180, ""legs"": false, ""leg_max"": 6, ""legs_mgmt"": ""same"", ""leg_window"": 60, ""ma"": 0, ""dyn"": false, ""entry_mode"": ""close"", ""pb_frac"": 0.3, ""pb_wait"": 15, ""gap"": ""off"", ""body_min"": 0.3, ""volf"": ""off"", ""dow"": ""none"", ""big_thr"": 20, ""big_sl"": 40, ""big_tp"": 0, ""std_sl"": 25, ""std_tp"": 0, ""leg_gap"": 20, ""leg_sl"": 45, ""leg_tp"": 90, ""gap_min"": 0, ""be_at"": 1.0, ""partial"": 2.0, ""trail"": 3.0}",-99.0,-1.0,-99.0,-99.0,-1.0,-99.0,1.215,1.077,1.077,-99.0,-0.911,-99.0
US30,"{""entry_tf"": 5, ""vwap"": true, ""time_stop"": 180, ""legs"": true, ""leg_max"": 1, ""legs_mgmt"": ""fixed"", ""leg_window"": 30, ""ma"": 0, ""dyn"": false, ""entry_mode"": ""close"", ""pb_frac"": 0.5, ""pb_wait"": 5, ""gap"": ""with"", ""body_min"": 0.3, ""volf"": ""skip_low"", ""dow"": ""none"", ""big_thr"": 25, ""big_sl"": 50, ""big_tp"": 200, ""std_sl"": 35, ""std_tp"": 0, ""leg_gap"": 25, ""leg_sl"": 35, ""leg_tp"": 0, ""gap_min"": 0, ""be_at"": 0, ""partial"": 3.0, ""trail"": 1.0}",0.804,-0.015,-0.015,-99.0,-1.0,-99.0,1.072,0.291,0.291,-99.0,-1.0,-99.0
US30,"{""entry_tf"": 5, ""vwap"": true, ""time_stop"": 240, ""legs"": true, ""leg_max"": 6, ""legs_mgmt"": ""same"", ""leg_window"": 120, ""ma"": 100, ""dyn"": false, ""entry_mode"": ""close"", ""pb_frac"": 0.3, ""pb_wait"": 30, ""gap"": ""off"", ""body_min"": 0.3, ""volf"": ""off"", ""dow"": ""fri"", ""big_thr"": 25, ""big_sl"": 30, ""big_tp"": 150, ""std_sl"": 30, ""std_tp"": 80, ""leg_gap"": 25, ""leg_sl"": 45, ""leg_tp"": 115, ""gap_min"": 0, ""be_at"": 1.5, ""partial"": 3.0, ""trail"": 1.5}",0.381,0.159,0.159,0.227,0.003,0.003,1.965,1.674,1.674,0.512,0.22,0.22
US30,"{""entry_tf"": 5, ""vwap"": true, ""time_stop"": 60, ""legs"": false, ""leg_max"": 1, ""legs_mgmt"": ""fixed"", ""leg_window"": 120, ""ma"": 100, ""dyn"": false, ""entry_mode"": ""close"", ""pb_frac"": 0.5, ""pb_wait"": 15, ""gap"": ""off"", ""body_min"": 0.3, ""volf"": ""off"", ""dow"": ""fri"", ""big_thr"": 10, ""big_sl"": 35, ""big_tp"": 150, ""std_sl"": 20, ""std_tp"": 0, ""leg_gap"": 25, ""leg_sl"": 25, ""leg_tp"": 0, ""gap_min"": 0, ""be_at"": 0, ""partial"": 1.0, ""trail"": 1.5}",-99.0,-1.0,-99.0,-99.0,-1.0,-99.0,1.19,0.819,0.819,-99.0,-1.0,-99.0
US30,"{""entry_tf"": 5, ""vwap"": true, ""time_stop"": 240, ""legs"": false, ""leg_max"": 1, ""legs_mgmt"": ""same"", ""leg_window"": 30, ""ma"": 100, ""dyn"": false, ""entry_mode"": ""close"", ""pb_frac"": 0.5, ""pb_wait"": 30, ""gap"": ""off"", ""body_min"": 0.3, ""volf"": ""off"", ""dow"": ""none"", ""big_thr"": 25, ""big_sl"": 30, ""big_tp"": 115, ""std_sl"": 35, ""std_tp"": 0, ""leg_gap"": 25, ""leg_sl"": 35, ""leg_tp"": 140, ""gap_min"": 0, ""be_at"": 1.0, ""partial"": 3.0, ""trail"": 3.0}",0.407,-0.158,-0.158,-99.0,-0.619,-99.0,1.535,1.165,1.165,0.005,-0.338,-0.338
US30,"{""entry_tf"": 5, ""vwap"": true, ""time_stop"": 240, ""legs"": true, ""leg_max"": 2, ""legs_mgmt"": ""same"", ""leg_window"": 120, ""ma"": 0, ""dyn"": false, ""entry_mode"": ""close"", ""pb_frac"": 0.3, ""pb_wait"": 30, ""gap"": ""off"", ""body_min"": 0.7, ""volf"": ""off"", ""dow"": ""none"", ""big_thr"": 20, ""big_sl"": 35, ""big_tp"": 130, ""std_sl"": 25, ""std_tp"": 42, ""leg_gap"": 10, ""leg_sl"": 35, ""leg_tp"": 115, ""gap_min"": 100, ""be_at"": 1.0, ""partial"": 1.5, ""trail"": 1.5}",0.239,-0.242,-0.242,-99.0,-1.0,-99.0,1.188,0.566,0.566,-99.0,-0.91,-99.0
US30,"{""entry_tf"": 5, ""vwap"": true, ""time_stop"": 60, ""legs"": false, ""leg_max"": 6, ""legs_mgmt"": ""fixed"", ""leg_window"": 120, ""ma"": 100, ""dyn"": false, ""entry_mode"": ""close"", ""pb_frac"": 0.5, ""pb_wait"": 5, ""gap"": ""off"", ""body_min"": 0.3, ""volf"": ""off"", ""dow"": ""none"", ""big_thr"": 20, ""big_sl"": 25, ""big_tp"": 115, ""std_sl"": 25, ""std_tp"": 0, ""leg_gap"": 20, ""leg_sl"": 25, ""leg_tp"": 140, ""gap_min"": 100, ""be_at"": 2.0, ""partial"": 3.0, ""trail"": 2.0}",-99.0,-0.863,-99.0,-99.0,-1.0,-99.0,1.254,0.872,0.872,-99.0,-0.905,-99.0
US30,"{""entry_tf"": 5, ""vwap"": true, ""time_stop"": 60, ""legs"": true, ""leg_max"": 2, ""legs_mgmt"": ""same"", ""leg_window"": 120, ""ma"": 100, ""dyn"": false, ""entry_mode"": ""close"", ""pb_frac"": 0.3, ""pb_wait"": 5, ""gap"": ""off"", ""body_min"": 0.3, ""volf"": ""off"", ""dow"": ""fri"", ""big_thr"": 15, ""big_sl"": 35, ""big_tp"": 115, ""std_sl"": 30, ""std_tp"": 60, ""leg_gap"": 20, ""leg_sl"": 45, ""leg_tp"": 60, ""gap_min"": 20, ""be_at"": 1.5, ""partial"": 1.0, ""trail"": 1.5}",-99.0,-1.0,-99.0,-99.0,-1.0,-99.0,1.599,1.129,1.129,-99.0,-1.0,-99.0
US30,"{""entry_tf"": 5, ""vwap"": true, ""time_stop"": 999, ""legs"": true, ""leg_max"": 4, ""legs_mgmt"": ""fixed"", ""leg_window"": 120, ""ma"": 0, ""dyn"": false, ""entry_mode"": ""close"", ""pb_frac"": 0.3, ""pb_wait"": 30, ""gap"": ""with"", ""body_min"": 0, ""volf"": ""skip_high"", ""dow"": ""fri"", ""big_thr"": 20, ""big_sl"": 35, ""big_tp"": 80, ""std_sl"": 20, ""std_tp"": 60, ""leg_gap"": 15, ""leg_sl"": 35, ""leg_tp"": 90, ""gap_min"": 0, ""be_at"": 1.0, ""partial"": 3.0, ""trail"": 3.0}",0.669,-0.144,-0.144,-99.0,-1.0,-99.0,1.18,0.406,0.406,-99.0,-1.0,-99.0
SPX500,"{""entry_tf"": 1, ""vwap"": false, ""time_stop"": 120, ""legs"": false, ""leg_max"": 1, ""legs_mgmt"": ""fixed"", ""leg_window"": 30, ""ma"": 100, ""dyn"": true, ""entry_mode"": ""close"", ""pb_frac"": 0.3, ""pb_wait"": 30, ""gap"": ""against"", ""body_min"": 0, ""volf"": ""skip_high"", ""dow"": ""none"", ""big_thr"": 15, ""big_sl"": 50, ""big_tp"": 0, ""std_sl"": 35, ""std_tp"": 0, ""leg_gap"": 20, ""leg_sl"": 45, ""leg_tp"": 0, ""gap_min"": 0, ""be_at"": 1.5, ""partial"": 0, ""trail"": 2.0}",0.375,0.153,0.153,0.537,0.25,0.25,0.137,-0.249,-0.249,0.01,-0.295,-0.295
US30,"{""entry_tf"": 5, ""vwap"": true, ""time_stop"": 90, ""legs"": true, ""leg_max"": 6, ""legs_mgmt"": ""fixed"", ""leg_window"": 30, ""ma"": 100, ""dyn"": false, ""entry_mode"": ""close"", ""pb_frac"": 0.5, ""pb_wait"": 30, ""gap"": ""off"", ""body_min"": 0.3, ""volf"": ""off"", ""dow"": ""fri"", ""big_thr"": 20, ""big_sl"": 30, ""big_tp"": 80, ""std_sl"": 25, ""std_tp"": 42, ""leg_gap"": 20, ""leg_sl"": 45, ""leg_tp"": 90, ""gap_min"": 0, ""be_at"": 0.5, ""partial"": 2.0, ""trail"": 0}",-99.0,-0.809,-99.0,0.19,-0.237,-0.237,1.457,0.775,0.775,0.527,0.171,0.171
US30,"{""entry_tf"": 5, ""vwap"": true, ""time_stop"": 999, ""legs"": true, ""leg_max"": 2, ""legs_mgmt"": ""fixed"", ""leg_window"": 120, ""ma"": 100, ""dyn"": false, ""entry_mode"": ""close"", ""pb_frac"": 0.7, ""pb_wait"": 30, ""gap"": ""off"", ""body_min"": 0, ""volf"": ""off"", ""dow"": ""fri"", ""big_thr"": 15, ""big_sl"": 35, ""big_tp"": 150, ""std_sl"": 25, ""std_tp"": 0, ""leg_gap"": 20, ""leg_sl"": 35, ""leg_tp"": 140, ""gap_min"": 0, ""be_at"": 2.0, ""partial"": 3.0, ""trail"": 1.5}",0.405,0.095,0.095,0.22,-0.302,-0.302,1.384,0.758,0.758,-99.0,-1.0,-99.0
SPX500,"{""entry_tf"": 1, ""vwap"": false, ""time_stop"": 240, ""legs"": false, ""leg_max"": 4, ""legs_mgmt"": ""same"", ""leg_window"": 60, ""ma"": 0, ""dyn"": false, ""entry_mode"": ""close"", ""pb_frac"": 0.5, ""pb_wait"": 30, ""gap"": ""off"", ""body_min"": 0.7, ""volf"": ""off"", ""dow"": ""none"", ""big_thr"": 10, ""big_sl"": 50, ""big_tp"": 130, ""std_sl"": 25, ""std_tp"": 50, ""leg_gap"": 15, ""leg_sl"": 45, ""leg_tp"": 140, ""gap_min"": 100, ""be_at"": 0.5, ""partial"": 0, ""trail"": 0}",-99.0,-1.0,-99.0,0.402,-0.152,-0.152,0.192,-0.39,-0.39,0.221,-0.192,-0.192
SPX500,"{""entry_tf"": 1, ""vwap"": false, ""time_stop"": 240, ""legs"": false, ""leg_max"": 6, ""legs_mgmt"": ""same"", ""leg_window"": 30, ""ma"": 0, ""dyn"": false, ""entry_mode"": ""close"", ""pb_frac"": 0.3, ""pb_wait"": 5, ""gap"": ""off"", ""body_min"": 0.7, ""volf"": ""off"", ""dow"": ""none"", ""big_thr"": 15, ""big_sl"": 50, ""big_tp"": 150, ""std_sl"": 35, ""std_tp"": 0, ""leg_gap"": 25, ""leg_sl"": 35, ""leg_tp"": 90, ""gap_min"": 100, ""be_at"": 1.0, ""partial"": 2.0, ""trail"": 2.0}",-99.0,-0.821,-99.0,0.387,0.24,0.24,0.496,0.277,0.277,1.1,0.74,0.74
SPX500,"{""entry_tf"": 1, ""vwap"": false, ""time_stop"": 240, ""legs"": true, ""leg_max"": 6, ""legs_mgmt"": ""fixed"", ""leg_window"": 120, ""ma"": 0, ""dyn"": false, ""entry_mode"": ""close"", ""pb_frac"": 0.7, ""pb_wait"": 5, ""gap"": ""off"", ""body_min"": 0.5, ""volf"": ""mid"", ""dow"": ""none"", ""big_thr"": 15, ""big_sl"": 40, ""big_tp"": 130, ""std_sl"": 25, ""std_tp"": 42, ""leg_gap"": 10, ""leg_sl"": 45, ""leg_tp"": 140, ""gap_min"": 0, ""be_at"": 2.0, ""partial"": 0, ""trail"": 1.0}",0.94,0.011,0.011,0.065,-0.639,-0.639,0.466,-0.184,-0.184,-99.0,-0.869,-99.0
SPX500,"{""entry_tf"": 1, ""vwap"": false, ""time_stop"": 240, ""legs"": true, ""leg_max"": 6, ""legs_mgmt"": ""same"", ""leg_window"": 120, ""ma"": 0, ""dyn"": false, ""entry_mode"": ""close"", ""pb_frac"": 0.7, ""pb_wait"": 15, ""gap"": ""off"", ""body_min"": 0.7, ""volf"": ""off"", ""dow"": ""none"", ""big_thr"": 25, ""big_sl"": 30, ""big_tp"": 0, ""std_sl"": 25, ""std_tp"": 80, ""leg_gap"": 15, ""leg_sl"": 45, ""leg_tp"": 115, ""gap_min"": 100, ""be_at"": 0, ""partial"": 3.0, ""trail"": 3.0}",0.482,-0.024,-0.024,0.584,0.025,0.025,-99.0,-1.0,-99.0,-99.0,-1.0,-99.0
SPX500,"{""entry_tf"": 1, ""vwap"": false, ""time_stop"": 240, ""legs"": true, ""leg_max"": 2, ""legs_mgmt"": ""fixed"", ""leg_window"": 60, ""ma"": 0, ""dyn"": false, ""entry_mode"": ""close"", ""pb_frac"": 0.3, ""pb_wait"": 5, ""gap"": ""off"", ""body_min"": 0.7, ""volf"": ""off"", ""dow"": ""none"", ""big_thr"": 25, ""big_sl"": 35, ""big_tp"": 150, ""std_sl"": 20, ""std_tp"": 0, ""leg_gap"": 15, ""leg_sl"": 35, ""leg_tp"": 115, ""gap_min"": 20, ""be_at"": 2.0, ""partial"": 1.5, ""trail"": 2.0}",0.385,0.023,0.023,0.517,0.254,0.254,0.364,0.015,0.015,-99.0,-0.913,-99.0
SPX500,"{""entry_tf"": 1, ""vwap"": false, ""time_stop"": 240, ""legs"": true, ""leg_max"": 4, ""legs_mgmt"": ""same"", ""leg_window"": 120, ""ma"": 100, ""dyn"": false, ""entry_mode"": ""close"", ""pb_frac"": 0.7, ""pb_wait"": 30, ""gap"": ""against"", ""body_min"": 0, ""volf"": ""off"", ""dow"": ""fri"", ""big_thr"": 10, ""big_sl"": 40, ""big_tp"": 0, ""std_sl"": 30, ""std_tp"": 0, ""leg_gap"": 15, ""leg_sl"": 45, ""leg_tp"": 60, ""gap_min"": 0, ""be_at"": 0, ""partial"": 3.0, ""trail"": 2.0}",1.167,0.581,0.581,0.07,-0.635,-0.635,0.158,-0.149,-0.149,0.294,-0.175,-0.175
SPX500,"{""entry_tf"": 1, ""vwap"": true, ""time_stop"": 120, ""legs"": false, ""leg_max"": 2, ""legs_mgmt"": ""same"", ""leg_window"": 30, ""ma"": 0, ""dyn"": false, ""entry_mode"": ""close"", ""pb_frac"": 0.3, ""pb_wait"": 15, ""gap"": ""off"", ""body_min"": 0.7, ""volf"": ""off"", ""dow"": ""none"", ""big_thr"": 10, ""big_sl"": 30, ""big_tp"": 115, ""std_sl"": 30, ""std_tp"": 50, ""leg_gap"": 20, ""leg_sl"": 35, ""leg_tp"": 90, ""gap_min"": 20, ""be_at"": 2.0, ""partial"": 0, ""trail"": 3.0}",-99.0,-0.74,-99.0,0.403,-0.062,-0.062,-99.0,-1.0,-99.0,-99.0,-1.0,-99.0
SPX500,"{""entry_tf"": 1, ""vwap"": true, ""time_stop"": 120, ""legs"": true, ""leg_max"": 2, ""legs_mgmt"": ""fixed"", ""leg_window"": 30, ""ma"": 100, ""dyn"": false, ""entry_mode"": ""close"", ""pb_frac"": 0.5, ""pb_wait"": 15, ""gap"": ""off"", ""body_min"": 0.3, ""volf"": ""skip_high"", ""dow"": ""none"", ""big_thr"": 25, ""big_sl"": 35, ""big_tp"": 100, ""std_sl"": 30, ""std_tp"": 50, ""leg_gap"": 10, ""leg_sl"": 35, ""leg_tp"": 115, ""gap_min"": 20, ""be_at"": 2.0, ""partial"": 3.0, ""trail"": 1.5}",0.445,0.064,0.064,0.39,-0.084,-0.084,0.366,-0.143,-0.143,0.165,-0.225,-0.225
SPX500,"{""entry_tf"": 1, ""vwap"": false, ""time_stop"": 90, ""legs"": false, ""leg_max"": 2, ""legs_mgmt"": ""same"", ""leg_window"": 60, ""ma"": 0, ""dyn"": false, ""entry_mode"": ""close"", ""pb_frac"": 0.3, ""pb_wait"": 30, ""gap"": ""off"", ""body_min"": 0.7, ""volf"": ""off"", ""dow"": ""none"", ""big_thr"": 15, ""big_sl"": 50, ""big_tp"": 100, ""std_sl"": 15, ""std_tp"": 0, ""leg_gap"": 25, ""leg_sl"": 25, ""leg_tp"": 115, ""gap_min"": 100, ""be_at"": 2.0, ""partial"": 3.0, ""trail"": 1.5}",0.024,-0.359,-0.359,-99.0,-1.0,-99.0,0.029,-0.198,-0.198,0.611,0.348,0.348
SPX500,"{""entry_tf"": 1, ""vwap"": false, ""time_stop"": 999, ""legs"": true, ""leg_max"": 2, ""legs_mgmt"": ""fixed"", ""leg_window"": 60, ""ma"": 100, ""dyn"": false, ""entry_mode"": ""close"", ""pb_frac"": 0.5, ""pb_wait"": 15, ""gap"": ""off"", ""body_min"": 0.5, ""volf"": ""off"", ""dow"": ""mon"", ""big_thr"": 20, ""big_sl"": 50, ""big_tp"": 0, ""std_sl"": 35, ""std_tp"": 0, ""leg_gap"": 15, ""leg_sl"": 25, ""leg_tp"": 0, ""gap_min"": 20, ""be_at"": 1.0, ""partial"": 1.5, ""trail"": 0}",-99.0,-0.745,-99.0,0.42,-0.517,-0.517,-99.0,-0.637,-99.0,-99.0,-1.0,-99.0
SPX500,"{""entry_tf"": 1, ""vwap"": true, ""time_stop"": 120, ""legs"": true, ""leg_max"": 6, ""legs_mgmt"": ""same"", ""leg_window"": 60, ""ma"": 100, ""dyn"": false, ""entry_mode"": ""close"", ""pb_frac"": 0.7, ""pb_wait"": 30, ""gap"": ""against"", ""body_min"": 0, ""volf"": ""off"", ""dow"": ""fri"", ""big_thr"": 10, ""big_sl"": 40, ""big_tp"": 115, ""std_sl"": 20, ""std_tp"": 50, ""leg_gap"": 10, ""leg_sl"": 35, ""leg_tp"": 140, ""gap_min"": 0, ""be_at"": 1.5, ""partial"": 1.5, ""trail"": 2.0}",0.156,-0.125,-0.125,-99.0,-1.0,-99.0,-99.0,-1.0,-99.0,0.411,-0.033,-0.033
SPX500,"{""entry_tf"": 1, ""vwap"": true, ""time_stop"": 180, ""legs"": false, ""leg_max"": 1, ""legs_mgmt"": ""same"", ""leg_window"": 120, ""ma"": 0, ""dyn"": true, ""entry_mode"": ""close"", ""pb_frac"": 0.7, ""pb_wait"": 5, ""gap"": ""off"", ""body_min"": 0.7, ""volf"": ""off"", ""dow"": ""none"", ""big_thr"": 25, ""big_sl"": 40, ""big_tp"": 150, ""std_sl"": 15, ""std_tp"": 42, ""leg_gap"": 10, ""leg_sl"": 25, ""leg_tp"": 140, ""gap_min"": 20, ""be_at"": 2.0, ""partial"": 3.0, ""trail"": 2.0}",-99.0,-1.0,-99.0,-99.0,-1.0,-99.0,0.219,0.036,0.036,0.5,0.274,0.274
SPX500,"{""entry_tf"": 1, ""vwap"": true, ""time_stop"": 180, ""legs"": false, ""leg_max"": 4, ""legs_mgmt"": ""same"", ""leg_window"": 60, ""ma"": 100, ""dyn"": false, ""entry_mode"": ""close"", ""pb_frac"": 0.3, ""pb_wait"": 15, ""gap"": ""off"", ""body_min"": 0.5, ""volf"": ""off"", ""dow"": ""none"", ""big_thr"": 25, ""big_sl"": 35, ""big_tp"": 200, ""std_sl"": 30, ""std_tp"": 30, ""leg_gap"": 15, ""leg_sl"": 35, ""leg_tp"": 90, ""gap_min"": 0, ""be_at"": 2.0, ""partial"": 0, ""trail"": 0}",0.075,-0.086,-0.086,0.429,0.234,0.234,0.047,-0.261,-0.261,-99.0,-1.0,-99.0
SPX500,"{""entry_tf"": 1, ""vwap"": true, ""time_stop"": 180, ""legs"": true, ""leg_max"": 2, ""legs_mgmt"": ""fixed"", ""leg_window"": 120, ""ma"": 0, ""dyn"": false, ""entry_mode"": ""close"", ""pb_frac"": 0.5, ""pb_wait"": 30, ""gap"": ""off"", ""body_min"": 0.7, ""volf"": ""off"", ""dow"": ""none"", ""big_thr"": 10, ""big_sl"": 35, ""big_tp"": 130, ""std_sl"": 15, ""std_tp"": 0, ""leg_gap"": 10, ""leg_sl"": 45, ""leg_tp"": 115, ""gap_min"": 20, ""be_at"": 0, ""partial"": 1.5, ""trail"": 3.0}",0.143,-0.334,-0.334,0.813,-0.007,-0.007,0.354,-0.255,-0.255,0.057,-0.712,-0.712
SPX500,"{""entry_tf"": 1, ""vwap"": true, ""time_stop"": 240, ""legs"": true, ""leg_max"": 4, ""legs_mgmt"": ""fixed"", ""leg_window"": 30, ""ma"": 0, ""dyn"": false, ""entry_mode"": ""close"", ""pb_frac"": 0.7, ""pb_wait"": 15, ""gap"": ""off"", ""body_min"": 0.7, ""volf"": ""off"", ""dow"": ""none"", ""big_thr"": 10, ""big_sl"": 40, ""big_tp"": 80, ""std_sl"": 15, ""std_tp"": 30, ""leg_gap"": 20, ""leg_sl"": 35, ""leg_tp"": 60, ""gap_min"": 20, ""be_at"": 1.5, ""partial"": 3.0, ""trail"": 2.0}",0.382,-0.302,-0.302,0.799,0.017,0.017,0.081,-0.35,-0.35,0.147,-0.258,-0.258
SPX500,"{""entry_tf"": 1, ""vwap"": true, ""time_stop"": 240, ""legs"": true, ""leg_max"": 6, ""legs_mgmt"": ""same"", ""leg_window"": 120, ""ma"": 0, ""dyn"": false, ""entry_mode"": ""close"", ""pb_frac"": 0.7, ""pb_wait"": 15, ""gap"": ""off"", ""body_min"": 0.7, ""volf"": ""off"", ""dow"": ""none"", ""big_thr"": 25, ""big_sl"": 35, ""big_tp"": 150, ""std_sl"": 25, ""std_tp"": 60, ""leg_gap"": 10, ""leg_sl"": 25, ""leg_tp"": 115, ""gap_min"": 20, ""be_at"": 1.0, ""partial"": 1.5, ""trail"": 1.5}",0.204,-0.486,-0.486,0.554,-0.288,-0.288,0.213,-0.454,-0.454,0.213,-0.402,-0.402
SPX500,"{""entry_tf"": 1, ""vwap"": true, ""time_stop"": 60, ""legs"": false, ""leg_max"": 2, ""legs_mgmt"": ""same"", ""leg_window"": 120, ""ma"": 0, ""dyn"": false, ""entry_mode"": ""close"", ""pb_frac"": 0.5, ""pb_wait"": 30, ""gap"": ""off"", ""body_min"": 0.7, ""volf"": ""off"", ""dow"": ""none"", ""big_thr"": 25, ""big_sl"": 35, ""big_tp"": 100, ""std_sl"": 15, ""std_tp"": 50, ""leg_gap"": 15, ""leg_sl"": 25, ""leg_tp"": 0, ""gap_min"": 20, ""be_at"": 1.5, ""partial"": 3.0, ""trail"": 1.5}",-99.0,-1.0,-99.0,-99.0,-1.0,-99.0,-99.0,-0.913,-99.0,0.344,-0.213,-0.213
SPX500,"{""entry_tf"": 1, ""vwap"": true, ""time_stop"": 999, ""legs"": false, ""leg_max"": 1, ""legs_mgmt"": ""same"", ""leg_window"": 120, ""ma"": 100, ""dyn"": true, ""entry_mode"": ""close"", ""pb_frac"": 0.5, ""pb_wait"": 30, ""gap"": ""off"", ""body_min"": 0, ""volf"": ""skip_high"", ""dow"": ""fri"", ""big_thr"": 25, ""big_sl"": 50, ""big_tp"": 0, ""std_sl"": 30, ""std_tp"": 30, ""leg_gap"": 10, ""leg_sl"": 35, ""leg_tp"": 0, ""gap_min"": 20, ""be_at"": 1.5, ""partial"": 0, ""trail"": 2.0}",-99.0,-0.888,-99.0,-99.0,-1.0,-99.0,-99.0,-0.891,-99.0,0.496,0.134,0.134
SPX500,"{""entry_tf"": 5, ""vwap"": false, ""time_stop"": 120, ""legs"": false, ""leg_max"": 4, ""legs_mgmt"": ""fixed"", ""leg_window"": 60, ""ma"": 100, ""dyn"": false, ""entry_mode"": ""close"", ""pb_frac"": 0.5, ""pb_wait"": 5, ""gap"": ""against"", ""body_min"": 0, ""volf"": ""off"", ""dow"": ""none"", ""big_thr"": 25, ""big_sl"": 40, ""big_tp"": 100, ""std_sl"": 35, ""std_tp"": 0, ""leg_gap"": 15, ""leg_sl"": 35, ""leg_tp"": 140, ""gap_min"": 20, ""be_at"": 2.0, ""partial"": 3.0, ""trail"": 2.0}",0.02,-0.168,-0.168,0.586,0.397,0.397,0.172,-0.022,-0.022,-99.0,-1.0,-99.0
SPX500,"{""entry_tf"": 5, ""vwap"": false, ""time_stop"": 120, ""legs"": false, ""leg_max"": 4, ""legs_mgmt"": ""same"", ""leg_window"": 30, ""ma"": 100, ""dyn"": false, ""entry_mode"": ""close"", ""pb_frac"": 0.5, ""pb_wait"": 15, ""gap"": ""with"", ""body_min"": 0, ""volf"": ""off"", ""dow"": ""none"", ""big_thr"": 20, ""big_sl"": 50, ""big_tp"": 115, ""std_sl"": 25, ""std_tp"": 0, ""leg_gap"": 25, ""leg_sl"": 45, ""leg_tp"": 140, ""gap_min"": 20, ""be_at"": 0, ""partial"": 3.0, ""trail"": 1.0}",0.58,-0.258,-0.258,0.242,-0.392,-0.392,0.372,-0.33,-0.33,0.444,-0.29,-0.29
SPX500,"{""entry_tf"": 5, ""vwap"": false, ""time_stop"": 120, ""legs"": false, ""leg_max"": 6, ""legs_mgmt"": ""same"", ""leg_window"": 60, ""ma"": 0, ""dyn"": false, ""entry_mode"": ""close"", ""pb_frac"": 0.3, ""pb_wait"": 5, ""gap"": ""against"", ""body_min"": 0, ""volf"": ""off"", ""dow"": ""none"", ""big_thr"": 15, ""big_sl"": 25, ""big_tp"": 0, ""std_sl"": 35, ""std_tp"": 0, ""leg_gap"": 15, ""leg_sl"": 25, ""leg_tp"": 115, ""gap_min"": 20, ""be_at"": 1.0, ""partial"": 3.0, ""trail"": 2.0}",0.224,-0.102,-0.102,-99.0,-0.677,-99.0,0.673,0.24,0.24,0.403,-0.228,-0.228
SPX500,"{""entry_tf"": 5, ""vwap"": false, ""time_stop"": 120, ""legs"": false, ""leg_max"": 6, ""legs_mgmt"": ""same"", ""leg_window"": 60, ""ma"": 100, ""dyn"": false, ""entry_mode"": ""close"", ""pb_frac"": 0.3, ""pb_wait"": 15, ""gap"": ""against"", ""body_min"": 0, ""volf"": ""off"", ""dow"": ""none"", ""big_thr"": 20, ""big_sl"": 50, ""big_tp"": 115, ""std_sl"": 35, ""std_tp"": 0, ""leg_gap"": 10, ""leg_sl"": 25, ""leg_tp"": 60, ""gap_min"": 20, ""be_at"": 2.0, ""partial"": 1.0, ""trail"": 2.0}",0.227,-0.053,-0.053,0.907,0.407,0.407,0.691,0.214,0.214,-99.0,-1.0,-99.0
SPX500,"{""entry_tf"": 5, ""vwap"": false, ""time_stop"": 120, ""legs"": true, ""leg_max"": 1, ""legs_mgmt"": ""fixed"", ""leg_window"": 60, ""ma"": 0, ""dyn"": false, ""entry_mode"": ""close"", ""pb_frac"": 0.7, ""pb_wait"": 15, ""gap"": ""against"", ""body_min"": 0, ""volf"": ""skip_high"", ""dow"": ""none"", ""big_thr"": 10, ""big_sl"": 40, ""big_tp"": 200, ""std_sl"": 20, ""std_tp"": 0, ""leg_gap"": 20, ""leg_sl"": 35, ""leg_tp"": 90, ""gap_min"": 20, ""be_at"": 1.0, ""partial"": 3.0, ""trail"": 1.0}",0.339,-0.217,-0.217,0.457,0.034,0.034,0.379,-0.086,-0.086,-99.0,-1.0,-99.0
SPX500,"{""entry_tf"": 5, ""vwap"": false, ""time_stop"": 120, ""legs"": true, ""leg_max"": 2, ""legs_mgmt"": ""fixed"", ""leg_window"": 60, ""ma"": 0, ""dyn"": false, ""entry_mode"": ""close"", ""pb_frac"": 0.7, ""pb_wait"": 15, ""gap"": ""off"", ""body_min"": 0.5, ""volf"": ""skip_high"", ""dow"": ""none"", ""big_thr"": 10, ""big_sl"": 30, ""big_tp"": 150, ""std_sl"": 15, ""std_tp"": 80, ""leg_gap"": 10, ""leg_sl"": 25, ""leg_tp"": 115, ""gap_min"": 100, ""be_at"": 0.5, ""partial"": 3.0, ""trail"": 2.0}",0.001,-0.618,-0.618,0.535,0.04,0.04,-99.0,-0.916,-99.0,0.313,-0.031,-0.031
SPX500,"{""entry_tf"": 5, ""vwap"": false, ""time_stop"": 120, ""legs"": true, ""leg_max"": 4, ""legs_mgmt"": ""same"", ""leg_window"": 60, ""ma"": 0, ""dyn"": false, ""entry_mode"": ""close"", ""pb_frac"": 0.3, ""pb_wait"": 15, ""gap"": ""against"", ""body_min"": 0.3, ""volf"": ""skip_low"", ""dow"": ""none"", ""big_thr"": 10, ""big_sl"": 30, ""big_tp"": 200, ""std_sl"": 25, ""std_tp"": 50, ""leg_gap"": 25, ""leg_sl"": 45, ""leg_tp"": 140, ""gap_min"": 0, ""be_at"": 2.0, ""partial"": 0, ""trail"": 1.5}",-99.0,-0.526,-99.0,-99.0,-0.888,-99.0,0.03,-0.053,-0.053,0.404,0.056,0.056
SPX500,"{""entry_tf"": 5, ""vwap"": false, ""time_stop"": 120, ""legs"": true, ""leg_max"": 4, ""legs_mgmt"": ""same"", ""leg_window"": 60, ""ma"": 0, ""dyn"": false, ""entry_mode"": ""close"", ""pb_frac"": 0.5, ""pb_wait"": 30, ""gap"": ""off"", ""body_min"": 0.3, ""volf"": ""mid"", ""dow"": ""none"", ""big_thr"": 15, ""big_sl"": 40, ""big_tp"": 150, ""std_sl"": 35, ""std_tp"": 50, ""leg_gap"": 15, ""leg_sl"": 45, ""leg_tp"": 0, ""gap_min"": 20, ""be_at"": 0, ""partial"": 1.5, ""trail"": 1.0}",0.77,0.143,0.143,-99.0,-1.0,-99.0,1.194,0.457,0.457,0.334,-0.365,-0.365
SPX500,"{""entry_tf"": 5, ""vwap"": false, ""time_stop"": 120, ""legs"": true, ""leg_max"": 6, ""legs_mgmt"": ""same"", ""leg_window"": 120, ""ma"": 100, ""dyn"": false, ""entry_mode"": ""close"", ""pb_frac"": 0.3, ""pb_wait"": 15, ""gap"": ""off"", ""body_min"": 0.3, ""volf"": ""skip_high"", ""dow"": ""none"", ""big_thr"": 15, ""big_sl"": 25, ""big_tp"": 80, ""std_sl"": 35, ""std_tp"": 50, ""leg_gap"": 20, ""leg_sl"": 25, ""leg_tp"": 60, ""gap_min"": 20, ""be_at"": 0, ""partial"": 0, ""trail"": 1.5}",0.685,0.257,0.257,-99.0,-0.91,-99.0,1.231,0.865,0.865,-99.0,-0.812,-99.0
SPX500,"{""entry_tf"": 5, ""vwap"": false, ""time_stop"": 120, ""legs"": true, ""leg_max"": 6, ""legs_mgmt"": ""same"", ""leg_window"": 30, ""ma"": 100, ""dyn"": false, ""entry_mode"": ""close"", ""pb_frac"": 0.5, ""pb_wait"": 30, ""gap"": ""off"", ""body_min"": 0.3, ""volf"": ""skip_low"", ""dow"": ""none"", ""big_thr"": 10, ""big_sl"": 50, ""big_tp"": 115, ""std_sl"": 35, ""std_tp"": 30, ""leg_gap"": 10, ""leg_sl"": 35, ""leg_tp"": 115, ""gap_min"": 0, ""be_at"": 2.0, ""partial"": 1.5, ""trail"": 1.0}",1.194,0.934,0.934,0.785,0.563,0.563,1.076,0.853,0.853,0.828,0.619,0.619
SPX500,"{""entry_tf"": 5, ""vwap"": false, ""time_stop"": 180, ""legs"": false, ""leg_max"": 1, ""legs_mgmt"": ""same"", ""leg_window"": 120, ""ma"": 100, ""dyn"": false, ""entry_mode"": ""close"", ""pb_frac"": 0.3, ""pb_wait"": 15, ""gap"": ""off"", ""body_min"": 0.5, ""volf"": ""off"", ""dow"": ""none"", ""big_thr"": 15, ""big_sl"": 35, ""big_tp"": 0, ""std_sl"": 25, ""std_tp"": 50, ""leg_gap"": 20, ""leg_sl"": 25, ""leg_tp"": 90, ""gap_min"": 100, ""be_at"": 1.0, ""partial"": 3.0, ""trail"": 1.5}",0.162,-0.123,-0.123,0.103,-0.246,-0.246,1.073,0.903,0.903,0.308,0.107,0.107
SPX500,"{""entry_tf"": 5, ""vwap"": false, ""time_stop"": 180, ""legs"": false, ""leg_max"": 2, ""legs_mgmt"": ""fixed"", ""leg_window"": 120, ""ma"": 0, ""dyn"": false, ""entry_mode"": ""close"", ""pb_frac"": 0.7, ""pb_wait"": 15, ""gap"": ""off"", ""body_min"": 0.5, ""volf"": ""skip_high"", ""dow"": ""none"", ""big_thr"": 20, ""big_sl"": 40, ""big_tp"": 100, ""std_sl"": 25, ""std_tp"": 60, ""leg_gap"": 25, ""leg_sl"": 35, ""leg_tp"": 90, ""gap_min"": 20, ""be_at"": 1.0, ""partial"": 3.0, ""trail"": 2.0}",0.375,0.072,0.072,0.296,0.084,0.084,0.462,0.285,0.285,0.358,-0.012,-0.012
SPX500,"{""entry_tf"": 5, ""vwap"": false, ""time_stop"": 120, ""legs"": true, ""leg_max"": 6, ""legs_mgmt"": ""same"", ""leg_window"": 60, ""ma"": 0, ""dyn"": false, ""entry_mode"": ""close"", ""pb_frac"": 0.3, ""pb_wait"": 15, ""gap"": ""off"", ""body_min"": 0.5, ""volf"": ""skip_low"", ""dow"": ""none"", ""big_thr"": 20, ""big_sl"": 35, ""big_tp"": 0, ""std_sl"": 30, ""std_tp"": 0, ""leg_gap"": 10, ""leg_sl"": 25, ""leg_tp"": 115, ""gap_min"": 50, ""be_at"": 0, ""partial"": 2.0, ""trail"": 3.0}",0.236,-0.28,-0.28,-99.0,-0.908,-99.0,0.9,0.549,0.549,0.046,-0.524,-0.524
SPX500,"{""entry_tf"": 5, ""vwap"": false, ""time_stop"": 180, ""legs"": false, ""leg_max"": 1, ""legs_mgmt"": ""same"", ""leg_window"": 120, ""ma"": 100, ""dyn"": false, ""entry_mode"": ""close"", ""pb_frac"": 0.3, ""pb_wait"": 15, ""gap"": ""off"", ""body_min"": 0.3, ""volf"": ""skip_low"", ""dow"": ""none"", ""big_thr"": 10, ""big_sl"": 50, ""big_tp"": 150, ""std_sl"": 20, ""std_tp"": 80, ""leg_gap"": 10, ""leg_sl"": 35, ""leg_tp"": 90, ""gap_min"": 20, ""be_at"": 0, ""partial"": 3.0, ""trail"": 2.0}",0.171,-0.22,-0.22,0.31,-0.285,-0.285,0.396,0.095,0.095,0.671,0.096,0.096
SPX500,"{""entry_tf"": 5, ""vwap"": false, ""time_stop"": 180, ""legs"": false, ""leg_max"": 2, ""legs_mgmt"": ""same"", ""leg_window"": 60, ""ma"": 100, ""dyn"": false, ""entry_mode"": ""close"", ""pb_frac"": 0.7, ""pb_wait"": 5, ""gap"": ""off"", ""body_min"": 0.5, ""volf"": ""skip_high"", ""dow"": ""none"", ""big_thr"": 10, ""big_sl"": 50, ""big_tp"": 60, ""std_sl"": 35, ""std_tp"": 60, ""leg_gap"": 20, ""leg_sl"": 35, ""leg_tp"": 0, ""gap_min"": 20, ""be_at"": 2.0, ""partial"": 3.0, ""trail"": 3.0}",1.284,0.882,0.882,-99.0,-0.673,-99.0,1.587,1.04,1.04,0.217,0.062,0.062
SPX500,"{""entry_tf"": 5, ""vwap"": false, ""time_stop"": 180, ""legs"": false, ""leg_max"": 4, ""legs_mgmt"": ""fixed"", ""leg_window"": 30, ""ma"": 100, ""dyn"": false, ""entry_mode"": ""close"", ""pb_frac"": 0.3, ""pb_wait"": 30, ""gap"": ""off"", ""body_min"": 0.3, ""volf"": ""skip_low"", ""dow"": ""none"", ""big_thr"": 10, ""big_sl"": 40, ""big_tp"": 150, ""std_sl"": 15, ""std_tp"": 42, ""leg_gap"": 15, ""leg_sl"": 35, ""leg_tp"": 90, ""gap_min"": 0, ""be_at"": 2.0, ""partial"": 3.0, ""trail"": 3.0}",0.349,0.069,0.069,-99.0,-1.0,-99.0,0.646,0.62,0.62,0.442,0.166,0.166
SPX500,"{""entry_tf"": 5, ""vwap"": false, ""time_stop"": 180, ""legs"": true, ""leg_max"": 1, ""legs_mgmt"": ""fixed"", ""leg_window"": 60, ""ma"": 0, ""dyn"": false, ""entry_mode"": ""pb"", ""pb_frac"": 0.3, ""pb_wait"": 30, ""gap"": ""against"", ""body_min"": 0, ""volf"": ""off"", ""dow"": ""mon"", ""big_thr"": 10, ""big_sl"": 25, ""big_tp"": 200, ""std_sl"": 25, ""std_tp"": 42, ""leg_gap"": 20, ""leg_sl"": 35, ""leg_tp"": 115, ""gap_min"": 20, ""be_at"": 0, ""partial"": 1.0, ""trail"": 3.0}",-99.0,-1.0,-99.0,0.748,-0.026,-0.026,0.142,-0.395,-0.395,-99.0,-1.0,-99.0
SPX500,"{""entry_tf"": 5, ""vwap"": false, ""time_stop"": 180, ""legs"": true, ""leg_max"": 4, ""legs_mgmt"": ""fixed"", ""leg_window"": 120, ""ma"": 0, ""dyn"": false, ""entry_mode"": ""close"", ""pb_frac"": 0.7, ""pb_wait"": 30, ""gap"": ""off"", ""body_min"": 0.3, ""volf"": ""mid"", ""dow"": ""mon"", ""big_thr"": 25, ""big_sl"": 25, ""big_tp"": 130, ""std_sl"": 35, ""std_tp"": 60, ""leg_gap"": 25, ""leg_sl"": 45, ""leg_tp"": 90, ""gap_min"": 50, ""be_at"": 2.0, ""partial"": 1.5, ""trail"": 1.5}",0.522,-0.022,-0.022,-99.0,-1.0,-99.0,1.025,0.137,0.137,-99.0,-1.0,-99.0
SPX500,"{""entry_tf"": 5, ""vwap"": false, ""time_stop"": 180, ""legs"": false, ""leg_max"": 4, ""legs_mgmt"": ""same"", ""leg_window"": 60, ""ma"": 100, ""dyn"": false, ""entry_mode"": ""close"", ""pb_frac"": 0.3, ""pb_wait"": 15, ""gap"": ""off"", ""body_min"": 0.5, ""volf"": ""skip_low"", ""dow"": ""none"", ""big_thr"": 10, ""big_sl"": 25, ""big_tp"": 0, ""std_sl"": 35, ""std_tp"": 50, ""leg_gap"": 20, ""leg_sl"": 35, ""leg_tp"": 60, ""gap_min"": 100, ""be_at"": 1.5, ""partial"": 1.5, ""trail"": 1.5}",0.968,0.497,0.497,-99.0,-1.0,-99.0,0.205,0.073,0.073,-99.0,-0.771,-99.0
SPX500,"{""entry_tf"": 5, ""vwap"": false, ""time_stop"": 180, ""legs"": true, ""leg_max"": 1, ""legs_mgmt"": ""fixed"", ""leg_window"": 120, ""ma"": 100, ""dyn"": false, ""entry_mode"": ""close"", ""pb_frac"": 0.5, ""pb_wait"": 5, ""gap"": ""off"", ""body_min"": 0, ""volf"": ""skip_low"", ""dow"": ""none"", ""big_thr"": 10, ""big_sl"": 50, ""big_tp"": 130, ""std_sl"": 35, ""std_tp"": 30, ""leg_gap"": 20, ""leg_sl"": 25, ""leg_tp"": 90, ""gap_min"": 20, ""be_at"": 2.0, ""partial"": 1.5, ""trail"": 1.5}",0.261,-0.159,-0.159,-99.0,-1.0,-99.0,0.326,0.029,0.029,0.394,-0.212,-0.212
SPX500,"{""entry_tf"": 5, ""vwap"": false, ""time_stop"": 180, ""legs"": true, ""leg_max"": 6, ""legs_mgmt"": ""same"", ""leg_window"": 30, ""ma"": 100, ""dyn"": false, ""entry_mode"": ""close"", ""pb_frac"": 0.3, ""pb_wait"": 15, ""gap"": ""off"", ""body_min"": 0.3, ""volf"": ""off"", ""dow"": ""none"", ""big_thr"": 15, ""big_sl"": 50, ""big_tp"": 130, ""std_sl"": 35, ""std_tp"": 0, ""leg_gap"": 20, ""leg_sl"": 45, ""leg_tp"": 0, ""gap_min"": 20, ""be_at"": 2.0, ""partial"": 0, ""trail"": 3.0}",1.282,0.634,0.634,0.1,-0.266,-0.266,1.29,0.926,0.926,0.236,-0.284,-0.284
SPX500,"{""entry_tf"": 5, ""vwap"": false, ""time_stop"": 240, ""legs"": false, ""leg_max"": 1, ""legs_mgmt"": ""fixed"", ""leg_window"": 120, ""ma"": 100, ""dyn"": true, ""entry_mode"": ""close"", ""pb_frac"": 0.3, ""pb_wait"": 30, ""gap"": ""off"", ""body_min"": 0.5, ""volf"": ""skip_high"", ""dow"": ""fri"", ""big_thr"": 15, ""big_sl"": 35, ""big_tp"": 200, ""std_sl"": 20, ""std_tp"": 60, ""leg_gap"": 10, ""leg_sl"": 35, ""leg_tp"": 60, ""gap_min"": 100, ""be_at"": 2.0, ""partial"": 0, ""trail"": 0}",-99.0,-1.0,-99.0,-99.0,-1.0,-99.0,-99.0,-1.0,-99.0,0.399,-0.088,-0.088
SPX500,"{""entry_tf"": 5, ""vwap"": false, ""time_stop"": 180, ""legs"": true, ""leg_max"": 4, ""legs_mgmt"": ""fixed"", ""leg_window"": 60, ""ma"": 0, ""dyn"": false, ""entry_mode"": ""close"", ""pb_frac"": 0.3, ""pb_wait"": 30, ""gap"": ""off"", ""body_min"": 0.5, ""volf"": ""off"", ""dow"": ""fri"", ""big_thr"": 10, ""big_sl"": 25, ""big_tp"": 130, ""std_sl"": 25, ""std_tp"": 50, ""leg_gap"": 15, ""leg_sl"": 35, ""leg_tp"": 60, ""gap_min"": 50, ""be_at"": 1.0, ""partial"": 2.0, ""trail"": 3.0}",-99.0,-0.878,-99.0,0.139,-0.141,-0.141,0.012,-0.325,-0.325,0.354,0.118,0.118
SPX500,"{""entry_tf"": 5, ""vwap"": false, ""time_stop"": 180, ""legs"": true, ""leg_max"": 4, ""legs_mgmt"": ""same"", ""leg_window"": 30, ""ma"": 0, ""dyn"": false, ""entry_mode"": ""close"", ""pb_frac"": 0.5, ""pb_wait"": 15, ""gap"": ""off"", ""body_min"": 0.3, ""volf"": ""off"", ""dow"": ""none"", ""big_thr"": 10, ""big_sl"": 50, ""big_tp"": 100, ""std_sl"": 30, ""std_tp"": 30, ""leg_gap"": 15, ""leg_sl"": 45, ""leg_tp"": 115, ""gap_min"": 0, ""be_at"": 0, ""partial"": 3.0, ""trail"": 3.0}",0.475,0.14,0.14,0.334,-0.14,-0.14,1.054,0.625,0.625,0.018,-0.37,-0.37
SPX500,"{""entry_tf"": 5, ""vwap"": false, ""time_stop"": 240, ""legs"": false, ""leg_max"": 1, ""legs_mgmt"": ""same"", ""leg_window"": 30, ""ma"": 100, ""dyn"": false, ""entry_mode"": ""close"", ""pb_frac"": 0.7, ""pb_wait"": 15, ""gap"": ""off"", ""body_min"": 0.5, ""volf"": ""off"", ""dow"": ""none"", ""big_thr"": 10, ""big_sl"": 30, ""big_tp"": 0, ""std_sl"": 25, ""std_tp"": 80, ""leg_gap"": 15, ""leg_sl"": 25, ""leg_tp"": 60, ""gap_min"": 50, ""be_at"": 0, ""partial"": 1.5, ""trail"": 2.0}",1.094,0.779,0.779,-99.0,-0.909,-99.0,0.9,0.566,0.566,0.043,-0.155,-0.155
SPX500,"{""entry_tf"": 5, ""vwap"": false, ""time_stop"": 240, ""legs"": false, ""leg_max"": 4, ""legs_mgmt"": ""fixed"", ""leg_window"": 30, ""ma"": 100, ""dyn"": false, ""entry_mode"": ""close"", ""pb_frac"": 0.3, ""pb_wait"": 30, ""gap"": ""off"", ""body_min"": 0.5, ""volf"": ""off"", ""dow"": ""none"", ""big_thr"": 15, ""big_sl"": 35, ""big_tp"": 100, ""std_sl"": 35, ""std_tp"": 80, ""leg_gap"": 25, ""leg_sl"": 45, ""leg_tp"": 60, ""gap_min"": 0, ""be_at"": 0, ""partial"": 2.0, ""trail"": 0}",1.548,0.779,0.779,0.473,-0.023,-0.023,1.337,0.826,0.826,0.984,0.331,0.331
SPX500,"{""entry_tf"": 5, ""vwap"": false, ""time_stop"": 240, ""legs"": false, ""leg_max"": 1, ""legs_mgmt"": ""same"", ""leg_window"": 120, ""ma"": 0, ""dyn"": false, ""entry_mode"": ""close"", ""pb_frac"": 0.5, ""pb_wait"": 5, ""gap"": ""against"", ""body_min"": 0, ""volf"": ""skip_high"", ""dow"": ""fri"", ""big_thr"": 10, ""big_sl"": 50, ""big_tp"": 130, ""std_sl"": 30, ""std_tp"": 50, ""leg_gap"": 25, ""leg_sl"": 45, ""leg_tp"": 0, ""gap_min"": 0, ""be_at"": 2.0, ""partial"": 1.5, ""trail"": 3.0}",1.442,0.835,0.835,0.552,0.022,0.022,0.706,0.241,0.241,0.78,0.119,0.119
SPX500,"{""entry_tf"": 5, ""vwap"": false, ""time_stop"": 240, ""legs"": false, ""leg_max"": 1, ""legs_mgmt"": ""same"", ""leg_window"": 120, ""ma"": 0, ""dyn"": false, ""entry_mode"": ""close"", ""pb_frac"": 0.7, ""pb_wait"": 5, ""gap"": ""off"", ""body_min"": 0.5, ""volf"": ""off"", ""dow"": ""none"", ""big_thr"": 20, ""big_sl"": 25, ""big_tp"": 80, ""std_sl"": 25, ""std_tp"": 80, ""leg_gap"": 20, ""leg_sl"": 35, ""leg_tp"": 115, ""gap_min"": 20, ""be_at"": 2.0, ""partial"": 3.0, ""trail"": 3.0}",0.104,-0.264,-0.264,0.192,-0.205,-0.205,0.055,-0.113,-0.113,0.488,0.094,0.094
SPX500,"{""entry_tf"": 5, ""vwap"": false, ""time_stop"": 240, ""legs"": false, ""leg_max"": 4, ""legs_mgmt"": ""fixed"", ""leg_window"": 60, ""ma"": 0, ""dyn"": false, ""entry_mode"": ""close"", ""pb_frac"": 0.5, ""pb_wait"": 30, ""gap"": ""with"", ""body_min"": 0.3, ""volf"": ""off"", ""dow"": ""none"", ""big_thr"": 10, ""big_sl"": 50, ""big_tp"": 115, ""std_sl"": 20, ""std_tp"": 80, ""leg_gap"": 15, ""leg_sl"": 45, ""leg_tp"": 0, ""gap_min"": 20, ""be_at"": 1.0, ""partial"": 0, ""trail"": 0}",0.632,0.03,0.03,0.576,0.079,0.079,1.462,0.776,0.776,0.798,0.202,0.202
SPX500,"{""entry_tf"": 5, ""vwap"": false, ""time_stop"": 240, ""legs"": false, ""leg_max"": 6, ""legs_mgmt"": ""fixed"", ""leg_window"": 60, ""ma"": 0, ""dyn"": false, ""entry_mode"": ""close"", ""pb_frac"": 0.3, ""pb_wait"": 30, ""gap"": ""against"", ""body_min"": 0, ""volf"": ""skip_high"", ""dow"": ""none"", ""big_thr"": 10, ""big_sl"": 40, ""big_tp"": 115, ""std_sl"": 25, ""std_tp"": 42, ""leg_gap"": 15, ""leg_sl"": 25, ""leg_tp"": 60, ""gap_min"": 20, ""be_at"": 0, ""partial"": 2.0, ""trail"": 1.5}",0.298,-0.21,-0.21,0.498,0.02,0.02,-99.0,-0.725,-99.0,-99.0,-1.0,-99.0
SPX500,"{""entry_tf"": 5, ""vwap"": false, ""time_stop"": 240, ""legs"": false, ""leg_max"": 6, ""legs_mgmt"": ""same"", ""leg_window"": 120, ""ma"": 0, ""dyn"": false, ""entry_mode"": ""close"", ""pb_frac"": 0.3, ""pb_wait"": 30, ""gap"": ""against"", ""body_min"": 0.3, ""volf"": ""skip_high"", ""dow"": ""none"", ""big_thr"": 15, ""big_sl"": 35, ""big_tp"": 0, ""std_sl"": 30, ""std_tp"": 0, ""leg_gap"": 25, ""leg_sl"": 35, ""leg_tp"": 90, ""gap_min"": 0, ""be_at"": 1.5, ""partial"": 0, ""trail"": 1.5}",0.893,0.391,0.391,0.446,0.154,0.154,0.897,0.255,0.255,0.598,-0.122,-0.122
SPX500,"{""entry_tf"": 5, ""vwap"": false, ""time_stop"": 240, ""legs"": true, ""leg_max"": 1, ""legs_mgmt"": ""same"", ""leg_window"": 120, ""ma"": 0, ""dyn"": false, ""entry_mode"": ""close"", ""pb_frac"": 0.5, ""pb_wait"": 30, ""gap"": ""off"", ""body_min"": 0.5, ""volf"": ""mid"", ""dow"": ""none"", ""big_thr"": 10, ""big_sl"": 50, ""big_tp"": 130, ""std_sl"": 25, ""std_tp"": 80, ""leg_gap"": 10, ""leg_sl"": 35, ""leg_tp"": 60, ""gap_min"": 50, ""be_at"": 0, ""partial"": 2.0, ""trail"": 1.5}",1.339,0.838,0.838,0.71,0.329,0.329,1.048,0.638,0.638,0.9,0.498,0.498
SPX500,"{""entry_tf"": 5, ""vwap"": false, ""time_stop"": 240, ""legs"": true, ""leg_max"": 2, ""legs_mgmt"": ""fixed"", ""leg_window"": 30, ""ma"": 100, ""dyn"": false, ""entry_mode"": ""close"", ""pb_frac"": 0.5, ""pb_wait"": 5, ""gap"": ""off"", ""body_min"": 0.3, ""volf"": ""skip_high"", ""dow"": ""none"", ""big_thr"": 15, ""big_sl"": 50, ""big_tp"": 115, ""std_sl"": 25, ""std_tp"": 30, ""leg_gap"": 25, ""leg_sl"": 45, ""leg_tp"": 140, ""gap_min"": 0, ""be_at"": 1.5, ""partial"": 0, ""trail"": 1.5}",0.879,0.551,0.551,-99.0,-0.895,-99.0,1.264,0.873,0.873,-99.0,-1.0,-99.0
SPX500,"{""entry_tf"": 5, ""vwap"": false, ""time_stop"": 240, ""legs"": true, ""leg_max"": 2, ""legs_mgmt"": ""same"", ""leg_window"": 30, ""ma"": 0, ""dyn"": false, ""entry_mode"": ""close"", ""pb_frac"": 0.3, ""pb_wait"": 15, ""gap"": ""off"", ""body_min"": 0.5, ""volf"": ""mid"", ""dow"": ""none"", ""big_thr"": 10, ""big_sl"": 35, ""big_tp"": 200, ""std_sl"": 30, ""std_tp"": 80, ""leg_gap"": 15, ""leg_sl"": 25, ""leg_tp"": 90, ""gap_min"": 50, ""be_at"": 1.5, ""partial"": 3.0, ""trail"": 3.0}",0.807,0.308,0.308,0.341,-0.062,-0.062,0.496,0.239,0.239,0.061,-0.279,-0.279
SPX500,"{""entry_tf"": 5, ""vwap"": false, ""time_stop"": 60, ""legs"": true, ""leg_max"": 6, ""legs_mgmt"": ""same"", ""leg_window"": 60, ""ma"": 100, ""dyn"": false, ""entry_mode"": ""close"", ""pb_frac"": 0.7, ""pb_wait"": 5, ""gap"": ""off"", ""body_min"": 0.3, ""volf"": ""mid"", ""dow"": ""mon"", ""big_thr"": 20, ""big_sl"": 30, ""big_tp"": 200, ""std_sl"": 30, ""std_tp"": 42, ""leg_gap"": 15, ""leg_sl"": 45, ""leg_tp"": 60, ""gap_min"": 20, ""be_at"": 0, ""partial"": 1.5, ""trail"": 1.5}",-99.0,-0.813,-99.0,-99.0,-1.0,-99.0,1.031,0.23,0.23,-99.0,-1.0,-99.0
SPX500,"{""entry_tf"": 5, ""vwap"": false, ""time_stop"": 90, ""legs"": false, ""leg_max"": 4, ""legs_mgmt"": ""fixed"", ""leg_window"": 120, ""ma"": 0, ""dyn"": false, ""entry_mode"": ""close"", ""pb_frac"": 0.3, ""pb_wait"": 5, ""gap"": ""against"", ""body_min"": 0.3, ""volf"": ""off"", ""dow"": ""mon"", ""big_thr"": 20, ""big_sl"": 40, ""big_tp"": 80, ""std_sl"": 25, ""std_tp"": 42, ""leg_gap"": 20, ""leg_sl"": 25, ""leg_tp"": 60, ""gap_min"": 0, ""be_at"": 1.0, ""partial"": 1.5, ""trail"": 3.0}",0.818,-0.105,-0.105,-99.0,-1.0,-99.0,0.287,-0.238,-0.238,-99.0,-1.0,-99.0
SPX500,"{""entry_tf"": 5, ""vwap"": false, ""time_stop"": 240, ""legs"": true, ""leg_max"": 4, ""legs_mgmt"": ""same"", ""leg_window"": 120, ""ma"": 0, ""dyn"": false, ""entry_mode"": ""pb"", ""pb_frac"": 0.5, ""pb_wait"": 5, ""gap"": ""off"", ""body_min"": 0, ""volf"": ""off"", ""dow"": ""none"", ""big_thr"": 15, ""big_sl"": 25, ""big_tp"": 0, ""std_sl"": 25, ""std_tp"": 30, ""leg_gap"": 10, ""leg_sl"": 25, ""leg_tp"": 90, ""gap_min"": 0, ""be_at"": 1.0, ""partial"": 0, ""trail"": 0}",-99.0,-1.0,-99.0,0.415,-0.258,-0.258,-99.0,-1.0,-99.0,-99.0,-1.0,-99.0
SPX500,"{""entry_tf"": 5, ""vwap"": false, ""time_stop"": 240, ""legs"": true, ""leg_max"": 4, ""legs_mgmt"": ""same"", ""leg_window"": 30, ""ma"": 0, ""dyn"": false, ""entry_mode"": ""close"", ""pb_frac"": 0.7, ""pb_wait"": 15, ""gap"": ""off"", ""body_min"": 0, ""volf"": ""mid"", ""dow"": ""none"", ""big_thr"": 10, ""big_sl"": 50, ""big_tp"": 200, ""std_sl"": 35, ""std_tp"": 30, ""leg_gap"": 15, ""leg_sl"": 25, ""leg_tp"": 0, ""gap_min"": 50, ""be_at"": 0, ""partial"": 2.0, ""trail"": 0}",0.618,0.202,0.202,-99.0,-1.0,-99.0,0.974,0.685,0.685,-99.0,-1.0,-99.0
SPX500,"{""entry_tf"": 5, ""vwap"": false, ""time_stop"": 240, ""legs"": true, ""leg_max"": 6, ""legs_mgmt"": ""same"", ""leg_window"": 30, ""ma"": 0, ""dyn"": false, ""entry_mode"": ""close"", ""pb_frac"": 0.7, ""pb_wait"": 5, ""gap"": ""against"", ""body_min"": 0, ""volf"": ""skip_high"", ""dow"": ""none"", ""big_thr"": 20, ""big_sl"": 40, ""big_tp"": 0, ""std_sl"": 35, ""std_tp"": 50, ""leg_gap"": 10, ""leg_sl"": 45, ""leg_tp"": 0, ""gap_min"": 0, ""be_at"": 1.0, ""partial"": 1.0, ""trail"": 1.5}",0.105,-0.283,-0.283,0.83,0.455,0.455,0.689,0.481,0.481,0.402,-0.003,-0.003
SPX500,"{""entry_tf"": 5, ""vwap"": false, ""time_stop"": 60, ""legs"": false, ""leg_max"": 1, ""legs_mgmt"": ""same"", ""leg_window"": 30, ""ma"": 100, ""dyn"": false, ""entry_mode"": ""close"", ""pb_frac"": 0.3, ""pb_wait"": 30, ""gap"": ""off"", ""body_min"": 0.3, ""volf"": ""off"", ""dow"": ""none"", ""big_thr"": 20, ""big_sl"": 35, ""big_tp"": 0, ""std_sl"": 35, ""std_tp"": 42, ""leg_gap"": 15, ""leg_sl"": 45, ""leg_tp"": 60, ""gap_min"": 50, ""be_at"": 0, ""partial"": 3.0, ""trail"": 0}",0.812,0.101,0.101,-99.0,-0.915,-99.0,-99.0,-0.4,-99.0,0.099,-0.508,-0.508
SPX500,"{""entry_tf"": 5, ""vwap"": false, ""time_stop"": 90, ""legs"": false, ""leg_max"": 4, ""legs_mgmt"": ""fixed"", ""leg_window"": 30, ""ma"": 100, ""dyn"": false, ""entry_mode"": ""close"", ""pb_frac"": 0.7, ""pb_wait"": 5, ""gap"": ""off"", ""body_min"": 0.5, ""volf"": ""skip_high"", ""dow"": ""none"", ""big_thr"": 10, ""big_sl"": 50, ""big_tp"": 80, ""std_sl"": 35, ""std_tp"": 42, ""leg_gap"": 15, ""leg_sl"": 25, ""leg_tp"": 0, ""gap_min"": 0, ""be_at"": 1.5, ""partial"": 0, ""trail"": 2.0}",0.377,-0.027,-0.027,0.294,-0.349,-0.349,1.085,0.406,0.406,0.036,-0.623,-0.623
SPX500,"{""entry_tf"": 5, ""vwap"": false, ""time_stop"": 90, ""legs"": false, ""leg_max"": 4, ""legs_mgmt"": ""same"", ""leg_window"": 60, ""ma"": 100, ""dyn"": false, ""entry_mode"": ""close"", ""pb_frac"": 0.7, ""pb_wait"": 30, ""gap"": ""off"", ""body_min"": 0.3, ""volf"": ""skip_low"", ""dow"": ""none"", ""big_thr"": 10, ""big_sl"": 40, ""big_tp"": 150, ""std_sl"": 35, ""std_tp"": 0, ""leg_gap"": 25, ""leg_sl"": 35, ""leg_tp"": 90, ""gap_min"": 20, ""be_at"": 2.0, ""partial"": 3.0, ""trail"": 0}",1.155,0.851,0.851,-99.0,-0.901,-99.0,0.961,0.539,0.539,0.306,-0.227,-0.227
SPX500,"{""entry_tf"": 5, ""vwap"": false, ""time_stop"": 90, ""legs"": true, ""leg_max"": 6, ""legs_mgmt"": ""same"", ""leg_window"": 120, ""ma"": 100, ""dyn"": false, ""entry_mode"": ""close"", ""pb_frac"": 0.3, ""pb_wait"": 30, ""gap"": ""off"", ""body_min"": 0.3, ""volf"": ""off"", ""dow"": ""none"", ""big_thr"": 10, ""big_sl"": 35, ""big_tp"": 115, ""std_sl"": 25, ""std_tp"": 60, ""leg_gap"": 20, ""leg_sl"": 45, ""leg_tp"": 140, ""gap_min"": 0, ""be_at"": 0, ""partial"": 2.0, ""trail"": 0}",0.78,0.556,0.556,-99.0,-0.913,-99.0,0.751,0.49,0.49,-99.0,-0.803,-99.0
SPX500,"{""entry_tf"": 5, ""vwap"": false, ""time_stop"": 90, ""legs"": true, ""leg_max"": 6, ""legs_mgmt"": ""same"", ""leg_window"": 30, ""ma"": 100, ""dyn"": false, ""entry_mode"": ""close"", ""pb_frac"": 0.3, ""pb_wait"": 5, ""gap"": ""off"", ""body_min"": 0.5, ""volf"": ""skip_low"", ""dow"": ""none"", ""big_thr"": 10, ""big_sl"": 35, ""big_tp"": 130, ""std_sl"": 30, ""std_tp"": 50, ""leg_gap"": 10, ""leg_sl"": 25, ""leg_tp"": 140, ""gap_min"": 50, ""be_at"": 0.5, ""partial"": 3.0, ""trail"": 2.0}",0.798,0.334,0.334,0.489,-0.055,-0.055,0.81,0.16,0.16,0.774,0.133,0.133
SPX500,"{""entry_tf"": 5, ""vwap"": false, ""time_stop"": 999, ""legs"": false, ""leg_max"": 2, ""legs_mgmt"": ""fixed"", ""leg_window"": 30, ""ma"": 100, ""dyn"": false, ""entry_mode"": ""close"", ""pb_frac"": 0.5, ""pb_wait"": 15, ""gap"": ""off"", ""body_min"": 0.5, ""volf"": ""skip_low"", ""dow"": ""none"", ""big_thr"": 20, ""big_sl"": 40, ""big_tp"": 130, ""std_sl"": 25, ""std_tp"": 80, ""leg_gap"": 15, ""leg_sl"": 45, ""leg_tp"": 90, ""gap_min"": 20, ""be_at"": 1.0, ""partial"": 1.5, ""trail"": 1.5}",0.424,-0.215,-0.215,-99.0,-1.0,-99.0,0.874,0.017,0.017,0.322,-0.354,-0.354
SPX500,"{""entry_tf"": 5, ""vwap"": false, ""time_stop"": 999, ""legs"": false, ""leg_max"": 4, ""legs_mgmt"": ""same"", ""leg_window"": 120, ""ma"": 100, ""dyn"": false, ""entry_mode"": ""close"", ""pb_frac"": 0.5, ""pb_wait"": 5, ""gap"": ""off"", ""body_min"": 0.5, ""volf"": ""off"", ""dow"": ""fri"", ""big_thr"": 25, ""big_sl"": 50, ""big_tp"": 115, ""std_sl"": 35, ""std_tp"": 0, ""leg_gap"": 20, ""leg_sl"": 35, ""leg_tp"": 140, ""gap_min"": 0, ""be_at"": 0.5, ""partial"": 1.5, ""trail"": 0}",0.769,0.384,0.384,-99.0,-0.909,-99.0,0.748,0.419,0.419,-99.0,-0.812,-99.0
SPX500,"{""entry_tf"": 5, ""vwap"": false, ""time_stop"": 999, ""legs"": false, ""leg_max"": 1, ""legs_mgmt"": ""fixed"", ""leg_window"": 30, ""ma"": 100, ""dyn"": false, ""entry_mode"": ""close"", ""pb_frac"": 0.7, ""pb_wait"": 30, ""gap"": ""off"", ""body_min"": 0.3, ""volf"": ""skip_high"", ""dow"": ""none"", ""big_thr"": 25, ""big_sl"": 40, ""big_tp"": 115, ""std_sl"": 15, ""std_tp"": 50, ""leg_gap"": 10, ""leg_sl"": 45, ""leg_tp"": 140, ""gap_min"": 50, ""be_at"": 2.0, ""partial"": 0, ""trail"": 3.0}",1.39,0.714,0.714,-99.0,-1.0,-99.0,1.194,0.596,0.596,-99.0,-1.0,-99.0
SPX500,"{""entry_tf"": 5, ""vwap"": false, ""time_stop"": 999, ""legs"": false, ""leg_max"": 1, ""legs_mgmt"": ""same"", ""leg_window"": 30, ""ma"": 100, ""dyn"": false, ""entry_mode"": ""close"", ""pb_frac"": 0.5, ""pb_wait"": 30, ""gap"": ""with"", ""body_min"": 0.3, ""volf"": ""off"", ""dow"": ""none"", ""big_thr"": 10, ""big_sl"": 40, ""big_tp"": 150, ""std_sl"": 20, ""std_tp"": 42, ""leg_gap"": 15, ""leg_sl"": 25, ""leg_tp"": 0, ""gap_min"": 0, ""be_at"": 1.5, ""partial"": 0, ""trail"": 3.0}",0.5,-0.141,-0.141,-99.0,-1.0,-99.0,0.442,-0.034,-0.034,0.76,0.032,0.032
SPX500,"{""entry_tf"": 5, ""vwap"": false, ""time_stop"": 999, ""legs"": false, ""leg_max"": 4, ""legs_mgmt"": ""same"", ""leg_window"": 120, ""ma"": 100, ""dyn"": false, ""entry_mode"": ""close"", ""pb_frac"": 0.7, ""pb_wait"": 30, ""gap"": ""against"", ""body_min"": 0.3, ""volf"": ""off"", ""dow"": ""none"", ""big_thr"": 10, ""big_sl"": 30, ""big_tp"": 200, ""std_sl"": 15, ""std_tp"": 42, ""leg_gap"": 15, ""leg_sl"": 45, ""leg_tp"": 115, ""gap_min"": 0, ""be_at"": 2.0, ""partial"": 3.0, ""trail"": 3.0}",0.841,0.306,0.306,0.374,0.099,0.099,0.666,0.364,0.364,-99.0,-1.0,-99.0
SPX500,"{""entry_tf"": 5, ""vwap"": false, ""time_stop"": 999, ""legs"": false, ""leg_max"": 4, ""legs_mgmt"": ""same"", ""leg_window"": 60, ""ma"": 0, ""dyn"": false, ""entry_mode"": ""close"", ""pb_frac"": 0.3, ""pb_wait"": 15, ""gap"": ""off"", ""body_min"": 0.5, ""volf"": ""skip_low"", ""dow"": ""none"", ""big_thr"": 15, ""big_sl"": 30, ""big_tp"": 200, ""std_sl"": 35, ""std_tp"": 80, ""leg_gap"": 25, ""leg_sl"": 25, ""leg_tp"": 140, ""gap_min"": 0, ""be_at"": 1.5, ""partial"": 1.0, ""trail"": 1.5}",0.97,0.693,0.693,-99.0,-1.0,-99.0,1.079,0.807,0.807,0.767,0.367,0.367
SPX500,"{""entry_tf"": 5, ""vwap"": false, ""time_stop"": 999, ""legs"": false, ""leg_max"": 6, ""legs_mgmt"": ""fixed"", ""leg_window"": 60, ""ma"": 0, ""dyn"": false, ""entry_mode"": ""close"", ""pb_frac"": 0.5, ""pb_wait"": 15, ""gap"": ""against"", ""body_min"": 0.3, ""volf"": ""skip_high"", ""dow"": ""none"", ""big_thr"": 25, ""big_sl"": 35, ""big_tp"": 115, ""std_sl"": 25, ""std_tp"": 0, ""leg_gap"": 15, ""leg_sl"": 25, ""leg_tp"": 0, ""gap_min"": 0, ""be_at"": 1.5, ""partial"": 3.0, ""trail"": 1.5}",0.79,0.324,0.324,0.398,-0.128,-0.128,0.818,0.248,0.248,-99.0,-1.0,-99.0
SPX500,"{""entry_tf"": 5, ""vwap"": false, ""time_stop"": 999, ""legs"": false, ""leg_max"": 6, ""legs_mgmt"": ""fixed"", ""leg_window"": 60, ""ma"": 0, ""dyn"": false, ""entry_mode"": ""close"", ""pb_frac"": 0.7, ""pb_wait"": 5, ""gap"": ""off"", ""body_min"": 0.5, ""volf"": ""off"", ""dow"": ""fri"", ""big_thr"": 25, ""big_sl"": 50, ""big_tp"": 115, ""std_sl"": 30, ""std_tp"": 50, ""leg_gap"": 25, ""leg_sl"": 25, ""leg_tp"": 115, ""gap_min"": 20, ""be_at"": 0, ""partial"": 3.0, ""trail"": 1.5}",-99.0,-0.767,-99.0,-99.0,-0.76,-99.0,0.297,0.154,0.154,0.338,-0.01,-0.01
SPX500,"{""entry_tf"": 5, ""vwap"": false, ""time_stop"": 999, ""legs"": false, ""leg_max"": 4, ""legs_mgmt"": ""same"", ""leg_window"": 60, ""ma"": 100, ""dyn"": false, ""entry_mode"": ""close"", ""pb_frac"": 0.5, ""pb_wait"": 15, ""gap"": ""against"", ""body_min"": 0, ""volf"": ""off"", ""dow"": ""none"", ""big_thr"": 20, ""big_sl"": 35, ""big_tp"": 0, ""std_sl"": 35, ""std_tp"": 80, ""leg_gap"": 10, ""leg_sl"": 35, ""leg_tp"": 140, ""gap_min"": 0, ""be_at"": 2.0, ""partial"": 0, ""trail"": 0}",0.746,0.22,0.22,0.243,-0.219,-0.219,0.779,0.265,0.265,-99.0,-1.0,-99.0
SPX500,"{""entry_tf"": 5, ""vwap"": false, ""time_stop"": 999, ""legs"": false, ""leg_max"": 6, ""legs_mgmt"": ""fixed"", ""leg_window"": 120, ""ma"": 0, ""dyn"": false, ""entry_mode"": ""close"", ""pb_frac"": 0.3, ""pb_wait"": 5, ""gap"": ""off"", ""body_min"": 0.3, ""volf"": ""off"", ""dow"": ""none"", ""big_thr"": 10, ""big_sl"": 50, ""big_tp"": 130, ""std_sl"": 25, ""std_tp"": 80, ""leg_gap"": 25, ""leg_sl"": 25, ""leg_tp"": 60, ""gap_min"": 100, ""be_at"": 1.5, ""partial"": 0, ""trail"": 0}",0.571,0.475,0.475,0.445,0.236,0.236,0.682,0.607,0.607,0.305,-0.039,-0.039
SPX500,"{""entry_tf"": 5, ""vwap"": false, ""time_stop"": 999, ""legs"": false, ""leg_max"": 6, ""legs_mgmt"": ""same"", ""leg_window"": 120, ""ma"": 100, ""dyn"": false, ""entry_mode"": ""close"", ""pb_frac"": 0.7, ""pb_wait"": 15, ""gap"": ""against"", ""body_min"": 0.3, ""volf"": ""off"", ""dow"": ""mon"", ""big_thr"": 20, ""big_sl"": 50, ""big_tp"": 115, ""std_sl"": 35, ""std_tp"": 42, ""leg_gap"": 15, ""leg_sl"": 45, ""leg_tp"": 115, ""gap_min"": 0, ""be_at"": 2.0, ""partial"": 0, ""trail"": 3.0}",-99.0,-0.814,-99.0,0.804,0.261,0.261,1.662,0.889,0.889,0.031,-0.57,-0.57
SPX500,"{""entry_tf"": 5, ""vwap"": false, ""time_stop"": 999, ""legs"": true, ""leg_max"": 1, ""legs_mgmt"": ""fixed"", ""leg_window"": 30, ""ma"": 0, ""dyn"": false, ""entry_mode"": ""close"", ""pb_frac"": 0.5, ""pb_wait"": 5, ""gap"": ""off"", ""body_min"": 0.3, ""volf"": ""off"", ""dow"": ""none"", ""big_thr"": 15, ""big_sl"": 50, ""big_tp"": 130, ""std_sl"": 35, ""std_tp"": 42, ""leg_gap"": 25, ""leg_sl"": 25, ""leg_tp"": 140, ""gap_min"": 50, ""be_at"": 2.0, ""partial"": 0, ""trail"": 2.0}",0.921,0.663,0.663,0.525,0.267,0.267,1.339,1.054,1.054,0.076,-0.3,-0.3
SPX500,"{""entry_tf"": 5, ""vwap"": false, ""time_stop"": 999, ""legs"": true, ""leg_max"": 1, ""legs_mgmt"": ""fixed"", ""leg_window"": 60, ""ma"": 100, ""dyn"": false, ""entry_mode"": ""close"", ""pb_frac"": 0.7, ""pb_wait"": 5, ""gap"": ""off"", ""body_min"": 0.5, ""volf"": ""off"", ""dow"": ""none"", ""big_thr"": 10, ""big_sl"": 25, ""big_tp"": 200, ""std_sl"": 25, ""std_tp"": 0, ""leg_gap"": 20, ""leg_sl"": 45, ""leg_tp"": 115, ""gap_min"": 100, ""be_at"": 1.0, ""partial"": 3.0, ""trail"": 3.0}",0.845,0.514,0.514,-99.0,-1.0,-99.0,0.699,0.434,0.434,-99.0,-0.896,-99.0
SPX500,"{""entry_tf"": 5, ""vwap"": false, ""time_stop"": 999, ""legs"": true, ""leg_max"": 1, ""legs_mgmt"": ""same"", ""leg_window"": 120, ""ma"": 100, ""dyn"": false, ""entry_mode"": ""close"", ""pb_frac"": 0.5, ""pb_wait"": 5, ""gap"": ""off"", ""body_min"": 0.5, ""volf"": ""off"", ""dow"": ""fri"", ""big_thr"": 10, ""big_sl"": 35, ""big_tp"": 100, ""std_sl"": 30, ""std_tp"": 0, ""leg_gap"": 15, ""leg_sl"": 35, ""leg_tp"": 0, ""gap_min"": 100, ""be_at"": 1.0, ""partial"": 0, ""trail"": 1.5}",0.995,0.591,0.591,-99.0,-0.775,-99.0,1.071,0.74,0.74,0.754,0.253,0.253
SPX500,"{""entry_tf"": 5, ""vwap"": false, ""time_stop"": 999, ""legs"": true, ""leg_max"": 1, ""legs_mgmt"": ""same"", ""leg_window"": 30, ""ma"": 100, ""dyn"": false, ""entry_mode"": ""close"", ""pb_frac"": 0.5, ""pb_wait"": 15, ""gap"": ""against"", ""body_min"": 0, ""volf"": ""off"", ""dow"": ""mon"", ""big_thr"": 15, ""big_sl"": 50, ""big_tp"": 150, ""std_sl"": 30, ""std_tp"": 42, ""leg_gap"": 10, ""leg_sl"": 25, ""leg_tp"": 60, ""gap_min"": 0, ""be_at"": 2.0, ""partial"": 3.0, ""trail"": 3.0}",0.457,0.369,0.369,0.88,0.767,0.767,0.043,-0.112,-0.112,0.133,-0.351,-0.351
SPX500,"{""entry_tf"": 5, ""vwap"": false, ""time_stop"": 999, ""legs"": true, ""leg_max"": 1, ""legs_mgmt"": ""same"", ""leg_window"": 60, ""ma"": 0, ""dyn"": false, ""entry_mode"": ""close"", ""pb_frac"": 0.7, ""pb_wait"": 5, ""gap"": ""against"", ""body_min"": 0, ""volf"": ""skip_high"", ""dow"": ""mon"", ""big_thr"": 20, ""big_sl"": 40, ""big_tp"": 100, ""std_sl"": 30, ""std_tp"": 0, ""leg_gap"": 15, ""leg_sl"": 45, ""leg_tp"": 140, ""gap_min"": 20, ""be_at"": 0, ""partial"": 1.5, ""trail"": 2.0}",0.597,-0.351,-0.351,0.879,-0.077,-0.077,0.619,-0.134,-0.134,-99.0,-1.0,-99.0
SPX500,"{""entry_tf"": 5, ""vwap"": false, ""time_stop"": 999, ""legs"": true, ""leg_max"": 2, ""legs_mgmt"": ""fixed"", ""leg_window"": 30, ""ma"": 0, ""dyn"": false, ""entry_mode"": ""close"", ""pb_frac"": 0.3, ""pb_wait"": 15, ""gap"": ""with"", ""body_min"": 0.3, ""volf"": ""off"", ""dow"": ""none"", ""big_thr"": 10, ""big_sl"": 40, ""big_tp"": 115, ""std_sl"": 25, ""std_tp"": 30, ""leg_gap"": 15, ""leg_sl"": 45, ""leg_tp"": 140, ""gap_min"": 20, ""be_at"": 1.0, ""partial"": 1.5, ""trail"": 3.0}",0.408,-0.199,-0.199,-99.0,-1.0,-99.0,0.928,-0.016,-0.016,0.699,-0.188,-0.188
SPX500,"{""entry_tf"": 5, ""vwap"": false, ""time_stop"": 999, ""legs"": true, ""leg_max"": 2, ""legs_mgmt"": ""fixed"", ""leg_window"": 60, ""ma"": 0, ""dyn"": false, ""entry_mode"": ""pb"", ""pb_frac"": 0.3, ""pb_wait"": 30, ""gap"": ""against"", ""body_min"": 0, ""volf"": ""off"", ""dow"": ""none"", ""big_thr"": 10, ""big_sl"": 40, ""big_tp"": 150, ""std_sl"": 35, ""std_tp"": 50, ""leg_gap"": 25, ""leg_sl"": 35, ""leg_tp"": 140, ""gap_min"": 0, ""be_at"": 1.0, ""partial"": 1.5, ""trail"": 2.0}",-99.0,-0.814,-99.0,0.796,0.433,0.433,0.282,-0.034,-0.034,-99.0,-1.0,-99.0
SPX500,"{""entry_tf"": 5, ""vwap"": false, ""time_stop"": 999, ""legs"": true, ""leg_max"": 2, ""legs_mgmt"": ""same"", ""leg_window"": 60, ""ma"": 0, ""dyn"": false, ""entry_mode"": ""close"", ""pb_frac"": 0.5, ""pb_wait"": 30, ""gap"": ""off"", ""body_min"": 0.3, ""volf"": ""mid"", ""dow"": ""none"", ""big_thr"": 20, ""big_sl"": 25, ""big_tp"": 150, ""std_sl"": 35, ""std_tp"": 50, ""leg_gap"": 25, ""leg_sl"": 45, ""leg_tp"": 115, ""gap_min"": 0, ""be_at"": 0.5, ""partial"": 1.5, ""trail"": 3.0}",0.41,0.112,0.112,-99.0,-1.0,-99.0,1.072,0.708,0.708,-99.0,-0.728,-99.0
SPX500,"{""entry_tf"": 5, ""vwap"": false, ""time_stop"": 999, ""legs"": true, ""leg_max"": 2, ""legs_mgmt"": ""same"", ""leg_window"": 60, ""ma"": 100, ""dyn"": false, ""entry_mode"": ""close"", ""pb_frac"": 0.7, ""pb_wait"": 5, ""gap"": ""off"", ""body_min"": 0.3, ""volf"": ""off"", ""dow"": ""none"", ""big_thr"": 20, ""big_sl"": 40, ""big_tp"": 150, ""std_sl"": 35, ""std_tp"": 60, ""leg_gap"": 20, ""leg_sl"": 35, ""leg_tp"": 140, ""gap_min"": 20, ""be_at"": 2.0, ""partial"": 2.0, ""trail"": 1.0}",0.871,0.269,0.269,-99.0,-0.891,-99.0,0.914,0.283,0.283,-99.0,-1.0,-99.0
SPX500,"{""entry_tf"": 5, ""vwap"": false, ""time_stop"": 999, ""legs"": true, ""leg_max"": 1, ""legs_mgmt"": ""same"", ""leg_window"": 60, ""ma"": 100, ""dyn"": false, ""entry_mode"": ""close"", ""pb_frac"": 0.5, ""pb_wait"": 5, ""gap"": ""off"", ""body_min"": 0.5, ""volf"": ""off"", ""dow"": ""none"", ""big_thr"": 15, ""big_sl"": 40, ""big_tp"": 80, ""std_sl"": 25, ""std_tp"": 60, ""leg_gap"": 25, ""leg_sl"": 45, ""leg_tp"": 90, ""gap_min"": 50, ""be_at"": 0, ""partial"": 2.0, ""trail"": 0}",0.71,0.122,0.122,0.757,0.024,0.024,0.902,0.378,0.378,-99.0,-0.596,-99.0
SPX500,"{""entry_tf"": 5, ""vwap"": false, ""time_stop"": 999, ""legs"": true, ""leg_max"": 2, ""legs_mgmt"": ""fixed"", ""leg_window"": 120, ""ma"": 0, ""dyn"": false, ""entry_mode"": ""close"", ""pb_frac"": 0.3, ""pb_wait"": 15, ""gap"": ""against"", ""body_min"": 0, ""volf"": ""off"", ""dow"": ""none"", ""big_thr"": 25, ""big_sl"": 40, ""big_tp"": 80, ""std_sl"": 35, ""std_tp"": 80, ""leg_gap"": 10, ""leg_sl"": 35, ""leg_tp"": 60, ""gap_min"": 0, ""be_at"": 0, ""partial"": 1.5, ""trail"": 2.0}",-99.0,-0.725,-99.0,0.494,-0.001,-0.001,0.303,-0.14,-0.14,-99.0,-0.899,-99.0
SPX500,"{""entry_tf"": 5, ""vwap"": false, ""time_stop"": 999, ""legs"": true, ""leg_max"": 4, ""legs_mgmt"": ""same"", ""leg_window"": 30, ""ma"": 100, ""dyn"": false, ""entry_mode"": ""close"", ""pb_frac"": 0.3, ""pb_wait"": 30, ""gap"": ""off"", ""body_min"": 0.5, ""volf"": ""skip_high"", ""dow"": ""none"", ""big_thr"": 25, ""big_sl"": 50, ""big_tp"": 200, ""std_sl"": 25, ""std_tp"": 50, ""leg_gap"": 15, ""leg_sl"": 35, ""leg_tp"": 0, ""gap_min"": 20, ""be_at"": 0, ""partial"": 1.0, ""trail"": 3.0}",0.55,-0.096,-0.096,-99.0,-0.874,-99.0,0.963,0.297,0.297,-99.0,-0.792,-99.0
SPX500,"{""entry_tf"": 5, ""vwap"": false, ""time_stop"": 999, ""legs"": true, ""leg_max"": 6, ""legs_mgmt"": ""fixed"", ""leg_window"": 60, ""ma"": 100, ""dyn"": false, ""entry_mode"": ""close"", ""pb_frac"": 0.3, ""pb_wait"": 15, ""gap"": ""off"", ""body_min"": 0.3, ""volf"": ""off"", ""dow"": ""none"", ""big_thr"": 15, ""big_sl"": 50, ""big_tp"": 115, ""std_sl"": 35, ""std_tp"": 30, ""leg_gap"": 20, ""leg_sl"": 35, ""leg_tp"": 90, ""gap_min"": 100, ""be_at"": 2.0, ""partial"": 0, ""trail"": 1.0}",0.897,0.617,0.617,0.435,0.126,0.126,1.094,0.744,0.744,0.075,-0.426,-0.426
SPX500,"{""entry_tf"": 5, ""vwap"": true, ""time_stop"": 120, ""legs"": false, ""leg_max"": 2, ""legs_mgmt"": ""fixed"", ""leg_window"": 30, ""ma"": 100, ""dyn"": false, ""entry_mode"": ""close"", ""pb_frac"": 0.7, ""pb_wait"": 15, ""gap"": ""off"", ""body_min"": 0.3, ""volf"": ""skip_low"", ""dow"": ""fri"", ""big_thr"": 20, ""big_sl"": 40, ""big_tp"": 115, ""std_sl"": 25, ""std_tp"": 50, ""leg_gap"": 10, ""leg_sl"": 45, ""leg_tp"": 90, ""gap_min"": 0, ""be_at"": 2.0, ""partial"": 2.0, ""trail"": 1.5}",0.119,-0.156,-0.156,-99.0,-1.0,-99.0,0.641,0.32,0.32,0.465,0.07,0.07
SPX500,"{""entry_tf"": 5, ""vwap"": true, ""time_stop"": 120, ""legs"": false, ""leg_max"": 2, ""legs_mgmt"": ""fixed"", ""leg_window"": 60, ""ma"": 100, ""dyn"": false, ""entry_mode"": ""close"", ""pb_frac"": 0.7, ""pb_wait"": 30, ""gap"": ""off"", ""body_min"": 0.3, ""volf"": ""off"", ""dow"": ""mon"", ""big_thr"": 20, ""big_sl"": 25, ""big_tp"": 150, ""std_sl"": 35, ""std_tp"": 0, ""leg_gap"": 25, ""leg_sl"": 45, ""leg_tp"": 115, ""gap_min"": 100, ""be_at"": 2.0, ""partial"": 0, ""trail"": 2.0}",0.718,0.511,0.511,-99.0,-1.0,-99.0,0.739,0.718,0.718,0.411,0.105,0.105
SPX500,"{""entry_tf"": 5, ""vwap"": false, ""time_stop"": 999, ""legs"": true, ""leg_max"": 6, ""legs_mgmt"": ""same"", ""leg_window"": 120, ""ma"": 100, ""dyn"": false, ""entry_mode"": ""close"", ""pb_frac"": 0.5, ""pb_wait"": 15, ""gap"": ""off"", ""body_min"": 0.3, ""volf"": ""skip_high"", ""dow"": ""none"", ""big_thr"": 10, ""big_sl"": 35, ""big_tp"": 200, ""std_sl"": 20, ""std_tp"": 80, ""leg_gap"": 15, ""leg_sl"": 25, ""leg_tp"": 90, ""gap_min"": 100, ""be_at"": 2.0, ""partial"": 3.0, ""trail"": 1.0}",0.095,-0.285,-0.285,-99.0,-0.914,-99.0,0.981,0.428,0.428,-99.0,-0.6,-99.0
SPX500,"{""entry_tf"": 5, ""vwap"": false, ""time_stop"": 999, ""legs"": true, ""leg_max"": 6, ""legs_mgmt"": ""same"", ""leg_window"": 120, ""ma"": 100, ""dyn"": false, ""entry_mode"": ""close"", ""pb_frac"": 0.7, ""pb_wait"": 15, ""gap"": ""against"", ""body_min"": 0, ""volf"": ""off"", ""dow"": ""mon"", ""big_thr"": 15, ""big_sl"": 40, ""big_tp"": 200, ""std_sl"": 35, ""std_tp"": 50, ""leg_gap"": 15, ""leg_sl"": 45, ""leg_tp"": 140, ""gap_min"": 0, ""be_at"": 2.0, ""partial"": 2.0, ""trail"": 2.0}",-99.0,-0.616,-99.0,0.584,0.428,0.428,-99.0,-0.781,-99.0,-99.0,-1.0,-99.0
SPX500,"{""entry_tf"": 5, ""vwap"": false, ""time_stop"": 999, ""legs"": true, ""leg_max"": 6, ""legs_mgmt"": ""fixed"", ""leg_window"": 60, ""ma"": 100, ""dyn"": false, ""entry_mode"": ""close"", ""pb_frac"": 0.7, ""pb_wait"": 30, ""gap"": ""off"", ""body_min"": 0.5, ""volf"": ""off"", ""dow"": ""none"", ""big_thr"": 20, ""big_sl"": 50, ""big_tp"": 115, ""std_sl"": 25, ""std_tp"": 50, ""leg_gap"": 25, ""leg_sl"": 35, ""leg_tp"": 0, ""gap_min"": 100, ""be_at"": 2.0, ""partial"": 1.0, ""trail"": 0}",0.88,0.286,0.286,0.613,-0.066,-0.066,1.198,0.601,0.601,0.147,-0.278,-0.278
SPX500,"{""entry_tf"": 5, ""vwap"": false, ""time_stop"": 999, ""legs"": true, ""leg_max"": 6, ""legs_mgmt"": ""same"", ""leg_window"": 120, ""ma"": 0, ""dyn"": false, ""entry_mode"": ""close"", ""pb_frac"": 0.5, ""pb_wait"": 15, ""gap"": ""off"", ""body_min"": 0.3, ""volf"": ""skip_high"", ""dow"": ""none"", ""big_thr"": 10, ""big_sl"": 30, ""big_tp"": 200, ""std_sl"": 30, ""std_tp"": 30, ""leg_gap"": 20, ""leg_sl"": 45, ""leg_tp"": 115, ""gap_min"": 50, ""be_at"": 0, ""partial"": 0, ""trail"": 0}",0.275,-0.294,-0.294,-99.0,-0.695,-99.0,0.811,0.375,0.375,0.53,-0.049,-0.049
SPX500,"{""entry_tf"": 5, ""vwap"": false, ""time_stop"": 999, ""legs"": true, ""leg_max"": 6, ""legs_mgmt"": ""same"", ""leg_window"": 120, ""ma"": 100, ""dyn"": false, ""entry_mode"": ""close"", ""pb_frac"": 0.7, ""pb_wait"": 15, ""gap"": ""off"", ""body_min"": 0.3, ""volf"": ""off"", ""dow"": ""none"", ""big_thr"": 15, ""big_sl"": 50, ""big_tp"": 115, ""std_sl"": 25, ""std_tp"": 50, ""leg_gap"": 25, ""leg_sl"": 35, ""leg_tp"": 140, ""gap_min"": 0, ""be_at"": 1.0, ""partial"": 2.0, ""trail"": 1.5}",0.432,0.161,0.161,0.422,-0.052,-0.052,0.941,0.6,0.6,0.205,0.041,0.041
SPX500,"{""entry_tf"": 5, ""vwap"": false, ""time_stop"": 999, ""legs"": true, ""leg_max"": 6, ""legs_mgmt"": ""same"", ""leg_window"": 60, ""ma"": 100, ""dyn"": false, ""entry_mode"": ""close"", ""pb_frac"": 0.7, ""pb_wait"": 15, ""gap"": ""off"", ""body_min"": 0, ""volf"": ""skip_high"", ""dow"": ""fri"", ""big_thr"": 20, ""big_sl"": 25, ""big_tp"": 150, ""std_sl"": 25, ""std_tp"": 42, ""leg_gap"": 15, ""leg_sl"": 35, ""leg_tp"": 0, ""gap_min"": 20, ""be_at"": 0, ""partial"": 0, ""trail"": 3.0}",-99.0,-0.794,-99.0,0.218,-0.404,-0.404,0.306,-0.202,-0.202,0.423,-0.058,-0.058
SPX500,"{""entry_tf"": 5, ""vwap"": true, ""time_stop"": 120, ""legs"": false, ""leg_max"": 2, ""legs_mgmt"": ""same"", ""leg_window"": 120, ""ma"": 100, ""dyn"": false, ""entry_mode"": ""close"", ""pb_frac"": 0.7, ""pb_wait"": 5, ""gap"": ""off"", ""body_min"": 0, ""volf"": ""skip_high"", ""dow"": ""none"", ""big_thr"": 25, ""big_sl"": 35, ""big_tp"": 150, ""std_sl"": 35, ""std_tp"": 0, ""leg_gap"": 10, ""leg_sl"": 35, ""leg_tp"": 140, ""gap_min"": 20, ""be_at"": 1.5, ""partial"": 0, ""trail"": 2.0}",0.3,-0.216,-0.216,-99.0,-0.817,-99.0,0.899,0.322,0.322,0.034,-0.343,-0.343
SPX500,"{""entry_tf"": 5, ""vwap"": true, ""time_stop"": 120, ""legs"": true, ""leg_max"": 2, ""legs_mgmt"": ""same"", ""leg_window"": 120, ""ma"": 100, ""dyn"": true, ""entry_mode"": ""close"", ""pb_frac"": 0.5, ""pb_wait"": 30, ""gap"": ""off"", ""body_min"": 0.3, ""volf"": ""skip_low"", ""dow"": ""fri"", ""big_thr"": 15, ""big_sl"": 30, ""big_tp"": 200, ""std_sl"": 25, ""std_tp"": 50, ""leg_gap"": 10, ""leg_sl"": 45, ""leg_tp"": 140, ""gap_min"": 100, ""be_at"": 0, ""partial"": 0, ""trail"": 3.0}",0.168,-0.187,-0.187,-99.0,-1.0,-99.0,0.437,0.09,0.09,0.684,0.238,0.238
SPX500,"{""entry_tf"": 5, ""vwap"": true, ""time_stop"": 120, ""legs"": true, ""leg_max"": 2, ""legs_mgmt"": ""same"", ""leg_window"": 30, ""ma"": 0, ""dyn"": false, ""entry_mode"": ""close"", ""pb_frac"": 0.3, ""pb_wait"": 15, ""gap"": ""off"", ""body_min"": 0.5, ""volf"": ""off"", ""dow"": ""none"", ""big_thr"": 10, ""big_sl"": 25, ""big_tp"": 115, ""std_sl"": 30, ""std_tp"": 42, ""leg_gap"": 10, ""leg_sl"": 25, ""leg_tp"": 90, ""gap_min"": 0, ""be_at"": 0.5, ""partial"": 3.0, ""trail"": 1.5}",-99.0,-0.688,-99.0,0.332,-0.073,-0.073,0.368,0.179,0.179,0.51,0.02,0.02
SPX500,"{""entry_tf"": 5, ""vwap"": true, ""time_stop"": 120, ""legs"": true, ""leg_max"": 2, ""legs_mgmt"": ""same"", ""leg_window"": 60, ""ma"": 0, ""dyn"": false, ""entry_mode"": ""close"", ""pb_frac"": 0.7, ""pb_wait"": 30, ""gap"": ""against"", ""body_min"": 0, ""volf"": ""skip_high"", ""dow"": ""fri"", ""big_thr"": 10, ""big_sl"": 35, ""big_tp"": 80, ""std_sl"": 30, ""std_tp"": 50, ""leg_gap"": 10, ""leg_sl"": 45, ""leg_tp"": 140, ""gap_min"": 0, ""be_at"": 0.5, ""partial"": 3.0, ""trail"": 3.0}",0.082,-0.335,-0.335,0.554,-0.04,-0.04,0.158,-0.262,-0.262,0.004,-0.656,-0.656
SPX500,"{""entry_tf"": 5, ""vwap"": true, ""time_stop"": 120, ""legs"": true, ""leg_max"": 4, ""legs_mgmt"": ""same"", ""leg_window"": 120, ""ma"": 0, ""dyn"": false, ""entry_mode"": ""close"", ""pb_frac"": 0.5, ""pb_wait"": 5, ""gap"": ""off"", ""body_min"": 0.5, ""volf"": ""skip_low"", ""dow"": ""none"", ""big_thr"": 15, ""big_sl"": 30, ""big_tp"": 0, ""std_sl"": 35, ""std_tp"": 42, ""leg_gap"": 10, ""leg_sl"": 35, ""leg_tp"": 115, ""gap_min"": 20, ""be_at"": 0, ""partial"": 1.5, ""trail"": 3.0}",0.35,0.068,0.068,-99.0,-1.0,-99.0,0.905,0.616,0.616,-99.0,-0.713,-99.0
SPX500,"{""entry_tf"": 5, ""vwap"": true, ""time_stop"": 120, ""legs"": true, ""leg_max"": 4, ""legs_mgmt"": ""same"", ""leg_window"": 30, ""ma"": 0, ""dyn"": false, ""entry_mode"": ""close"", ""pb_frac"": 0.5, ""pb_wait"": 5, ""gap"": ""against"", ""body_min"": 0, ""volf"": ""off"", ""dow"": ""mon"", ""big_thr"": 15, ""big_sl"": 40, ""big_tp"": 60, ""std_sl"": 30, ""std_tp"": 80, ""leg_gap"": 15, ""leg_sl"": 25, ""leg_tp"": 115, ""gap_min"": 20, ""be_at"": 0, ""partial"": 3.0, ""trail"": 2.0}",0.389,-0.181,-0.181,0.444,-0.029,-0.029,0.16,-0.284,-0.284,-99.0,-1.0,-99.0
SPX500,"{""entry_tf"": 5, ""vwap"": true, ""time_stop"": 120, ""legs"": true, ""leg_max"": 4, ""legs_mgmt"": ""same"", ""leg_window"": 60, ""ma"": 100, ""dyn"": false, ""entry_mode"": ""close"", ""pb_frac"": 0.3, ""pb_wait"": 15, ""gap"": ""off"", ""body_min"": 0.5, ""volf"": ""off"", ""dow"": ""none"", ""big_thr"": 10, ""big_sl"": 50, ""big_tp"": 150, ""std_sl"": 35, ""std_tp"": 42, ""leg_gap"": 15, ""leg_sl"": 25, ""leg_tp"": 90, ""gap_min"": 100, ""be_at"": 0, ""partial"": 0, ""trail"": 1.5}",0.669,0.467,0.467,1.063,0.66,0.66,1.09,0.848,0.848,0.827,0.605,0.605
SPX500,"{""entry_tf"": 5, ""vwap"": true, ""time_stop"": 180, ""legs"": false, ""leg_max"": 1, ""legs_mgmt"": ""fixed"", ""leg_window"": 60, ""ma"": 100, ""dyn"": false, ""entry_mode"": ""close"", ""pb_frac"": 0.5, ""pb_wait"": 5, ""gap"": ""off"", ""body_min"": 0.5, ""volf"": ""skip_high"", ""dow"": ""fri"", ""big_thr"": 20, ""big_sl"": 50, ""big_tp"": 130, ""std_sl"": 35, ""std_tp"": 42, ""leg_gap"": 10, ""leg_sl"": 45, ""leg_tp"": 90, ""gap_min"": 50, ""be_at"": 2.0, ""partial"": 3.0, ""trail"": 3.0}",-99.0,-0.853,-99.0,-99.0,-0.912,-99.0,-99.0,-0.846,-99.0,0.514,0.121,0.121
SPX500,"{""entry_tf"": 5, ""vwap"": true, ""time_stop"": 180, ""legs"": false, ""leg_max"": 2, ""legs_mgmt"": ""fixed"", ""leg_window"": 30, ""ma"": 0, ""dyn"": false, ""entry_mode"": ""close"", ""pb_frac"": 0.3, ""pb_wait"": 30, ""gap"": ""off"", ""body_min"": 0.3, ""volf"": ""skip_low"", ""dow"": ""none"", ""big_thr"": 10, ""big_sl"": 30, ""big_tp"": 115, ""std_sl"": 30, ""std_tp"": 30, ""leg_gap"": 15, ""leg_sl"": 45, ""leg_tp"": 115, ""gap_min"": 100, ""be_at"": 1.0, ""partial"": 3.0, ""trail"": 1.5}",0.877,0.626,0.626,0.229,-0.077,-0.077,1.06,0.737,0.737,0.304,-0.027,-0.027
SPX500,"{""entry_tf"": 5, ""vwap"": true, ""time_stop"": 180, ""legs"": false, ""leg_max"": 2, ""legs_mgmt"": ""fixed"", ""leg_window"": 60, ""ma"": 100, ""dyn"": true, ""entry_mode"": ""close"", ""pb_frac"": 0.7, ""pb_wait"": 30, ""gap"": ""off"", ""body_min"": 0.3, ""volf"": ""skip_high"", ""dow"": ""none"", ""big_thr"": 10, ""big_sl"": 50, ""big_tp"": 130, ""std_sl"": 15, ""std_tp"": 60, ""leg_gap"": 15, ""leg_sl"": 35, ""leg_tp"": 60, ""gap_min"": 100, ""be_at"": 0, ""partial"": 0, ""trail"": 0}",1.103,0.492,0.492,-99.0,-0.823,-99.0,0.973,0.408,0.408,0.032,-0.468,-0.468
SPX500,"{""entry_tf"": 5, ""vwap"": true, ""time_stop"": 180, ""legs"": false, ""leg_max"": 2, ""legs_mgmt"": ""same"", ""leg_window"": 120, ""ma"": 100, ""dyn"": false, ""entry_mode"": ""close"", ""pb_frac"": 0.5, ""pb_wait"": 15, ""gap"": ""off"", ""body_min"": 0.5, ""volf"": ""off"", ""dow"": ""none"", ""big_thr"": 20, ""big_sl"": 40, ""big_tp"": 150, ""std_sl"": 35, ""std_tp"": 30, ""leg_gap"": 25, ""leg_sl"": 25, ""leg_tp"": 140, ""gap_min"": 0, ""be_at"": 1.5, ""partial"": 3.0, ""trail"": 0}",0.782,0.672,0.672,-99.0,-0.696,-99.0,0.166,0.266,0.166,0.19,0.191,0.19
SPX500,"{""entry_tf"": 5, ""vwap"": true, ""time_stop"": 180, ""legs"": false, ""leg_max"": 2, ""legs_mgmt"": ""same"", ""leg_window"": 60, ""ma"": 100, ""dyn"": false, ""entry_mode"": ""close"", ""pb_frac"": 0.3, ""pb_wait"": 5, ""gap"": ""off"", ""body_min"": 0.5, ""volf"": ""off"", ""dow"": ""mon"", ""big_thr"": 15, ""big_sl"": 50, ""big_tp"": 115, ""std_sl"": 35, ""std_tp"": 60, ""leg_gap"": 10, ""leg_sl"": 45, ""leg_tp"": 115, ""gap_min"": 100, ""be_at"": 0, ""partial"": 1.5, ""trail"": 2.0}",0.719,0.492,0.492,-99.0,-0.89,-99.0,1.138,0.756,0.756,0.364,0.067,0.067
SPX500,"{""entry_tf"": 5, ""vwap"": true, ""time_stop"": 180, ""legs"": false, ""leg_max"": 6, ""legs_mgmt"": ""same"", ""leg_window"": 30, ""ma"": 100, ""dyn"": false, ""entry_mode"": ""close"", ""pb_frac"": 0.5, ""pb_wait"": 5, ""gap"": ""off"", ""body_min"": 0.5, ""volf"": ""skip_low"", ""dow"": ""none"", ""big_thr"": 15, ""big_sl"": 25, ""big_tp"": 200, ""std_sl"": 35, ""std_tp"": 80, ""leg_gap"": 20, ""leg_sl"": 45, ""leg_tp"": 140, ""gap_min"": 20, ""be_at"": 1.5, ""partial"": 1.5, ""trail"": 3.0}",0.975,0.48,0.48,-99.0,-1.0,-99.0,0.731,0.345,0.345,0.307,-0.016,-0.016
SPX500,"{""entry_tf"": 5, ""vwap"": true, ""time_stop"": 180, ""legs"": true, ""leg_max"": 1, ""legs_mgmt"": ""fixed"", ""leg_window"": 120, ""ma"": 100, ""dyn"": false, ""entry_mode"": ""close"", ""pb_frac"": 0.7, ""pb_wait"": 15, ""gap"": ""off"", ""body_min"": 0.5, ""volf"": ""skip_high"", ""dow"": ""fri"", ""big_thr"": 10, ""big_sl"": 40, ""big_tp"": 100, ""std_sl"": 30, ""std_tp"": 80, ""leg_gap"": 15, ""leg_sl"": 45, ""leg_tp"": 0, ""gap_min"": 50, ""be_at"": 0, ""partial"": 0, ""trail"": 0}",-99.0,-1.0,-99.0,0.399,-0.194,-0.194,-99.0,-1.0,-99.0,0.187,-0.075,-0.075
SPX500,"{""entry_tf"": 5, ""vwap"": true, ""time_stop"": 180, ""legs"": false, ""leg_max"": 6, ""legs_mgmt"": ""same"", ""leg_window"": 120, ""ma"": 0, ""dyn"": false, ""entry_mode"": ""close"", ""pb_frac"": 0.7, ""pb_wait"": 5, ""gap"": ""off"", ""body_min"": 0.5, ""volf"": ""mid"", ""dow"": ""none"", ""big_thr"": 10, ""big_sl"": 30, ""big_tp"": 115, ""std_sl"": 35, ""std_tp"": 80, ""leg_gap"": 25, ""leg_sl"": 25, ""leg_tp"": 60, ""gap_min"": 0, ""be_at"": 1.5, ""partial"": 0, ""trail"": 1.5}",-99.0,-0.717,-99.0,0.063,-0.169,-0.169,1.285,0.628,0.628,-99.0,-0.659,-99.0
SPX500,"{""entry_tf"": 5, ""vwap"": true, ""time_stop"": 180, ""legs"": false, ""leg_max"": 6, ""legs_mgmt"": ""same"", ""leg_window"": 120, ""ma"": 100, ""dyn"": false, ""entry_mode"": ""close"", ""pb_frac"": 0.7, ""pb_wait"": 15, ""gap"": ""off"", ""body_min"": 0, ""volf"": ""skip_high"", ""dow"": ""none"", ""big_thr"": 10, ""big_sl"": 50, ""big_tp"": 0, ""std_sl"": 35, ""std_tp"": 42, ""leg_gap"": 20, ""leg_sl"": 45, ""leg_tp"": 60, ""gap_min"": 0, ""be_at"": 1.5, ""partial"": 1.5, ""trail"": 1.5}",0.998,0.428,0.428,-99.0,-1.0,-99.0,1.196,0.557,0.557,0.018,-0.576,-0.576
SPX500,"{""entry_tf"": 5, ""vwap"": true, ""time_stop"": 180, ""legs"": true, ""leg_max"": 4, ""legs_mgmt"": ""same"", ""leg_window"": 60, ""ma"": 0, ""dyn"": false, ""entry_mode"": ""close"", ""pb_frac"": 0.3, ""pb_wait"": 5, ""gap"": ""off"", ""body_min"": 0.5, ""volf"": ""skip_low"", ""dow"": ""none"", ""big_thr"": 20, ""big_sl"": 50, ""big_tp"": 150, ""std_sl"": 35, ""std_tp"": 80, ""leg_gap"": 15, ""leg_sl"": 45, ""leg_tp"": 60, ""gap_min"": 100, ""be_at"": 1.5, ""partial"": 0, ""trail"": 1.0}",0.273,-0.001,-0.001,-99.0,-0.903,-99.0,0.926,0.552,0.552,0.318,0.013,0.013
SPX500,"{""entry_tf"": 5, ""vwap"": true, ""time_stop"": 180, ""legs"": true, ""leg_max"": 6, ""legs_mgmt"": ""same"", ""leg_window"": 120, ""ma"": 100, ""dyn"": false, ""entry_mode"": ""close"", ""pb_frac"": 0.5, ""pb_wait"": 5, ""gap"": ""off"", ""body_min"": 0.5, ""volf"": ""off"", ""dow"": ""none"", ""big_thr"": 25, ""big_sl"": 25, ""big_tp"": 80, ""std_sl"": 35, ""std_tp"": 60, ""leg_gap"": 10, ""leg_sl"": 45, ""leg_tp"": 115, ""gap_min"": 20, ""be_at"": 0.5, ""partial"": 3.0, ""trail"": 0}",0.129,-0.308,-0.308,0.206,-0.405,-0.405,0.928,0.233,0.233,0.213,-0.26,-0.26
SPX500,"{""entry_tf"": 5, ""vwap"": true, ""time_stop"": 180, ""legs"": true, ""leg_max"": 1, ""legs_mgmt"": ""fixed"", ""leg_window"": 30, ""ma"": 0, ""dyn"": false, ""entry_mode"": ""close"", ""pb_frac"": 0.7, ""pb_wait"": 5, ""gap"": ""against"", ""body_min"": 0.5, ""volf"": ""off"", ""dow"": ""none"", ""big_thr"": 25, ""big_sl"": 40, ""big_tp"": 80, ""std_sl"": 25, ""std_tp"": 80, ""leg_gap"": 20, ""leg_sl"": 35, ""leg_tp"": 0, ""gap_min"": 0, ""be_at"": 0, ""partial"": 0, ""trail"": 3.0}",0.952,0.151,0.151,0.836,0.064,0.064,0.606,0.038,0.038,0.67,-0.02,-0.02
SPX500,"{""entry_tf"": 5, ""vwap"": true, ""time_stop"": 180, ""legs"": true, ""leg_max"": 4, ""legs_mgmt"": ""fixed"", ""leg_window"": 30, ""ma"": 100, ""dyn"": false, ""entry_mode"": ""close"", ""pb_frac"": 0.5, ""pb_wait"": 15, ""gap"": ""off"", ""body_min"": 0.3, ""volf"": ""off"", ""dow"": ""none"", ""big_thr"": 20, ""big_sl"": 50, ""big_tp"": 80, ""std_sl"": 35, ""std_tp"": 0, ""leg_gap"": 15, ""leg_sl"": 25, ""leg_tp"": 60, ""gap_min"": 0, ""be_at"": 0.5, ""partial"": 2.0, ""trail"": 1.0}",0.325,-0.0,-0.0,0.477,-0.049,-0.049,0.582,0.299,0.299,-99.0,-0.877,-99.0
SPX500,"{""entry_tf"": 5, ""vwap"": true, ""time_stop"": 240, ""legs"": false, ""leg_max"": 1, ""legs_mgmt"": ""fixed"", ""leg_window"": 60, ""ma"": 100, ""dyn"": false, ""entry_mode"": ""close"", ""pb_frac"": 0.7, ""pb_wait"": 30, ""gap"": ""off"", ""body_min"": 0.5, ""volf"": ""off"", ""dow"": ""none"", ""big_thr"": 20, ""big_sl"": 40, ""big_tp"": 115, ""std_sl"": 35, ""std_tp"": 30, ""leg_gap"": 10, ""leg_sl"": 25, ""leg_tp"": 115, ""gap_min"": 20, ""be_at"": 1.0, ""partial"": 3.0, ""trail"": 1.0}",0.842,0.451,0.451,-99.0,-1.0,-99.0,0.344,0.011,0.011,-99.0,-1.0,-99.0
SPX500,"{""entry_tf"": 5, ""vwap"": true, ""time_stop"": 240, ""legs"": false, ""leg_max"": 4, ""legs_mgmt"": ""fixed"", ""leg_window"": 60, ""ma"": 0, ""dyn"": false, ""entry_mode"": ""close"", ""pb_frac"": 0.7, ""pb_wait"": 30, ""gap"": ""against"", ""body_min"": 0.3, ""volf"": ""off"", ""dow"": ""none"", ""big_thr"": 10, ""big_sl"": 30, ""big_tp"": 0, ""std_sl"": 35, ""std_tp"": 42, ""leg_gap"": 20, ""leg_sl"": 25, ""leg_tp"": 90, ""gap_min"": 0, ""be_at"": 2.0, ""partial"": 1.5, ""trail"": 0}",0.873,0.633,0.633,0.115,-0.451,-0.451,0.646,0.424,0.424,0.063,-0.194,-0.194
SPX500,"{""entry_tf"": 5, ""vwap"": true, ""time_stop"": 240, ""legs"": true, ""leg_max"": 1, ""legs_mgmt"": ""fixed"", ""leg_window"": 120, ""ma"": 100, ""dyn"": false, ""entry_mode"": ""close"", ""pb_frac"": 0.5, ""pb_wait"": 5, ""gap"": ""off"", ""body_min"": 0.5, ""volf"": ""skip_high"", ""dow"": ""fri"", ""big_thr"": 20, ""big_sl"": 40, ""big_tp"": 80, ""std_sl"": 25, ""std_tp"": 60, ""leg_gap"": 10, ""leg_sl"": 45, ""leg_tp"": 60, ""gap_min"": 20, ""be_at"": 1.0, ""partial"": 1.5, ""trail"": 1.5}",-99.0,-0.783,-99.0,0.059,-0.623,-0.623,1.085,0.657,0.657,0.243,-0.271,-0.271
SPX500,"{""entry_tf"": 5, ""vwap"": true, ""time_stop"": 240, ""legs"": true, ""leg_max"": 1, ""legs_mgmt"": ""fixed"", ""leg_window"": 30, ""ma"": 100, ""dyn"": false, ""entry_mode"": ""close"", ""pb_frac"": 0.7, ""pb_wait"": 30, ""gap"": ""against"", ""body_min"": 0, ""volf"": ""off"", ""dow"": ""none"", ""big_thr"": 20, ""big_sl"": 30, ""big_tp"": 100, ""std_sl"": 20, ""std_tp"": 42, ""leg_gap"": 10, ""leg_sl"": 35, ""leg_tp"": 90, ""gap_min"": 0, ""be_at"": 2.0, ""partial"": 3.0, ""trail"": 3.0}",0.402,-0.108,-0.108,0.518,0.251,0.251,0.758,0.44,0.44,0.178,-0.328,-0.328
SPX500,"{""entry_tf"": 5, ""vwap"": true, ""time_stop"": 240, ""legs"": false, ""leg_max"": 6, ""legs_mgmt"": ""fixed"", ""leg_window"": 30, ""ma"": 0, ""dyn"": false, ""entry_mode"": ""close"", ""pb_frac"": 0.7, ""pb_wait"": 15, ""gap"": ""off"", ""body_min"": 0.3, ""volf"": ""off"", ""dow"": ""none"", ""big_thr"": 10, ""big_sl"": 50, ""big_tp"": 80, ""std_sl"": 30, ""std_tp"": 80, ""leg_gap"": 20, ""leg_sl"": 35, ""leg_tp"": 0, ""gap_min"": 0, ""be_at"": 1.5, ""partial"": 3.0, ""trail"": 0}",0.856,0.65,0.65,0.154,0.041,0.041,0.749,0.634,0.634,-99.0,-1.0,-99.0
SPX500,"{""entry_tf"": 5, ""vwap"": true, ""time_stop"": 240, ""legs"": false, ""leg_max"": 6, ""legs_mgmt"": ""fixed"", ""leg_window"": 30, ""ma"": 0, ""dyn"": false, ""entry_mode"": ""close"", ""pb_frac"": 0.7, ""pb_wait"": 30, ""gap"": ""with"", ""body_min"": 0, ""volf"": ""off"", ""dow"": ""none"", ""big_thr"": 10, ""big_sl"": 40, ""big_tp"": 130, ""std_sl"": 30, ""std_tp"": 30, ""leg_gap"": 15, ""leg_sl"": 45, ""leg_tp"": 140, ""gap_min"": 20, ""be_at"": 1.0, ""partial"": 2.0, ""trail"": 3.0}",-99.0,-0.911,-99.0,-99.0,-1.0,-99.0,0.211,-0.266,-0.266,0.538,0.027,0.027
SPX500,"{""entry_tf"": 5, ""vwap"": true, ""time_stop"": 240, ""legs"": false, ""leg_max"": 6, ""legs_mgmt"": ""fixed"", ""leg_window"": 30, ""ma"": 100, ""dyn"": false, ""entry_mode"": ""close"", ""pb_frac"": 0.7, ""pb_wait"": 30, ""gap"": ""off"", ""body_min"": 0.3, ""volf"": ""off"", ""dow"": ""none"", ""big_thr"": 10, ""big_sl"": 35, ""big_tp"": 100, ""std_sl"": 25, ""std_tp"": 50, ""leg_gap"": 15, ""leg_sl"": 25, ""leg_tp"": 115, ""gap_min"": 100, ""be_at"": 2.0, ""partial"": 0, ""trail"": 2.0}",0.651,0.31,0.31,0.234,-0.089,-0.089,0.9,0.407,0.407,-99.0,-0.895,-99.0
SPX500,"{""entry_tf"": 5, ""vwap"": true, ""time_stop"": 240, ""legs"": false, ""leg_max"": 6, ""legs_mgmt"": ""fixed"", ""leg_window"": 60, ""ma"": 100, ""dyn"": false, ""entry_mode"": ""close"", ""pb_frac"": 0.3, ""pb_wait"": 5, ""gap"": ""off"", ""body_min"": 0.5, ""volf"": ""off"", ""dow"": ""none"", ""big_thr"": 15, ""big_sl"": 50, ""big_tp"": 0, ""std_sl"": 20, ""std_tp"": 0, ""leg_gap"": 20, ""leg_sl"": 25, ""leg_tp"": 60, ""gap_min"": 100, ""be_at"": 0, ""partial"": 0, ""trail"": 0}",0.617,-0.127,-0.127,0.477,-0.338,-0.338,0.997,-0.015,-0.015,0.531,-0.269,-0.269
SPX500,"{""entry_tf"": 5, ""vwap"": true, ""time_stop"": 240, ""legs"": true, ""leg_max"": 1, ""legs_mgmt"": ""same"", ""leg_window"": 30, ""ma"": 100, ""dyn"": false, ""entry_mode"": ""close"", ""pb_frac"": 0.5, ""pb_wait"": 5, ""gap"": ""off"", ""body_min"": 0.5, ""volf"": ""off"", ""dow"": ""none"", ""big_thr"": 25, ""big_sl"": 30, ""big_tp"": 100, ""std_sl"": 30, ""std_tp"": 60, ""leg_gap"": 25, ""leg_sl"": 45, ""leg_tp"": 90, ""gap_min"": 0, ""be_at"": 2.0, ""partial"": 0, ""trail"": 2.0}",0.699,0.65,0.65,0.438,0.142,0.142,0.898,0.762,0.762,0.283,0.055,0.055
SPX500,"{""entry_tf"": 5, ""vwap"": true, ""time_stop"": 240, ""legs"": true, ""leg_max"": 2, ""legs_mgmt"": ""fixed"", ""leg_window"": 60, ""ma"": 0, ""dyn"": false, ""entry_mode"": ""close"", ""pb_frac"": 0.7, ""pb_wait"": 15, ""gap"": ""against"", ""body_min"": 0.3, ""volf"": ""off"", ""dow"": ""none"", ""big_thr"": 25, ""big_sl"": 25, ""big_tp"": 0, ""std_sl"": 25, ""std_tp"": 0, ""leg_gap"": 25, ""leg_sl"": 35, ""leg_tp"": 60, ""gap_min"": 20, ""be_at"": 2.0, ""partial"": 3.0, ""trail"": 1.5}",0.561,-0.228,-0.228,0.035,-0.736,-0.736,1.048,0.071,0.071,0.02,-0.648,-0.648
SPX500,"{""entry_tf"": 5, ""vwap"": true, ""time_stop"": 240, ""legs"": true, ""leg_max"": 2, ""legs_mgmt"": ""same"", ""leg_window"": 60, ""ma"": 0, ""dyn"": false, ""entry_mode"": ""close"", ""pb_frac"": 0.5, ""pb_wait"": 15, ""gap"": ""off"", ""body_min"": 0.5, ""volf"": ""off"", ""dow"": ""none"", ""big_thr"": 15, ""big_sl"": 50, ""big_tp"": 115, ""std_sl"": 25, ""std_tp"": 80, ""leg_gap"": 10, ""leg_sl"": 45, ""leg_tp"": 0, ""gap_min"": 50, ""be_at"": 2.0, ""partial"": 0, ""trail"": 0}",0.411,0.109,0.109,0.723,0.32,0.32,0.888,0.423,0.423,0.217,-0.146,-0.146
SPX500,"{""entry_tf"": 5, ""vwap"": true, ""time_stop"": 240, ""legs"": true, ""leg_max"": 2, ""legs_mgmt"": ""same"", ""leg_window"": 60, ""ma"": 0, ""dyn"": false, ""entry_mode"": ""close"", ""pb_frac"": 0.5, ""pb_wait"": 15, ""gap"": ""off"", ""body_min"": 0.5, ""volf"": ""skip_high"", ""dow"": ""fri"", ""big_thr"": 20, ""big_sl"": 25, ""big_tp"": 150, ""std_sl"": 20, ""std_tp"": 50, ""leg_gap"": 10, ""leg_sl"": 25, ""leg_tp"": 90, ""gap_min"": 100, ""be_at"": 1.5, ""partial"": 2.0, ""trail"": 3.0}",-99.0,-0.89,-99.0,-99.0,-0.9,-99.0,-99.0,-0.681,-99.0,0.696,0.239,0.239
SPX500,"{""entry_tf"": 5, ""vwap"": true, ""time_stop"": 240, ""legs"": true, ""leg_max"": 4, ""legs_mgmt"": ""fixed"", ""leg_window"": 60, ""ma"": 0, ""dyn"": true, ""entry_mode"": ""close"", ""pb_frac"": 0.3, ""pb_wait"": 5, ""gap"": ""off"", ""body_min"": 0.5, ""volf"": ""skip_high"", ""dow"": ""fri"", ""big_thr"": 20, ""big_sl"": 25, ""big_tp"": 150, ""std_sl"": 30, ""std_tp"": 0, ""leg_gap"": 10, ""leg_sl"": 35, ""leg_tp"": 115, ""gap_min"": 20, ""be_at"": 1.5, ""partial"": 1.5, ""trail"": 3.0}",-99.0,-1.0,-99.0,-99.0,-1.0,-99.0,-99.0,-1.0,-99.0,0.451,0.314,0.314
SPX500,"{""entry_tf"": 5, ""vwap"": true, ""time_stop"": 240, ""legs"": true, ""leg_max"": 4, ""legs_mgmt"": ""fixed"", ""leg_window"": 60, ""ma"": 100, ""dyn"": false, ""entry_mode"": ""close"", ""pb_frac"": 0.7, ""pb_wait"": 15, ""gap"": ""off"", ""body_min"": 0.3, ""volf"": ""skip_high"", ""dow"": ""none"", ""big_thr"": 20, ""big_sl"": 50, ""big_tp"": 130, ""std_sl"": 15, ""std_tp"": 60, ""leg_gap"": 15, ""leg_sl"": 45, ""leg_tp"": 0, ""gap_min"": 20, ""be_at"": 0, ""partial"": 3.0, ""trail"": 0}",0.984,0.549,0.549,-99.0,-0.914,-99.0,0.718,0.338,0.338,-99.0,-1.0,-99.0
SPX500,"{""entry_tf"": 5, ""vwap"": true, ""time_stop"": 240, ""legs"": true, ""leg_max"": 6, ""legs_mgmt"": ""fixed"", ""leg_window"": 120, ""ma"": 0, ""dyn"": false, ""entry_mode"": ""pb"", ""pb_frac"": 0.3, ""pb_wait"": 5, ""gap"": ""against"", ""body_min"": 0, ""volf"": ""off"", ""dow"": ""none"", ""big_thr"": 10, ""big_sl"": 50, ""big_tp"": 130, ""std_sl"": 30, ""std_tp"": 42, ""leg_gap"": 15, ""leg_sl"": 45, ""leg_tp"": 90, ""gap_min"": 0, ""be_at"": 0, ""partial"": 0, ""trail"": 2.0}",-99.0,-0.883,-99.0,0.786,0.019,0.019,0.296,-0.319,-0.319,-99.0,-1.0,-99.0
SPX500,"{""entry_tf"": 5, ""vwap"": true, ""time_stop"": 60, ""legs"": true, ""leg_max"": 6, ""legs_mgmt"": ""same"", ""leg_window"": 120, ""ma"": 0, ""dyn"": false, ""entry_mode"": ""close"", ""pb_frac"": 0.5, ""pb_wait"": 5, ""gap"": ""against"", ""body_min"": 0, ""volf"": ""skip_high"", ""dow"": ""none"", ""big_thr"": 10, ""big_sl"": 40, ""big_tp"": 200, ""std_sl"": 30, ""std_tp"": 0, ""leg_gap"": 20, ""leg_sl"": 25, ""leg_tp"": 140, ""gap_min"": 0, ""be_at"": 0, ""partial"": 2.0, ""trail"": 1.5}",0.144,-0.033,-0.033,0.536,0.243,0.243,0.233,-0.019,-0.019,0.034,-0.538,-0.538
SPX500,"{""entry_tf"": 5, ""vwap"": true, ""time_stop"": 90, ""legs"": false, ""leg_max"": 4, ""legs_mgmt"": ""fixed"", ""leg_window"": 60, ""ma"": 100, ""dyn"": false, ""entry_mode"": ""close"", ""pb_frac"": 0.5, ""pb_wait"": 15, ""gap"": ""off"", ""body_min"": 0.3, ""volf"": ""mid"", ""dow"": ""none"", ""big_thr"": 20, ""big_sl"": 50, ""big_tp"": 0, ""std_sl"": 30, ""std_tp"": 0, ""leg_gap"": 10, ""leg_sl"": 45, ""leg_tp"": 60, ""gap_min"": 0, ""be_at"": 0.5, ""partial"": 0, ""trail"": 1.5}",0.272,-0.055,-0.055,0.052,-0.562,-0.562,1.007,0.556,0.556,0.124,-0.345,-0.345
SPX500,"{""entry_tf"": 5, ""vwap"": true, ""time_stop"": 90, ""legs"": true, ""leg_max"": 1, ""legs_mgmt"": ""fixed"", ""leg_window"": 120, ""ma"": 0, ""dyn"": false, ""entry_mode"": ""close"", ""pb_frac"": 0.3, ""pb_wait"": 15, ""gap"": ""off"", ""body_min"": 0.3, ""volf"": ""mid"", ""dow"": ""none"", ""big_thr"": 15, ""big_sl"": 25, ""big_tp"": 0, ""std_sl"": 35, ""std_tp"": 80, ""leg_gap"": 15, ""leg_sl"": 45, ""leg_tp"": 140, ""gap_min"": 20, ""be_at"": 1.5, ""partial"": 1.5, ""trail"": 1.5}",0.872,0.606,0.606,-99.0,-0.906,-99.0,0.965,0.594,0.594,-99.0,-0.912,-99.0
SPX500,"{""entry_tf"": 5, ""vwap"": true, ""time_stop"": 240, ""legs"": true, ""leg_max"": 4, ""legs_mgmt"": ""same"", ""leg_window"": 60, ""ma"": 0, ""dyn"": false, ""entry_mode"": ""close"", ""pb_frac"": 0.5, ""pb_wait"": 15, ""gap"": ""off"", ""body_min"": 0.3, ""volf"": ""off"", ""dow"": ""none"", ""big_thr"": 15, ""big_sl"": 35, ""big_tp"": 200, ""std_sl"": 35, ""std_tp"": 0, ""leg_gap"": 25, ""leg_sl"": 45, ""leg_tp"": 115, ""gap_min"": 20, ""be_at"": 2.0, ""partial"": 3.0, ""trail"": 1.5}",1.02,0.713,0.713,0.54,0.292,0.292,1.443,1.072,1.072,0.776,0.519,0.519
SPX500,"{""entry_tf"": 5, ""vwap"": true, ""time_stop"": 240, ""legs"": true, ""leg_max"": 6, ""legs_mgmt"": ""fixed"", ""leg_window"": 120, ""ma"": 0, ""dyn"": false, ""entry_mode"": ""close"", ""pb_frac"": 0.5, ""pb_wait"": 30, ""gap"": ""off"", ""body_min"": 0.5, ""volf"": ""skip_high"", ""dow"": ""fri"", ""big_thr"": 25, ""big_sl"": 30, ""big_tp"": 200, ""std_sl"": 25, ""std_tp"": 0, ""leg_gap"": 20, ""leg_sl"": 25, ""leg_tp"": 115, ""gap_min"": 100, ""be_at"": 0, ""partial"": 0, ""trail"": 1.5}",0.055,-0.37,-0.37,0.74,-0.027,-0.027,0.6,-0.017,-0.017,1.168,0.43,0.43
SPX500,"{""entry_tf"": 5, ""vwap"": true, ""time_stop"": 90, ""legs"": true, ""leg_max"": 1, ""legs_mgmt"": ""fixed"", ""leg_window"": 60, ""ma"": 100, ""dyn"": false, ""entry_mode"": ""close"", ""pb_frac"": 0.7, ""pb_wait"": 15, ""gap"": ""off"", ""body_min"": 0, ""volf"": ""off"", ""dow"": ""mon"", ""big_thr"": 10, ""big_sl"": 50, ""big_tp"": 0, ""std_sl"": 35, ""std_tp"": 50, ""leg_gap"": 25, ""leg_sl"": 25, ""leg_tp"": 140, ""gap_min"": 50, ""be_at"": 1.5, ""partial"": 3.0, ""trail"": 1.5}",0.194,-0.139,-0.139,0.055,-0.382,-0.382,0.561,0.438,0.438,0.477,-0.003,-0.003
SPX500,"{""entry_tf"": 5, ""vwap"": true, ""time_stop"": 90, ""legs"": true, ""leg_max"": 4, ""legs_mgmt"": ""same"", ""leg_window"": 120, ""ma"": 0, ""dyn"": false, ""entry_mode"": ""close"", ""pb_frac"": 0.7, ""pb_wait"": 15, ""gap"": ""against"", ""body_min"": 0.3, ""volf"": ""off"", ""dow"": ""none"", ""big_thr"": 20, ""big_sl"": 30, ""big_tp"": 60, ""std_sl"": 25, ""std_tp"": 42, ""leg_gap"": 10, ""leg_sl"": 25, ""leg_tp"": 140, ""gap_min"": 20, ""be_at"": 2.0, ""partial"": 3.0, ""trail"": 3.0}",0.83,0.282,0.282,0.161,-0.42,-0.42,0.8,0.236,0.236,-99.0,-1.0,-99.0
SPX500,"{""entry_tf"": 5, ""vwap"": true, ""time_stop"": 90, ""legs"": true, ""leg_max"": 6, ""legs_mgmt"": ""same"", ""leg_window"": 120, ""ma"": 0, ""dyn"": false, ""entry_mode"": ""close"", ""pb_frac"": 0.5, ""pb_wait"": 15, ""gap"": ""off"", ""body_min"": 0.5, ""volf"": ""mid"", ""dow"": ""none"", ""big_thr"": 10, ""big_sl"": 30, ""big_tp"": 60, ""std_sl"": 25, ""std_tp"": 60, ""leg_gap"": 10, ""leg_sl"": 25, ""leg_tp"": 140, ""gap_min"": 100, ""be_at"": 0, ""partial"": 2.0, ""trail"": 1.5}",0.823,0.646,0.646,-99.0,-0.9,-99.0,1.469,1.152,1.152,0.824,0.665,0.665
SPX500,"{""entry_tf"": 5, ""vwap"": true, ""time_stop"": 90, ""legs"": true, ""leg_max"": 6, ""legs_mgmt"": ""same"", ""leg_window"": 120, ""ma"": 100, ""dyn"": false, ""entry_mode"": ""close"", ""pb_frac"": 0.7, ""pb_wait"": 15, ""gap"": ""off"", ""body_min"": 0, ""volf"": ""skip_low"", ""dow"": ""none"", ""big_thr"": 10, ""big_sl"": 30, ""big_tp"": 115, ""std_sl"": 35, ""std_tp"": 50, ""leg_gap"": 15, ""leg_sl"": 25, ""leg_tp"": 0, ""gap_min"": 0, ""be_at"": 1.5, ""partial"": 0, ""trail"": 1.5}",-99.0,-0.759,-99.0,-99.0,-1.0,-99.0,0.075,-0.167,-0.167,0.429,-0.226,-0.226
SPX500,"{""entry_tf"": 5, ""vwap"": true, ""time_stop"": 90, ""legs"": true, ""leg_max"": 6, ""legs_mgmt"": ""same"", ""leg_window"": 60, ""ma"": 100, ""dyn"": false, ""entry_mode"": ""close"", ""pb_frac"": 0.7, ""pb_wait"": 5, ""gap"": ""against"", ""body_min"": 0, ""volf"": ""off"", ""dow"": ""none"", ""big_thr"": 20, ""big_sl"": 50, ""big_tp"": 0, ""std_sl"": 35, ""std_tp"": 0, ""leg_gap"": 25, ""leg_sl"": 25, ""leg_tp"": 140, ""gap_min"": 20, ""be_at"": 2.0, ""partial"": 1.0, ""trail"": 1.0}",0.301,-0.142,-0.142,-99.0,-1.0,-99.0,1.008,0.278,0.278,-99.0,-1.0,-99.0
SPX500,"{""entry_tf"": 5, ""vwap"": true, ""time_stop"": 999, ""legs"": false, ""leg_max"": 1, ""legs_mgmt"": ""fixed"", ""leg_window"": 30, ""ma"": 0, ""dyn"": false, ""entry_mode"": ""close"", ""pb_frac"": 0.5, ""pb_wait"": 5, ""gap"": ""off"", ""body_min"": 0.5, ""volf"": ""off"", ""dow"": ""none"", ""big_thr"": 15, ""big_sl"": 30, ""big_tp"": 80, ""std_sl"": 25, ""std_tp"": 0, ""leg_gap"": 20, ""leg_sl"": 35, ""leg_tp"": 140, ""gap_min"": 0, ""be_at"": 0, ""partial"": 0, ""trail"": 1.5}",0.714,0.238,0.238,0.593,-0.116,-0.116,1.264,0.511,0.511,1.07,0.351,0.351
SPX500,"{""entry_tf"": 5, ""vwap"": true, ""time_stop"": 999, ""legs"": false, ""leg_max"": 2, ""legs_mgmt"": ""fixed"", ""leg_window"": 60, ""ma"": 100, ""dyn"": false, ""entry_mode"": ""close"", ""pb_frac"": 0.7, ""pb_wait"": 5, ""gap"": ""off"", ""body_min"": 0.5, ""volf"": ""skip_high"", ""dow"": ""none"", ""big_thr"": 15, ""big_sl"": 40, ""big_tp"": 100, ""std_sl"": 30, ""std_tp"": 42, ""leg_gap"": 25, ""leg_sl"": 35, ""leg_tp"": 115, ""gap_min"": 0, ""be_at"": 0.5, ""partial"": 0, ""trail"": 0}",1.078,0.626,0.626,-99.0,-0.672,-99.0,1.573,1.022,1.022,0.489,0.184,0.184
SPX500,"{""entry_tf"": 5, ""vwap"": true, ""time_stop"": 999, ""legs"": false, ""leg_max"": 2, ""legs_mgmt"": ""same"", ""leg_window"": 120, ""ma"": 0, ""dyn"": true, ""entry_mode"": ""close"", ""pb_frac"": 0.3, ""pb_wait"": 30, ""gap"": ""off"", ""body_min"": 0.5, ""volf"": ""skip_high"", ""dow"": ""none"", ""big_thr"": 10, ""big_sl"": 50, ""big_tp"": 0, ""std_sl"": 25, ""std_tp"": 80, ""leg_gap"": 10, ""leg_sl"": 35, ""leg_tp"": 140, ""gap_min"": 100, ""be_at"": 0, ""partial"": 0, ""trail"": 1.5}",0.781,0.322,0.322,0.895,0.341,0.341,0.914,0.306,0.306,0.778,0.419,0.419
SPX500,"{""entry_tf"": 5, ""vwap"": true, ""time_stop"": 999, ""legs"": false, ""leg_max"": 1, ""legs_mgmt"": ""same"", ""leg_window"": 120, ""ma"": 0, ""dyn"": false, ""entry_mode"": ""close"", ""pb_frac"": 0.3, ""pb_wait"": 15, ""gap"": ""with"", ""body_min"": 0, ""volf"": ""off"", ""dow"": ""none"", ""big_thr"": 20, ""big_sl"": 40, ""big_tp"": 200, ""std_sl"": 20, ""std_tp"": 0, ""leg_gap"": 25, ""leg_sl"": 25, ""leg_tp"": 90, ""gap_min"": 20, ""be_at"": 1.5, ""partial"": 2.0, ""trail"": 2.0}",-99.0,-1.0,-99.0,-99.0,-1.0,-99.0,-99.0,-0.701,-99.0,0.58,-0.231,-0.231
SPX500,"{""entry_tf"": 5, ""vwap"": true, ""time_stop"": 999, ""legs"": false, ""leg_max"": 2, ""legs_mgmt"": ""fixed"", ""leg_window"": 30, ""ma"": 100, ""dyn"": false, ""entry_mode"": ""close"", ""pb_frac"": 0.5, ""pb_wait"": 15, ""gap"": ""off"", ""body_min"": 0.3, ""volf"": ""off"", ""dow"": ""none"", ""big_thr"": 15, ""big_sl"": 35, ""big_tp"": 80, ""std_sl"": 30, ""std_tp"": 0, ""leg_gap"": 25, ""leg_sl"": 25, ""leg_tp"": 0, ""gap_min"": 20, ""be_at"": 1.0, ""partial"": 2.0, ""trail"": 1.5}",0.784,0.557,0.557,0.183,-0.003,-0.003,1.047,0.787,0.787,0.134,-0.176,-0.176
SPX500,"{""entry_tf"": 5, ""vwap"": true, ""time_stop"": 999, ""legs"": true, ""leg_max"": 1, ""legs_mgmt"": ""fixed"", ""leg_window"": 120, ""ma"": 0, ""dyn"": true, ""entry_mode"": ""close"", ""pb_frac"": 0.7, ""pb_wait"": 30, ""gap"": ""against"", ""body_min"": 0.3, ""volf"": ""skip_high"", ""dow"": ""none"", ""big_thr"": 15, ""big_sl"": 50, ""big_tp"": 130, ""std_sl"": 35, ""std_tp"": 50, ""leg_gap"": 25, ""leg_sl"": 45, ""leg_tp"": 140, ""gap_min"": 20, ""be_at"": 2.0, ""partial"": 0, ""trail"": 1.5}",1.038,0.457,0.457,0.553,0.013,0.013,0.942,0.352,0.352,0.365,-0.089,-0.089
SPX500,"{""entry_tf"": 5, ""vwap"": true, ""time_stop"": 999, ""legs"": true, ""leg_max"": 1, ""legs_mgmt"": ""fixed"", ""leg_window"": 60, ""ma"": 100, ""dyn"": false, ""entry_mode"": ""close"", ""pb_frac"": 0.7, ""pb_wait"": 30, ""gap"": ""off"", ""body_min"": 0.3, ""volf"": ""off"", ""dow"": ""none"", ""big_thr"": 20, ""big_sl"": 40, ""big_tp"": 80, ""std_sl"": 30, ""std_tp"": 42, ""leg_gap"": 25, ""leg_sl"": 25, ""leg_tp"": 90, ""gap_min"": 20, ""be_at"": 0, ""partial"": 3.0, ""trail"": 3.0}",1.101,0.461,0.461,-99.0,-0.907,-99.0,0.364,-0.02,-0.02,0.198,-0.423,-0.423
SPX500,"{""entry_tf"": 5, ""vwap"": true, ""time_stop"": 999, ""legs"": false, ""leg_max"": 4, ""legs_mgmt"": ""fixed"", ""leg_window"": 30, ""ma"": 100, ""dyn"": false, ""entry_mode"": ""close"", ""pb_frac"": 0.3, ""pb_wait"": 5, ""gap"": ""off"", ""body_min"": 0.5, ""volf"": ""off"", ""dow"": ""none"", ""big_thr"": 15, ""big_sl"": 30, ""big_tp"": 200, ""std_sl"": 35, ""std_tp"": 80, ""leg_gap"": 20, ""leg_sl"": 45, ""leg_tp"": 115, ""gap_min"": 50, ""be_at"": 2.0, ""partial"": 2.0, ""trail"": 0}",1.59,1.212,1.212,0.05,-0.363,-0.363,0.759,0.532,0.532,0.63,0.321,0.321
SPX500,"{""entry_tf"": 5, ""vwap"": true, ""time_stop"": 999, ""legs"": false, ""leg_max"": 6, ""legs_mgmt"": ""same"", ""leg_window"": 30, ""ma"": 100, ""dyn"": false, ""entry_mode"": ""close"", ""pb_frac"": 0.5, ""pb_wait"": 30, ""gap"": ""against"", ""body_min"": 0.3, ""volf"": ""off"", ""dow"": ""none"", ""big_thr"": 10, ""big_sl"": 50, ""big_tp"": 115, ""std_sl"": 35, ""std_tp"": 42, ""leg_gap"": 10, ""leg_sl"": 35, ""leg_tp"": 0, ""gap_min"": 0, ""be_at"": 1.5, ""partial"": 3.0, ""trail"": 1.5}",0.788,0.372,0.372,1.0,0.351,0.351,1.015,0.493,0.493,-99.0,-0.913,-99.0
SPX500,"{""entry_tf"": 5, ""vwap"": true, ""time_stop"": 999, ""legs"": true, ""leg_max"": 4, ""legs_mgmt"": ""fixed"", ""leg_window"": 60, ""ma"": 0, ""dyn"": false, ""entry_mode"": ""close"", ""pb_frac"": 0.7, ""pb_wait"": 30, ""gap"": ""off"", ""body_min"": 0.5, ""volf"": ""skip_high"", ""dow"": ""mon"", ""big_thr"": 10, ""big_sl"": 50, ""big_tp"": 130, ""std_sl"": 30, ""std_tp"": 50, ""leg_gap"": 20, ""leg_sl"": 35, ""leg_tp"": 115, ""gap_min"": 0, ""be_at"": 2.0, ""partial"": 2.0, ""trail"": 1.0}",0.605,0.232,0.232,0.406,-0.094,-0.094,0.429,0.116,0.116,0.152,-0.157,-0.157
SPX500,"{""entry_tf"": 5, ""vwap"": true, ""time_stop"": 999, ""legs"": true, ""leg_max"": 4, ""legs_mgmt"": ""same"", ""leg_window"": 30, ""ma"": 0, ""dyn"": false, ""entry_mode"": ""close"", ""pb_frac"": 0.5, ""pb_wait"": 15, ""gap"": ""off"", ""body_min"": 0.5, ""volf"": ""skip_low"", ""dow"": ""mon"", ""big_thr"": 10, ""big_sl"": 30, ""big_tp"": 115, ""std_sl"": 30, ""std_tp"": 0, ""leg_gap"": 25, ""leg_sl"": 35, ""leg_tp"": 0, ""gap_min"": 0, ""be_at"": 0, ""partial"": 1.5, ""trail"": 1.5}",0.586,0.174,0.174,-99.0,-1.0,-99.0,0.777,0.325,0.325,0.421,0.05,0.05
SPX500,"{""entry_tf"": 5, ""vwap"": true, ""time_stop"": 999, ""legs"": true, ""leg_max"": 2, ""legs_mgmt"": ""fixed"", ""leg_window"": 120, ""ma"": 100, ""dyn"": false, ""entry_mode"": ""close"", ""pb_frac"": 0.5, ""pb_wait"": 5, ""gap"": ""off"", ""body_min"": 0, ""volf"": ""skip_low"", ""dow"": ""none"", ""big_thr"": 10, ""big_sl"": 40, ""big_tp"": 130, ""std_sl"": 35, ""std_tp"": 30, ""leg_gap"": 10, ""leg_sl"": 25, ""leg_tp"": 90, ""gap_min"": 20, ""be_at"": 1.0, ""partial"": 2.0, ""trail"": 3.0}",0.18,-0.362,-0.362,0.041,-0.635,-0.635,0.675,0.36,0.36,0.447,-0.113,-0.113
SPX500,"{""entry_tf"": 5, ""vwap"": true, ""time_stop"": 999, ""legs"": true, ""leg_max"": 4, ""legs_mgmt"": ""fixed"", ""leg_window"": 30, ""ma"": 0, ""dyn"": false, ""entry_mode"": ""close"", ""pb_frac"": 0.3, ""pb_wait"": 5, ""gap"": ""off"", ""body_min"": 0.5, ""volf"": ""skip_high"", ""dow"": ""none"", ""big_thr"": 10, ""big_sl"": 40, ""big_tp"": 200, ""std_sl"": 30, ""std_tp"": 50, ""leg_gap"": 20, ""leg_sl"": 45, ""leg_tp"": 140, ""gap_min"": 100, ""be_at"": 1.5, ""partial"": 0, ""trail"": 3.0}",1.018,0.514,0.514,0.392,-0.174,-0.174,0.821,0.339,0.339,0.662,0.183,0.183
SPX500,"{""entry_tf"": 5, ""vwap"": true, ""time_stop"": 999, ""legs"": true, ""leg_max"": 4, ""legs_mgmt"": ""same"", ""leg_window"": 60, ""ma"": 0, ""dyn"": false, ""entry_mode"": ""close"", ""pb_frac"": 0.3, ""pb_wait"": 15, ""gap"": ""off"", ""body_min"": 0.5, ""volf"": ""skip_low"", ""dow"": ""none"", ""big_thr"": 25, ""big_sl"": 25, ""big_tp"": 130, ""std_sl"": 30, ""std_tp"": 50, ""leg_gap"": 15, ""leg_sl"": 35, ""leg_tp"": 140, ""gap_min"": 20, ""be_at"": 1.5, ""partial"": 0, ""trail"": 1.5}",0.706,0.316,0.316,0.031,-0.618,-0.618,1.163,0.583,0.583,0.53,-0.037,-0.037
SPX500,"{""entry_tf"": 5, ""vwap"": true, ""time_stop"": 999, ""legs"": true, ""leg_max"": 4, ""legs_mgmt"": ""same"", ""leg_window"": 60, ""ma"": 0, ""dyn"": false, ""entry_mode"": ""close"", ""pb_frac"": 0.3, ""pb_wait"": 30, ""gap"": ""off"", ""body_min"": 0.3, ""volf"": ""skip_high"", ""dow"": ""fri"", ""big_thr"": 10, ""big_sl"": 50, ""big_tp"": 100, ""std_sl"": 15, ""std_tp"": 30, ""leg_gap"": 10, ""leg_sl"": 45, ""leg_tp"": 90, ""gap_min"": 20, ""be_at"": 2.0, ""partial"": 2.0, ""trail"": 2.0}",0.695,0.251,0.251,0.044,-0.367,-0.367,0.956,0.505,0.505,0.114,-0.519,-0.519
GER40,"{""entry_tf"": 1, ""vwap"": false, ""time_stop"": 90, ""legs"": false, ""leg_max"": 4, ""legs_mgmt"": ""same"", ""leg_window"": 60, ""ma"": 100, ""dyn"": false, ""entry_mode"": ""close"", ""pb_frac"": 0.3, ""pb_wait"": 5, ""gap"": ""with"", ""body_min"": 0, ""volf"": ""off"", ""dow"": ""mon"", ""big_thr"": 25, ""big_sl"": 40, ""big_tp"": 0, ""std_sl"": 35, ""std_tp"": 80, ""leg_gap"": 25, ""leg_sl"": 45, ""leg_tp"": 115, ""gap_min"": 0, ""be_at"": 0.5, ""partial"": 0, ""trail"": 3.0}",0.268,-0.294,-0.294,-99.0,-1.0,-99.0,-99.0,-1.0,-99.0,0.385,-0.166,-0.166
GER40,"{""entry_tf"": 1, ""vwap"": false, ""time_stop"": 999, ""legs"": true, ""leg_max"": 1, ""legs_mgmt"": ""fixed"", ""leg_window"": 60, ""ma"": 100, ""dyn"": true, ""entry_mode"": ""close"", ""pb_frac"": 0.3, ""pb_wait"": 30, ""gap"": ""off"", ""body_min"": 0, ""volf"": ""skip_high"", ""dow"": ""none"", ""big_thr"": 20, ""big_sl"": 35, ""big_tp"": 200, ""std_sl"": 35, ""std_tp"": 0, ""leg_gap"": 25, ""leg_sl"": 25, ""leg_tp"": 60, ""gap_min"": 100, ""be_at"": 0, ""partial"": 0, ""trail"": 0}",0.506,-0.187,-0.187,0.089,-0.536,-0.536,-99.0,-1.0,-99.0,-99.0,-1.0,-99.0
GER40,"{""entry_tf"": 1, ""vwap"": true, ""time_stop"": 240, ""legs"": true, ""leg_max"": 2, ""legs_mgmt"": ""fixed"", ""leg_window"": 60, ""ma"": 0, ""dyn"": true, ""entry_mode"": ""close"", ""pb_frac"": 0.7, ""pb_wait"": 15, ""gap"": ""with"", ""body_min"": 0, ""volf"": ""off"", ""dow"": ""mon"", ""big_thr"": 15, ""big_sl"": 25, ""big_tp"": 0, ""std_sl"": 35, ""std_tp"": 30, ""leg_gap"": 15, ""leg_sl"": 25, ""leg_tp"": 0, ""gap_min"": 20, ""be_at"": 2.0, ""partial"": 0, ""trail"": 3.0}",-99.0,-0.915,-99.0,0.126,-0.606,-0.606,-99.0,-1.0,-99.0,-99.0,-1.0,-99.0
GER40,"{""entry_tf"": 1, ""vwap"": true, ""time_stop"": 240, ""legs"": true, ""leg_max"": 4, ""legs_mgmt"": ""fixed"", ""leg_window"": 120, ""ma"": 0, ""dyn"": false, ""entry_mode"": ""close"", ""pb_frac"": 0.3, ""pb_wait"": 30, ""gap"": ""with"", ""body_min"": 0, ""volf"": ""skip_high"", ""dow"": ""none"", ""big_thr"": 20, ""big_sl"": 40, ""big_tp"": 130, ""std_sl"": 15, ""std_tp"": 0, ""leg_gap"": 15, ""leg_sl"": 45, ""leg_tp"": 0, ""gap_min"": 20, ""be_at"": 2.0, ""partial"": 0, ""trail"": 0}",-99.0,-1.0,-99.0,-99.0,-0.915,-99.0,-99.0,-1.0,-99.0,0.05,-0.549,-0.549
GER40,"{""entry_tf"": 1, ""vwap"": false, ""time_stop"": 240, ""legs"": true, ""leg_max"": 1, ""legs_mgmt"": ""fixed"", ""leg_window"": 60, ""ma"": 100, ""dyn"": false, ""entry_mode"": ""close"", ""pb_frac"": 0.3, ""pb_wait"": 5, ""gap"": ""off"", ""body_min"": 0, ""volf"": ""skip_low"", ""dow"": ""mon"", ""big_thr"": 15, ""big_sl"": 50, ""big_tp"": 0, ""std_sl"": 35, ""std_tp"": 30, ""leg_gap"": 10, ""leg_sl"": 45, ""leg_tp"": 140, ""gap_min"": 50, ""be_at"": 0, ""partial"": 0, ""trail"": 0}",-99.0,-0.722,-99.0,0.209,-0.408,-0.408,-99.0,-1.0,-99.0,-99.0,-1.0,-99.0
GER40,"{""entry_tf"": 1, ""vwap"": false, ""time_stop"": 240, ""legs"": true, ""leg_max"": 4, ""legs_mgmt"": ""fixed"", ""leg_window"": 30, ""ma"": 100, ""dyn"": false, ""entry_mode"": ""close"", ""pb_frac"": 0.3, ""pb_wait"": 15, ""gap"": ""off"", ""body_min"": 0, ""volf"": ""skip_low"", ""dow"": ""fri"", ""big_thr"": 10, ""big_sl"": 40, ""big_tp"": 200, ""std_sl"": 20, ""std_tp"": 0, ""leg_gap"": 15, ""leg_sl"": 25, ""leg_tp"": 60, ""gap_min"": 100, ""be_at"": 1.5, ""partial"": 3.0, ""trail"": 0}",-99.0,-1.0,-99.0,-99.0,-1.0,-99.0,-99.0,-1.0,-99.0,0.211,-0.482,-0.482
SPX500,"{""entry_tf"": 5, ""vwap"": true, ""time_stop"": 999, ""legs"": true, ""leg_max"": 6, ""legs_mgmt"": ""fixed"", ""leg_window"": 120, ""ma"": 100, ""dyn"": false, ""entry_mode"": ""close"", ""pb_frac"": 0.3, ""pb_wait"": 5, ""gap"": ""off"", ""body_min"": 0, ""volf"": ""off"", ""dow"": ""none"", ""big_thr"": 10, ""big_sl"": 50, ""big_tp"": 130, ""std_sl"": 30, ""std_tp"": 50, ""leg_gap"": 25, ""leg_sl"": 45, ""leg_tp"": 60, ""gap_min"": 100, ""be_at"": 2.0, ""partial"": 1.5, ""trail"": 2.0}",1.063,0.515,0.515,0.054,-0.373,-0.373,0.368,0.129,0.129,-99.0,-0.817,-99.0
GER40,"{""entry_tf"": 1, ""vwap"": false, ""time_stop"": 180, ""legs"": false, ""leg_max"": 2, ""legs_mgmt"": ""same"", ""leg_window"": 30, ""ma"": 100, ""dyn"": false, ""entry_mode"": ""close"", ""pb_frac"": 0.3, ""pb_wait"": 15, ""gap"": ""against"", ""body_min"": 0, ""volf"": ""off"", ""dow"": ""fri"", ""big_thr"": 15, ""big_sl"": 50, ""big_tp"": 130, ""std_sl"": 20, ""std_tp"": 60, ""leg_gap"": 25, ""leg_sl"": 45, ""leg_tp"": 0, ""gap_min"": 0, ""be_at"": 1.0, ""partial"": 0, ""trail"": 0}",-99.0,-0.893,-99.0,0.019,-0.57,-0.57,-99.0,-1.0,-99.0,-99.0,-1.0,-99.0
GER40,"{""entry_tf"": 5, ""vwap"": false, ""time_stop"": 180, ""legs"": false, ""leg_max"": 4, ""legs_mgmt"": ""same"", ""leg_window"": 120, ""ma"": 0, ""dyn"": true, ""entry_mode"": ""close"", ""pb_frac"": 0.3, ""pb_wait"": 30, ""gap"": ""against"", ""body_min"": 0, ""volf"": ""off"", ""dow"": ""fri"", ""big_thr"": 25, ""big_sl"": 25, ""big_tp"": 0, ""std_sl"": 25, ""std_tp"": 50, ""leg_gap"": 25, ""leg_sl"": 45, ""leg_tp"": 90, ""gap_min"": 50, ""be_at"": 0.5, ""partial"": 0, ""trail"": 0}",0.162,-0.517,-0.517,0.411,-0.355,-0.355,0.888,-0.107,-0.107,0.392,-0.34,-0.34
GER40,"{""entry_tf"": 5, ""vwap"": false, ""time_stop"": 90, ""legs"": true, ""leg_max"": 4, ""legs_mgmt"": ""same"", ""leg_window"": 60, ""ma"": 0, ""dyn"": false, ""entry_mode"": ""close"", ""pb_frac"": 0.5, ""pb_wait"": 15, ""gap"": ""with"", ""body_min"": 0.3, ""volf"": ""off"", ""dow"": ""mon"", ""big_thr"": 10, ""big_sl"": 50, ""big_tp"": 0, ""std_sl"": 35, ""std_tp"": 42, ""leg_gap"": 25, ""leg_sl"": 35, ""leg_tp"": 115, ""gap_min"": 0, ""be_at"": 0, ""partial"": 2.0, ""trail"": 1.0}",0.507,-0.099,-0.099,-99.0,-0.914,-99.0,-99.0,-1.0,-99.0,0.262,-0.276,-0.276
GER40,"{""entry_tf"": 1, ""vwap"": true, ""time_stop"": 999, ""legs"": false, ""leg_max"": 6, ""legs_mgmt"": ""fixed"", ""leg_window"": 120, ""ma"": 100, ""dyn"": true, ""entry_mode"": ""close"", ""pb_frac"": 0.3, ""pb_wait"": 30, ""gap"": ""off"", ""body_min"": 0.3, ""volf"": ""skip_high"", ""dow"": ""mon"", ""big_thr"": 10, ""big_sl"": 25, ""big_tp"": 0, ""std_sl"": 15, ""std_tp"": 30, ""leg_gap"": 15, ""leg_sl"": 45, ""leg_tp"": 0, ""gap_min"": 50, ""be_at"": 0, ""partial"": 0, ""trail"": 0}",0.108,-0.45,-0.45,-99.0,-0.911,-99.0,-99.0,-0.913,-99.0,-99.0,-1.0,-99.0
GER40,"{""entry_tf"": 1, ""vwap"": true, ""time_stop"": 999, ""legs"": true, ""leg_max"": 4, ""legs_mgmt"": ""same"", ""leg_window"": 120, ""ma"": 100, ""dyn"": false, ""entry_mode"": ""close"", ""pb_frac"": 0.3, ""pb_wait"": 5, ""gap"": ""off"", ""body_min"": 0.5, ""volf"": ""off"", ""dow"": ""fri"", ""big_thr"": 10, ""big_sl"": 25, ""big_tp"": 150, ""std_sl"": 35, ""std_tp"": 60, ""leg_gap"": 25, ""leg_sl"": 45, ""leg_tp"": 115, ""gap_min"": 20, ""be_at"": 0, ""partial"": 0, ""trail"": 3.0}",0.291,-0.347,-0.347,-99.0,-0.915,-99.0,-99.0,-1.0,-99.0,-99.0,-1.0,-99.0
GER40,"{""entry_tf"": 5, ""vwap"": false, ""time_stop"": 999, ""legs"": false, ""leg_max"": 6, ""legs_mgmt"": ""same"", ""leg_window"": 30, ""ma"": 0, ""dyn"": false, ""entry_mode"": ""close"", ""pb_frac"": 0.5, ""pb_wait"": 5, ""gap"": ""with"", ""body_min"": 0, ""volf"": ""skip_low"", ""dow"": ""mon"", ""big_thr"": 10, ""big_sl"": 40, ""big_tp"": 150, ""std_sl"": 20, ""std_tp"": 50, ""leg_gap"": 10, ""leg_sl"": 35, ""leg_tp"": 90, ""gap_min"": 20, ""be_at"": 1.5, ""partial"": 0, ""trail"": 2.0}",-99.0,-1.0,-99.0,0.157,-0.314,-0.314,-99.0,-0.906,-99.0,-99.0,-1.0,-99.0
GER40,"{""entry_tf"": 5, ""vwap"": true, ""time_stop"": 240, ""legs"": false, ""leg_max"": 1, ""legs_mgmt"": ""same"", ""leg_window"": 60, ""ma"": 0, ""dyn"": false, ""entry_mode"": ""close"", ""pb_frac"": 0.3, ""pb_wait"": 30, ""gap"": ""with"", ""body_min"": 0, ""volf"": ""off"", ""dow"": ""mon"", ""big_thr"": 10, ""big_sl"": 50, ""big_tp"": 80, ""std_sl"": 35, ""std_tp"": 60, ""leg_gap"": 25, ""leg_sl"": 35, ""leg_tp"": 140, ""gap_min"": 20, ""be_at"": 0.5, ""partial"": 1.5, ""trail"": 2.0}",0.072,-0.464,-0.464,-99.0,-1.0,-99.0,-99.0,-1.0,-99.0,-99.0,-1.0,-99.0
GER40,"{""entry_tf"": 5, ""vwap"": false, ""time_stop"": 999, ""legs"": false, ""leg_max"": 1, ""legs_mgmt"": ""fixed"", ""leg_window"": 60, ""ma"": 0, ""dyn"": false, ""entry_mode"": ""close"", ""pb_frac"": 0.5, ""pb_wait"": 15, ""gap"": ""off"", ""body_min"": 0, ""volf"": ""skip_high"", ""dow"": ""fri"", ""big_thr"": 10, ""big_sl"": 35, ""big_tp"": 0, ""std_sl"": 20, ""std_tp"": 80, ""leg_gap"": 25, ""leg_sl"": 45, ""leg_tp"": 140, ""gap_min"": 50, ""be_at"": 0.5, ""partial"": 0, ""trail"": 0}",0.092,-0.537,-0.537,-99.0,-1.0,-99.0,-99.0,-1.0,-99.0,-99.0,-1.0,-99.0
GER40,"{""entry_tf"": 5, ""vwap"": false, ""time_stop"": 999, ""legs"": false, ""leg_max"": 6, ""legs_mgmt"": ""same"", ""leg_window"": 30, ""ma"": 0, ""dyn"": false, ""entry_mode"": ""close"", ""pb_frac"": 0.3, ""pb_wait"": 30, ""gap"": ""with"", ""body_min"": 0, ""volf"": ""off"", ""dow"": ""mon"", ""big_thr"": 15, ""big_sl"": 50, ""big_tp"": 60, ""std_sl"": 35, ""std_tp"": 80, ""leg_gap"": 20, ""leg_sl"": 25, ""leg_tp"": 90, ""gap_min"": 50, ""be_at"": 2.0, ""partial"": 0, ""trail"": 2.0}",-99.0,-1.0,-99.0,-99.0,-1.0,-99.0,-99.0,-1.0,-99.0,0.018,-0.38,-0.38
GER40,"{""entry_tf"": 5, ""vwap"": true, ""time_stop"": 999, ""legs"": false, ""leg_max"": 6, ""legs_mgmt"": ""fixed"", ""leg_window"": 30, ""ma"": 0, ""dyn"": false, ""entry_mode"": ""close"", ""pb_frac"": 0.3, ""pb_wait"": 5, ""gap"": ""off"", ""body_min"": 0.5, ""volf"": ""off"", ""dow"": ""mon"", ""big_thr"": 20, ""big_sl"": 40, ""big_tp"": 0, ""std_sl"": 35, ""std_tp"": 50, ""leg_gap"": 10, ""leg_sl"": 35, ""leg_tp"": 115, ""gap_min"": 0, ""be_at"": 2.0, ""partial"": 2.0, ""trail"": 0}",-99.0,-1.0,-99.0,-99.0,-1.0,-99.0,-99.0,-1.0,-99.0,0.287,-0.148,-0.148
