2026-09-25 15:28:52 start all {'stage': 'all', 'track': 'short', 'workers': 4, 'inst': ['NQ', 'NDX100', 'US30', 'SPX500', 'GER40', 'FRA40', 'UK100'], 'n1': 50000, 'n1_long': 35000, 'top2': 150, 'top2_long': 60, 'nn': 16, 'nn_long': 12, 'k3': 15, 'k4': 3, 'top4': 80, 'force': False, 'inst_all': ['NQ', 'NDX100', 'US30', 'SPX500', 'GER40', 'FRA40', 'UK100']}
2026-09-25 15:28:55 prep NQ: 2492 days 2016-09-15..2026-09-15, median 2h range (search) 215.2; days short train0/held0 352/91, long train0/held0 1918/521, final 53, stress 1820 (3s)
2026-09-25 15:28:58 prep NDX100: 2565 days 2016-03-16..2026-08-24, median 2h range (search) 210.8; days short train0/held0 351/91, long train0/held0 1915/520, final 38, stress 1817 (3s)
2026-09-25 15:29:01 prep US30: 2335 days 2016-01-04..2026-08-24, median 2h range (search) 314.0; days short train0/held0 351/90, long train0/held0 1696/463, final 38, stress 1542 (3s)
2026-09-25 15:29:04 prep SPX500: 2084 days 2016-05-31..2026-08-06, median 2h range (search) 39.9; days short train0/held0 352/91, long train0/held0 1567/416, final 26, stress 1364 (2s)
2026-09-25 15:29:07 prep GER40: 2564 days 2016-05-27..2026-08-24, median 2h range (search) 132.5; days short train0/held0 366/94, long train0/held0 1980/523, final 39, stress 1861 (3s)
2026-09-25 15:29:08 prep FRA40: 874 days 2023-03-13..2026-08-21, median 2h range (search) 50.6; days short train0/held0 363/87, long train0/held0 668/168, final 38, stress 205 (1s)
2026-09-25 15:29:10 prep UK100: 860 days 2023-03-13..2026-07-31, median 2h range (search) 39.0; days short train0/held0 367/92, long train0/held0 664/173, final 23, stress 201 (1s)
2026-09-25 15:29:10 scales (x NDX points): {'NQ': 1.0, 'NDX100': 1.0, 'US30': 1.4895, 'SPX500': 0.1893, 'GER40': 0.6286, 'FRA40': 0.2402, 'UK100': 0.1851}
2026-09-25 15:29:10 prep done, elapsed 17 s
2026-09-25 15:29:10 stage0: 294 ablation runs
2026-09-25 15:29:21 stage0 NQ:
                     variant  short_train0_Rday  short_held0_Rday  final_Rday  pre2024_Rday  since2024_Rday  short_win_maxDD  stress_maxDD
                   LIVE_COMP             0.3318           -0.1144     -0.0455        0.0004          0.1685           -20.42        -35.55
             LIVE_COMP+MA100             0.3252           -0.0379     -0.0065        0.0189          0.1856           -12.28        -27.94
                   entry_tf5             0.1773           -0.1841      0.3197        0.0095          0.0599           -18.71        -35.36
                    vwap_off             0.3497           -0.2401     -0.1042        0.0067          0.1682           -25.45        -29.84
                    legs_off             0.2342           -0.1046     -0.0065        0.0067          0.1142           -20.59        -34.51
                   dyn_scale             0.2614           -0.2384     -0.3033       -0.0042          0.0868           -21.44        -94.97
          legs_same_mgmt_be1             0.2244           -0.0096     -0.0294       -0.0005          0.1026           -22.77        -32.23
                time_stop_60             0.3228           -0.1170     -0.0455       -0.0067          0.1476           -20.42        -34.05
                time_stop_90             0.3229           -0.1129     -0.0455        0.0070          0.1568           -20.42        -36.43
               time_stop_180             0.3284           -0.1352     -0.0455        0.0079          0.1532           -20.42        -42.50
               time_stop_240             0.3171           -0.1256     -0.0455        0.0086          0.1465           -20.42        -44.51
               time_stop_999             0.3158           -0.1227     -0.0455       -0.0030          0.1599           -20.42        -52.17
                   be_at_0.5             0.2025            0.0313      0.0973        0.0027          0.0789           -17.13        -30.65
                   be_at_1.0             0.2416           -0.0096     -0.0294        0.0022          0.1108           -22.77        -31.94
                   be_at_1.5             0.3207           -0.0484      0.0245       -0.0025          0.1643           -19.71        -33.26
                   be_at_2.0             0.3325           -0.0594      0.0057        0.0013          0.1735           -21.71        -35.30
                 partial_1.0             0.2127           -0.1689     -0.0402       -0.0090          0.0796           -18.45        -33.83
                 partial_1.5             0.2433           -0.1581     -0.0826       -0.0092          0.0975           -18.45        -34.86
                 partial_2.0             0.2770           -0.1169     -0.0213        0.0004          0.1331           -18.71        -34.94
                 partial_3.0             0.3258           -0.1348     -0.0267        0.0037          0.1608           -20.71        -35.98
                   trail_1.0             0.1140           -0.1013      0.0386       -0.0231          0.0113           -26.48        -49.61
                   trail_1.5             0.2267           -0.0410     -0.1104       -0.0163          0.0860           -28.80        -47.85
                   trail_2.0             0.3027           -0.0917     -0.0520       -0.0002          0.1443           -21.08        -32.23
                   trail_3.0             0.3254           -0.1078     -0.0424       -0.0047          0.1651           -23.31        -39.48
             runner_noTP_120             0.3228           -0.2206     -0.0003       -0.0008          0.1591           -21.67        -42.43
  runner_noTP_trail1.5_close             0.2428           -0.0987     -0.1492       -0.0001          0.1022           -28.58        -50.02
runner_noTP_be1_trail2_close             0.2978           -0.0963     -0.1536        0.0237          0.1466           -21.82        -49.06
              pullback_0.3_5             0.1041           -0.1669     -0.1959       -0.0382          0.0520           -17.48        -98.76
             pullback_0.3_15             0.1092           -0.1539     -0.1318       -0.0305          0.0551           -15.77        -82.95
              pullback_0.5_5             0.0706           -0.2604     -0.3017       -0.0174         -0.0041           -17.37        -76.60
             pullback_0.5_15             0.0873           -0.2117     -0.0732       -0.0130          0.0125           -20.16        -68.98
                  gap_with_0             0.0938           -0.0686      0.0136        0.0076          0.0494           -23.53        -26.99
                 gap_with_50             0.1025           -0.0961      0.0722       -0.0109          0.0391           -24.56        -32.64
               gap_against_0             0.2380           -0.0458     -0.0591       -0.0081          0.1191           -11.47        -38.99
              gap_against_50             0.2377           -0.0736     -0.0005       -0.0040          0.1218           -10.21        -47.20
                body_min_0.3             0.3152           -0.0591     -0.0146        0.0246          0.1784           -18.49        -30.62
                body_min_0.5             0.3056           -0.1024     -0.0032        0.0306          0.1719           -15.24        -32.50
               volf_skip_low             0.2882           -0.0866     -0.1595       -0.0094          0.1521           -25.45        -38.69
              volf_skip_high             0.2958           -0.0850     -0.0483        0.0147          0.1525           -18.49        -31.61
                    volf_mid             0.2522           -0.0572     -0.1622        0.0049          0.1361           -21.46        -32.66
                    skip_mon             0.2285           -0.0717     -0.0928        0.0134          0.1226           -22.37        -32.80
                    skip_fri             0.2417           -0.1210     -0.0314       -0.0003          0.1218           -17.58        -45.32
2026-09-25 15:29:21 stage0 NDX100:
                     variant  short_train0_Rday  short_held0_Rday  final_Rday  pre2024_Rday  since2024_Rday  short_win_maxDD  stress_maxDD
                   LIVE_COMP             0.3206           -0.1381      0.4139       -0.0260          0.1697           -23.00        -73.60
             LIVE_COMP+MA100             0.2987           -0.0118      0.4416        0.0003          0.1824           -12.55        -35.67
                   entry_tf5             0.1572           -0.1874      0.5307       -0.0016          0.0434           -20.09        -41.63
                    vwap_off             0.2864           -0.2283      0.3308       -0.0184          0.1475           -29.75        -53.84
                    legs_off             0.2453           -0.1274      0.2714       -0.0207          0.1236           -21.94        -61.87
                   dyn_scale             0.3041           -0.1471     -0.1430       -0.0757          0.1314           -15.76       -155.95
          legs_same_mgmt_be1             0.2003           -0.0459      0.3049       -0.0258          0.0948           -26.94        -71.57
                time_stop_60             0.3209           -0.1372      0.4139       -0.0309          0.1519           -23.00        -82.94
                time_stop_90             0.3149           -0.1364      0.4139       -0.0210          0.1608           -23.00        -66.14
               time_stop_180             0.3165           -0.1593      0.4139       -0.0228          0.1519           -23.00        -63.66
               time_stop_240             0.3052           -0.1498      0.4139       -0.0208          0.1442           -23.00        -63.97
               time_stop_999             0.3041           -0.1469      0.4139       -0.0301          0.1573           -23.00        -76.24
                   be_at_0.5             0.1728            0.0290      0.4026       -0.0150          0.0716           -19.23        -49.04
                   be_at_1.0             0.2145           -0.0459      0.3049       -0.0230          0.1013           -26.94        -71.29
                   be_at_1.5             0.2860           -0.0788      0.4327       -0.0268          0.1536           -22.28        -75.72
                   be_at_2.0             0.3250           -0.0832      0.4064       -0.0248          0.1756           -24.28        -71.68
                 partial_1.0             0.1920           -0.2044      0.3199       -0.0339          0.0709           -20.28        -86.29
                 partial_1.5             0.2113           -0.1769      0.2870       -0.0336          0.0836           -19.78        -85.46
                 partial_2.0             0.2550           -0.1336      0.3462       -0.0280          0.1262           -21.28        -76.44
                 partial_3.0             0.3093           -0.1538      0.3838       -0.0219          0.1600           -23.28        -65.29
                   trail_1.0             0.0904           -0.1233      0.3163       -0.0304         -0.0013           -32.03        -73.18
                   trail_1.5             0.1880           -0.0665      0.2340       -0.0345          0.0827           -34.96        -89.82
                   trail_2.0             0.2813           -0.1207      0.3025       -0.0284          0.1428           -24.08        -79.76
                   trail_3.0             0.3157           -0.1246      0.3463       -0.0292          0.1678           -25.29        -79.08
             runner_noTP_120             0.2841           -0.1965      0.5889       -0.0286          0.1494           -21.86        -73.17
  runner_noTP_trail1.5_close             0.2007           -0.1200      0.1751       -0.0159          0.1024           -38.17        -78.78
runner_noTP_be1_trail2_close             0.2825           -0.0663      0.0461        0.0057          0.1532           -30.48        -51.30
              pullback_0.3_5             0.0836           -0.1995     -0.0987       -0.0486          0.0325           -22.26       -129.57
             pullback_0.3_15             0.0709           -0.1755     -0.0690       -0.0441          0.0256           -23.41       -117.82
              pullback_0.5_5             0.0454           -0.3054     -0.1284       -0.0429         -0.0196           -26.29       -123.30
             pullback_0.5_15             0.0759           -0.2691      0.0715       -0.0388          0.0026           -17.93       -114.27
                  gap_with_0             0.0889           -0.0682      0.1465        0.0066          0.0471           -21.94        -28.28
                 gap_with_50             0.1004           -0.0883      0.1465       -0.0080          0.0452           -23.51        -32.31
               gap_against_0             0.2316           -0.0700      0.2674       -0.0329          0.1227           -12.63        -70.09
              gap_against_50             0.2267           -0.0370      0.3504       -0.0183          0.1271            -8.90        -57.33
                body_min_0.3             0.3251           -0.1291      0.4375        0.0001          0.1735           -19.92        -41.48
                body_min_0.5             0.2731           -0.0501      0.4038        0.0182          0.1578           -16.68        -26.91
               volf_skip_low             0.2953           -0.0597     -0.0176       -0.0308          0.1715           -23.97        -74.87
              volf_skip_high             0.2993           -0.1291      0.4970       -0.0043          0.1535           -18.86        -40.71
                    volf_mid             0.2740           -0.0507      0.0655       -0.0092          0.1552           -20.89        -30.77
                    skip_mon             0.2169           -0.0939      0.2971       -0.0161          0.1243           -24.57        -55.21
                    skip_fri             0.2209           -0.1656      0.1843       -0.0142          0.1073           -19.22        -57.97
2026-09-25 15:29:21 stage0 US30:
                     variant  short_train0_Rday  short_held0_Rday  final_Rday  pre2024_Rday  since2024_Rday  short_win_maxDD  stress_maxDD
                   LIVE_COMP             0.0446           -0.3497     -0.2639       -0.0152          0.0171           -46.60        -59.06
             LIVE_COMP+MA100             0.0012           -0.2459     -0.2639        0.0221         -0.0118           -36.87        -26.34
                   entry_tf5             0.0909           -0.1257     -0.2236       -0.0778          0.0113           -26.85       -143.56
                    vwap_off             0.0503           -0.3473     -0.2619       -0.0282          0.0107           -45.30        -72.30
                    legs_off             0.0340           -0.2685     -0.1530       -0.0189          0.0252           -36.41        -59.96
                   dyn_scale             0.0260           -0.3440     -0.2567       -0.0896         -0.0040           -46.54       -164.45
          legs_same_mgmt_be1             0.0508           -0.2841     -0.2864       -0.0125          0.0367           -33.55        -51.00
                time_stop_60             0.0511           -0.4206     -0.3318       -0.0229         -0.0000           -47.82        -54.89
                time_stop_90             0.0367           -0.3535     -0.2639       -0.0205          0.0107           -47.63        -59.05
               time_stop_180             0.0280           -0.3880     -0.2639       -0.0167          0.0015           -46.60        -58.91
               time_stop_240             0.0510           -0.3902     -0.2639       -0.0112          0.0157           -46.60        -62.95
               time_stop_999             0.0589           -0.3992     -0.2639        0.0010          0.0279           -46.60        -61.74
                   be_at_0.5            -0.0363           -0.1496     -0.2225       -0.0127          0.0089           -29.40        -57.83
                   be_at_1.0             0.0370           -0.2933     -0.2864       -0.0079          0.0197           -34.49        -48.54
                   be_at_1.5             0.0768           -0.3639     -0.3654        0.0055          0.0322           -41.21        -46.15
                   be_at_2.0             0.0603           -0.4051     -0.1924        0.0001          0.0152           -40.00        -46.75
                 partial_1.0             0.0112           -0.2385     -0.2375       -0.0220         -0.0029           -37.25        -58.03
                 partial_1.5             0.0268           -0.2993     -0.2310       -0.0180         -0.0011           -41.00        -48.11
                 partial_2.0             0.0459           -0.3437     -0.1454       -0.0152          0.0085           -37.75        -55.71
                 partial_3.0             0.0600           -0.3417     -0.2300       -0.0102          0.0224           -41.53        -51.16
                   trail_1.0             0.0503           -0.1350     -0.2000       -0.0316          0.0178           -21.52        -62.42
                   trail_1.5             0.0998           -0.2465     -0.3509        0.0054          0.0534           -24.74        -43.94
                   trail_2.0             0.0680           -0.2760     -0.3947        0.0015          0.0358           -34.06        -45.49
                   trail_3.0             0.0408           -0.3075     -0.2562       -0.0046          0.0192           -42.46        -48.73
             runner_noTP_120             0.0403           -0.3953     -0.4707       -0.0234          0.0042           -60.69        -70.44
  runner_noTP_trail1.5_close             0.1040           -0.1774     -0.3509        0.0208          0.0727           -27.29        -43.24
runner_noTP_be1_trail2_close             0.0444           -0.2757     -0.3204       -0.0080          0.0338           -40.07        -46.69
              pullback_0.3_5            -0.0725           -0.3574     -0.4498       -0.0210         -0.1130           -61.08        -57.10
             pullback_0.3_15            -0.0977           -0.3800     -0.5052       -0.0293         -0.1498           -75.19        -73.93
              pullback_0.5_5            -0.0910           -0.1155     -0.1981       -0.0296         -0.0870           -42.32        -59.73
             pullback_0.5_15            -0.0983           -0.1406     -0.1684       -0.0347         -0.1004           -47.92        -75.06
                  gap_with_0             0.0783           -0.1869     -0.3030       -0.0219          0.0284           -35.67        -43.10
                 gap_with_50             0.0889           -0.0581     -0.2753       -0.0138          0.0644           -34.61        -36.17
               gap_against_0            -0.0337           -0.1628      0.0392        0.0055         -0.0113           -33.32        -34.21
              gap_against_50            -0.0428           -0.1238     -0.0201        0.0112         -0.0271           -32.91        -24.69
                body_min_0.3             0.0259           -0.2213     -0.2103       -0.0048          0.0170           -39.30        -59.82
                body_min_0.5             0.0727           -0.1727     -0.1013       -0.0027          0.0221           -34.18        -41.78
               volf_skip_low             0.0297           -0.1507     -0.0717       -0.0061          0.0510           -35.09        -48.49
              volf_skip_high            -0.0378           -0.2326     -0.3489       -0.0149         -0.0438           -46.78        -43.89
                    volf_mid            -0.0527           -0.0337     -0.1568       -0.0057         -0.0100           -31.36        -38.61
                    skip_mon             0.0420           -0.2826     -0.1549       -0.0072          0.0074           -37.27        -45.06
                    skip_fri            -0.0417           -0.2819     -0.3231       -0.0021         -0.0220           -53.36        -35.55
2026-09-25 15:29:21 stage0 SPX500:
                     variant  short_train0_Rday  short_held0_Rday  final_Rday  pre2024_Rday  since2024_Rday  short_win_maxDD  stress_maxDD
                   LIVE_COMP             0.0567           -0.2013     -0.1825       -0.0326         -0.0358           -50.48        -66.56
             LIVE_COMP+MA100             0.1235           -0.0687     -0.1825       -0.0025          0.0200           -23.62        -44.46
                   entry_tf5             0.0434            0.0396     -0.3893       -0.0010          0.0134           -23.47        -54.57
                    vwap_off             0.0551           -0.2869     -0.3922       -0.0436         -0.0477           -56.82        -99.64
                    legs_off             0.0151           -0.2005     -0.0567       -0.0380         -0.0628           -52.35        -75.32
                   dyn_scale             0.0145           -0.2623     -0.0884       -0.1763         -0.1285           -64.05       -257.28
          legs_same_mgmt_be1             0.0373           -0.1525     -0.0122       -0.0144         -0.0430           -41.16        -51.57
                time_stop_60             0.0218           -0.2699     -0.1825       -0.0352         -0.0699           -59.05        -67.81
                time_stop_90             0.0604           -0.2257     -0.1825       -0.0291         -0.0339           -49.52        -62.08
               time_stop_180             0.0538           -0.2292     -0.1825       -0.0308         -0.0496           -55.06        -64.68
               time_stop_240             0.0503           -0.2511     -0.1825       -0.0252         -0.0558           -58.20        -64.69
               time_stop_999             0.0571           -0.2531     -0.1825       -0.0111         -0.0384           -56.38        -53.21
                   be_at_0.5             0.0619           -0.2325      0.1032       -0.0176         -0.0488           -36.56        -41.32
                   be_at_1.0             0.0483           -0.1635     -0.0122       -0.0119         -0.0384           -39.88        -46.98
                   be_at_1.5             0.0510           -0.2452     -0.1166       -0.0283         -0.0371           -50.82        -62.57
                   be_at_2.0             0.0370           -0.1956     -0.1440       -0.0332         -0.0411           -54.82        -66.36
                 partial_1.0             0.0095           -0.1613      0.0208       -0.0376         -0.0567           -51.65        -62.63
                 partial_1.5             0.0147           -0.1774     -0.1138       -0.0322         -0.0478           -49.27        -59.04
                 partial_2.0             0.0334           -0.2158     -0.2484       -0.0347         -0.0532           -49.53        -67.96
                 partial_3.0             0.0558           -0.2186     -0.1990       -0.0298         -0.0343           -51.81        -66.18
                   trail_1.0            -0.0174           -0.2206      0.0969       -0.0316         -0.0787           -55.62        -56.25
                   trail_1.5             0.0521           -0.1948     -0.1020       -0.0155         -0.0366           -41.58        -43.24
                   trail_2.0             0.0751           -0.2517      0.0533       -0.0402         -0.0405           -46.87        -67.43
                   trail_3.0             0.0351           -0.2227     -0.1680       -0.0287         -0.0518           -60.19        -63.24
             runner_noTP_120            -0.0058           -0.3855     -0.0796       -0.0371         -0.1015           -79.99        -73.48
  runner_noTP_trail1.5_close             0.0586           -0.1919     -0.0859        0.0279         -0.0180           -39.23        -46.53
runner_noTP_be1_trail2_close             0.0765           -0.2425      0.7577        0.0109         -0.0424           -41.91        -45.04
              pullback_0.3_5             0.0817           -0.2322     -0.4224       -0.0719         -0.0249           -40.41       -120.43
             pullback_0.3_15             0.1095           -0.2120     -0.6321       -0.0773         -0.0179           -34.51       -124.41
              pullback_0.5_5             0.0309           -0.2362     -0.2966       -0.0676         -0.0531           -50.31       -108.14
             pullback_0.5_15             0.0515           -0.2601     -0.5482       -0.0752         -0.0462           -43.39       -116.64
                  gap_with_0             0.0003           -0.1773      0.0751       -0.0202         -0.0668           -46.08        -38.18
                 gap_with_50             0.0131           -0.1356      0.1589        0.0036         -0.0606           -32.00        -26.17
               gap_against_0             0.0564           -0.0240     -0.2576       -0.0116          0.0310           -27.29        -44.49
              gap_against_50             0.0716           -0.0338     -0.2546       -0.0107          0.0418           -17.89        -45.70
                body_min_0.3             0.1046           -0.2975     -0.1405       -0.0306         -0.0244           -35.05        -53.64
                body_min_0.5             0.0882           -0.1876     -0.1347        0.0051          0.0135           -31.86        -34.55
               volf_skip_low             0.0075           -0.2364     -0.2215       -0.0278         -0.0553           -60.90        -55.73
              volf_skip_high             0.0627           -0.1509     -0.2215       -0.0219         -0.0313           -37.96        -44.71
                    volf_mid             0.0135           -0.1859     -0.2605       -0.0170         -0.0509           -36.43        -46.68
                    skip_mon            -0.0413           -0.0644     -0.0957       -0.0292         -0.0820           -74.97        -53.61
                    skip_fri             0.0275           -0.1330     -0.0147       -0.0330         -0.0169           -48.71        -59.44
2026-09-25 15:29:21 stage0 GER40:
                     variant  short_train0_Rday  short_held0_Rday  final_Rday  pre2024_Rday  since2024_Rday  short_win_maxDD  stress_maxDD
                   LIVE_COMP             0.0479           -0.2960      0.7033       -0.1407         -0.0030           -35.44       -280.10
             LIVE_COMP+MA100             0.0595           -0.1690      0.7033       -0.0761          0.0321           -26.55       -158.41
                   entry_tf5            -0.0504           -0.1467     -0.0090       -0.1191         -0.0699           -43.04       -222.73
                    vwap_off             0.0618           -0.3650      0.5850       -0.1422         -0.0102           -29.52       -280.23
                    legs_off             0.0706           -0.2872      0.3610       -0.1359          0.0167           -28.85       -271.11
                   dyn_scale             0.0149           -0.4182      0.4541       -0.1999         -0.0662           -50.62       -398.04
          legs_same_mgmt_be1             0.0092           -0.1552      0.1051       -0.1405         -0.0325           -30.26       -277.23
                time_stop_60             0.0121           -0.2976      0.6267       -0.1369         -0.0515           -45.66       -273.43
                time_stop_90             0.0200           -0.2668      0.6428       -0.1468         -0.0321           -42.94       -286.49
               time_stop_180             0.0703           -0.3177      0.7352       -0.1289          0.0170           -34.95       -260.41
               time_stop_240             0.0779           -0.3219      0.7352       -0.1227          0.0151           -33.83       -250.95
               time_stop_999             0.0790           -0.2910      0.7352       -0.1083          0.0248           -33.92       -218.40
                   be_at_0.5             0.0323           -0.1604      0.4018       -0.1231         -0.0312           -25.39       -239.02
                   be_at_1.0             0.0053           -0.1588      0.2736       -0.1406         -0.0353           -34.26       -277.45
                   be_at_1.5            -0.0118           -0.2759      0.4751       -0.1397         -0.0577           -39.55       -276.86
                   be_at_2.0            -0.0011           -0.2835      0.7022       -0.1441         -0.0408           -38.64       -286.93
                 partial_1.0            -0.0143           -0.2546      0.4665       -0.1406         -0.0668           -43.90       -278.31
                 partial_1.5            -0.0058           -0.3051      0.5178       -0.1375         -0.0572           -45.80       -271.81
                 partial_2.0             0.0023           -0.3042      0.5819       -0.1446         -0.0478           -45.49       -287.84
                 partial_3.0             0.0401           -0.2884      0.6777       -0.1320         -0.0051           -38.17       -263.29
                   trail_1.0            -0.0549           -0.2368      0.3980       -0.1189         -0.1074           -49.73       -228.84
                   trail_1.5            -0.0216           -0.1940      0.4484       -0.1304         -0.0679           -36.41       -260.90
                   trail_2.0            -0.0416           -0.2533      0.5287       -0.1375         -0.0660           -48.98       -274.50
                   trail_3.0             0.0209           -0.3179      0.7406       -0.1376         -0.0255           -41.99       -274.33
             runner_noTP_120             0.1882           -0.3323      1.1446       -0.1086          0.0408           -51.86       -233.25
  runner_noTP_trail1.5_close            -0.0409           -0.1734      0.4926       -0.0981         -0.0847           -43.97       -216.98
runner_noTP_be1_trail2_close             0.0033           -0.1631      0.3188       -0.1117         -0.0592           -35.95       -234.68
              pullback_0.3_5            -0.1180           -0.2263      0.1097       -0.1496         -0.1511           -79.63       -291.09
             pullback_0.3_15            -0.1317           -0.2701      0.1308       -0.1592         -0.1567           -93.90       -308.40
              pullback_0.5_5            -0.1219           -0.1082      0.2492       -0.1190         -0.1469           -61.14       -237.35
             pullback_0.5_15            -0.1519           -0.0977      0.3802       -0.1445         -0.1643           -73.90       -283.25
                  gap_with_0             0.0332           -0.1743      0.6677       -0.0745          0.0157           -24.96       -156.68
                 gap_with_50            -0.0034           -0.0516      0.5958       -0.0199          0.0073           -15.73        -60.84
               gap_against_0             0.0146           -0.1216      0.0357       -0.0659         -0.0187           -29.80       -125.90
              gap_against_50             0.0429            0.0032      0.2132       -0.0370          0.0120           -19.24        -75.58
                body_min_0.3             0.0005           -0.4003      0.5808       -0.1214         -0.0401           -58.55       -240.58
                body_min_0.5            -0.0544           -0.3876      0.4668       -0.0840         -0.1047           -69.88       -161.82
               volf_skip_low             0.0245           -0.3005      0.5216       -0.1019         -0.0247           -40.39       -204.21
              volf_skip_high             0.0209           -0.2560      0.7625       -0.1228         -0.0226           -36.35       -241.38
                    volf_mid            -0.0025           -0.2606      0.5808       -0.0840         -0.0443           -41.40       -165.49
                    skip_mon             0.0220           -0.3297      0.7499       -0.1081         -0.0085           -46.24       -222.13
                    skip_fri             0.0648           -0.1547      0.5808       -0.0870          0.0342           -20.75       -173.34
2026-09-25 15:29:21 stage0 FRA40:
                     variant  short_train0_Rday  short_held0_Rday  final_Rday  pre2024_Rday  since2024_Rday  short_win_maxDD  stress_maxDD
                   LIVE_COMP            -0.0956           -0.0776     -0.2747       -0.0452         -0.1327           -78.47        -35.49
             LIVE_COMP+MA100            -0.0704           -0.1414     -0.2747        0.0338         -0.1067           -47.09        -19.30
                   entry_tf5            -0.0559           -0.2393      0.0213       -0.3063         -0.0930           -72.67        -61.60
                    vwap_off            -0.1051           -0.1435     -0.4002       -0.1472         -0.1517           -83.82        -55.03
                    legs_off            -0.0858           -0.0447     -0.1436       -0.1101         -0.1142           -66.83        -35.61
                   dyn_scale            -0.1138           -0.1093     -0.2592       -0.1180         -0.1824           -83.08        -45.05
          legs_same_mgmt_be1            -0.1422           -0.2949     -0.4898       -0.1235         -0.1869          -101.32        -39.96
                time_stop_60            -0.1183           -0.1283     -0.2294       -0.0669         -0.1533           -83.73        -33.48
                time_stop_90            -0.1099           -0.0970     -0.2500        0.0114         -0.1382           -81.56        -32.28
               time_stop_180            -0.1007           -0.1576     -0.3050       -0.0748         -0.1515           -86.75        -36.79
               time_stop_240            -0.0963           -0.1734     -0.2263       -0.0693         -0.1561           -87.34        -38.49
               time_stop_999            -0.0941           -0.1734     -0.2642       -0.0760         -0.1471           -86.53        -39.31
                   be_at_0.5            -0.1185           -0.2292     -0.3326       -0.0484         -0.1806           -86.12        -35.49
                   be_at_1.0            -0.1414           -0.2686     -0.4905       -0.0670         -0.1844           -96.75        -42.81
                   be_at_1.5            -0.1406           -0.1571     -0.3630       -0.0736         -0.1654           -91.62        -45.45
                   be_at_2.0            -0.1486           -0.1009     -0.4157       -0.0633         -0.1735           -90.96        -37.66
                 partial_1.0            -0.1617           -0.1551     -0.2886       -0.0423         -0.1900           -89.50        -34.43
                 partial_1.5            -0.1535           -0.1235     -0.2755       -0.0288         -0.1669           -88.25        -34.49
                 partial_2.0            -0.1404           -0.0861     -0.2623       -0.0603         -0.1657           -82.33        -36.19
                 partial_3.0            -0.0960           -0.0760     -0.2935       -0.0502         -0.1316           -75.78        -35.76
                   trail_1.0            -0.1072           -0.2132     -0.2566       -0.0285         -0.1504           -73.77        -27.79
                   trail_1.5            -0.1309           -0.2769     -0.2983       -0.1216         -0.1704           -98.97        -43.83
                   trail_2.0            -0.1477           -0.1324     -0.3232       -0.0962         -0.1679           -93.62        -45.34
                   trail_3.0            -0.0901           -0.0384     -0.3620       -0.0226         -0.1197           -71.06        -32.65
             runner_noTP_120            -0.0651           -0.0180      0.1010       -0.0204         -0.0901           -99.21        -55.35
  runner_noTP_trail1.5_close            -0.0939           -0.2897     -0.2383       -0.1316         -0.1422          -105.79        -46.65
runner_noTP_be1_trail2_close            -0.1331           -0.2797     -0.4744       -0.0641         -0.1800          -116.71        -37.66
              pullback_0.3_5            -0.1292           -0.0583     -0.1407       -0.0911         -0.1361           -80.25        -28.22
             pullback_0.3_15            -0.1876            0.0199     -0.2034       -0.0403         -0.1663           -90.38        -29.17
              pullback_0.5_5            -0.0593            0.0067     -0.2479       -0.0904         -0.0715           -39.22        -27.69
             pullback_0.5_15            -0.0899           -0.0181     -0.2919       -0.0463         -0.1077           -48.04        -30.75
                  gap_with_0            -0.0675           -0.1203     -0.1398        0.0026         -0.1009           -48.02        -14.59
                 gap_with_50            -0.0405           -0.1161      0.0797        0.0143         -0.0855           -35.03        -12.86
               gap_against_0            -0.0281            0.0427     -0.1349       -0.0930         -0.0318           -43.83        -29.46
              gap_against_50             0.0098            0.0599      0.0875       -0.0698         -0.0051           -31.43        -24.08
                body_min_0.3            -0.1784           -0.1979     -0.2621       -0.0474         -0.2084           -98.80        -26.14
                body_min_0.5            -0.1587           -0.2325     -0.3309       -0.0720         -0.1863           -95.15        -30.36
               volf_skip_low            -0.0665           -0.1378     -0.2727        0.0337         -0.1191           -69.13        -26.74
              volf_skip_high            -0.1302           -0.0173     -0.2621       -0.0243         -0.1663           -75.11        -39.12
                    volf_mid            -0.1011           -0.0775     -0.2600        0.0546         -0.1527           -66.47        -30.37
                    skip_mon            -0.1563           -0.0111     -0.1680       -0.0493         -0.1307           -74.76        -33.44
                    skip_fri            -0.0629            0.0445     -0.1464       -0.0701         -0.0912           -49.34        -41.27
2026-09-25 15:29:21 stage0 UK100:
                     variant  short_train0_Rday  short_held0_Rday  final_Rday  pre2024_Rday  since2024_Rday  short_win_maxDD  stress_maxDD
                   LIVE_COMP            -0.2742           -0.2076      0.0374       -0.2427         -0.3099          -128.30        -63.10
             LIVE_COMP+MA100            -0.2205           -0.2575      0.0374       -0.1617         -0.2645          -111.04        -45.53
                   entry_tf5            -0.2014           -0.2870      0.7082       -0.2212         -0.2560          -106.33        -56.12
                    vwap_off            -0.2981           -0.2821     -0.1861       -0.3584         -0.3346          -157.23        -85.93
                    legs_off            -0.2883            0.0020      0.0560       -0.3067         -0.2715          -116.75        -72.53
                   dyn_scale            -0.2890           -0.2278      0.1883       -0.2334         -0.3459          -133.34        -61.70
          legs_same_mgmt_be1            -0.2236           -0.2253      0.4722       -0.2413         -0.2590          -104.21        -53.10
                time_stop_60            -0.2544           -0.1791      0.0374       -0.2850         -0.2986          -116.24        -68.84
                time_stop_90            -0.2651           -0.2180      0.0374       -0.2459         -0.3072          -123.91        -63.10
               time_stop_180            -0.2762           -0.2341      0.0374       -0.2505         -0.3040          -131.49        -63.10
               time_stop_240            -0.2799           -0.2261      0.0374       -0.2505         -0.3005          -132.09        -63.10
               time_stop_999            -0.2732           -0.2015      0.0374       -0.2505         -0.2999          -127.37        -63.10
                   be_at_0.5            -0.1981           -0.2393      0.1430       -0.1169         -0.2386           -93.56        -31.96
                   be_at_1.0            -0.2041           -0.3014      0.3853       -0.1922         -0.2603          -103.05        -46.53
                   be_at_1.5            -0.2350           -0.3852      0.2548       -0.2704         -0.2989          -120.39        -65.10
                   be_at_2.0            -0.2507           -0.4008      0.1244       -0.2484         -0.3179          -132.61        -61.67
                 partial_1.0            -0.2493           -0.2295      0.0871       -0.2469         -0.2792          -114.89        -59.01
                 partial_1.5            -0.2407           -0.2458      0.0763       -0.2755         -0.2789          -112.75        -66.51
                 partial_2.0            -0.2434           -0.2677      0.0281       -0.2520         -0.2846          -116.32        -63.53
                 partial_3.0            -0.2814           -0.2107      0.0188       -0.2431         -0.3156          -130.08        -63.53
                   trail_1.0            -0.2098           -0.1579     -0.0211       -0.1898         -0.2372           -90.58        -46.45
                   trail_1.5            -0.1785           -0.2678      0.3483       -0.2399         -0.2391           -89.03        -60.29
                   trail_2.0            -0.2347           -0.3347      0.1421       -0.2908         -0.2970          -119.70        -69.55
                   trail_3.0            -0.2787           -0.3313      0.0529       -0.2424         -0.3255          -139.68        -62.75
             runner_noTP_120            -0.1397           -0.1820      0.9822       -0.0225         -0.2285          -101.24        -51.74
  runner_noTP_trail1.5_close            -0.1806           -0.1500      0.4912       -0.1946         -0.2292           -83.70        -54.51
runner_noTP_be1_trail2_close            -0.1932           -0.2036      0.3522       -0.1594         -0.2436           -96.58        -47.16
              pullback_0.3_5            -0.1436           -0.1940      0.1306       -0.1902         -0.2059           -80.85        -51.52
             pullback_0.3_15            -0.0819           -0.2310      0.1306       -0.2713         -0.1898           -67.19        -69.53
              pullback_0.5_5            -0.0858           -0.4506      0.1492       -0.0752         -0.1849           -75.07        -29.81
             pullback_0.5_15            -0.1167           -0.4554      0.1119       -0.1583         -0.2345           -85.38        -45.23
                  gap_with_0            -0.1511           -0.1304      0.3727       -0.0965         -0.1637           -73.45        -35.14
                 gap_with_50            -0.1479           -0.0373      0.2982       -0.0005         -0.1470           -63.72        -23.14
               gap_against_0            -0.1231           -0.0772     -0.3353       -0.1697         -0.1462           -62.57        -37.39
              gap_against_50            -0.1084           -0.0632     -0.3540       -0.1414         -0.1175           -61.90        -31.71
                body_min_0.3            -0.2376           -0.2521      0.0747       -0.1745         -0.2880          -115.81        -44.68
                body_min_0.5            -0.1710           -0.2800     -0.0372       -0.1100         -0.2345           -96.06        -32.57
               volf_skip_low            -0.2369           -0.1703     -0.0930       -0.1809         -0.2603          -109.06        -45.10
              volf_skip_high            -0.2817           -0.1377      0.1492       -0.2910         -0.2940          -124.63        -72.52
                    volf_mid            -0.2444           -0.1004      0.0188       -0.2292         -0.2444          -104.52        -55.39
                    skip_mon            -0.2428           -0.1551      0.2610       -0.2145         -0.2360          -110.68        -59.13
                    skip_fri            -0.2012           -0.1511      0.0001       -0.1959         -0.2632          -102.30        -49.39
2026-09-25 15:29:21 stage0 done, elapsed 29 s
2026-09-25 15:29:21 [short] stage1: 3500 chunks of 100 configs to do (50000 per instrument: ['NQ', 'NDX100', 'US30', 'SPX500', 'GER40', 'FRA40', 'UK100'])
2026-09-25 15:29:24   [short] stage1 chunk 1/3500, elapsed 0 min, ETA this stage 2.7 h
2026-09-25 15:29:37   [short] stage1 chunk 51/3500, elapsed 0 min, ETA this stage 0.3 h
2026-09-25 15:29:50   [short] stage1 chunk 101/3500, elapsed 0 min, ETA this stage 0.3 h
2026-09-25 15:30:02   [short] stage1 chunk 151/3500, elapsed 1 min, ETA this stage 0.2 h
2026-09-25 15:30:14   [short] stage1 chunk 201/3500, elapsed 1 min, ETA this stage 0.2 h
2026-09-25 15:30:27   [short] stage1 chunk 251/3500, elapsed 1 min, ETA this stage 0.2 h
2026-09-25 15:30:39   [short] stage1 chunk 301/3500, elapsed 1 min, ETA this stage 0.2 h
2026-09-25 15:30:51   [short] stage1 chunk 351/3500, elapsed 1 min, ETA this stage 0.2 h
2026-09-25 15:31:03   [short] stage1 chunk 401/3500, elapsed 2 min, ETA this stage 0.2 h
2026-09-25 15:31:15   [short] stage1 chunk 451/3500, elapsed 2 min, ETA this stage 0.2 h
2026-09-25 15:31:28   [short] stage1 chunk 501/3500, elapsed 2 min, ETA this stage 0.2 h
2026-09-25 15:31:40   [short] stage1 chunk 551/3500, elapsed 2 min, ETA this stage 0.2 h
2026-09-25 15:31:52   [short] stage1 chunk 601/3500, elapsed 3 min, ETA this stage 0.2 h
2026-09-25 15:32:04   [short] stage1 chunk 651/3500, elapsed 3 min, ETA this stage 0.2 h
2026-09-25 15:32:16   [short] stage1 chunk 701/3500, elapsed 3 min, ETA this stage 0.2 h
2026-09-25 15:32:28   [short] stage1 chunk 751/3500, elapsed 3 min, ETA this stage 0.2 h
2026-09-25 15:32:40   [short] stage1 chunk 801/3500, elapsed 3 min, ETA this stage 0.2 h
2026-09-25 15:32:52   [short] stage1 chunk 851/3500, elapsed 4 min, ETA this stage 0.2 h
2026-09-25 15:33:05   [short] stage1 chunk 901/3500, elapsed 4 min, ETA this stage 0.2 h
2026-09-25 15:33:18   [short] stage1 chunk 951/3500, elapsed 4 min, ETA this stage 0.2 h
2026-09-25 15:33:30   [short] stage1 chunk 1001/3500, elapsed 4 min, ETA this stage 0.2 h
2026-09-25 15:33:41   [short] stage1 chunk 1051/3500, elapsed 4 min, ETA this stage 0.2 h
2026-09-25 15:33:53   [short] stage1 chunk 1101/3500, elapsed 5 min, ETA this stage 0.2 h
2026-09-25 15:34:04   [short] stage1 chunk 1151/3500, elapsed 5 min, ETA this stage 0.2 h
2026-09-25 15:34:17   [short] stage1 chunk 1201/3500, elapsed 5 min, ETA this stage 0.2 h
2026-09-25 15:34:28   [short] stage1 chunk 1251/3500, elapsed 5 min, ETA this stage 0.2 h
2026-09-25 15:34:40   [short] stage1 chunk 1301/3500, elapsed 5 min, ETA this stage 0.1 h
2026-09-25 15:34:51   [short] stage1 chunk 1351/3500, elapsed 5 min, ETA this stage 0.1 h
2026-09-25 15:35:03   [short] stage1 chunk 1401/3500, elapsed 6 min, ETA this stage 0.1 h
2026-09-25 15:35:14   [short] stage1 chunk 1451/3500, elapsed 6 min, ETA this stage 0.1 h
2026-09-25 15:35:26   [short] stage1 chunk 1501/3500, elapsed 6 min, ETA this stage 0.1 h
2026-09-25 15:35:39   [short] stage1 chunk 1551/3500, elapsed 6 min, ETA this stage 0.1 h
2026-09-25 15:35:52   [short] stage1 chunk 1601/3500, elapsed 7 min, ETA this stage 0.1 h
2026-09-25 15:36:05   [short] stage1 chunk 1651/3500, elapsed 7 min, ETA this stage 0.1 h
2026-09-25 15:36:18   [short] stage1 chunk 1701/3500, elapsed 7 min, ETA this stage 0.1 h
2026-09-25 15:36:30   [short] stage1 chunk 1751/3500, elapsed 7 min, ETA this stage 0.1 h
2026-09-25 15:36:43   [short] stage1 chunk 1801/3500, elapsed 7 min, ETA this stage 0.1 h
2026-09-25 15:36:56   [short] stage1 chunk 1851/3500, elapsed 8 min, ETA this stage 0.1 h
2026-09-25 15:37:09   [short] stage1 chunk 1901/3500, elapsed 8 min, ETA this stage 0.1 h
2026-09-25 15:37:21   [short] stage1 chunk 1951/3500, elapsed 8 min, ETA this stage 0.1 h
2026-09-25 15:37:35   [short] stage1 chunk 2001/3500, elapsed 8 min, ETA this stage 0.1 h
2026-09-25 15:37:47   [short] stage1 chunk 2051/3500, elapsed 8 min, ETA this stage 0.1 h
2026-09-25 15:37:59   [short] stage1 chunk 2101/3500, elapsed 9 min, ETA this stage 0.1 h
2026-09-25 15:38:12   [short] stage1 chunk 2151/3500, elapsed 9 min, ETA this stage 0.1 h
2026-09-25 15:38:24   [short] stage1 chunk 2201/3500, elapsed 9 min, ETA this stage 0.1 h
2026-09-25 15:38:36   [short] stage1 chunk 2251/3500, elapsed 9 min, ETA this stage 0.1 h
2026-09-25 15:38:49   [short] stage1 chunk 2301/3500, elapsed 9 min, ETA this stage 0.1 h
2026-09-25 15:39:01   [short] stage1 chunk 2351/3500, elapsed 10 min, ETA this stage 0.1 h
2026-09-25 15:39:14   [short] stage1 chunk 2401/3500, elapsed 10 min, ETA this stage 0.1 h
2026-09-25 15:39:27   [short] stage1 chunk 2451/3500, elapsed 10 min, ETA this stage 0.1 h
2026-09-25 15:39:39   [short] stage1 chunk 2501/3500, elapsed 10 min, ETA this stage 0.1 h
2026-09-25 15:39:50   [short] stage1 chunk 2551/3500, elapsed 10 min, ETA this stage 0.1 h
2026-09-25 15:40:01   [short] stage1 chunk 2601/3500, elapsed 11 min, ETA this stage 0.1 h
2026-09-25 15:40:12   [short] stage1 chunk 2651/3500, elapsed 11 min, ETA this stage 0.1 h
2026-09-25 15:40:24   [short] stage1 chunk 2701/3500, elapsed 11 min, ETA this stage 0.1 h
2026-09-25 15:40:35   [short] stage1 chunk 2751/3500, elapsed 11 min, ETA this stage 0.1 h
2026-09-25 15:40:46   [short] stage1 chunk 2801/3500, elapsed 11 min, ETA this stage 0.0 h
2026-09-25 15:40:56   [short] stage1 chunk 2851/3500, elapsed 12 min, ETA this stage 0.0 h
2026-09-25 15:41:07   [short] stage1 chunk 2901/3500, elapsed 12 min, ETA this stage 0.0 h
2026-09-25 15:41:18   [short] stage1 chunk 2951/3500, elapsed 12 min, ETA this stage 0.0 h
2026-09-25 15:41:30   [short] stage1 chunk 3001/3500, elapsed 12 min, ETA this stage 0.0 h
2026-09-25 15:41:41   [short] stage1 chunk 3051/3500, elapsed 12 min, ETA this stage 0.0 h
2026-09-25 15:41:54   [short] stage1 chunk 3101/3500, elapsed 13 min, ETA this stage 0.0 h
2026-09-25 15:42:06   [short] stage1 chunk 3151/3500, elapsed 13 min, ETA this stage 0.0 h
2026-09-25 15:42:18   [short] stage1 chunk 3201/3500, elapsed 13 min, ETA this stage 0.0 h
2026-09-25 15:42:30   [short] stage1 chunk 3251/3500, elapsed 13 min, ETA this stage 0.0 h
2026-09-25 15:42:42   [short] stage1 chunk 3301/3500, elapsed 13 min, ETA this stage 0.0 h
2026-09-25 15:42:54   [short] stage1 chunk 3351/3500, elapsed 14 min, ETA this stage 0.0 h
2026-09-25 15:43:06   [short] stage1 chunk 3401/3500, elapsed 14 min, ETA this stage 0.0 h
2026-09-25 15:43:18   [short] stage1 chunk 3451/3500, elapsed 14 min, ETA this stage 0.0 h
2026-09-25 15:43:30 s1[short] done, elapsed 877 s
2026-09-25 15:43:30 [short] stage2 NQ: 50000 configs, passing filter per fold [13550, 7915, 11580, 5980], union of fold tops 394 x 16 neighbours
2026-09-25 15:43:31 [short] stage2 NDX100: 50000 configs, passing filter per fold [12213, 6636, 11312, 5558], union of fold tops 430 x 16 neighbours
2026-09-25 15:43:31 [short] stage2 US30: 50000 configs, passing filter per fold [3335, 2517, 3826, 2655], union of fold tops 504 x 16 neighbours
2026-09-25 15:43:31 [short] stage2 SPX500: 50000 configs, passing filter per fold [4562, 2035, 4020, 1269], union of fold tops 405 x 16 neighbours
2026-09-25 15:43:32 [short] stage2 GER40: 50000 configs, passing filter per fold [502, 376, 411, 275], union of fold tops 421 x 16 neighbours
2026-09-25 15:43:32 [short] stage2 FRA40: 50000 configs, passing filter per fold [279, 310, 172, 115], union of fold tops 352 x 16 neighbours
2026-09-25 15:43:32 [short] stage2 UK100: 50000 configs, passing filter per fold [11, 18, 11, 27], union of fold tops 57 x 16 neighbours
2026-09-25 15:43:34   [short] stage2 0/2563
2026-09-25 15:43:47   [short] stage2 200/2563
2026-09-25 15:43:59   [short] stage2 400/2563
2026-09-25 15:44:10   [short] stage2 600/2563
2026-09-25 15:44:21   [short] stage2 800/2563
2026-09-25 15:44:29   [short] stage2 1000/2563
2026-09-25 15:44:37   [short] stage2 1200/2563
2026-09-25 15:44:47   [short] stage2 1400/2563
2026-09-25 15:45:00   [short] stage2 1600/2563
2026-09-25 15:45:12   [short] stage2 1800/2563
2026-09-25 15:45:24   [short] stage2 2000/2563
2026-09-25 15:45:36   [short] stage2 2200/2563
2026-09-25 15:45:49   [short] stage2 2400/2563
2026-09-25 15:45:59 s2[short] done, elapsed 1027 s
2026-09-25 15:46:00 [short] stage3: 320 configs on every split
2026-09-25 15:46:09 [short] stage3 FRA40: 0 of 47 candidates pass ALL, 0 pass A&C
tag sel_folds  robust_max  short_win_Rday  A_4folds  A_held  final_Rday  pre2024_Rday  since2024_Rday  stress_maxDD  B_stress   ALL
 S0     0,1,2       1.915          0.1283         3   False     -0.1321       -0.1952          0.0714        -40.01     False False
S15         1       1.634          0.0359         3   False     -0.1722       -0.0122          0.0166        -13.34     False False
S16         1       1.539          0.0490         3   False      0.0138       -0.1335          0.0226        -31.53     False False
S17         1       1.534          0.0303         3   False     -0.0786       -0.1732         -0.0191        -37.98     False False
S18       1,2       1.468          0.0560         3   False     -0.0823       -0.0432          0.0252        -14.84     False False
S19         1       1.395          0.0489         3   False     -0.1300       -0.0092          0.0112        -12.22     False False
S20         1       1.316          0.0216         2   False     -0.1819       -0.0185         -0.0065        -10.67     False False
S21         1       1.271          0.0529         3   False      0.2343       -0.1282          0.0115        -38.71     False False
S22         1       1.257          0.0719         3   False     -0.1440       -0.1261          0.0111        -39.13     False False
S23         1       1.248          0.0528         3   False      0.0566       -0.0630          0.0308        -13.71     False False
            tag sel_folds  robust_max  short_win_Rday  A_4folds  A_held  final_Rday  pre2024_Rday  since2024_Rday  stress_maxDD  B_stress   ALL
      LIVE_COMP                   NaN         -0.0921         0   False     -0.2747       -0.0452         -0.1327        -35.49     False False
LIVE_COMP+MA100                   NaN         -0.0841         0   False     -0.2747        0.0338         -0.1067        -19.30     False False
2026-09-25 15:46:09 [short] stage3 GER40: 0 of 48 candidates pass ALL, 0 pass A&C
tag sel_folds  robust_max  short_win_Rday  A_4folds  A_held  final_Rday  pre2024_Rday  since2024_Rday  stress_maxDD  B_stress   ALL
S14       0,2       1.476          0.0689         3   False     -0.0804       -0.0118          0.0512        -42.78     False False
S15         1       1.423          0.0240         2   False      0.0118       -0.0643         -0.0216       -119.76     False False
 S0     0,1,2       1.339          0.1177         3   False     -0.1033       -0.0341          0.0658        -91.84     False False
S16       1,3       1.338          0.0159         2   False      0.0217       -0.0696         -0.0263       -130.86     False False
S27         2       1.335          0.0483         2   False      0.0260       -0.0723         -0.0015       -148.77     False False
S17         1       1.284          0.0406         2   False      0.0511       -0.0210          0.0082        -41.09     False False
 S4       0,1       1.245          0.0482         2   False      0.0342       -0.0351          0.0108        -65.73     False False
S18         1       1.215          0.0185         2   False      0.0224       -0.1328         -0.0394       -247.25     False False
S22       1,3       1.213          0.0463         2   False      0.1104       -0.0970         -0.0085       -179.09     False False
S19       1,3       1.204          0.0325         2   False      0.0296       -0.0662         -0.0071       -120.93     False False
            tag sel_folds  robust_max  short_win_Rday  A_4folds  A_held  final_Rday  pre2024_Rday  since2024_Rday  stress_maxDD  B_stress   ALL
      LIVE_COMP                   NaN         -0.0224         3   False      0.7033       -0.1407         -0.0030       -280.10     False False
LIVE_COMP+MA100                   NaN          0.0128         2   False      0.7033       -0.0761          0.0321       -158.41     False False
2026-09-25 15:46:10 [short] stage3 NDX100: 10 of 48 candidates pass ALL, 11 pass A&C
tag sel_folds  robust_max  short_win_Rday  A_4folds  A_held  final_Rday  pre2024_Rday  since2024_Rday  stress_maxDD  B_stress  ALL
S25         1       3.025          0.2533         3    True      0.1554        0.0416          0.1324        -38.36      True True
S24         1       2.923          0.1940         3    True      0.5026        0.0472          0.1170        -13.78      True True
S22         1       2.865          0.1717         2    True      0.0746        0.0232          0.0830        -34.08      True True
S16         1       2.825          0.1736         3    True      0.3774        0.0430          0.1153        -15.78      True True
S27         1       2.706          0.1312         3    True      0.1299        0.0188          0.0714        -21.91      True True
S18         1       2.692          0.1319         3    True      0.1436        0.0164          0.0771        -34.10      True True
S20         1       2.677          0.1357         3    True      0.1580        0.0185          0.0725        -26.97      True True
S17         1       2.658          0.1871         3    True      0.3683        0.0197          0.1195        -24.48      True True
S38         3       2.585          0.1615         4    True      0.0954        0.0271          0.0903        -38.66      True True
S43         3       2.302          0.2329         4    True      0.0257        0.0260          0.1623        -24.34      True True
            tag sel_folds  robust_max  short_win_Rday  A_4folds  A_held  final_Rday  pre2024_Rday  since2024_Rday  stress_maxDD  B_stress   ALL
      LIVE_COMP                   NaN          0.2261         3   False      0.4139       -0.0260          0.1697        -73.60     False False
LIVE_COMP+MA100                   NaN          0.2347         2   False      0.4416        0.0003          0.1824        -35.67     False False
2026-09-25 15:46:10 [short] stage3 NQ: 4 of 48 candidates pass ALL, 7 pass A&C
tag sel_folds  robust_max  short_win_Rday  A_4folds  A_held  final_Rday  pre2024_Rday  since2024_Rday  stress_maxDD  B_stress   ALL
S26         1       3.284          0.1389         2    True      0.0210        0.0210          0.0856        -27.34      True  True
S24         1       2.622          0.1282         3    True      0.0256        0.0266          0.0941        -16.67      True  True
S40         3       2.552          0.1802         3    True      0.0100        0.0318          0.1032        -22.94      True  True
S37         3       2.533          0.1503         4    True      0.1606        0.0275          0.0791        -45.52      True  True
 S0     0,1,2       3.711          0.1671         2   False     -0.1838        0.0345          0.1196        -20.82      True False
 S1       0,2       3.610          0.1209         2   False     -0.0929        0.0263          0.0828        -18.52      True False
 S2         0       3.524          0.1603         3   False     -0.0220        0.0268          0.1361        -15.27      True False
 S3       0,3       3.507          0.2325         3   False     -0.1657        0.0827          0.1160        -38.19      True False
 S4       0,2       3.496          0.1579         2   False     -0.1838        0.0278          0.1078        -27.77      True False
 S5         0       3.466          0.2160         3   False     -0.0838        0.0295          0.0997        -45.57      True False
            tag sel_folds  robust_max  short_win_Rday  A_4folds  A_held  final_Rday  pre2024_Rday  since2024_Rday  stress_maxDD  B_stress   ALL
      LIVE_COMP                   NaN          0.2401         3   False     -0.0455        0.0004          0.1685        -35.55     False False
LIVE_COMP+MA100                   NaN          0.2506         3   False     -0.0065        0.0189          0.1856        -27.94      True False
2026-09-25 15:46:10 [short] stage3 SPX500: 1 of 43 candidates pass ALL, 3 pass A&C
tag sel_folds  robust_max  short_win_Rday  A_4folds  A_held  final_Rday  pre2024_Rday  since2024_Rday  stress_maxDD  B_stress   ALL
S42         3       2.175          0.1147         3    True      0.0139        0.0099          0.0632        -20.68      True  True
 S5     0,2,3       2.886          0.1109         2   False      0.1557       -0.0098          0.0528        -49.92     False False
S13       0,2       2.590          0.1390         3   False      0.0660       -0.0919          0.0677       -141.03     False False
 S0       0,3       2.581          0.1254         3   False      0.0458       -0.0257          0.0933        -55.29     False False
 S2     0,2,3       2.555          0.1214         2   False      0.0005       -0.0440          0.0683        -67.54     False False
S29         2       2.500          0.0686         3   False      0.0282       -0.0182          0.0275        -42.40     False False
 S1       0,3       2.427          0.1270         3   False      0.0379       -0.0104          0.0969        -32.04     False False
 S6       0,2       2.407          0.1251         2   False      0.0678        0.0127          0.0885        -24.36      True False
 S3         0       2.388          0.1279         3   False      0.0504       -0.0397          0.0951        -62.52     False False
S10       0,2       2.385          0.1033         2   False      0.0428       -0.0541          0.0561        -82.31     False False
            tag sel_folds  robust_max  short_win_Rday  A_4folds  A_held  final_Rday  pre2024_Rday  since2024_Rday  stress_maxDD  B_stress   ALL
      LIVE_COMP                   NaN          0.0037         2   False     -0.1825       -0.0326         -0.0358        -66.56     False False
LIVE_COMP+MA100                   NaN          0.0840         3   False     -0.1825       -0.0025          0.0200        -44.46      True False
2026-09-25 15:46:10 [short] stage3 UK100: 0 of 17 candidates pass ALL, 0 pass A&C
tag sel_folds  robust_max  short_win_Rday  A_4folds  A_held  final_Rday  pre2024_Rday  since2024_Rday  stress_maxDD  B_stress   ALL
 S9         3       0.718          0.0262         2   False      0.0544       -0.1421         -0.0118        -29.50     False False
S10         3       0.423          0.0121         2   False     -0.0726       -0.1431         -0.0397        -28.76     False False
 S5         2       0.342          0.0040         2   False      0.0414       -0.0483         -0.0300        -17.56     False False
 S6         2       0.325          0.0208         2   False      0.0752       -0.0421         -0.0359        -25.65     False False
 S7         2       0.234          0.0902         2   False      0.0097       -0.1699         -0.0113        -40.11     False False
 S1         1       0.220         -0.0184         2   False     -0.0782       -0.1532         -0.0614        -32.59     False False
 S2         1       0.202         -0.0165         2   False     -0.0785       -0.1140         -0.0491        -32.56     False False
S11         3       0.177          0.0007         2   False     -0.1216       -0.1451         -0.0298        -29.87     False False
 S0       0,1       0.165          0.0028         2   False     -0.3902       -0.1483         -0.0495        -39.65     False False
S12         3       0.162          0.0090         2   False     -0.0102       -0.1008         -0.0170        -20.39     False False
            tag sel_folds  robust_max  short_win_Rday  A_4folds  A_held  final_Rday  pre2024_Rday  since2024_Rday  stress_maxDD  B_stress   ALL
      LIVE_COMP                   NaN         -0.2608         0   False      0.0374       -0.2427         -0.3099        -63.10     False False
LIVE_COMP+MA100                   NaN         -0.2279         0   False      0.0374       -0.1617         -0.2645        -45.53     False False
2026-09-25 15:46:10 [short] stage3 US30: 0 of 55 candidates pass ALL, 0 pass A&C
tag sel_folds  robust_max  short_win_Rday  A_4folds  A_held  final_Rday  pre2024_Rday  since2024_Rday  stress_maxDD  B_stress   ALL
S43         3       2.441          0.0445         3   False     -0.1764       -0.0095          0.0485        -25.53     False False
S30       2,3       2.363          0.0523         3   False     -0.0300       -0.0372          0.0421        -67.83     False False
S44         3       2.300          0.0477         3   False     -0.0243       -0.0182          0.0470        -47.06     False False
S45         3       2.233          0.0691         3   False     -0.1973       -0.0419          0.0542        -74.20     False False
S46         3       2.225          0.0660         3   False     -0.1658       -0.0352          0.0597        -68.15     False False
S47         3       2.196          0.0501         2   False     -0.1049       -0.0281          0.0316        -46.93     False False
S48         3       2.178          0.0461         2   False     -0.0802       -0.0548          0.0356        -97.77     False False
S49         3       2.127          0.0552         3   False     -0.1657       -0.0445          0.0622        -82.24     False False
S50         3       2.100          0.0483         3   False     -0.0948       -0.0476          0.0386        -92.15     False False
S51         3       2.060          0.0588         3   False     -0.1616       -0.0100          0.0495        -32.42     False False
            tag sel_folds  robust_max  short_win_Rday  A_4folds  A_held  final_Rday  pre2024_Rday  since2024_Rday  stress_maxDD  B_stress   ALL
      LIVE_COMP                   NaN         -0.0359         2   False     -0.2639       -0.0152          0.0171        -59.06     False False
LIVE_COMP+MA100                   NaN         -0.0492         1   False     -0.2639        0.0221         -0.0118        -26.34      True False
2026-09-25 15:46:10 s3[short] done, elapsed 1037 s
2026-09-25 15:46:10 [long] stage1: 1750 chunks of 100 configs to do (35000 per instrument: ['NQ', 'NDX100', 'US30', 'SPX500', 'GER40'])
2026-09-25 15:46:17   [long] stage1 chunk 1/1750, elapsed 0 min, ETA this stage 3.8 h
2026-09-25 15:47:39   [long] stage1 chunk 51/1750, elapsed 1 min, ETA this stage 0.8 h
2026-09-25 15:48:58   [long] stage1 chunk 101/1750, elapsed 3 min, ETA this stage 0.8 h
2026-09-25 15:50:23   [long] stage1 chunk 151/1750, elapsed 4 min, ETA this stage 0.7 h
2026-09-25 15:51:43   [long] stage1 chunk 201/1750, elapsed 6 min, ETA this stage 0.7 h
2026-09-25 15:53:03   [long] stage1 chunk 251/1750, elapsed 7 min, ETA this stage 0.7 h
2026-09-25 15:54:25   [long] stage1 chunk 301/1750, elapsed 8 min, ETA this stage 0.7 h
2026-09-25 15:55:46   [long] stage1 chunk 351/1750, elapsed 10 min, ETA this stage 0.6 h
2026-09-25 15:57:09   [long] stage1 chunk 401/1750, elapsed 11 min, ETA this stage 0.6 h
2026-09-25 15:58:31   [long] stage1 chunk 451/1750, elapsed 12 min, ETA this stage 0.6 h
2026-09-25 15:59:52   [long] stage1 chunk 501/1750, elapsed 14 min, ETA this stage 0.6 h
2026-09-25 16:01:16   [long] stage1 chunk 551/1750, elapsed 15 min, ETA this stage 0.5 h
2026-09-25 16:02:38   [long] stage1 chunk 601/1750, elapsed 16 min, ETA this stage 0.5 h
2026-09-25 16:04:00   [long] stage1 chunk 651/1750, elapsed 18 min, ETA this stage 0.5 h
2026-09-25 16:05:23   [long] stage1 chunk 701/1750, elapsed 19 min, ETA this stage 0.5 h
2026-09-25 16:06:24   [long] stage1 chunk 751/1750, elapsed 20 min, ETA this stage 0.4 h
2026-09-25 16:07:30   [long] stage1 chunk 801/1750, elapsed 21 min, ETA this stage 0.4 h
2026-09-25 16:08:32   [long] stage1 chunk 851/1750, elapsed 22 min, ETA this stage 0.4 h
2026-09-25 16:09:35   [long] stage1 chunk 901/1750, elapsed 23 min, ETA this stage 0.4 h
2026-09-25 16:10:42   [long] stage1 chunk 951/1750, elapsed 25 min, ETA this stage 0.3 h
2026-09-25 16:11:44   [long] stage1 chunk 1001/1750, elapsed 26 min, ETA this stage 0.3 h
2026-09-25 16:12:46   [long] stage1 chunk 1051/1750, elapsed 27 min, ETA this stage 0.3 h
2026-09-25 16:13:51   [long] stage1 chunk 1101/1750, elapsed 28 min, ETA this stage 0.3 h
2026-09-25 16:14:59   [long] stage1 chunk 1151/1750, elapsed 29 min, ETA this stage 0.3 h
2026-09-25 16:16:04   [long] stage1 chunk 1201/1750, elapsed 30 min, ETA this stage 0.2 h
2026-09-25 16:17:10   [long] stage1 chunk 1251/1750, elapsed 31 min, ETA this stage 0.2 h
2026-09-25 16:18:16   [long] stage1 chunk 1301/1750, elapsed 32 min, ETA this stage 0.2 h
2026-09-25 16:19:21   [long] stage1 chunk 1351/1750, elapsed 33 min, ETA this stage 0.2 h
2026-09-25 16:20:25   [long] stage1 chunk 1401/1750, elapsed 34 min, ETA this stage 0.1 h
2026-09-25 16:21:34   [long] stage1 chunk 1451/1750, elapsed 35 min, ETA this stage 0.1 h
2026-09-25 16:22:43   [long] stage1 chunk 1501/1750, elapsed 37 min, ETA this stage 0.1 h
2026-09-25 16:23:51   [long] stage1 chunk 1551/1750, elapsed 38 min, ETA this stage 0.1 h
2026-09-25 16:25:01   [long] stage1 chunk 1601/1750, elapsed 39 min, ETA this stage 0.1 h
2026-09-25 16:26:10   [long] stage1 chunk 1651/1750, elapsed 40 min, ETA this stage 0.0 h
2026-09-25 16:27:18   [long] stage1 chunk 1701/1750, elapsed 41 min, ETA this stage 0.0 h
2026-09-25 16:28:25 s1[long] done, elapsed 3573 s
2026-09-25 16:28:25 [long] stage2 NQ: 35000 configs, passing filter per fold [3959, 3443, 3865, 3126], union of fold tops 159 x 12 neighbours
2026-09-25 16:28:26 [long] stage2 NDX100: 35000 configs, passing filter per fold [2264, 2169, 2366, 2103], union of fold tops 154 x 12 neighbours
2026-09-25 16:28:26 [long] stage2 US30: 35000 configs, passing filter per fold [682, 509, 1836, 515], union of fold tops 172 x 12 neighbours
2026-09-25 16:28:26 [long] stage2 SPX500: 35000 configs, passing filter per fold [445, 170, 619, 186], union of fold tops 156 x 12 neighbours
2026-09-25 16:28:26 [long] stage2 GER40: 35000 configs, passing filter per fold [8, 6, 1, 7], union of fold tops 16 x 12 neighbours
2026-09-25 16:28:29   [long] stage2 0/657
2026-09-25 16:29:43   [long] stage2 200/657
2026-09-25 16:30:47   [long] stage2 400/657
2026-09-25 16:31:48   [long] stage2 600/657
2026-09-25 16:32:08 s2[long] done, elapsed 3796 s
2026-09-25 16:32:08 [long] stage3: 176 configs on every split
2026-09-25 16:32:16 [long] stage3 GER40: 0 of 0 candidates pass ALL, 0 pass A&C
Empty DataFrame
Columns: [tag, sel_folds, robust_max, long_win_Rday, A_4folds, A_held, final_Rday, pre2024_Rday, since2024_Rday, stress_maxDD, B_stress, ALL]
Index: []
            tag sel_folds  robust_max  long_win_Rday  A_4folds  A_held  final_Rday  pre2024_Rday  since2024_Rday  stress_maxDD  B_stress   ALL
      LIVE_COMP                   NaN        -0.1056         0   False      0.7033       -0.1407         -0.0030       -280.10      True False
LIVE_COMP+MA100                   NaN        -0.0479         1   False      0.7033       -0.0761          0.0321       -158.41      True False
2026-09-25 16:32:16 [long] stage3 NDX100: 1 of 39 candidates pass ALL, 1 pass A&C
tag sel_folds  robust_max  long_win_Rday  A_4folds  A_held  final_Rday  pre2024_Rday  since2024_Rday  stress_maxDD  B_stress   ALL
 L6         0       1.574         0.0679         3    True      0.0238        0.0673          0.0745        -24.71      True  True
L27         2       2.202         0.0849         1   False     -0.0829        0.0692          0.1124        -31.95      True False
L28         2       2.201         0.0662         2   False     -0.1620        0.0381          0.1317        -21.72      True False
 L8   0,1,2,3       2.155         0.0701         4    True     -0.0023        0.0410          0.1488        -25.38      True False
L22     1,2,3       2.129         0.0499         2   False     -0.0181        0.0355          0.0902        -16.50      True False
L15     1,2,3       2.021         0.0754         3   False     -0.0911        0.0542          0.1289        -16.61      True False
 L1     0,1,2       2.014         0.0745         3   False     -0.0966        0.0584          0.1141        -27.17      True False
L29         2       1.960         0.0462         2   False     -0.2773        0.0270          0.0976        -36.06      True False
 L3       0,2       1.952         0.0525         2   False      0.0028        0.0434          0.0600        -12.59      True False
L30         2       1.944         0.0531         2   False     -0.2538        0.0449          0.0838        -23.93      True False
            tag sel_folds  robust_max  long_win_Rday  A_4folds  A_held  final_Rday  pre2024_Rday  since2024_Rday  stress_maxDD  B_stress   ALL
      LIVE_COMP                   NaN         0.0203         0   False      0.4139       -0.0260          0.1697        -73.60      True False
LIVE_COMP+MA100                   NaN         0.0442         1   False      0.4416        0.0003          0.1824        -35.67      True False
2026-09-25 16:32:16 [long] stage3 NQ: 1 of 41 candidates pass ALL, 1 pass A&C
tag sel_folds  robust_max  long_win_Rday  A_4folds  A_held  final_Rday  pre2024_Rday  since2024_Rday  stress_maxDD  B_stress   ALL
L23         1       2.096         0.0415         2    True      0.0095        0.0282          0.0806        -15.82      True  True
 L3     0,1,2       2.456         0.0919         2   False     -0.2145        0.0746          0.1426        -18.11      True False
 L5     0,1,2       2.337         0.0748         2   False     -0.1060        0.0650          0.1035        -18.37      True False
L12       0,2       2.321         0.0988         3   False     -0.1677        0.0920          0.1189        -28.27      True False
L24       1,2       2.302         0.0688         2   False     -0.2529        0.0562          0.1061        -15.09      True False
L15       1,3       2.299         0.0597         2   False     -0.1839        0.0398          0.1183        -25.24      True False
L25         2       2.249         0.0545         2   False     -0.0468        0.0427          0.0889        -21.68      True False
L26         2       2.245         0.1222         3   False     -0.2167        0.1149          0.1436        -18.52      True False
L27         2       2.234         0.0777         3   False     -0.0977        0.0741          0.0883        -18.74      True False
 L6       0,2       2.208         0.0572         1   False     -0.1307        0.0432          0.0984        -28.98      True False
            tag sel_folds  robust_max  long_win_Rday  A_4folds  A_held  final_Rday  pre2024_Rday  since2024_Rday  stress_maxDD  B_stress   ALL
      LIVE_COMP                   NaN         0.0431         1   False     -0.0455        0.0004          0.1685        -35.55      True False
LIVE_COMP+MA100                   NaN         0.0612         1   False     -0.0065        0.0189          0.1856        -27.94      True False
2026-09-25 16:32:16 [long] stage3 SPX500: 0 of 39 candidates pass ALL, 0 pass A&C
tag sel_folds  robust_max  long_win_Rday  A_4folds  A_held  final_Rday  pre2024_Rday  since2024_Rday  stress_maxDD  B_stress   ALL
 L0       0,3       1.212         0.0360         3   False     -0.1163        0.0260          0.0488        -19.82      True False
L26       2,3       1.152         0.0226         1   False     -0.2632        0.0148          0.0340        -18.49      True False
 L9   0,1,2,3       1.072         0.0462         2   False     -0.1471        0.0333          0.0737        -26.06      True False
L12     0,1,2       1.054         0.0388         2   False     -0.0928        0.0289          0.0556        -24.15      True False
 L2       0,2       1.040         0.0205         2   False     -0.1058        0.0162          0.0283        -11.66      True False
L27         2       1.022         0.0207         2   False     -0.2188        0.0157          0.0291        -17.04      True False
 L1   0,1,2,3       0.934         0.0284         2   False     -0.0032        0.0166          0.0579        -19.76      True False
L28         2       0.926         0.0437         1   False     -0.1872        0.0363          0.0598        -26.83      True False
L29         2       0.903         0.0186         2   False     -0.1806        0.0080          0.0439        -19.94      True False
L25       1,2       0.889         0.0307         2   False     -0.1209        0.0271          0.0284        -12.67      True False
            tag sel_folds  robust_max  long_win_Rday  A_4folds  A_held  final_Rday  pre2024_Rday  since2024_Rday  stress_maxDD  B_stress   ALL
      LIVE_COMP                   NaN        -0.0312         0   False     -0.1825       -0.0326         -0.0358        -66.56      True False
LIVE_COMP+MA100                   NaN         0.0081         1   False     -0.1825       -0.0025          0.0200        -44.46      True False
2026-09-25 16:32:16 [long] stage3 US30: 1 of 47 candidates pass ALL, 1 pass A&C
tag sel_folds  robust_max  long_win_Rday  A_4folds  A_held  final_Rday  pre2024_Rday  since2024_Rday  stress_maxDD  B_stress   ALL
 L7       0,3       1.026         0.0270         3    True      0.0532        0.0150          0.0497        -16.08      True  True
L29         2       1.674         0.0294         3   False     -0.3159        0.0167          0.0637        -23.90      True False
L30         2       1.376         0.0110         1   False     -0.0923        0.0035          0.0315        -24.77      True False
 L3       0,2       1.248         0.0328         2   False     -0.0328        0.0240          0.0393        -20.12      True False
L31         2       1.165         0.0224         3   False     -0.3506        0.0173          0.0431        -32.25      True False
 L1       0,2       1.156         0.0475         3   False     -0.0075        0.0304          0.0746        -12.43      True False
L32         2       1.141         0.0298         2   False     -0.1016        0.0167          0.0487        -16.53      True False
L33         2       1.129         0.0111         2   False     -0.2116       -0.0002          0.0337        -21.46      True False
L34         2       1.124         0.0204         2   False     -0.0541        0.0121          0.0348        -14.85      True False
L35         2       1.106         0.0251         3   False      0.0630        0.0169          0.0399        -25.01      True False
            tag sel_folds  robust_max  long_win_Rday  A_4folds  A_held  final_Rday  pre2024_Rday  since2024_Rday  stress_maxDD  B_stress   ALL
      LIVE_COMP                   NaN        -0.0095         1   False     -0.2639       -0.0152          0.0171        -59.06      True False
LIVE_COMP+MA100                   NaN         0.0113         2   False     -0.2639        0.0221         -0.0118        -26.34      True False
2026-09-25 16:32:16 s3[long] done, elapsed 3804 s
2026-09-25 16:32:16 stage4[ALL]: 8 strategies: ['NDX100:S25', 'NDX100:S24', 'NDX100:S22', 'SPX500:S42', 'NDX100:L6', 'US30:L7', 'NDX100:LIVE_COMP', 'NDX100:LIVE_COMP+MA100']
2026-09-25 16:32:18 stage4[ALL]: 23 combos, 406 challenge simulations, ranked on search-window pass-within-60
2026-09-25 16:32:24   stage4[ALL] combo 0/23
2026-09-25 16:32:32 stage4[ALL] report:
                                        combo          risks  breaker smart  search_pass60  search_fail60  search_med  stress_pass60  stress_fail60  short_held0_usd_day  final_usd_day
            NDX100:S25 | SPX500:S42 | US30:L7 1000/1000/1000   2000.0  near          0.768          0.073        30.0          0.243          0.289                130.9          234.6
                      NDX100:S24 | SPX500:S42      1500/1500   2000.0   NaN          0.744          0.061        33.0          0.151          0.295                 99.9          640.6
                                   NDX100:S25           1500   2000.0   NaN          0.720          0.183        28.0          0.254          0.300                 81.5          275.0
SPX500:S42 | US30:L7 | NDX100:LIVE_COMP+MA100 1000/1000/1000   2000.0  near          0.671          0.110        31.0          0.124          0.378                 65.7          407.7
                      NDX100:S25 | SPX500:S42      1500/1500   2000.0  near          0.646          0.293        20.0          0.268          0.454                115.0          289.3
                      NDX100:S22 | SPX500:S42      1500/1500   2000.0  near          0.634          0.268        28.5          0.254          0.462                -85.3           27.4
             US30:L7 | NDX100:LIVE_COMP+MA100      1000/1000   2000.0  near          0.610          0.061        34.5          0.065          0.297                 43.3          398.2
                         NDX100:S25 | US30:L7      1500/1500   2000.0  near          0.610          0.256        31.5          0.273          0.430                162.8          337.5
                       NDX100:LIVE_COMP+MA100           1500   2000.0  near          0.598          0.305        28.0          0.100          0.441                -16.4          534.7
                   US30:L7 | NDX100:LIVE_COMP      1000/1000   2000.0  near          0.573          0.244        33.0          0.086          0.446                -74.0          370.5
          SPX500:S42 | NDX100:LIVE_COMP+MA100      1000/1000   2000.0  near          0.561          0.012        30.5          0.103          0.319                 11.5          366.0
                SPX500:S42 | NDX100:LIVE_COMP      1000/1000   2000.0  near          0.549          0.341        28.0          0.119          0.424               -105.9          338.3
                         NDX100:S24 | US30:L7      1500/1500   2000.0   NaN          0.537          0.341        31.0          0.143          0.286                147.7          688.8
                             NDX100:LIVE_COMP           1500   2000.0  near          0.488          0.512        19.5          0.159          0.584               -192.4          493.2
                                   NDX100:S24           1500   2000.0  near          0.463          0.000        42.0          0.114          0.092                 66.4          626.3
                       SPX500:S42 | NDX100:L6      1500/1500   2000.0  near          0.451          0.268        24.0          0.316          0.346                 -1.7           16.5
                          NDX100:L6 | US30:L7      1500/1500   2000.0   NaN          0.451          0.329        38.0          0.357          0.346                 46.1           64.7
                         NDX100:S22 | US30:L7      1000/1000   2000.0   NaN          0.402          0.061        38.0          0.154          0.235                -25.0           50.4
                         SPX500:S42 | US30:L7      1500/1500   2000.0   NaN          0.402          0.183        34.0          0.141          0.368                114.9           76.8
                                   NDX100:S22           1500   2000.0   NaN          0.366          0.293        27.5          0.143          0.370               -118.8           13.1
                                    NDX100:L6           1500   2000.0   NaN          0.329          0.207        31.0          0.224          0.205                -35.2            2.2
                                   SPX500:S42           1500   2000.0  near          0.171          0.024        31.5          0.046          0.092                 33.6           14.3
                                      US30:L7           1500   2000.0   NaN          0.134          0.317        43.0          0.032          0.143                 81.3           62.5
2026-09-25 16:32:32 stage4[AC]: 10 strategies: ['NDX100:S25', 'NDX100:S24', 'NDX100:S22', 'SPX500:S42', 'SPX500:S21', 'SPX500:S24', 'NDX100:L6', 'US30:L7', 'NDX100:LIVE_COMP', 'NDX100:LIVE_COMP+MA100']
2026-09-25 16:32:34 stage4[AC]: 39 combos, 690 challenge simulations, ranked on search-window pass-within-60
2026-09-25 16:32:40   stage4[AC] combo 0/39
2026-09-25 16:32:52 stage4[AC] report:
                                        combo          risks  breaker smart  search_pass60  search_fail60  search_med  stress_pass60  stress_fail60  short_held0_usd_day  final_usd_day
                      NDX100:S24 | SPX500:S24      1500/1500   2000.0  near          0.780          0.183        28.0          0.186          0.565                166.4          666.8
            NDX100:S25 | SPX500:S42 | US30:L7 1000/1000/1000   2000.0  near          0.768          0.073        30.0          0.243          0.289                130.9          234.6
                      NDX100:S24 | SPX500:S42      1500/1500   2000.0   NaN          0.744          0.061        33.0          0.151          0.295                 99.9          640.6
                                   NDX100:S25           1500   2000.0   NaN          0.720          0.183        28.0          0.254          0.300                 81.5          275.0
          SPX500:S24 | NDX100:LIVE_COMP+MA100       500/1000   2000.0  near          0.695          0.012        35.0          0.065          0.427                 22.4          370.0
SPX500:S42 | US30:L7 | NDX100:LIVE_COMP+MA100 1000/1000/1000   2000.0  near          0.671          0.110        31.0          0.124          0.378                 65.7          407.7
                SPX500:S24 | NDX100:LIVE_COMP       500/1000   2000.0  near          0.671          0.183        33.0          0.073          0.543                -94.9          342.3
                      NDX100:S25 | SPX500:S42      1500/1500   2000.0  near          0.646          0.293        20.0          0.268          0.454                115.0          289.3
                      NDX100:S25 | SPX500:S21      1000/1000   2000.0  near          0.634          0.049        35.0          0.105          0.192                 30.9          200.8
                      NDX100:S22 | SPX500:S42      1500/1500   2000.0  near          0.634          0.268        28.5          0.254          0.462                -85.3           27.4
                      NDX100:S25 | SPX500:S24       1000/500   2000.0  near          0.634          0.122        33.0          0.151          0.322                 87.7          196.9
          SPX500:S21 | NDX100:LIVE_COMP+MA100      1000/1000   2000.0  near          0.622          0.122        34.0          0.054          0.316                -34.3          374.0
                         NDX100:S25 | US30:L7      1500/1500   2000.0  near          0.610          0.256        31.5          0.273          0.430                162.8          337.5
                SPX500:S21 | NDX100:LIVE_COMP      1000/1000   2000.0  near          0.610          0.305        29.5          0.076          0.422               -151.6          346.3
             US30:L7 | NDX100:LIVE_COMP+MA100      1000/1000   2000.0  near          0.610          0.061        34.5          0.065          0.297                 43.3          398.2
                      NDX100:S24 | SPX500:S21      1500/1500   2000.0  near          0.598          0.171        32.0          0.138          0.186                 31.3          652.5
                      NDX100:S22 | SPX500:S21      1500/1500   2000.0   NaN          0.598          0.232        31.0          0.200          0.468               -153.9           39.3
                       NDX100:LIVE_COMP+MA100           1500   2000.0  near          0.598          0.305        28.0          0.100          0.441                -16.4          534.7
                   US30:L7 | NDX100:LIVE_COMP      1000/1000   2000.0  near          0.573          0.244        33.0          0.086          0.446                -74.0          370.5
          SPX500:S42 | NDX100:LIVE_COMP+MA100      1000/1000   2000.0  near          0.561          0.012        30.5          0.103          0.319                 11.5          366.0
                SPX500:S42 | NDX100:LIVE_COMP      1000/1000   2000.0  near          0.549          0.341        28.0          0.119          0.424               -105.9          338.3
                       SPX500:S21 | NDX100:L6      1500/1500   2000.0   NaN          0.537          0.195        30.0          0.265          0.327                -70.3           28.4
                         NDX100:S24 | US30:L7      1500/1500   2000.0   NaN          0.537          0.341        31.0          0.143          0.286                147.7          688.8
                                   SPX500:S24           1500   2000.0  near          0.512          0.220        33.0          0.089          0.562                100.1           40.5
                             NDX100:LIVE_COMP           1500   2000.0  near          0.488          0.512        19.5          0.159          0.584               -192.4          493.2
                      NDX100:S22 | SPX500:S24      1500/1500   2000.0  near          0.476          0.451        19.0          0.135          0.678                -18.8           53.6
                       SPX500:S24 | NDX100:L6      1000/1000   2000.0   NaN          0.476          0.037        34.0          0.197          0.454                 43.2           28.5
                                   NDX100:S24           1500   2000.0  near          0.463          0.000        42.0          0.114          0.092                 66.4          626.3
                          NDX100:L6 | US30:L7      1500/1500   2000.0   NaN          0.451          0.329        38.0          0.357          0.346                 46.1           64.7
                       SPX500:S42 | NDX100:L6      1500/1500   2000.0  near          0.451          0.268        24.0          0.316          0.346                 -1.7           16.5
                         NDX100:S22 | US30:L7      1000/1000   2000.0   NaN          0.402          0.061        38.0          0.154          0.235                -25.0           50.4
                         SPX500:S24 | US30:L7      1000/1000   2000.0   NaN          0.402          0.134        36.0          0.100          0.432                120.9           68.7
                         SPX500:S42 | US30:L7      1500/1500   2000.0   NaN          0.402          0.183        34.0          0.141          0.368                114.9           76.8
                         SPX500:S21 | US30:L7      1500/1500   2000.0   NaN          0.366          0.317        34.0          0.068          0.330                 46.2           88.8
                                   NDX100:S22           1500   2000.0   NaN          0.366          0.293        27.5          0.143          0.370               -118.8           13.1
                                    NDX100:L6           1500   2000.0   NaN          0.329          0.207        31.0          0.224          0.205                -35.2            2.2
                                   SPX500:S21           1500   2000.0   NaN          0.183          0.073        38.0          0.011          0.073                -35.1           26.2
                                   SPX500:S42           1500   2000.0  near          0.171          0.024        31.5          0.046          0.092                 33.6           14.3
                                      US30:L7           1500   2000.0   NaN          0.134          0.317        43.0          0.032          0.143                 81.3           62.5
2026-09-25 16:32:52 stage4 done, elapsed 3839 s
2026-09-25 16:32:52 stage5 Flex (NQ): 7 strategies: ['NQ:S26[ALL]', 'NQ:S24[ALL]', 'NQ:S40[ALL]', 'NQ:L23[ALL]', 'NQ:S42[AC]', 'NQ:LIVE_COMP', 'NQ:LIVE_COMP+MA100']
2026-09-25 16:33:01 stage5 Flex (NQ):
          strategy  risk  breaker  short_win_cohorts  short_win_pass_rate  short_win_failed  short_win_pass60  short_win_fail60  short_win_med  stress_cohorts  stress_pass_rate  stress_failed  stress_pass60  stress_fail60  stress_med  short_held0_usd_day  final_usd_day
        NQ:S42[AC]   500    500.0                 94                0.618                34             0.451             0.244           46.0             381             0.124            331          0.076          0.673        53.0                 19.3            0.1
      NQ:LIVE_COMP   375      NaN                 94                0.511                44             0.451             0.463           31.5             381             0.171            310          0.073          0.703        63.0                -37.2          -15.4
      NQ:LIVE_COMP   375   1000.0                 94                0.511                44             0.451             0.463           31.5             381             0.171            310          0.073          0.703        63.0                -37.2          -15.4
      NQ:LIVE_COMP   375    500.0                 94                0.511                44             0.451             0.463           31.5             381             0.171            310          0.073          0.703        63.0                -37.2          -15.4
        NQ:S42[AC]   500   1000.0                 94                0.618                34             0.451             0.244           46.0             381             0.124            331          0.076          0.673        53.0                 19.3            0.1
        NQ:S42[AC]   500      NaN                 94                0.618                34             0.451             0.244           46.0             381             0.124            331          0.076          0.673        53.0                 19.3            0.1
NQ:LIVE_COMP+MA100   375   1000.0                 94                0.744                23             0.427             0.171           54.0             381             0.161            308          0.057          0.557        70.0                -12.3           -2.2
NQ:LIVE_COMP+MA100   375    500.0                 94                0.744                23             0.427             0.171           54.0             381             0.161            308          0.057          0.557        70.0                -12.3           -2.2
NQ:LIVE_COMP+MA100   375      NaN                 94                0.744                23             0.427             0.171           54.0             381             0.161            308          0.057          0.557        70.0                -12.3           -2.2
      NQ:LIVE_COMP   500      NaN                 94                0.378                56             0.390             0.598           21.5             381             0.217            296          0.141          0.778        31.0                -52.0          -21.5
      NQ:LIVE_COMP   500    500.0                 94                0.378                56             0.390             0.598           21.5             381             0.217            296          0.141          0.778        31.0                -52.0          -21.5
      NQ:LIVE_COMP   500   1000.0                 94                0.378                56             0.390             0.598           21.5             381             0.217            296          0.141          0.778        31.0                -52.0          -21.5
NQ:LIVE_COMP+MA100   500      NaN                 94                0.478                47             0.366             0.439           28.0             381             0.209            299          0.132          0.649        33.0                -17.2           -3.1
NQ:LIVE_COMP+MA100   500   1000.0                 94                0.478                47             0.366             0.439           28.0             381             0.209            299          0.132          0.649        33.0                -17.2           -3.1
NQ:LIVE_COMP+MA100   500    500.0                 94                0.478                47             0.366             0.439           28.0             381             0.209            299          0.132          0.649        33.0                -17.2           -3.1
       NQ:S24[ALL]   500   1000.0                 94                0.534                41             0.341             0.366           42.0             381             0.409            192          0.041          0.168       134.0                 31.1           13.0
       NQ:S24[ALL]   500      NaN                 94                0.534                41             0.341             0.366           42.0             381             0.409            192          0.041          0.168       134.0                 31.1           13.0
       NQ:S24[ALL]   500    500.0                 94                0.534                41             0.341             0.366           42.0             381             0.409            192          0.041          0.168       134.0                 31.1           13.0
       NQ:S26[ALL]   500      NaN                 94                0.571                39             0.317             0.268           58.5             381             0.227            290          0.127          0.411        58.0                -30.6            4.1
       NQ:S26[ALL]   500   1000.0                 94                0.571                39             0.317             0.268           58.5             381             0.227            290          0.127          0.411        58.0                -30.6            4.1
       NQ:S26[ALL]   500    500.0                 94                0.571                39             0.317             0.268           58.5             381             0.227            290          0.127          0.411        58.0                -30.6            4.1
       NQ:L23[ALL]   500   1000.0                 94                0.613                31             0.244             0.268           74.0             381             0.495            161          0.027          0.211       132.0                -25.4            4.6
       NQ:L23[ALL]   500    500.0                 94                0.613                31             0.244             0.268           74.0             381             0.495            161          0.027          0.211       132.0                -25.4            4.6
       NQ:L23[ALL]   500      NaN                 94                0.613                31             0.244             0.268           74.0             381             0.495            161          0.027          0.211       132.0                -25.4            4.6
       NQ:S26[ALL]   375   1000.0                 94                0.637                29             0.232             0.134           72.0             381             0.340            243          0.046          0.243       116.0                -21.9            8.6
       NQ:S40[ALL]   500    500.0                 94                0.714                22             0.232             0.195           72.0             381             0.380            225          0.062          0.243       132.0                104.8            4.6
       NQ:S40[ALL]   500   1000.0                 94                0.714                22             0.232             0.195           72.0             381             0.380            225          0.062          0.243       132.0                104.8            4.6
       NQ:S26[ALL]   375    500.0                 94                0.637                29             0.232             0.134           72.0             381             0.340            243          0.046          0.243       116.0                -21.9            8.6
       NQ:S26[ALL]   375      NaN                 94                0.637                29             0.232             0.134           72.0             381             0.340            243          0.046          0.243       116.0                -21.9            8.6
       NQ:S40[ALL]   500      NaN                 94                0.714                22             0.232             0.195           72.0             381             0.380            225          0.062          0.243       132.0                104.8            4.6
2026-09-25 16:33:01 stage5 done, elapsed 3848 s
