inst,variant,params,short_train0_days,short_train0_n,short_train0_Rday,short_train0_t,short_train0_maxDD,short_held0_days,short_held0_n,short_held0_Rday,short_held0_t,short_held0_maxDD,short_win_days,short_win_n,short_win_Rday,short_win_t,short_win_maxDD,final_days,final_n,final_Rday,final_t,final_maxDD,stress_days,stress_n,stress_Rday,stress_t,stress_maxDD,pre2024_Rday,since2024_Rday,R_2016,R_2017,R_2018,R_2019,R_2020,R_2021,R_2022,R_2023,R_2024,R_2025,R_2026
NQ,LIVE_COMP,"{""entry_tf"": 1, ""vwap"": true, ""time_stop"": 120, ""legs"": true, ""leg_max"": 6, ""legs_mgmt"": ""fixed"", ""leg_window"": 120, ""ma"": 0, ""dyn"": false, ""big_thr"": 15, ""big_sl"": 35, ""big_tp"": 115, ""std_sl"": 25, ""std_tp"": 42, ""leg_gap"": 15, ""leg_sl"": 35, ""leg_tp"": 115, ""be_at"": 0, ""partial"": 0, ""trail"": 0, ""entry_mode"": ""close"", ""pb_frac"": 0.5, ""pb_wait"": 15, ""gap"": ""off"", ""gap_min"": 0, ""body_min"": 0, ""volf"": ""off"", ""dow"": ""none""}",352,317,0.3318,3.004,-15.24,91,74,-0.1144,-0.692,-16.02,443,391,0.2401,2.542,-20.42,53,52,-0.0455,-0.188,-14.5,1820,1555,0.0004,0.013,-35.55,0.0004,0.1685,-3.5,-9.6,-9.4,8.8,4.7,16.8,2.0,-9.0,26.8,56.5,18.5
NQ,LIVE_COMP+MA100,"{""entry_tf"": 1, ""vwap"": true, ""time_stop"": 120, ""legs"": true, ""leg_max"": 6, ""legs_mgmt"": ""fixed"", ""leg_window"": 120, ""ma"": 100, ""dyn"": false, ""big_thr"": 15, ""big_sl"": 35, ""big_tp"": 115, ""std_sl"": 25, ""std_tp"": 42, ""leg_gap"": 15, ""leg_sl"": 35, ""leg_tp"": 115, ""be_at"": 0, ""partial"": 0, ""trail"": 0, ""entry_mode"": ""close"", ""pb_frac"": 0.5, ""pb_wait"": 15, ""gap"": ""off"", ""gap_min"": 0, ""body_min"": 0, ""volf"": ""off"", ""dow"": ""none""}",352,253,0.3252,3.324,-12.28,91,59,-0.0379,-0.249,-10.09,443,312,0.2506,2.981,-12.28,53,50,-0.0065,-0.027,-13.46,1820,1188,0.0189,0.745,-27.94,0.0189,0.1856,-3.5,-9.6,14.0,8.9,10.0,4.7,7.2,2.7,32.7,64.7,17.1
NQ,entry_tf5,"{""entry_tf"": 5, ""vwap"": true, ""time_stop"": 120, ""legs"": true, ""leg_max"": 6, ""legs_mgmt"": ""fixed"", ""leg_window"": 120, ""ma"": 0, ""dyn"": false, ""big_thr"": 15, ""big_sl"": 35, ""big_tp"": 115, ""std_sl"": 25, ""std_tp"": 42, ""leg_gap"": 15, ""leg_sl"": 35, ""leg_tp"": 115, ""be_at"": 0, ""partial"": 0, ""trail"": 0, ""entry_mode"": ""close"", ""pb_frac"": 0.5, ""pb_wait"": 15, ""gap"": ""off"", ""gap_min"": 0, ""body_min"": 0, ""volf"": ""off"", ""dow"": ""none""}",352,319,0.1773,1.778,-16.57,91,85,-0.1841,-0.981,-23.73,443,404,0.103,1.166,-18.71,53,54,0.3197,1.019,-5.18,1820,1616,0.0095,0.3,-35.36,0.0095,0.0599,9.2,-7.5,-8.0,1.2,-18.3,15.1,47.4,-21.9,11.5,21.8,20.7
NQ,vwap_off,"{""entry_tf"": 1, ""vwap"": false, ""time_stop"": 120, ""legs"": true, ""leg_max"": 6, ""legs_mgmt"": ""fixed"", ""leg_window"": 120, ""ma"": 0, ""dyn"": false, ""big_thr"": 15, ""big_sl"": 35, ""big_tp"": 115, ""std_sl"": 25, ""std_tp"": 42, ""leg_gap"": 15, ""leg_sl"": 35, ""leg_tp"": 115, ""be_at"": 0, ""partial"": 0, ""trail"": 0, ""entry_mode"": ""close"", ""pb_frac"": 0.5, ""pb_wait"": 15, ""gap"": ""off"", ""gap_min"": 0, ""body_min"": 0, ""volf"": ""off"", ""dow"": ""none""}",352,375,0.3497,2.985,-19.53,91,96,-0.2401,-1.339,-27.13,443,471,0.2286,2.268,-25.45,53,55,-0.1042,-0.426,-16.57,1820,1830,0.0067,0.203,-29.84,0.0067,0.1682,-2.0,-10.4,1.5,17.6,-1.0,9.7,-3.7,0.6,30.9,60.0,7.7
NQ,legs_off,"{""entry_tf"": 1, ""vwap"": true, ""time_stop"": 120, ""legs"": false, ""leg_max"": 6, ""legs_mgmt"": ""fixed"", ""leg_window"": 120, ""ma"": 0, ""dyn"": false, ""big_thr"": 15, ""big_sl"": 35, ""big_tp"": 115, ""std_sl"": 25, ""std_tp"": 42, ""leg_gap"": 15, ""leg_sl"": 35, ""leg_tp"": 115, ""be_at"": 0, ""partial"": 0, ""trail"": 0, ""entry_mode"": ""close"", ""pb_frac"": 0.5, ""pb_wait"": 15, ""gap"": ""off"", ""gap_min"": 0, ""body_min"": 0, ""volf"": ""off"", ""dow"": ""none""}",352,293,0.2342,2.502,-15.24,91,69,-0.1046,-0.678,-14.09,443,362,0.1646,2.03,-20.59,53,50,-0.0065,-0.026,-13.46,1820,1525,0.0067,0.222,-34.51,0.0067,0.1142,-2.5,-9.6,-8.4,8.8,6.6,20.8,5.8,-9.4,21.0,47.4,2.0
NQ,dyn_scale,"{""entry_tf"": 1, ""vwap"": true, ""time_stop"": 120, ""legs"": true, ""leg_max"": 6, ""legs_mgmt"": ""fixed"", ""leg_window"": 120, ""ma"": 0, ""dyn"": true, ""big_thr"": 15, ""big_sl"": 35, ""big_tp"": 115, ""std_sl"": 25, ""std_tp"": 42, ""leg_gap"": 15, ""leg_sl"": 35, ""leg_tp"": 115, ""be_at"": 0, ""partial"": 0, ""trail"": 0, ""entry_mode"": ""close"", ""pb_frac"": 0.5, ""pb_wait"": 15, ""gap"": ""off"", ""gap_min"": 0, ""body_min"": 0, ""volf"": ""off"", ""dow"": ""none""}",352,316,0.2614,2.464,-17.29,91,75,-0.2384,-1.518,-23.05,443,391,0.1588,1.749,-21.44,53,51,-0.3033,-1.51,-19.05,1820,1646,-0.0042,-0.099,-94.97,-0.0042,0.0868,-13.4,-54.1,-21.9,43.6,24.0,-3.1,21.3,-3.9,13.5,32.4,-8.3
NQ,legs_same_mgmt_be1,"{""entry_tf"": 1, ""vwap"": true, ""time_stop"": 120, ""legs"": true, ""leg_max"": 6, ""legs_mgmt"": ""same"", ""leg_window"": 120, ""ma"": 0, ""dyn"": false, ""big_thr"": 15, ""big_sl"": 35, ""big_tp"": 115, ""std_sl"": 25, ""std_tp"": 42, ""leg_gap"": 15, ""leg_sl"": 35, ""leg_tp"": 115, ""be_at"": 1.0, ""partial"": 0, ""trail"": 0, ""entry_mode"": ""close"", ""pb_frac"": 0.5, ""pb_wait"": 15, ""gap"": ""off"", ""gap_min"": 0, ""body_min"": 0, ""volf"": ""off"", ""dow"": ""none""}",352,317,0.2244,2.334,-20.88,91,74,-0.0096,-0.06,-9.13,443,391,0.1763,2.117,-22.77,53,52,-0.0294,-0.151,-12.49,1820,1555,-0.0005,-0.019,-32.23,-0.0005,0.1026,-4.5,-6.6,-0.4,13.1,-1.6,-3.2,1.8,0.4,1.5,48.3,12.1
NQ,time_stop_60,"{""entry_tf"": 1, ""vwap"": true, ""time_stop"": 60, ""legs"": true, ""leg_max"": 6, ""legs_mgmt"": ""fixed"", ""leg_window"": 120, ""ma"": 0, ""dyn"": false, ""big_thr"": 15, ""big_sl"": 35, ""big_tp"": 115, ""std_sl"": 25, ""std_tp"": 42, ""leg_gap"": 15, ""leg_sl"": 35, ""leg_tp"": 115, ""be_at"": 0, ""partial"": 0, ""trail"": 0, ""entry_mode"": ""close"", ""pb_frac"": 0.5, ""pb_wait"": 15, ""gap"": ""off"", ""gap_min"": 0, ""body_min"": 0, ""volf"": ""off"", ""dow"": ""none""}",352,317,0.3228,3.012,-15.24,91,74,-0.117,-0.728,-16.25,443,391,0.2325,2.535,-20.42,53,52,-0.0455,-0.188,-14.5,1820,1555,-0.0067,-0.233,-34.05,-0.0067,0.1476,-6.1,-4.2,-11.0,10.0,-7.9,9.6,0.3,-2.9,15.9,56.2,16.9
NQ,time_stop_90,"{""entry_tf"": 1, ""vwap"": true, ""time_stop"": 90, ""legs"": true, ""leg_max"": 6, ""legs_mgmt"": ""fixed"", ""leg_window"": 120, ""ma"": 0, ""dyn"": false, ""big_thr"": 15, ""big_sl"": 35, ""big_tp"": 115, ""std_sl"": 25, ""std_tp"": 42, ""leg_gap"": 15, ""leg_sl"": 35, ""leg_tp"": 115, ""be_at"": 0, ""partial"": 0, ""trail"": 0, ""entry_mode"": ""close"", ""pb_frac"": 0.5, ""pb_wait"": 15, ""gap"": ""off"", ""gap_min"": 0, ""body_min"": 0, ""volf"": ""off"", ""dow"": ""none""}",352,317,0.3229,2.959,-15.24,91,74,-0.1129,-0.688,-15.88,443,391,0.2334,2.499,-20.42,53,52,-0.0455,-0.188,-14.5,1820,1555,0.007,0.233,-36.43,0.007,0.1568,-2.6,-3.6,-0.6,7.5,5.9,16.1,-4.1,-5.7,20.5,57.1,17.0
NQ,time_stop_180,"{""entry_tf"": 1, ""vwap"": true, ""time_stop"": 180, ""legs"": true, ""leg_max"": 6, ""legs_mgmt"": ""fixed"", ""leg_window"": 120, ""ma"": 0, ""dyn"": false, ""big_thr"": 15, ""big_sl"": 35, ""big_tp"": 115, ""std_sl"": 25, ""std_tp"": 42, ""leg_gap"": 15, ""leg_sl"": 35, ""leg_tp"": 115, ""be_at"": 0, ""partial"": 0, ""trail"": 0, ""entry_mode"": ""close"", ""pb_frac"": 0.5, ""pb_wait"": 15, ""gap"": ""off"", ""gap_min"": 0, ""body_min"": 0, ""volf"": ""off"", ""dow"": ""none""}",352,317,0.3284,2.939,-15.24,91,74,-0.1352,-0.818,-17.92,443,391,0.2332,2.443,-20.42,53,52,-0.0455,-0.188,-14.5,1820,1555,0.0079,0.246,-42.5,0.0079,0.1532,-2.8,-15.2,-13.2,17.4,11.7,20.7,2.7,-6.9,21.5,53.3,17.6
NQ,time_stop_240,"{""entry_tf"": 1, ""vwap"": true, ""time_stop"": 240, ""legs"": true, ""leg_max"": 6, ""legs_mgmt"": ""fixed"", ""leg_window"": 120, ""ma"": 0, ""dyn"": false, ""big_thr"": 15, ""big_sl"": 35, ""big_tp"": 115, ""std_sl"": 25, ""std_tp"": 42, ""leg_gap"": 15, ""leg_sl"": 35, ""leg_tp"": 115, ""be_at"": 0, ""partial"": 0, ""trail"": 0, ""entry_mode"": ""close"", ""pb_frac"": 0.5, ""pb_wait"": 15, ""gap"": ""off"", ""gap_min"": 0, ""body_min"": 0, ""volf"": ""off"", ""dow"": ""none""}",352,317,0.3171,2.839,-15.24,91,74,-0.1256,-0.76,-17.04,443,391,0.2262,2.371,-20.42,53,52,-0.0455,-0.188,-14.5,1820,1555,0.0086,0.264,-44.51,0.0086,0.1465,-4.2,-13.1,-17.1,16.8,11.4,28.5,3.5,-10.1,20.3,51.4,16.5
NQ,time_stop_999,"{""entry_tf"": 1, ""vwap"": true, ""time_stop"": 999, ""legs"": true, ""leg_max"": 6, ""legs_mgmt"": ""fixed"", ""leg_window"": 120, ""ma"": 0, ""dyn"": false, ""big_thr"": 15, ""big_sl"": 35, ""big_tp"": 115, ""std_sl"": 25, ""std_tp"": 42, ""leg_gap"": 15, ""leg_sl"": 35, ""leg_tp"": 115, ""be_at"": 0, ""partial"": 0, ""trail"": 0, ""entry_mode"": ""close"", ""pb_frac"": 0.5, ""pb_wait"": 15, ""gap"": ""off"", ""gap_min"": 0, ""body_min"": 0, ""volf"": ""off"", ""dow"": ""none""}",352,317,0.3158,2.816,-15.24,91,74,-0.1227,-0.738,-16.77,443,391,0.2257,2.356,-20.42,53,52,-0.0455,-0.188,-14.5,1820,1555,-0.003,-0.091,-52.17,-0.003,0.1599,-4.0,-18.9,-14.5,15.1,6.4,25.0,3.8,-18.5,30.2,49.8,16.5
NQ,be_at_0.5,"{""entry_tf"": 1, ""vwap"": true, ""time_stop"": 120, ""legs"": true, ""leg_max"": 6, ""legs_mgmt"": ""fixed"", ""leg_window"": 120, ""ma"": 0, ""dyn"": false, ""big_thr"": 15, ""big_sl"": 35, ""big_tp"": 115, ""std_sl"": 25, ""std_tp"": 42, ""leg_gap"": 15, ""leg_sl"": 35, ""leg_tp"": 115, ""be_at"": 0.5, ""partial"": 0, ""trail"": 0, ""entry_mode"": ""close"", ""pb_frac"": 0.5, ""pb_wait"": 15, ""gap"": ""off"", ""gap_min"": 0, ""body_min"": 0, ""volf"": ""off"", ""dow"": ""none""}",352,317,0.2025,2.236,-15.17,91,74,0.0313,0.215,-7.2,443,391,0.1673,2.146,-17.13,53,52,0.0973,0.563,-7.53,1820,1555,0.0027,0.115,-30.65,0.0027,0.0789,-4.1,-10.9,-4.3,20.8,-3.7,1.7,11.2,-5.7,-11.8,37.6,28.3
NQ,be_at_1.0,"{""entry_tf"": 1, ""vwap"": true, ""time_stop"": 120, ""legs"": true, ""leg_max"": 6, ""legs_mgmt"": ""fixed"", ""leg_window"": 120, ""ma"": 0, ""dyn"": false, ""big_thr"": 15, ""big_sl"": 35, ""big_tp"": 115, ""std_sl"": 25, ""std_tp"": 42, ""leg_gap"": 15, ""leg_sl"": 35, ""leg_tp"": 115, ""be_at"": 1.0, ""partial"": 0, ""trail"": 0, ""entry_mode"": ""close"", ""pb_frac"": 0.5, ""pb_wait"": 15, ""gap"": ""off"", ""gap_min"": 0, ""body_min"": 0, ""volf"": ""off"", ""dow"": ""none""}",352,317,0.2416,2.434,-20.88,91,74,-0.0096,-0.06,-9.13,443,391,0.19,2.22,-22.77,53,52,-0.0294,-0.151,-12.49,1820,1555,0.0022,0.079,-31.94,0.0022,0.1108,-4.5,-6.6,-0.4,13.1,0.7,-4.2,5.4,0.4,3.0,48.6,15.4
NQ,be_at_1.5,"{""entry_tf"": 1, ""vwap"": true, ""time_stop"": 120, ""legs"": true, ""leg_max"": 6, ""legs_mgmt"": ""fixed"", ""leg_window"": 120, ""ma"": 0, ""dyn"": false, ""big_thr"": 15, ""big_sl"": 35, ""big_tp"": 115, ""std_sl"": 25, ""std_tp"": 42, ""leg_gap"": 15, ""leg_sl"": 35, ""leg_tp"": 115, ""be_at"": 1.5, ""partial"": 0, ""trail"": 0, ""entry_mode"": ""close"", ""pb_frac"": 0.5, ""pb_wait"": 15, ""gap"": ""off"", ""gap_min"": 0, ""body_min"": 0, ""volf"": ""off"", ""dow"": ""none""}",352,317,0.3207,3.053,-15.53,91,74,-0.0484,-0.3,-12.09,443,391,0.2449,2.718,-19.71,53,52,0.0245,0.108,-12.5,1820,1555,-0.0025,-0.085,-33.26,-0.0025,0.1643,-3.5,-8.6,-7.7,10.1,0.0,12.3,2.9,-10.1,23.1,57.5,22.4
NQ,be_at_2.0,"{""entry_tf"": 1, ""vwap"": true, ""time_stop"": 120, ""legs"": true, ""leg_max"": 6, ""legs_mgmt"": ""fixed"", ""leg_window"": 120, ""ma"": 0, ""dyn"": false, ""big_thr"": 15, ""big_sl"": 35, ""big_tp"": 115, ""std_sl"": 25, ""std_tp"": 42, ""leg_gap"": 15, ""leg_sl"": 35, ""leg_tp"": 115, ""be_at"": 2.0, ""partial"": 0, ""trail"": 0, ""entry_mode"": ""close"", ""pb_frac"": 0.5, ""pb_wait"": 15, ""gap"": ""off"", ""gap_min"": 0, ""body_min"": 0, ""volf"": ""off"", ""dow"": ""none""}",352,317,0.3325,3.09,-17.53,91,74,-0.0594,-0.367,-13.09,443,391,0.252,2.738,-21.71,53,52,0.0057,0.025,-12.5,1820,1555,0.0013,0.042,-35.3,0.0013,0.1735,-3.5,-9.6,-8.0,8.8,5.7,19.4,-0.1,-10.4,28.7,59.3,19.7
NQ,partial_1.0,"{""entry_tf"": 1, ""vwap"": true, ""time_stop"": 120, ""legs"": true, ""leg_max"": 6, ""legs_mgmt"": ""fixed"", ""leg_window"": 120, ""ma"": 0, ""dyn"": false, ""big_thr"": 15, ""big_sl"": 35, ""big_tp"": 115, ""std_sl"": 25, ""std_tp"": 42, ""leg_gap"": 15, ""leg_sl"": 35, ""leg_tp"": 115, ""be_at"": 0, ""partial"": 1.0, ""trail"": 0, ""entry_mode"": ""close"", ""pb_frac"": 0.5, ""pb_wait"": 15, ""gap"": ""off"", ""gap_min"": 0, ""body_min"": 0, ""volf"": ""off"", ""dow"": ""none""}",352,317,0.2127,2.543,-13.53,91,74,-0.1689,-1.366,-19.7,443,391,0.1343,1.878,-18.45,53,52,-0.0402,-0.243,-11.49,1820,1555,-0.009,-0.377,-33.83,-0.009,0.0796,-4.9,-10.6,-4.2,4.5,-3.0,-0.0,-0.2,2.1,5.0,30.7,11.4
NQ,partial_1.5,"{""entry_tf"": 1, ""vwap"": true, ""time_stop"": 120, ""legs"": true, ""leg_max"": 6, ""legs_mgmt"": ""fixed"", ""leg_window"": 120, ""ma"": 0, ""dyn"": false, ""big_thr"": 15, ""big_sl"": 35, ""big_tp"": 115, ""std_sl"": 25, ""std_tp"": 42, ""leg_gap"": 15, ""leg_sl"": 35, ""leg_tp"": 115, ""be_at"": 0, ""partial"": 1.5, ""trail"": 0, ""entry_mode"": ""close"", ""pb_frac"": 0.5, ""pb_wait"": 15, ""gap"": ""off"", ""gap_min"": 0, ""body_min"": 0, ""volf"": ""off"", ""dow"": ""none""}",352,317,0.2433,2.703,-13.99,91,74,-0.1581,-1.189,-19.46,443,391,0.1608,2.09,-18.45,53,52,-0.0826,-0.445,-13.49,1820,1555,-0.0092,-0.348,-34.86,-0.0092,0.0975,-3.6,-8.9,-8.0,8.6,2.7,1.7,-3.8,-5.5,8.2,38.6,9.1
NQ,partial_2.0,"{""entry_tf"": 1, ""vwap"": true, ""time_stop"": 120, ""legs"": true, ""leg_max"": 6, ""legs_mgmt"": ""fixed"", ""leg_window"": 120, ""ma"": 0, ""dyn"": false, ""big_thr"": 15, ""big_sl"": 35, ""big_tp"": 115, ""std_sl"": 25, ""std_tp"": 42, ""leg_gap"": 15, ""leg_sl"": 35, ""leg_tp"": 115, ""be_at"": 0, ""partial"": 2.0, ""trail"": 0, ""entry_mode"": ""close"", ""pb_frac"": 0.5, ""pb_wait"": 15, ""gap"": ""off"", ""gap_min"": 0, ""body_min"": 0, ""volf"": ""off"", ""dow"": ""none""}",352,317,0.277,2.88,-15.03,91,74,-0.1169,-0.824,-16.46,443,391,0.1961,2.387,-18.71,53,52,-0.0213,-0.106,-12.49,1820,1555,0.0004,0.016,-34.94,0.0004,0.1331,-3.5,-9.6,-7.3,6.6,5.9,7.2,3.2,-1.7,19.1,48.3,13.9
NQ,partial_3.0,"{""entry_tf"": 1, ""vwap"": true, ""time_stop"": 120, ""legs"": true, ""leg_max"": 6, ""legs_mgmt"": ""fixed"", ""leg_window"": 120, ""ma"": 0, ""dyn"": false, ""big_thr"": 15, ""big_sl"": 35, ""big_tp"": 115, ""std_sl"": 25, ""std_tp"": 42, ""leg_gap"": 15, ""leg_sl"": 35, ""leg_tp"": 115, ""be_at"": 0, ""partial"": 3.0, ""trail"": 0, ""entry_mode"": ""close"", ""pb_frac"": 0.5, ""pb_wait"": 15, ""gap"": ""off"", ""gap_min"": 0, ""body_min"": 0, ""volf"": ""off"", ""dow"": ""none""}",352,317,0.3258,2.987,-15.53,91,74,-0.1348,-0.84,-17.59,443,391,0.2312,2.482,-20.71,53,52,-0.0267,-0.112,-13.46,1820,1555,0.0037,0.121,-35.98,0.0037,0.1608,-3.5,-9.6,-9.6,8.4,8.4,15.9,4.0,-7.3,25.2,55.1,17.8
NQ,trail_1.0,"{""entry_tf"": 1, ""vwap"": true, ""time_stop"": 120, ""legs"": true, ""leg_max"": 6, ""legs_mgmt"": ""fixed"", ""leg_window"": 120, ""ma"": 0, ""dyn"": false, ""big_thr"": 15, ""big_sl"": 35, ""big_tp"": 115, ""std_sl"": 25, ""std_tp"": 42, ""leg_gap"": 15, ""leg_sl"": 35, ""leg_tp"": 115, ""be_at"": 0, ""partial"": 0, ""trail"": 1.0, ""entry_mode"": ""close"", ""pb_frac"": 0.5, ""pb_wait"": 15, ""gap"": ""off"", ""gap_min"": 0, ""body_min"": 0, ""volf"": ""off"", ""dow"": ""none""}",352,317,0.114,1.557,-19.31,91,74,-0.1013,-0.868,-18.83,443,391,0.0698,1.106,-26.48,53,52,0.0386,0.298,-7.19,1820,1555,-0.0231,-1.111,-49.61,-0.0231,0.0113,-5.6,-11.7,-10.1,17.8,-14.0,-0.6,-7.7,-10.1,-12.1,7.3,13.8
NQ,trail_1.5,"{""entry_tf"": 1, ""vwap"": true, ""time_stop"": 120, ""legs"": true, ""leg_max"": 6, ""legs_mgmt"": ""fixed"", ""leg_window"": 120, ""ma"": 0, ""dyn"": false, ""big_thr"": 15, ""big_sl"": 35, ""big_tp"": 115, ""std_sl"": 25, ""std_tp"": 42, ""leg_gap"": 15, ""leg_sl"": 35, ""leg_tp"": 115, ""be_at"": 0, ""partial"": 0, ""trail"": 1.5, ""entry_mode"": ""close"", ""pb_frac"": 0.5, ""pb_wait"": 15, ""gap"": ""off"", ""gap_min"": 0, ""body_min"": 0, ""volf"": ""off"", ""dow"": ""none""}",352,317,0.2267,2.462,-24.89,91,74,-0.041,-0.273,-11.7,443,391,0.1717,2.158,-28.8,53,52,-0.1104,-0.728,-11.59,1820,1555,-0.0163,-0.626,-47.85,-0.0163,0.086,-4.6,-9.3,-6.4,4.6,-8.3,-8.0,-0.9,3.3,-1.9,34.5,14.9
NQ,trail_2.0,"{""entry_tf"": 1, ""vwap"": true, ""time_stop"": 120, ""legs"": true, ""leg_max"": 6, ""legs_mgmt"": ""fixed"", ""leg_window"": 120, ""ma"": 0, ""dyn"": false, ""big_thr"": 15, ""big_sl"": 35, ""big_tp"": 115, ""std_sl"": 25, ""std_tp"": 42, ""leg_gap"": 15, ""leg_sl"": 35, ""leg_tp"": 115, ""be_at"": 0, ""partial"": 0, ""trail"": 2.0, ""entry_mode"": ""close"", ""pb_frac"": 0.5, ""pb_wait"": 15, ""gap"": ""off"", ""gap_min"": 0, ""body_min"": 0, ""volf"": ""off"", ""dow"": ""none""}",352,317,0.3027,2.957,-19.21,91,74,-0.0917,-0.584,-15.24,443,391,0.2217,2.525,-21.08,53,52,-0.052,-0.253,-13.93,1820,1555,-0.0002,-0.008,-32.23,-0.0002,0.1443,-3.5,-9.0,-7.5,9.8,-2.1,5.2,4.9,1.8,23.2,42.3,21.0
NQ,trail_3.0,"{""entry_tf"": 1, ""vwap"": true, ""time_stop"": 120, ""legs"": true, ""leg_max"": 6, ""legs_mgmt"": ""fixed"", ""leg_window"": 120, ""ma"": 0, ""dyn"": false, ""big_thr"": 15, ""big_sl"": 35, ""big_tp"": 115, ""std_sl"": 25, ""std_tp"": 42, ""leg_gap"": 15, ""leg_sl"": 35, ""leg_tp"": 115, ""be_at"": 0, ""partial"": 0, ""trail"": 3.0, ""entry_mode"": ""close"", ""pb_frac"": 0.5, ""pb_wait"": 15, ""gap"": ""off"", ""gap_min"": 0, ""body_min"": 0, ""volf"": ""off"", ""dow"": ""none""}",352,317,0.3254,2.984,-18.22,91,74,-0.1078,-0.654,-15.7,443,391,0.2364,2.532,-23.31,53,52,-0.0424,-0.185,-12.52,1820,1555,-0.0047,-0.155,-39.48,-0.0047,0.1651,-3.5,-9.6,-9.4,8.8,3.3,19.6,-7.4,-10.4,29.0,51.6,19.3
NQ,runner_noTP_120,"{""entry_tf"": 1, ""vwap"": true, ""time_stop"": 120, ""legs"": true, ""leg_max"": 6, ""legs_mgmt"": ""fixed"", ""leg_window"": 120, ""ma"": 0, ""dyn"": false, ""big_thr"": 15, ""big_sl"": 35, ""big_tp"": 0, ""std_sl"": 25, ""std_tp"": 0, ""leg_gap"": 15, ""leg_sl"": 35, ""leg_tp"": 115, ""be_at"": 0, ""partial"": 0, ""trail"": 0, ""entry_mode"": ""close"", ""pb_frac"": 0.5, ""pb_wait"": 15, ""gap"": ""off"", ""gap_min"": 0, ""body_min"": 0, ""volf"": ""off"", ""dow"": ""none""}",352,317,0.3228,2.292,-18.5,91,74,-0.2206,-1.298,-23.75,443,391,0.2112,1.795,-21.67,53,52,-0.0003,-0.001,-19.01,1820,1555,-0.0008,-0.022,-42.43,-0.0008,0.1591,-1.8,-11.3,-7.5,11.1,-1.0,17.0,2.9,-10.7,36.6,45.8,16.0
NQ,runner_noTP_trail1.5_close,"{""entry_tf"": 1, ""vwap"": true, ""time_stop"": 999, ""legs"": true, ""leg_max"": 6, ""legs_mgmt"": ""fixed"", ""leg_window"": 120, ""ma"": 0, ""dyn"": false, ""big_thr"": 15, ""big_sl"": 35, ""big_tp"": 0, ""std_sl"": 25, ""std_tp"": 0, ""leg_gap"": 15, ""leg_sl"": 35, ""leg_tp"": 115, ""be_at"": 0, ""partial"": 0, ""trail"": 1.5, ""entry_mode"": ""close"", ""pb_frac"": 0.5, ""pb_wait"": 15, ""gap"": ""off"", ""gap_min"": 0, ""body_min"": 0, ""volf"": ""off"", ""dow"": ""none""}",352,317,0.2428,2.432,-23.57,91,74,-0.0987,-0.653,-17.41,443,391,0.1727,2.021,-28.58,53,52,-0.1492,-1.087,-11.51,1820,1555,-0.0001,-0.002,-50.02,-0.0001,0.1022,-2.0,-16.7,-10.3,3.2,-3.4,11.2,3.5,14.4,7.2,29.6,18.5
NQ,runner_noTP_be1_trail2_close,"{""entry_tf"": 1, ""vwap"": true, ""time_stop"": 999, ""legs"": true, ""leg_max"": 6, ""legs_mgmt"": ""fixed"", ""leg_window"": 120, ""ma"": 0, ""dyn"": false, ""big_thr"": 15, ""big_sl"": 35, ""big_tp"": 0, ""std_sl"": 25, ""std_tp"": 0, ""leg_gap"": 15, ""leg_sl"": 35, ""leg_tp"": 115, ""be_at"": 1.0, ""partial"": 0, ""trail"": 2.0, ""entry_mode"": ""close"", ""pb_frac"": 0.5, ""pb_wait"": 15, ""gap"": ""off"", ""gap_min"": 0, ""body_min"": 0, ""volf"": ""off"", ""dow"": ""none""}",352,317,0.2978,2.704,-19.9,91,74,-0.0963,-0.555,-15.7,443,391,0.2169,2.288,-21.82,53,52,-0.1536,-0.851,-14.73,1820,1555,0.0237,0.722,-49.06,0.0237,0.1466,-0.6,-15.3,3.2,18.9,1.9,16.7,10.7,7.6,19.3,46.2,17.1
NQ,pullback_0.3_5,"{""entry_tf"": 1, ""vwap"": true, ""time_stop"": 120, ""legs"": true, ""leg_max"": 6, ""legs_mgmt"": ""fixed"", ""leg_window"": 120, ""ma"": 0, ""dyn"": false, ""big_thr"": 15, ""big_sl"": 35, ""big_tp"": 115, ""std_sl"": 25, ""std_tp"": 42, ""leg_gap"": 15, ""leg_sl"": 35, ""leg_tp"": 115, ""be_at"": 0, ""partial"": 0, ""trail"": 0, ""entry_mode"": ""pb"", ""pb_frac"": 0.3, ""pb_wait"": 5, ""gap"": ""off"", ""gap_min"": 0, ""body_min"": 0, ""volf"": ""off"", ""dow"": ""none""}",352,242,0.1041,1.255,-18.38,91,60,-0.1669,-1.235,-18.72,443,302,0.0485,0.676,-17.48,53,39,-0.1959,-1.041,-18.49,1820,1193,-0.0382,-1.447,-98.76,-0.0382,0.052,-4.9,-15.0,-21.8,-5.4,-0.4,-9.3,-33.7,21.0,14.2,31.0,-23.5
NQ,pullback_0.3_15,"{""entry_tf"": 1, ""vwap"": true, ""time_stop"": 120, ""legs"": true, ""leg_max"": 6, ""legs_mgmt"": ""fixed"", ""leg_window"": 120, ""ma"": 0, ""dyn"": false, ""big_thr"": 15, ""big_sl"": 35, ""big_tp"": 115, ""std_sl"": 25, ""std_tp"": 42, ""leg_gap"": 15, ""leg_sl"": 35, ""leg_tp"": 115, ""be_at"": 0, ""partial"": 0, ""trail"": 0, ""entry_mode"": ""pb"", ""pb_frac"": 0.3, ""pb_wait"": 15, ""gap"": ""off"", ""gap_min"": 0, ""body_min"": 0, ""volf"": ""off"", ""dow"": ""none""}",352,263,0.1092,1.267,-18.88,91,63,-0.1539,-1.086,-19.76,443,326,0.0552,0.739,-15.77,53,44,-0.1318,-0.625,-20.56,1820,1292,-0.0305,-1.103,-82.95,-0.0305,0.0551,-3.3,-14.9,-19.2,-8.6,1.2,-4.4,-24.8,18.6,17.6,27.9,-18.4
NQ,pullback_0.5_5,"{""entry_tf"": 1, ""vwap"": true, ""time_stop"": 120, ""legs"": true, ""leg_max"": 6, ""legs_mgmt"": ""fixed"", ""leg_window"": 120, ""ma"": 0, ""dyn"": false, ""big_thr"": 15, ""big_sl"": 35, ""big_tp"": 115, ""std_sl"": 25, ""std_tp"": 42, ""leg_gap"": 15, ""leg_sl"": 35, ""leg_tp"": 115, ""be_at"": 0, ""partial"": 0, ""trail"": 0, ""entry_mode"": ""pb"", ""pb_frac"": 0.5, ""pb_wait"": 5, ""gap"": ""off"", ""gap_min"": 0, ""body_min"": 0, ""volf"": ""off"", ""dow"": ""none""}",352,196,0.0706,0.939,-12.43,91,54,-0.2604,-2.228,-22.81,443,250,0.0026,0.04,-17.37,53,32,-0.3017,-1.947,-15.1,1820,1019,-0.0174,-0.709,-76.6,-0.0174,-0.0041,-3.1,-15.1,0.8,0.2,-13.1,-16.1,-18.1,32.9,-1.4,11.5,-28.6
NQ,pullback_0.5_15,"{""entry_tf"": 1, ""vwap"": true, ""time_stop"": 120, ""legs"": true, ""leg_max"": 6, ""legs_mgmt"": ""fixed"", ""leg_window"": 120, ""ma"": 0, ""dyn"": false, ""big_thr"": 15, ""big_sl"": 35, ""big_tp"": 115, ""std_sl"": 25, ""std_tp"": 42, ""leg_gap"": 15, ""leg_sl"": 35, ""leg_tp"": 115, ""be_at"": 0, ""partial"": 0, ""trail"": 0, ""entry_mode"": ""pb"", ""pb_frac"": 0.5, ""pb_wait"": 15, ""gap"": ""off"", ""gap_min"": 0, ""body_min"": 0, ""volf"": ""off"", ""dow"": ""none""}",352,235,0.0873,1.067,-17.49,91,58,-0.2117,-1.625,-20.59,443,293,0.0259,0.367,-20.16,53,41,-0.0732,-0.342,-15.24,1820,1178,-0.013,-0.491,-68.98,-0.013,0.0125,-2.8,-15.9,1.0,-10.9,-11.0,-0.6,-15.2,31.7,2.4,20.6,-19.2
NQ,gap_with_0,"{""entry_tf"": 1, ""vwap"": true, ""time_stop"": 120, ""legs"": true, ""leg_max"": 6, ""legs_mgmt"": ""fixed"", ""leg_window"": 120, ""ma"": 0, ""dyn"": false, ""big_thr"": 15, ""big_sl"": 35, ""big_tp"": 115, ""std_sl"": 25, ""std_tp"": 42, ""leg_gap"": 15, ""leg_sl"": 35, ""leg_tp"": 115, ""be_at"": 0, ""partial"": 0, ""trail"": 0, ""entry_mode"": ""close"", ""pb_frac"": 0.5, ""pb_wait"": 15, ""gap"": ""with"", ""gap_min"": 0, ""body_min"": 0, ""volf"": ""off"", ""dow"": ""none""}",352,161,0.0938,1.291,-18.36,91,35,-0.0686,-0.581,-10.81,443,196,0.0605,0.964,-23.53,53,20,0.0136,0.087,-9.17,1820,757,0.0076,0.349,-26.99,0.0076,0.0494,-1.6,-3.3,-15.7,19.3,-9.6,20.0,6.6,-1.9,25.4,6.6,-0.7
NQ,gap_with_50,"{""entry_tf"": 1, ""vwap"": true, ""time_stop"": 120, ""legs"": true, ""leg_max"": 6, ""legs_mgmt"": ""fixed"", ""leg_window"": 120, ""ma"": 0, ""dyn"": false, ""big_thr"": 15, ""big_sl"": 35, ""big_tp"": 115, ""std_sl"": 25, ""std_tp"": 42, ""leg_gap"": 15, ""leg_sl"": 35, ""leg_tp"": 115, ""be_at"": 0, ""partial"": 0, ""trail"": 0, ""entry_mode"": ""close"", ""pb_frac"": 0.5, ""pb_wait"": 15, ""gap"": ""with"", ""gap_min"": 50, ""body_min"": 0, ""volf"": ""off"", ""dow"": ""none""}",352,112,0.1025,1.599,-19.53,91,25,-0.0961,-0.936,-13.32,443,137,0.0617,1.117,-24.56,53,17,0.0722,0.473,-7.1,1820,288,-0.0109,-0.729,-32.64,-0.0109,0.0391,1.2,-1.1,-10.4,5.9,-14.1,4.3,-6.5,0.9,23.7,1.2,3.2
NQ,gap_against_0,"{""entry_tf"": 1, ""vwap"": true, ""time_stop"": 120, ""legs"": true, ""leg_max"": 6, ""legs_mgmt"": ""fixed"", ""leg_window"": 120, ""ma"": 0, ""dyn"": false, ""big_thr"": 15, ""big_sl"": 35, ""big_tp"": 115, ""std_sl"": 25, ""std_tp"": 42, ""leg_gap"": 15, ""leg_sl"": 35, ""leg_tp"": 115, ""be_at"": 0, ""partial"": 0, ""trail"": 0, ""entry_mode"": ""close"", ""pb_frac"": 0.5, ""pb_wait"": 15, ""gap"": ""against"", ""gap_min"": 0, ""body_min"": 0, ""volf"": ""off"", ""dow"": ""none""}",352,156,0.238,2.835,-11.61,91,39,-0.0458,-0.396,-11.27,443,195,0.1797,2.53,-11.47,53,32,-0.0591,-0.32,-7.25,1820,797,-0.0081,-0.368,-38.99,-0.0081,0.1191,-3.5,-6.3,6.2,-10.5,14.2,-3.2,-4.6,-7.1,1.4,49.9,19.3
NQ,gap_against_50,"{""entry_tf"": 1, ""vwap"": true, ""time_stop"": 120, ""legs"": true, ""leg_max"": 6, ""legs_mgmt"": ""fixed"", ""leg_window"": 120, ""ma"": 0, ""dyn"": false, ""big_thr"": 15, ""big_sl"": 35, ""big_tp"": 115, ""std_sl"": 25, ""std_tp"": 42, ""leg_gap"": 15, ""leg_sl"": 35, ""leg_tp"": 115, ""be_at"": 0, ""partial"": 0, ""trail"": 0, ""entry_mode"": ""close"", ""pb_frac"": 0.5, ""pb_wait"": 15, ""gap"": ""against"", ""gap_min"": 50, ""body_min"": 0, ""volf"": ""off"", ""dow"": ""none""}",352,106,0.2377,3.136,-8.5,91,25,-0.0736,-0.822,-8.02,443,131,0.1738,2.747,-10.21,53,29,-0.0005,-0.003,-7.25,1820,333,-0.004,-0.239,-47.2,-0.004,0.1218,-0.1,-2.1,-1.9,1.1,23.9,-5.0,-12.4,-10.4,1.9,38.8,34.7
NQ,body_min_0.3,"{""entry_tf"": 1, ""vwap"": true, ""time_stop"": 120, ""legs"": true, ""leg_max"": 6, ""legs_mgmt"": ""fixed"", ""leg_window"": 120, ""ma"": 0, ""dyn"": false, ""big_thr"": 15, ""big_sl"": 35, ""big_tp"": 115, ""std_sl"": 25, ""std_tp"": 42, ""leg_gap"": 15, ""leg_sl"": 35, ""leg_tp"": 115, ""be_at"": 0, ""partial"": 0, ""trail"": 0, ""entry_mode"": ""close"", ""pb_frac"": 0.5, ""pb_wait"": 15, ""gap"": ""off"", ""gap_min"": 0, ""body_min"": 0.3, ""volf"": ""off"", ""dow"": ""none""}",352,269,0.3152,3.066,-14.35,91,65,-0.0591,-0.373,-13.2,443,334,0.2383,2.701,-18.49,53,38,-0.0146,-0.07,-12.43,1820,1216,0.0246,0.88,-30.62,0.0246,0.1784,0.1,-5.2,-9.7,9.6,1.0,27.1,15.3,6.5,32.4,60.0,17.2
NQ,body_min_0.5,"{""entry_tf"": 1, ""vwap"": true, ""time_stop"": 120, ""legs"": true, ""leg_max"": 6, ""legs_mgmt"": ""fixed"", ""leg_window"": 120, ""ma"": 0, ""dyn"": false, ""big_thr"": 15, ""big_sl"": 35, ""big_tp"": 115, ""std_sl"": 25, ""std_tp"": 42, ""leg_gap"": 15, ""leg_sl"": 35, ""leg_tp"": 115, ""be_at"": 0, ""partial"": 0, ""trail"": 0, ""entry_mode"": ""close"", ""pb_frac"": 0.5, ""pb_wait"": 15, ""gap"": ""off"", ""gap_min"": 0, ""body_min"": 0.5, ""volf"": ""off"", ""dow"": ""none""}",352,204,0.3056,3.376,-11.1,91,42,-0.1024,-0.797,-12.71,443,246,0.2218,2.88,-15.24,53,25,-0.0032,-0.018,-10.35,1820,840,0.0306,1.287,-32.5,0.0306,0.1719,2.0,-2.6,-6.2,1.5,7.4,14.4,15.8,23.3,27.8,74.3,4.2
NQ,volf_skip_low,"{""entry_tf"": 1, ""vwap"": true, ""time_stop"": 120, ""legs"": true, ""leg_max"": 6, ""legs_mgmt"": ""fixed"", ""leg_window"": 120, ""ma"": 0, ""dyn"": false, ""big_thr"": 15, ""big_sl"": 35, ""big_tp"": 115, ""std_sl"": 25, ""std_tp"": 42, ""leg_gap"": 15, ""leg_sl"": 35, ""leg_tp"": 115, ""be_at"": 0, ""partial"": 0, ""trail"": 0, ""entry_mode"": ""close"", ""pb_frac"": 0.5, ""pb_wait"": 15, ""gap"": ""off"", ""gap_min"": 0, ""body_min"": 0, ""volf"": ""skip_low"", ""dow"": ""none""}",352,252,0.2882,2.993,-20.28,91,55,-0.0866,-0.592,-14.52,443,307,0.2112,2.56,-25.45,53,33,-0.1595,-0.876,-16.57,1820,1228,-0.0094,-0.337,-38.69,-0.0094,0.1521,-3.5,-14.1,-12.8,8.1,11.8,8.1,-3.6,-11.2,24.8,57.6,3.3
NQ,volf_skip_high,"{""entry_tf"": 1, ""vwap"": true, ""time_stop"": 120, ""legs"": true, ""leg_max"": 6, ""legs_mgmt"": ""fixed"", ""leg_window"": 120, ""ma"": 0, ""dyn"": false, ""big_thr"": 15, ""big_sl"": 35, ""big_tp"": 115, ""std_sl"": 25, ""std_tp"": 42, ""leg_gap"": 15, ""leg_sl"": 35, ""leg_tp"": 115, ""be_at"": 0, ""partial"": 0, ""trail"": 0, ""entry_mode"": ""close"", ""pb_frac"": 0.5, ""pb_wait"": 15, ""gap"": ""off"", ""gap_min"": 0, ""body_min"": 0, ""volf"": ""skip_high"", ""dow"": ""none""}",352,263,0.2958,2.898,-14.35,91,59,-0.085,-0.573,-13.2,443,322,0.2176,2.503,-18.49,53,48,-0.0483,-0.208,-14.5,1820,1255,0.0147,0.534,-31.61,0.0147,0.1525,-0.4,-9.1,3.0,18.4,-0.9,11.7,17.7,-13.7,22.3,56.3,13.2
NQ,volf_mid,"{""entry_tf"": 1, ""vwap"": true, ""time_stop"": 120, ""legs"": true, ""leg_max"": 6, ""legs_mgmt"": ""fixed"", ""leg_window"": 120, ""ma"": 0, ""dyn"": false, ""big_thr"": 15, ""big_sl"": 35, ""big_tp"": 115, ""std_sl"": 25, ""std_tp"": 42, ""leg_gap"": 15, ""leg_sl"": 35, ""leg_tp"": 115, ""be_at"": 0, ""partial"": 0, ""trail"": 0, ""entry_mode"": ""close"", ""pb_frac"": 0.5, ""pb_wait"": 15, ""gap"": ""off"", ""gap_min"": 0, ""body_min"": 0, ""volf"": ""mid"", ""dow"": ""none""}",352,198,0.2522,2.916,-18.35,91,40,-0.0572,-0.451,-11.7,443,238,0.1887,2.558,-21.46,53,29,-0.1622,-0.966,-15.53,1820,928,0.0049,0.201,-32.66,0.0049,0.1361,-0.4,-13.6,-0.3,17.6,6.2,3.0,12.2,-15.9,20.3,57.3,-2.0
NQ,skip_mon,"{""entry_tf"": 1, ""vwap"": true, ""time_stop"": 120, ""legs"": true, ""leg_max"": 6, ""legs_mgmt"": ""fixed"", ""leg_window"": 120, ""ma"": 0, ""dyn"": false, ""big_thr"": 15, ""big_sl"": 35, ""big_tp"": 115, ""std_sl"": 25, ""std_tp"": 42, ""leg_gap"": 15, ""leg_sl"": 35, ""leg_tp"": 115, ""be_at"": 0, ""partial"": 0, ""trail"": 0, ""entry_mode"": ""close"", ""pb_frac"": 0.5, ""pb_wait"": 15, ""gap"": ""off"", ""gap_min"": 0, ""body_min"": 0, ""volf"": ""off"", ""dow"": ""mon""}",352,252,0.2285,2.382,-15.85,91,60,-0.0717,-0.47,-16.28,443,312,0.1668,2.019,-22.37,53,42,-0.0928,-0.439,-14.35,1820,1256,0.0134,0.478,-32.8,0.0134,0.1226,-2.2,-10.4,-3.5,6.6,-1.4,15.4,18.4,1.4,19.8,38.0,13.2
NQ,skip_fri,"{""entry_tf"": 1, ""vwap"": true, ""time_stop"": 120, ""legs"": true, ""leg_max"": 6, ""legs_mgmt"": ""fixed"", ""leg_window"": 120, ""ma"": 0, ""dyn"": false, ""big_thr"": 15, ""big_sl"": 35, ""big_tp"": 115, ""std_sl"": 25, ""std_tp"": 42, ""leg_gap"": 15, ""leg_sl"": 35, ""leg_tp"": 115, ""be_at"": 0, ""partial"": 0, ""trail"": 0, ""entry_mode"": ""close"", ""pb_frac"": 0.5, ""pb_wait"": 15, ""gap"": ""off"", ""gap_min"": 0, ""body_min"": 0, ""volf"": ""off"", ""dow"": ""fri""}",352,258,0.2417,2.418,-14.91,91,54,-0.121,-0.923,-10.96,443,312,0.1672,1.987,-17.58,53,43,-0.0314,-0.143,-13.32,1820,1243,-0.0003,-0.01,-45.32,-0.0003,0.1218,0.5,-0.5,-3.4,3.6,14.9,6.7,-15.5,-6.8,25.3,37.4,11.0
NDX100,LIVE_COMP,"{""entry_tf"": 1, ""vwap"": true, ""time_stop"": 120, ""legs"": true, ""leg_max"": 6, ""legs_mgmt"": ""fixed"", ""leg_window"": 120, ""ma"": 0, ""dyn"": false, ""big_thr"": 15, ""big_sl"": 35, ""big_tp"": 115, ""std_sl"": 25, ""std_tp"": 42, ""leg_gap"": 15, ""leg_sl"": 35, ""leg_tp"": 115, ""be_at"": 0, ""partial"": 0, ""trail"": 0, ""entry_mode"": ""close"", ""pb_frac"": 0.5, ""pb_wait"": 15, ""gap"": ""off"", ""gap_min"": 0, ""body_min"": 0, ""volf"": ""off"", ""dow"": ""none""}",351,316,0.3206,2.936,-15.63,91,75,-0.1381,-0.835,-19.11,442,391,0.2261,2.417,-23.0,38,38,0.4139,1.078,-6.31,1817,1564,-0.0305,-1.0,-73.6,-0.026,0.1697,0.4,-15.5,-11.1,-5.2,-8.4,5.2,-7.3,-7.7,34.1,49.6,37.0
NDX100,LIVE_COMP+MA100,"{""entry_tf"": 1, ""vwap"": true, ""time_stop"": 120, ""legs"": true, ""leg_max"": 6, ""legs_mgmt"": ""fixed"", ""leg_window"": 120, ""ma"": 100, ""dyn"": false, ""big_thr"": 15, ""big_sl"": 35, ""big_tp"": 115, ""std_sl"": 25, ""std_tp"": 42, ""leg_gap"": 15, ""leg_sl"": 35, ""leg_tp"": 115, ""be_at"": 0, ""partial"": 0, ""trail"": 0, ""entry_mode"": ""close"", ""pb_frac"": 0.5, ""pb_wait"": 15, ""gap"": ""off"", ""gap_min"": 0, ""body_min"": 0, ""volf"": ""off"", ""dow"": ""none""}",351,250,0.2987,3.119,-12.55,91,60,-0.0118,-0.075,-10.34,442,310,0.2347,2.835,-12.55,38,37,0.4416,1.155,-6.31,1817,1198,-0.0028,-0.112,-35.67,0.0003,0.1824,2.1,-15.5,9.8,-3.3,2.8,-5.7,5.5,5.0,38.1,60.5,30.9
NDX100,entry_tf5,"{""entry_tf"": 5, ""vwap"": true, ""time_stop"": 120, ""legs"": true, ""leg_max"": 6, ""legs_mgmt"": ""fixed"", ""leg_window"": 120, ""ma"": 0, ""dyn"": false, ""big_thr"": 15, ""big_sl"": 35, ""big_tp"": 115, ""std_sl"": 25, ""std_tp"": 42, ""leg_gap"": 15, ""leg_sl"": 35, ""leg_tp"": 115, ""be_at"": 0, ""partial"": 0, ""trail"": 0, ""entry_mode"": ""close"", ""pb_frac"": 0.5, ""pb_wait"": 15, ""gap"": ""off"", ""gap_min"": 0, ""body_min"": 0, ""volf"": ""off"", ""dow"": ""none""}",351,319,0.1572,1.577,-16.84,91,84,-0.1874,-1.001,-23.59,442,403,0.0862,0.976,-20.09,38,46,0.5307,1.174,-5.26,1817,1622,0.0,0.001,-41.63,-0.0016,0.0434,4.5,-11.1,-8.4,-3.5,-16.5,12.3,38.1,-18.5,11.4,17.8,17.8
NDX100,vwap_off,"{""entry_tf"": 1, ""vwap"": false, ""time_stop"": 120, ""legs"": true, ""leg_max"": 6, ""legs_mgmt"": ""fixed"", ""leg_window"": 120, ""ma"": 0, ""dyn"": false, ""big_thr"": 15, ""big_sl"": 35, ""big_tp"": 115, ""std_sl"": 25, ""std_tp"": 42, ""leg_gap"": 15, ""leg_sl"": 35, ""leg_tp"": 115, ""be_at"": 0, ""partial"": 0, ""trail"": 0, ""entry_mode"": ""close"", ""pb_frac"": 0.5, ""pb_wait"": 15, ""gap"": ""off"", ""gap_min"": 0, ""body_min"": 0, ""volf"": ""off"", ""dow"": ""none""}",351,378,0.2864,2.478,-19.92,91,95,-0.2283,-1.255,-26.27,442,473,0.1805,1.811,-29.75,38,41,0.3308,0.85,-6.31,1817,1846,-0.0196,-0.59,-53.84,-0.0184,0.1475,-5.6,-16.9,-4.7,2.6,-6.0,-1.6,-5.2,2.2,34.3,49.0,20.4
NDX100,legs_off,"{""entry_tf"": 1, ""vwap"": true, ""time_stop"": 120, ""legs"": false, ""leg_max"": 6, ""legs_mgmt"": ""fixed"", ""leg_window"": 120, ""ma"": 0, ""dyn"": false, ""big_thr"": 15, ""big_sl"": 35, ""big_tp"": 115, ""std_sl"": 25, ""std_tp"": 42, ""leg_gap"": 15, ""leg_sl"": 35, ""leg_tp"": 115, ""be_at"": 0, ""partial"": 0, ""trail"": 0, ""entry_mode"": ""close"", ""pb_frac"": 0.5, ""pb_wait"": 15, ""gap"": ""off"", ""gap_min"": 0, ""body_min"": 0, ""volf"": ""off"", ""dow"": ""none""}",351,289,0.2453,2.612,-14.58,91,70,-0.1274,-0.824,-16.66,442,359,0.1686,2.071,-21.94,38,35,0.2714,0.875,-6.31,1817,1533,-0.0249,-0.838,-61.87,-0.0207,0.1236,1.5,-15.5,-10.1,-5.2,-6.3,9.3,-3.3,-9.9,26.5,41.7,18.5
NDX100,dyn_scale,"{""entry_tf"": 1, ""vwap"": true, ""time_stop"": 120, ""legs"": true, ""leg_max"": 6, ""legs_mgmt"": ""fixed"", ""leg_window"": 120, ""ma"": 0, ""dyn"": true, ""big_thr"": 15, ""big_sl"": 35, ""big_tp"": 115, ""std_sl"": 25, ""std_tp"": 42, ""leg_gap"": 15, ""leg_sl"": 35, ""leg_tp"": 115, ""be_at"": 0, ""partial"": 0, ""trail"": 0, ""entry_mode"": ""close"", ""pb_frac"": 0.5, ""pb_wait"": 15, ""gap"": ""off"", ""gap_min"": 0, ""body_min"": 0, ""volf"": ""off"", ""dow"": ""none""}",351,315,0.3041,2.807,-12.55,91,77,-0.1471,-0.83,-19.97,442,392,0.2112,2.25,-15.76,38,36,-0.143,-0.566,-9.37,1817,1663,-0.0801,-1.882,-155.95,-0.0757,0.1314,-18.5,-86.2,-29.5,20.7,-14.0,-5.9,9.2,-20.3,22.5,37.7,15.6
NDX100,legs_same_mgmt_be1,"{""entry_tf"": 1, ""vwap"": true, ""time_stop"": 120, ""legs"": true, ""leg_max"": 6, ""legs_mgmt"": ""same"", ""leg_window"": 120, ""ma"": 0, ""dyn"": false, ""big_thr"": 15, ""big_sl"": 35, ""big_tp"": 115, ""std_sl"": 25, ""std_tp"": 42, ""leg_gap"": 15, ""leg_sl"": 35, ""leg_tp"": 115, ""be_at"": 1.0, ""partial"": 0, ""trail"": 0, ""entry_mode"": ""close"", ""pb_frac"": 0.5, ""pb_wait"": 15, ""gap"": ""off"", ""gap_min"": 0, ""body_min"": 0, ""volf"": ""off"", ""dow"": ""none""}",351,316,0.2003,2.12,-22.73,91,75,-0.0459,-0.285,-11.72,442,391,0.1496,1.822,-26.94,38,38,0.3049,0.904,-5.31,1817,1564,-0.0301,-1.124,-71.57,-0.0258,0.0948,-1.0,-12.5,-9.1,-1.3,-12.7,-9.6,-1.7,-1.5,11.9,38.3,19.9
NDX100,time_stop_60,"{""entry_tf"": 1, ""vwap"": true, ""time_stop"": 60, ""legs"": true, ""leg_max"": 6, ""legs_mgmt"": ""fixed"", ""leg_window"": 120, ""ma"": 0, ""dyn"": false, ""big_thr"": 15, ""big_sl"": 35, ""big_tp"": 115, ""std_sl"": 25, ""std_tp"": 42, ""leg_gap"": 15, ""leg_sl"": 35, ""leg_tp"": 115, ""be_at"": 0, ""partial"": 0, ""trail"": 0, ""entry_mode"": ""close"", ""pb_frac"": 0.5, ""pb_wait"": 15, ""gap"": ""off"", ""gap_min"": 0, ""body_min"": 0, ""volf"": ""off"", ""dow"": ""none""}",351,316,0.3209,3.016,-15.63,91,75,-0.1372,-0.849,-19.03,442,391,0.2266,2.484,-23.0,38,38,0.4139,1.078,-6.31,1817,1564,-0.0361,-1.281,-82.94,-0.0309,0.1519,-0.9,-9.9,-13.2,-5.4,-20.2,4.2,-9.5,-4.1,21.5,53.3,34.8
NDX100,time_stop_90,"{""entry_tf"": 1, ""vwap"": true, ""time_stop"": 90, ""legs"": true, ""leg_max"": 6, ""legs_mgmt"": ""fixed"", ""leg_window"": 120, ""ma"": 0, ""dyn"": false, ""big_thr"": 15, ""big_sl"": 35, ""big_tp"": 115, ""std_sl"": 25, ""std_tp"": 42, ""leg_gap"": 15, ""leg_sl"": 35, ""leg_tp"": 115, ""be_at"": 0, ""partial"": 0, ""trail"": 0, ""entry_mode"": ""close"", ""pb_frac"": 0.5, ""pb_wait"": 15, ""gap"": ""off"", ""gap_min"": 0, ""body_min"": 0, ""volf"": ""off"", ""dow"": ""none""}",351,316,0.3149,2.914,-15.63,91,75,-0.1364,-0.83,-18.96,442,391,0.222,2.396,-23.0,38,38,0.4139,1.078,-6.31,1817,1564,-0.0237,-0.795,-66.14,-0.021,0.1608,-0.7,-9.7,-2.3,-6.2,-7.2,4.7,-13.6,-5.3,28.3,51.4,35.4
NDX100,time_stop_180,"{""entry_tf"": 1, ""vwap"": true, ""time_stop"": 180, ""legs"": true, ""leg_max"": 6, ""legs_mgmt"": ""fixed"", ""leg_window"": 120, ""ma"": 0, ""dyn"": false, ""big_thr"": 15, ""big_sl"": 35, ""big_tp"": 115, ""std_sl"": 25, ""std_tp"": 42, ""leg_gap"": 15, ""leg_sl"": 35, ""leg_tp"": 115, ""be_at"": 0, ""partial"": 0, ""trail"": 0, ""entry_mode"": ""close"", ""pb_frac"": 0.5, ""pb_wait"": 15, ""gap"": ""off"", ""gap_min"": 0, ""body_min"": 0, ""volf"": ""off"", ""dow"": ""none""}",351,316,0.3165,2.865,-15.63,91,75,-0.1593,-0.964,-21.04,442,391,0.2186,2.312,-23.0,38,38,0.4139,1.078,-6.31,1817,1564,-0.0233,-0.735,-63.66,-0.0228,0.1519,-5.6,-23.4,-17.6,3.1,0.3,8.6,-5.0,-3.9,27.3,46.2,36.0
NDX100,time_stop_240,"{""entry_tf"": 1, ""vwap"": true, ""time_stop"": 240, ""legs"": true, ""leg_max"": 6, ""legs_mgmt"": ""fixed"", ""leg_window"": 120, ""ma"": 0, ""dyn"": false, ""big_thr"": 15, ""big_sl"": 35, ""big_tp"": 115, ""std_sl"": 25, ""std_tp"": 42, ""leg_gap"": 15, ""leg_sl"": 35, ""leg_tp"": 115, ""be_at"": 0, ""partial"": 0, ""trail"": 0, ""entry_mode"": ""close"", ""pb_frac"": 0.5, ""pb_wait"": 15, ""gap"": ""off"", ""gap_min"": 0, ""body_min"": 0, ""volf"": ""off"", ""dow"": ""none""}",351,316,0.3052,2.764,-15.63,91,75,-0.1498,-0.905,-20.18,442,391,0.2115,2.239,-23.0,38,38,0.4139,1.078,-6.31,1817,1564,-0.0227,-0.705,-63.97,-0.0208,0.1442,-5.2,-22.2,-18.7,1.7,0.8,15.8,-4.3,-7.7,25.5,44.4,34.9
NDX100,time_stop_999,"{""entry_tf"": 1, ""vwap"": true, ""time_stop"": 999, ""legs"": true, ""leg_max"": 6, ""legs_mgmt"": ""fixed"", ""leg_window"": 120, ""ma"": 0, ""dyn"": false, ""big_thr"": 15, ""big_sl"": 35, ""big_tp"": 115, ""std_sl"": 25, ""std_tp"": 42, ""leg_gap"": 15, ""leg_sl"": 35, ""leg_tp"": 115, ""be_at"": 0, ""partial"": 0, ""trail"": 0, ""entry_mode"": ""close"", ""pb_frac"": 0.5, ""pb_wait"": 15, ""gap"": ""off"", ""gap_min"": 0, ""body_min"": 0, ""volf"": ""off"", ""dow"": ""none""}",351,316,0.3041,2.742,-15.63,91,75,-0.1469,-0.881,-20.32,442,391,0.2113,2.226,-23.0,38,38,0.4139,1.078,-6.31,1817,1564,-0.0321,-0.97,-76.24,-0.0301,0.1573,-6.3,-26.5,-18.0,-1.4,4.7,13.0,-6.4,-16.6,35.2,42.9,34.9
NDX100,be_at_0.5,"{""entry_tf"": 1, ""vwap"": true, ""time_stop"": 120, ""legs"": true, ""leg_max"": 6, ""legs_mgmt"": ""fixed"", ""leg_window"": 120, ""ma"": 0, ""dyn"": false, ""big_thr"": 15, ""big_sl"": 35, ""big_tp"": 115, ""std_sl"": 25, ""std_tp"": 42, ""leg_gap"": 15, ""leg_sl"": 35, ""leg_tp"": 115, ""be_at"": 0.5, ""partial"": 0, ""trail"": 0, ""entry_mode"": ""close"", ""pb_frac"": 0.5, ""pb_wait"": 15, ""gap"": ""off"", ""gap_min"": 0, ""body_min"": 0, ""volf"": ""off"", ""dow"": ""none""}",351,316,0.1728,1.939,-17.34,91,75,0.029,0.2,-8.16,442,391,0.1432,1.863,-19.23,38,38,0.4026,1.277,-3.31,1817,1564,-0.0186,-0.775,-49.04,-0.015,0.0716,-0.2,-16.3,-10.6,10.1,-13.4,-3.7,9.8,-4.2,-4.7,34.1,30.1
NDX100,be_at_1.0,"{""entry_tf"": 1, ""vwap"": true, ""time_stop"": 120, ""legs"": true, ""leg_max"": 6, ""legs_mgmt"": ""fixed"", ""leg_window"": 120, ""ma"": 0, ""dyn"": false, ""big_thr"": 15, ""big_sl"": 35, ""big_tp"": 115, ""std_sl"": 25, ""std_tp"": 42, ""leg_gap"": 15, ""leg_sl"": 35, ""leg_tp"": 115, ""be_at"": 1.0, ""partial"": 0, ""trail"": 0, ""entry_mode"": ""close"", ""pb_frac"": 0.5, ""pb_wait"": 15, ""gap"": ""off"", ""gap_min"": 0, ""body_min"": 0, ""volf"": ""off"", ""dow"": ""none""}",351,316,0.2145,2.201,-22.73,91,75,-0.0459,-0.285,-11.72,442,391,0.1609,1.908,-26.94,38,38,0.3049,0.904,-5.31,1817,1564,-0.0271,-0.994,-71.29,-0.023,0.1013,-1.0,-12.5,-9.1,-1.3,-13.7,-9.6,2.9,0.4,13.3,38.6,22.2
NDX100,be_at_1.5,"{""entry_tf"": 1, ""vwap"": true, ""time_stop"": 120, ""legs"": true, ""leg_max"": 6, ""legs_mgmt"": ""fixed"", ""leg_window"": 120, ""ma"": 0, ""dyn"": false, ""big_thr"": 15, ""big_sl"": 35, ""big_tp"": 115, ""std_sl"": 25, ""std_tp"": 42, ""leg_gap"": 15, ""leg_sl"": 35, ""leg_tp"": 115, ""be_at"": 1.5, ""partial"": 0, ""trail"": 0, ""entry_mode"": ""close"", ""pb_frac"": 0.5, ""pb_wait"": 15, ""gap"": ""off"", ""gap_min"": 0, ""body_min"": 0, ""volf"": ""off"", ""dow"": ""none""}",351,316,0.286,2.757,-15.92,91,75,-0.0788,-0.487,-14.72,442,391,0.2109,2.366,-22.28,38,38,0.4327,1.17,-6.31,1817,1564,-0.0314,-1.081,-75.72,-0.0268,0.1536,0.4,-14.5,-9.1,-3.1,-10.0,2.0,-7.2,-9.8,31.9,50.3,29.2
NDX100,be_at_2.0,"{""entry_tf"": 1, ""vwap"": true, ""time_stop"": 120, ""legs"": true, ""leg_max"": 6, ""legs_mgmt"": ""fixed"", ""leg_window"": 120, ""ma"": 0, ""dyn"": false, ""big_thr"": 15, ""big_sl"": 35, ""big_tp"": 115, ""std_sl"": 25, ""std_tp"": 42, ""leg_gap"": 15, ""leg_sl"": 35, ""leg_tp"": 115, ""be_at"": 2.0, ""partial"": 0, ""trail"": 0, ""entry_mode"": ""close"", ""pb_frac"": 0.5, ""pb_wait"": 15, ""gap"": ""off"", ""gap_min"": 0, ""body_min"": 0, ""volf"": ""off"", ""dow"": ""none""}",351,316,0.325,3.045,-17.92,91,75,-0.0832,-0.513,-15.66,442,391,0.241,2.635,-24.28,38,38,0.4064,1.093,-6.31,1817,1564,-0.0293,-0.984,-71.68,-0.0248,0.1756,0.4,-15.5,-11.1,-5.2,-4.0,7.8,-12.3,-7.6,35.2,54.7,34.1
NDX100,partial_1.0,"{""entry_tf"": 1, ""vwap"": true, ""time_stop"": 120, ""legs"": true, ""leg_max"": 6, ""legs_mgmt"": ""fixed"", ""leg_window"": 120, ""ma"": 0, ""dyn"": false, ""big_thr"": 15, ""big_sl"": 35, ""big_tp"": 115, ""std_sl"": 25, ""std_tp"": 42, ""leg_gap"": 15, ""leg_sl"": 35, ""leg_tp"": 115, ""be_at"": 0, ""partial"": 1.0, ""trail"": 0, ""entry_mode"": ""close"", ""pb_frac"": 0.5, ""pb_wait"": 15, ""gap"": ""off"", ""gap_min"": 0, ""body_min"": 0, ""volf"": ""off"", ""dow"": ""none""}",351,316,0.192,2.336,-13.92,91,75,-0.2044,-1.644,-23.86,442,391,0.1104,1.565,-20.28,38,38,0.3199,1.081,-5.39,1817,1564,-0.038,-1.601,-86.29,-0.0339,0.0709,-2.3,-15.8,-8.0,-7.5,-17.1,-7.3,-9.4,2.8,9.2,21.9,24.8
NDX100,partial_1.5,"{""entry_tf"": 1, ""vwap"": true, ""time_stop"": 120, ""legs"": true, ""leg_max"": 6, ""legs_mgmt"": ""fixed"", ""leg_window"": 120, ""ma"": 0, ""dyn"": false, ""big_thr"": 15, ""big_sl"": 35, ""big_tp"": 115, ""std_sl"": 25, ""std_tp"": 42, ""leg_gap"": 15, ""leg_sl"": 35, ""leg_tp"": 115, ""be_at"": 0, ""partial"": 1.5, ""trail"": 0, ""entry_mode"": ""close"", ""pb_frac"": 0.5, ""pb_wait"": 15, ""gap"": ""off"", ""gap_min"": 0, ""body_min"": 0, ""volf"": ""off"", ""dow"": ""none""}",351,316,0.2113,2.375,-14.3,91,75,-0.1769,-1.323,-22.11,442,391,0.1314,1.724,-19.78,38,38,0.287,0.897,-6.31,1817,1564,-0.0385,-1.461,-85.46,-0.0336,0.0836,0.3,-14.7,-8.8,-6.1,-10.6,-5.1,-14.2,-5.0,12.0,29.3,21.3
NDX100,partial_2.0,"{""entry_tf"": 1, ""vwap"": true, ""time_stop"": 120, ""legs"": true, ""leg_max"": 6, ""legs_mgmt"": ""fixed"", ""leg_window"": 120, ""ma"": 0, ""dyn"": false, ""big_thr"": 15, ""big_sl"": 35, ""big_tp"": 115, ""std_sl"": 25, ""std_tp"": 42, ""leg_gap"": 15, ""leg_sl"": 35, ""leg_tp"": 115, ""be_at"": 0, ""partial"": 2.0, ""trail"": 0, ""entry_mode"": ""close"", ""pb_frac"": 0.5, ""pb_wait"": 15, ""gap"": ""off"", ""gap_min"": 0, ""body_min"": 0, ""volf"": ""off"", ""dow"": ""none""}",351,316,0.255,2.687,-15.42,91,75,-0.1336,-0.929,-19.56,442,391,0.175,2.152,-21.28,38,38,0.3462,1.027,-6.31,1817,1564,-0.0326,-1.165,-76.44,-0.028,0.1262,0.4,-15.5,-12.1,-6.8,-7.1,-1.7,-10.5,-0.2,23.6,40.6,27.0
NDX100,partial_3.0,"{""entry_tf"": 1, ""vwap"": true, ""time_stop"": 120, ""legs"": true, ""leg_max"": 6, ""legs_mgmt"": ""fixed"", ""leg_window"": 120, ""ma"": 0, ""dyn"": false, ""big_thr"": 15, ""big_sl"": 35, ""big_tp"": 115, ""std_sl"": 25, ""std_tp"": 42, ""leg_gap"": 15, ""leg_sl"": 35, ""leg_tp"": 115, ""be_at"": 0, ""partial"": 3.0, ""trail"": 0, ""entry_mode"": ""close"", ""pb_frac"": 0.5, ""pb_wait"": 15, ""gap"": ""off"", ""gap_min"": 0, ""body_min"": 0, ""volf"": ""off"", ""dow"": ""none""}",351,316,0.3093,2.878,-15.92,91,75,-0.1538,-0.95,-20.4,442,391,0.214,2.324,-23.28,38,38,0.3838,1.018,-6.31,1817,1564,-0.0263,-0.868,-65.29,-0.0219,0.16,0.4,-15.5,-11.1,-5.5,-4.5,4.9,-5.2,-5.3,32.2,47.4,33.8
NDX100,trail_1.0,"{""entry_tf"": 1, ""vwap"": true, ""time_stop"": 120, ""legs"": true, ""leg_max"": 6, ""legs_mgmt"": ""fixed"", ""leg_window"": 120, ""ma"": 0, ""dyn"": false, ""big_thr"": 15, ""big_sl"": 35, ""big_tp"": 115, ""std_sl"": 25, ""std_tp"": 42, ""leg_gap"": 15, ""leg_sl"": 35, ""leg_tp"": 115, ""be_at"": 0, ""partial"": 0, ""trail"": 1.0, ""entry_mode"": ""close"", ""pb_frac"": 0.5, ""pb_wait"": 15, ""gap"": ""off"", ""gap_min"": 0, ""body_min"": 0, ""volf"": ""off"", ""dow"": ""none""}",351,316,0.0904,1.248,-23.66,91,75,-0.1233,-1.082,-20.03,442,391,0.0464,0.746,-32.03,38,38,0.3163,1.195,-3.25,1817,1564,-0.0355,-1.702,-73.18,-0.0304,-0.0013,0.1,-16.0,-14.9,12.8,-17.6,-8.8,-8.0,-5.7,-11.6,0.6,22.2
NDX100,trail_1.5,"{""entry_tf"": 1, ""vwap"": true, ""time_stop"": 120, ""legs"": true, ""leg_max"": 6, ""legs_mgmt"": ""fixed"", ""leg_window"": 120, ""ma"": 0, ""dyn"": false, ""big_thr"": 15, ""big_sl"": 35, ""big_tp"": 115, ""std_sl"": 25, ""std_tp"": 42, ""leg_gap"": 15, ""leg_sl"": 35, ""leg_tp"": 115, ""be_at"": 0, ""partial"": 0, ""trail"": 1.5, ""entry_mode"": ""close"", ""pb_frac"": 0.5, ""pb_wait"": 15, ""gap"": ""off"", ""gap_min"": 0, ""body_min"": 0, ""volf"": ""off"", ""dow"": ""none""}",351,316,0.188,2.076,-31.74,91,75,-0.0665,-0.445,-14.36,442,391,0.1356,1.73,-34.96,38,38,0.234,0.761,-5.66,1817,1564,-0.0395,-1.522,-89.82,-0.0345,0.0827,-0.7,-15.2,-12.8,-6.6,-19.3,-13.3,-1.5,3.5,14.7,28.6,16.7
NDX100,trail_2.0,"{""entry_tf"": 1, ""vwap"": true, ""time_stop"": 120, ""legs"": true, ""leg_max"": 6, ""legs_mgmt"": ""fixed"", ""leg_window"": 120, ""ma"": 0, ""dyn"": false, ""big_thr"": 15, ""big_sl"": 35, ""big_tp"": 115, ""std_sl"": 25, ""std_tp"": 42, ""leg_gap"": 15, ""leg_sl"": 35, ""leg_tp"": 115, ""be_at"": 0, ""partial"": 0, ""trail"": 2.0, ""entry_mode"": ""close"", ""pb_frac"": 0.5, ""pb_wait"": 15, ""gap"": ""off"", ""gap_min"": 0, ""body_min"": 0, ""volf"": ""off"", ""dow"": ""none""}",351,316,0.2813,2.775,-20.44,91,75,-0.1207,-0.766,-18.79,442,391,0.1986,2.279,-24.08,38,38,0.3025,0.87,-8.18,1817,1564,-0.033,-1.16,-79.76,-0.0284,0.1428,0.4,-14.9,-11.1,-4.5,-14.2,-6.5,-4.9,1.4,32.8,38.6,28.3
NDX100,trail_3.0,"{""entry_tf"": 1, ""vwap"": true, ""time_stop"": 120, ""legs"": true, ""leg_max"": 6, ""legs_mgmt"": ""fixed"", ""leg_window"": 120, ""ma"": 0, ""dyn"": false, ""big_thr"": 15, ""big_sl"": 35, ""big_tp"": 115, ""std_sl"": 25, ""std_tp"": 42, ""leg_gap"": 15, ""leg_sl"": 35, ""leg_tp"": 115, ""be_at"": 0, ""partial"": 0, ""trail"": 3.0, ""entry_mode"": ""close"", ""pb_frac"": 0.5, ""pb_wait"": 15, ""gap"": ""off"", ""gap_min"": 0, ""body_min"": 0, ""volf"": ""off"", ""dow"": ""none""}",351,316,0.3157,2.922,-18.7,91,75,-0.1246,-0.756,-18.14,442,391,0.225,2.429,-25.29,38,38,0.3463,0.924,-6.31,1817,1564,-0.0339,-1.127,-79.08,-0.0292,0.1678,0.4,-15.5,-11.1,-5.2,-6.0,7.9,-17.0,-9.4,36.0,49.2,31.7
NDX100,runner_noTP_120,"{""entry_tf"": 1, ""vwap"": true, ""time_stop"": 120, ""legs"": true, ""leg_max"": 6, ""legs_mgmt"": ""fixed"", ""leg_window"": 120, ""ma"": 0, ""dyn"": false, ""big_thr"": 15, ""big_sl"": 35, ""big_tp"": 0, ""std_sl"": 25, ""std_tp"": 0, ""leg_gap"": 15, ""leg_sl"": 35, ""leg_tp"": 115, ""be_at"": 0, ""partial"": 0, ""trail"": 0, ""entry_mode"": ""close"", ""pb_frac"": 0.5, ""pb_wait"": 15, ""gap"": ""off"", ""gap_min"": 0, ""body_min"": 0, ""volf"": ""off"", ""dow"": ""none""}",351,316,0.2841,2.088,-18.92,91,75,-0.1965,-1.103,-22.57,442,391,0.1851,1.617,-21.86,38,38,0.5889,1.0,-7.37,1817,1564,-0.0339,-0.934,-73.17,-0.0286,0.1494,3.2,-16.8,-15.3,-0.5,-25.3,16.8,-5.4,-11.2,43.1,32.9,38.7
NDX100,runner_noTP_trail1.5_close,"{""entry_tf"": 1, ""vwap"": true, ""time_stop"": 999, ""legs"": true, ""leg_max"": 6, ""legs_mgmt"": ""fixed"", ""leg_window"": 120, ""ma"": 0, ""dyn"": false, ""big_thr"": 15, ""big_sl"": 35, ""big_tp"": 0, ""std_sl"": 25, ""std_tp"": 0, ""leg_gap"": 15, ""leg_sl"": 35, ""leg_tp"": 115, ""be_at"": 0, ""partial"": 0, ""trail"": 1.5, ""entry_mode"": ""close"", ""pb_frac"": 0.5, ""pb_wait"": 15, ""gap"": ""off"", ""gap_min"": 0, ""body_min"": 0, ""volf"": ""off"", ""dow"": ""none""}",351,316,0.2007,2.071,-33.03,91,75,-0.12,-0.797,-20.12,442,391,0.1347,1.619,-38.17,38,38,0.1751,0.596,-5.66,1817,1564,-0.0176,-0.554,-78.78,-0.0159,0.1024,-3.3,-23.8,-11.6,-13.6,-4.8,7.9,4.9,14.0,28.4,18.9,22.7
NDX100,runner_noTP_be1_trail2_close,"{""entry_tf"": 1, ""vwap"": true, ""time_stop"": 999, ""legs"": true, ""leg_max"": 6, ""legs_mgmt"": ""fixed"", ""leg_window"": 120, ""ma"": 0, ""dyn"": false, ""big_thr"": 15, ""big_sl"": 35, ""big_tp"": 0, ""std_sl"": 25, ""std_tp"": 0, ""leg_gap"": 15, ""leg_sl"": 35, ""leg_tp"": 115, ""be_at"": 1.0, ""partial"": 0, ""trail"": 2.0, ""entry_mode"": ""close"", ""pb_frac"": 0.5, ""pb_wait"": 15, ""gap"": ""off"", ""gap_min"": 0, ""body_min"": 0, ""volf"": ""off"", ""dow"": ""none""}",351,316,0.2825,2.497,-24.25,91,75,-0.0663,-0.344,-13.73,442,391,0.2107,2.14,-30.48,38,38,0.0461,0.16,-7.37,1817,1564,0.0066,0.19,-51.3,0.0057,0.1532,-4.2,-22.1,-8.3,7.3,1.4,16.4,7.8,12.4,34.0,36.3,26.2
NDX100,pullback_0.3_5,"{""entry_tf"": 1, ""vwap"": true, ""time_stop"": 120, ""legs"": true, ""leg_max"": 6, ""legs_mgmt"": ""fixed"", ""leg_window"": 120, ""ma"": 0, ""dyn"": false, ""big_thr"": 15, ""big_sl"": 35, ""big_tp"": 115, ""std_sl"": 25, ""std_tp"": 42, ""leg_gap"": 15, ""leg_sl"": 35, ""leg_tp"": 115, ""be_at"": 0, ""partial"": 0, ""trail"": 0, ""entry_mode"": ""pb"", ""pb_frac"": 0.3, ""pb_wait"": 5, ""gap"": ""off"", ""gap_min"": 0, ""body_min"": 0, ""volf"": ""off"", ""dow"": ""none""}",351,236,0.0836,1.031,-20.43,91,62,-0.1995,-1.468,-20.41,442,298,0.0253,0.359,-22.26,38,28,-0.0987,-0.361,-14.73,1817,1207,-0.0533,-2.018,-129.57,-0.0486,0.0325,-3.4,-19.4,-23.5,-17.1,-7.0,-15.0,-31.0,23.5,12.8,25.1,-21.5
NDX100,pullback_0.3_15,"{""entry_tf"": 1, ""vwap"": true, ""time_stop"": 120, ""legs"": true, ""leg_max"": 6, ""legs_mgmt"": ""fixed"", ""leg_window"": 120, ""ma"": 0, ""dyn"": false, ""big_thr"": 15, ""big_sl"": 35, ""big_tp"": 115, ""std_sl"": 25, ""std_tp"": 42, ""leg_gap"": 15, ""leg_sl"": 35, ""leg_tp"": 115, ""be_at"": 0, ""partial"": 0, ""trail"": 0, ""entry_mode"": ""pb"", ""pb_frac"": 0.3, ""pb_wait"": 15, ""gap"": ""off"", ""gap_min"": 0, ""body_min"": 0, ""volf"": ""off"", ""dow"": ""none""}",351,259,0.0709,0.841,-23.09,91,64,-0.1755,-1.234,-21.47,442,323,0.0202,0.275,-23.41,38,31,-0.069,-0.239,-15.78,1817,1304,-0.0485,-1.759,-117.82,-0.0441,0.0256,-1.6,-18.5,-21.3,-20.5,-6.1,-7.8,-27.6,19.2,15.2,17.9,-19.8
NDX100,pullback_0.5_5,"{""entry_tf"": 1, ""vwap"": true, ""time_stop"": 120, ""legs"": true, ""leg_max"": 6, ""legs_mgmt"": ""fixed"", ""leg_window"": 120, ""ma"": 0, ""dyn"": false, ""big_thr"": 15, ""big_sl"": 35, ""big_tp"": 115, ""std_sl"": 25, ""std_tp"": 42, ""leg_gap"": 15, ""leg_sl"": 35, ""leg_tp"": 115, ""be_at"": 0, ""partial"": 0, ""trail"": 0, ""entry_mode"": ""pb"", ""pb_frac"": 0.5, ""pb_wait"": 5, ""gap"": ""off"", ""gap_min"": 0, ""body_min"": 0, ""volf"": ""off"", ""dow"": ""none""}",351,199,0.0454,0.613,-20.51,91,53,-0.3054,-2.766,-27.87,442,252,-0.0269,-0.424,-26.29,38,25,-0.1284,-0.501,-10.45,1817,1034,-0.046,-1.91,-123.3,-0.0429,-0.0196,-3.9,-14.8,-11.4,-9.5,-13.9,-24.1,-39.0,34.8,0.6,6.4,-24.0
NDX100,pullback_0.5_15,"{""entry_tf"": 1, ""vwap"": true, ""time_stop"": 120, ""legs"": true, ""leg_max"": 6, ""legs_mgmt"": ""fixed"", ""leg_window"": 120, ""ma"": 0, ""dyn"": false, ""big_thr"": 15, ""big_sl"": 35, ""big_tp"": 115, ""std_sl"": 25, ""std_tp"": 42, ""leg_gap"": 15, ""leg_sl"": 35, ""leg_tp"": 115, ""be_at"": 0, ""partial"": 0, ""trail"": 0, ""entry_mode"": ""pb"", ""pb_frac"": 0.5, ""pb_wait"": 15, ""gap"": ""off"", ""gap_min"": 0, ""body_min"": 0, ""volf"": ""off"", ""dow"": ""none""}",351,237,0.0759,0.941,-16.72,91,58,-0.2691,-2.153,-26.74,442,295,0.0049,0.07,-17.93,38,30,0.0715,0.239,-11.5,1817,1192,-0.0415,-1.588,-114.27,-0.0388,0.0026,-4.8,-16.1,-12.6,-20.7,-11.2,-7.4,-32.2,30.9,4.2,10.1,-9.9
NDX100,gap_with_0,"{""entry_tf"": 1, ""vwap"": true, ""time_stop"": 120, ""legs"": true, ""leg_max"": 6, ""legs_mgmt"": ""fixed"", ""leg_window"": 120, ""ma"": 0, ""dyn"": false, ""big_thr"": 15, ""big_sl"": 35, ""big_tp"": 115, ""std_sl"": 25, ""std_tp"": 42, ""leg_gap"": 15, ""leg_sl"": 35, ""leg_tp"": 115, ""be_at"": 0, ""partial"": 0, ""trail"": 0, ""entry_mode"": ""close"", ""pb_frac"": 0.5, ""pb_wait"": 15, ""gap"": ""with"", ""gap_min"": 0, ""body_min"": 0, ""volf"": ""off"", ""dow"": ""none""}",351,164,0.0889,1.211,-15.65,91,40,-0.0682,-0.545,-9.51,442,204,0.0566,0.887,-21.94,38,11,0.1465,0.797,-5.26,1817,771,0.0009,0.04,-28.28,0.0066,0.0471,9.9,-1.0,-9.3,7.9,-4.7,8.6,4.6,-3.4,24.0,13.7,-3.1
NDX100,gap_with_50,"{""entry_tf"": 1, ""vwap"": true, ""time_stop"": 120, ""legs"": true, ""leg_max"": 6, ""legs_mgmt"": ""fixed"", ""leg_window"": 120, ""ma"": 0, ""dyn"": false, ""big_thr"": 15, ""big_sl"": 35, ""big_tp"": 115, ""std_sl"": 25, ""std_tp"": 42, ""leg_gap"": 15, ""leg_sl"": 35, ""leg_tp"": 115, ""be_at"": 0, ""partial"": 0, ""trail"": 0, ""entry_mode"": ""close"", ""pb_frac"": 0.5, ""pb_wait"": 15, ""gap"": ""with"", ""gap_min"": 50, ""body_min"": 0, ""volf"": ""off"", ""dow"": ""none""}",351,115,0.1004,1.577,-18.86,91,28,-0.0883,-0.803,-12.63,442,143,0.0615,1.109,-23.51,38,11,0.1465,0.797,-5.26,1817,288,-0.0087,-0.577,-32.31,-0.008,0.0452,1.7,-0.5,-8.8,3.1,-8.9,3.1,-5.8,0.9,26.1,4.2,3.2
NDX100,gap_against_0,"{""entry_tf"": 1, ""vwap"": true, ""time_stop"": 120, ""legs"": true, ""leg_max"": 6, ""legs_mgmt"": ""fixed"", ""leg_window"": 120, ""ma"": 0, ""dyn"": false, ""big_thr"": 15, ""big_sl"": 35, ""big_tp"": 115, ""std_sl"": 25, ""std_tp"": 42, ""leg_gap"": 15, ""leg_sl"": 35, ""leg_tp"": 115, ""be_at"": 0, ""partial"": 0, ""trail"": 0, ""entry_mode"": ""close"", ""pb_frac"": 0.5, ""pb_wait"": 15, ""gap"": ""against"", ""gap_min"": 0, ""body_min"": 0, ""volf"": ""off"", ""dow"": ""none""}",351,152,0.2316,2.841,-11.58,91,35,-0.07,-0.643,-10.73,442,187,0.1695,2.466,-12.63,38,27,0.2674,0.786,-5.26,1817,793,-0.0314,-1.464,-70.09,-0.0329,0.1227,-10.1,-14.4,-1.8,-13.2,-3.7,-3.4,-11.9,-4.3,10.0,35.8,40.1
NDX100,gap_against_50,"{""entry_tf"": 1, ""vwap"": true, ""time_stop"": 120, ""legs"": true, ""leg_max"": 6, ""legs_mgmt"": ""fixed"", ""leg_window"": 120, ""ma"": 0, ""dyn"": false, ""big_thr"": 15, ""big_sl"": 35, ""big_tp"": 115, ""std_sl"": 25, ""std_tp"": 42, ""leg_gap"": 15, ""leg_sl"": 35, ""leg_tp"": 115, ""be_at"": 0, ""partial"": 0, ""trail"": 0, ""entry_mode"": ""close"", ""pb_frac"": 0.5, ""pb_wait"": 15, ""gap"": ""against"", ""gap_min"": 50, ""body_min"": 0, ""volf"": ""off"", ""dow"": ""none""}",351,106,0.2267,3.051,-7.68,91,24,-0.037,-0.409,-5.62,442,130,0.1724,2.778,-8.9,38,24,0.3504,1.046,-4.21,1817,326,-0.0194,-1.233,-57.33,-0.0183,0.1271,0.1,-2.2,-1.1,-0.9,4.2,-6.6,-16.9,-11.6,10.8,37.0,44.1
NDX100,body_min_0.3,"{""entry_tf"": 1, ""vwap"": true, ""time_stop"": 120, ""legs"": true, ""leg_max"": 6, ""legs_mgmt"": ""fixed"", ""leg_window"": 120, ""ma"": 0, ""dyn"": false, ""big_thr"": 15, ""big_sl"": 35, ""big_tp"": 115, ""std_sl"": 25, ""std_tp"": 42, ""leg_gap"": 15, ""leg_sl"": 35, ""leg_tp"": 115, ""be_at"": 0, ""partial"": 0, ""trail"": 0, ""entry_mode"": ""close"", ""pb_frac"": 0.5, ""pb_wait"": 15, ""gap"": ""off"", ""gap_min"": 0, ""body_min"": 0.3, ""volf"": ""off"", ""dow"": ""none""}",351,271,0.3251,3.184,-14.66,91,62,-0.1291,-0.839,-18.29,442,333,0.2316,2.648,-19.92,38,29,0.4375,1.227,-5.26,1817,1231,-0.0027,-0.097,-41.48,0.0001,0.1735,2.0,-13.9,-7.2,2.1,-0.6,20.3,-4.0,1.4,34.9,59.0,30.0
NDX100,body_min_0.5,"{""entry_tf"": 1, ""vwap"": true, ""time_stop"": 120, ""legs"": true, ""leg_max"": 6, ""legs_mgmt"": ""fixed"", ""leg_window"": 120, ""ma"": 0, ""dyn"": false, ""big_thr"": 15, ""big_sl"": 35, ""big_tp"": 115, ""std_sl"": 25, ""std_tp"": 42, ""leg_gap"": 15, ""leg_sl"": 35, ""leg_tp"": 115, ""be_at"": 0, ""partial"": 0, ""trail"": 0, ""entry_mode"": ""close"", ""pb_frac"": 0.5, ""pb_wait"": 15, ""gap"": ""off"", ""gap_min"": 0, ""body_min"": 0.5, ""volf"": ""off"", ""dow"": ""none""}",351,212,0.2731,3.009,-12.47,91,45,-0.0501,-0.361,-12.16,442,257,0.2065,2.656,-16.68,38,18,0.4038,1.248,-6.31,1817,891,0.0153,0.637,-26.91,0.0182,0.1578,7.5,-12.7,-1.1,2.8,11.3,1.9,7.1,18.0,23.2,73.0,16.6
NDX100,volf_skip_low,"{""entry_tf"": 1, ""vwap"": true, ""time_stop"": 120, ""legs"": true, ""leg_max"": 6, ""legs_mgmt"": ""fixed"", ""leg_window"": 120, ""ma"": 0, ""dyn"": false, ""big_thr"": 15, ""big_sl"": 35, ""big_tp"": 115, ""std_sl"": 25, ""std_tp"": 42, ""leg_gap"": 15, ""leg_sl"": 35, ""leg_tp"": 115, ""be_at"": 0, ""partial"": 0, ""trail"": 0, ""entry_mode"": ""close"", ""pb_frac"": 0.5, ""pb_wait"": 15, ""gap"": ""off"", ""gap_min"": 0, ""body_min"": 0, ""volf"": ""skip_low"", ""dow"": ""none""}",351,250,0.2953,3.108,-19.76,91,56,-0.0597,-0.396,-13.5,442,306,0.2222,2.714,-23.97,38,21,-0.0176,-0.08,-5.26,1817,1234,-0.0343,-1.241,-74.87,-0.0308,0.1715,-2.2,-19.5,-11.5,0.2,3.6,-6.7,-9.0,-13.8,32.4,58.0,14.9
NDX100,volf_skip_high,"{""entry_tf"": 1, ""vwap"": true, ""time_stop"": 120, ""legs"": true, ""leg_max"": 6, ""legs_mgmt"": ""fixed"", ""leg_window"": 120, ""ma"": 0, ""dyn"": false, ""big_thr"": 15, ""big_sl"": 35, ""big_tp"": 115, ""std_sl"": 25, ""std_tp"": 42, ""leg_gap"": 15, ""leg_sl"": 35, ""leg_tp"": 115, ""be_at"": 0, ""partial"": 0, ""trail"": 0, ""entry_mode"": ""close"", ""pb_frac"": 0.5, ""pb_wait"": 15, ""gap"": ""off"", ""gap_min"": 0, ""body_min"": 0, ""volf"": ""skip_high"", ""dow"": ""none""}",351,262,0.2993,2.969,-14.66,91,62,-0.1291,-0.865,-17.16,442,324,0.2111,2.45,-18.86,38,35,0.497,1.313,-6.31,1817,1259,-0.0046,-0.167,-40.71,-0.0043,0.1535,-1.6,-13.6,2.9,4.6,-7.1,4.5,9.0,-7.1,26.2,53.2,34.3
NDX100,volf_mid,"{""entry_tf"": 1, ""vwap"": true, ""time_stop"": 120, ""legs"": true, ""leg_max"": 6, ""legs_mgmt"": ""fixed"", ""leg_window"": 120, ""ma"": 0, ""dyn"": false, ""big_thr"": 15, ""big_sl"": 35, ""big_tp"": 115, ""std_sl"": 25, ""std_tp"": 42, ""leg_gap"": 15, ""leg_sl"": 35, ""leg_tp"": 115, ""be_at"": 0, ""partial"": 0, ""trail"": 0, ""entry_mode"": ""close"", ""pb_frac"": 0.5, ""pb_wait"": 15, ""gap"": ""off"", ""gap_min"": 0, ""body_min"": 0, ""volf"": ""mid"", ""dow"": ""none""}",351,196,0.274,3.214,-17.74,91,43,-0.0507,-0.382,-11.08,442,239,0.2072,2.827,-20.89,38,18,0.0655,0.305,-5.26,1817,929,-0.0083,-0.345,-30.77,-0.0092,0.1552,-4.2,-17.6,2.5,10.1,4.9,-7.4,7.3,-13.1,24.5,61.6,12.3
NDX100,skip_mon,"{""entry_tf"": 1, ""vwap"": true, ""time_stop"": 120, ""legs"": true, ""leg_max"": 6, ""legs_mgmt"": ""fixed"", ""leg_window"": 120, ""ma"": 0, ""dyn"": false, ""big_thr"": 15, ""big_sl"": 35, ""big_tp"": 115, ""std_sl"": 25, ""std_tp"": 42, ""leg_gap"": 15, ""leg_sl"": 35, ""leg_tp"": 115, ""be_at"": 0, ""partial"": 0, ""trail"": 0, ""entry_mode"": ""close"", ""pb_frac"": 0.5, ""pb_wait"": 15, ""gap"": ""off"", ""gap_min"": 0, ""body_min"": 0, ""volf"": ""off"", ""dow"": ""mon""}",351,252,0.2169,2.295,-16.45,91,61,-0.0939,-0.614,-18.86,442,313,0.1529,1.874,-24.57,38,30,0.2971,0.843,-5.26,1817,1263,-0.0173,-0.627,-55.21,-0.0161,0.1243,-3.1,-14.3,-8.4,-6.6,-11.3,4.8,8.0,0.3,27.6,30.4,30.0
NDX100,skip_fri,"{""entry_tf"": 1, ""vwap"": true, ""time_stop"": 120, ""legs"": true, ""leg_max"": 6, ""legs_mgmt"": ""fixed"", ""leg_window"": 120, ""ma"": 0, ""dyn"": false, ""big_thr"": 15, ""big_sl"": 35, ""big_tp"": 115, ""std_sl"": 25, ""std_tp"": 42, ""leg_gap"": 15, ""leg_sl"": 35, ""leg_tp"": 115, ""be_at"": 0, ""partial"": 0, ""trail"": 0, ""entry_mode"": ""close"", ""pb_frac"": 0.5, ""pb_wait"": 15, ""gap"": ""off"", ""gap_min"": 0, ""body_min"": 0, ""volf"": ""off"", ""dow"": ""fri""}",351,257,0.2209,2.243,-16.37,91,53,-0.1656,-1.315,-14.02,442,310,0.1414,1.709,-19.22,38,30,0.1843,0.67,-5.26,1817,1255,-0.0184,-0.677,-57.97,-0.0142,0.1073,4.7,-5.5,-0.8,-3.1,4.8,-1.0,-23.0,-3.1,23.8,33.4,16.1
US30,LIVE_COMP,"{""entry_tf"": 1, ""vwap"": true, ""time_stop"": 120, ""legs"": true, ""leg_max"": 6, ""legs_mgmt"": ""fixed"", ""leg_window"": 120, ""ma"": 0, ""dyn"": false, ""big_thr"": 15, ""big_sl"": 35, ""big_tp"": 115, ""std_sl"": 25, ""std_tp"": 42, ""leg_gap"": 15, ""leg_sl"": 35, ""leg_tp"": 115, ""be_at"": 0, ""partial"": 0, ""trail"": 0, ""entry_mode"": ""close"", ""pb_frac"": 0.5, ""pb_wait"": 15, ""gap"": ""off"", ""gap_min"": 0, ""body_min"": 0, ""volf"": ""off"", ""dow"": ""none""}",351,353,0.0446,0.414,-31.93,90,87,-0.3497,-2.255,-30.42,441,440,-0.0359,-0.392,-46.6,38,38,-0.2639,-0.98,-13.69,1542,1349,-0.0202,-0.527,-59.06,-0.0152,0.0171,1.3,2.3,-28.2,4.0,10.0,11.2,-27.8,1.5,-2.7,39.2,-35.9
US30,LIVE_COMP+MA100,"{""entry_tf"": 1, ""vwap"": true, ""time_stop"": 120, ""legs"": true, ""leg_max"": 6, ""legs_mgmt"": ""fixed"", ""leg_window"": 120, ""ma"": 100, ""dyn"": false, ""big_thr"": 15, ""big_sl"": 35, ""big_tp"": 115, ""std_sl"": 25, ""std_tp"": 42, ""leg_gap"": 15, ""leg_sl"": 35, ""leg_tp"": 115, ""be_at"": 0, ""partial"": 0, ""trail"": 0, ""entry_mode"": ""close"", ""pb_frac"": 0.5, ""pb_wait"": 15, ""gap"": ""off"", ""gap_min"": 0, ""body_min"": 0, ""volf"": ""off"", ""dow"": ""none""}",351,282,0.0012,0.013,-29.33,90,70,-0.2459,-1.735,-21.08,441,352,-0.0492,-0.613,-36.87,38,38,-0.2639,-0.98,-13.69,1542,938,0.0205,0.675,-26.34,0.0221,-0.0118,5.9,2.3,7.5,1.1,13.2,13.0,2.1,-8.1,-14.7,18.7,-21.3
US30,entry_tf5,"{""entry_tf"": 5, ""vwap"": true, ""time_stop"": 120, ""legs"": true, ""leg_max"": 6, ""legs_mgmt"": ""fixed"", ""leg_window"": 120, ""ma"": 0, ""dyn"": false, ""big_thr"": 15, ""big_sl"": 35, ""big_tp"": 115, ""std_sl"": 25, ""std_tp"": 42, ""leg_gap"": 15, ""leg_sl"": 35, ""leg_tp"": 115, ""be_at"": 0, ""partial"": 0, ""trail"": 0, ""entry_mode"": ""close"", ""pb_frac"": 0.5, ""pb_wait"": 15, ""gap"": ""off"", ""gap_min"": 0, ""body_min"": 0, ""volf"": ""off"", ""dow"": ""none""}",351,301,0.0909,0.978,-14.66,90,76,-0.1257,-0.774,-25.94,441,377,0.0467,0.575,-26.85,38,34,-0.2236,-0.816,-14.08,1542,1341,-0.092,-2.558,-143.56,-0.0778,0.0113,-4.9,-15.8,14.7,-5.0,-0.8,-17.8,-67.3,-33.6,-6.9,-8.4,13.7
US30,vwap_off,"{""entry_tf"": 1, ""vwap"": false, ""time_stop"": 120, ""legs"": true, ""leg_max"": 6, ""legs_mgmt"": ""fixed"", ""leg_window"": 120, ""ma"": 0, ""dyn"": false, ""big_thr"": 15, ""big_sl"": 35, ""big_tp"": 115, ""std_sl"": 25, ""std_tp"": 42, ""leg_gap"": 15, ""leg_sl"": 35, ""leg_tp"": 115, ""be_at"": 0, ""partial"": 0, ""trail"": 0, ""entry_mode"": ""close"", ""pb_frac"": 0.5, ""pb_wait"": 15, ""gap"": ""off"", ""gap_min"": 0, ""body_min"": 0, ""volf"": ""off"", ""dow"": ""none""}",351,395,0.0503,0.45,-34.59,90,99,-0.3473,-2.063,-30.2,441,494,-0.0308,-0.321,-45.3,38,42,-0.2619,-0.914,-13.69,1542,1609,-0.0327,-0.793,-72.3,-0.0282,0.0107,-1.0,-5.0,-24.1,3.4,3.9,12.0,-34.6,-2.2,-18.4,45.1,-30.1
US30,legs_off,"{""entry_tf"": 1, ""vwap"": true, ""time_stop"": 120, ""legs"": false, ""leg_max"": 6, ""legs_mgmt"": ""fixed"", ""leg_window"": 120, ""ma"": 0, ""dyn"": false, ""big_thr"": 15, ""big_sl"": 35, ""big_tp"": 115, ""std_sl"": 25, ""std_tp"": 42, ""leg_gap"": 15, ""leg_sl"": 35, ""leg_tp"": 115, ""be_at"": 0, ""partial"": 0, ""trail"": 0, ""entry_mode"": ""close"", ""pb_frac"": 0.5, ""pb_wait"": 15, ""gap"": ""off"", ""gap_min"": 0, ""body_min"": 0, ""volf"": ""off"", ""dow"": ""none""}",351,309,0.034,0.371,-28.27,90,78,-0.2685,-1.73,-23.11,441,387,-0.0277,-0.347,-36.41,38,34,-0.153,-0.575,-12.64,1542,1279,-0.0249,-0.709,-59.96,-0.0189,0.0252,3.8,2.3,-26.3,4.0,4.2,6.2,-23.5,-2.5,-0.8,38.4,-27.8
US30,dyn_scale,"{""entry_tf"": 1, ""vwap"": true, ""time_stop"": 120, ""legs"": true, ""leg_max"": 6, ""legs_mgmt"": ""fixed"", ""leg_window"": 120, ""ma"": 0, ""dyn"": true, ""big_thr"": 15, ""big_sl"": 35, ""big_tp"": 115, ""std_sl"": 25, ""std_tp"": 42, ""leg_gap"": 15, ""leg_sl"": 35, ""leg_tp"": 115, ""be_at"": 0, ""partial"": 0, ""trail"": 0, ""entry_mode"": ""close"", ""pb_frac"": 0.5, ""pb_wait"": 15, ""gap"": ""off"", ""gap_min"": 0, ""body_min"": 0, ""volf"": ""off"", ""dow"": ""none""}",351,348,0.026,0.249,-36.28,90,89,-0.344,-2.171,-33.14,441,437,-0.0495,-0.554,-46.54,38,37,-0.2567,-0.995,-13.62,1542,1413,-0.0949,-2.084,-164.45,-0.0896,-0.004,-35.3,-83.1,-16.9,-0.2,-5.7,6.3,-7.8,-7.9,-9.3,41.3,-44.2
US30,legs_same_mgmt_be1,"{""entry_tf"": 1, ""vwap"": true, ""time_stop"": 120, ""legs"": true, ""leg_max"": 6, ""legs_mgmt"": ""same"", ""leg_window"": 120, ""ma"": 0, ""dyn"": false, ""big_thr"": 15, ""big_sl"": 35, ""big_tp"": 115, ""std_sl"": 25, ""std_tp"": 42, ""leg_gap"": 15, ""leg_sl"": 35, ""leg_tp"": 115, ""be_at"": 1.0, ""partial"": 0, ""trail"": 0, ""entry_mode"": ""close"", ""pb_frac"": 0.5, ""pb_wait"": 15, ""gap"": ""off"", ""gap_min"": 0, ""body_min"": 0, ""volf"": ""off"", ""dow"": ""none""}",351,353,0.0508,0.577,-25.76,90,87,-0.2841,-2.438,-25.52,441,440,-0.0175,-0.236,-33.55,38,38,-0.2864,-1.446,-13.96,1542,1349,-0.0102,-0.31,-51.0,-0.0125,0.0367,-10.0,-1.8,-28.2,7.0,6.3,16.3,-34.3,23.6,0.1,34.4,-22.7
US30,time_stop_60,"{""entry_tf"": 1, ""vwap"": true, ""time_stop"": 60, ""legs"": true, ""leg_max"": 6, ""legs_mgmt"": ""fixed"", ""leg_window"": 120, ""ma"": 0, ""dyn"": false, ""big_thr"": 15, ""big_sl"": 35, ""big_tp"": 115, ""std_sl"": 25, ""std_tp"": 42, ""leg_gap"": 15, ""leg_sl"": 35, ""leg_tp"": 115, ""be_at"": 0, ""partial"": 0, ""trail"": 0, ""entry_mode"": ""close"", ""pb_frac"": 0.5, ""pb_wait"": 15, ""gap"": ""off"", ""gap_min"": 0, ""body_min"": 0, ""volf"": ""off"", ""dow"": ""none""}",351,353,0.0511,0.487,-33.14,90,87,-0.4206,-2.957,-36.8,441,440,-0.0452,-0.509,-47.82,38,38,-0.3318,-1.306,-15.91,1542,1349,-0.0256,-0.717,-54.89,-0.0229,-0.0,-0.4,-8.5,-25.9,8.3,-1.9,16.6,-26.9,0.1,-4.1,30.3,-38.8
US30,time_stop_90,"{""entry_tf"": 1, ""vwap"": true, ""time_stop"": 90, ""legs"": true, ""leg_max"": 6, ""legs_mgmt"": ""fixed"", ""leg_window"": 120, ""ma"": 0, ""dyn"": false, ""big_thr"": 15, ""big_sl"": 35, ""big_tp"": 115, ""std_sl"": 25, ""std_tp"": 42, ""leg_gap"": 15, ""leg_sl"": 35, ""leg_tp"": 115, ""be_at"": 0, ""partial"": 0, ""trail"": 0, ""entry_mode"": ""close"", ""pb_frac"": 0.5, ""pb_wait"": 15, ""gap"": ""off"", ""gap_min"": 0, ""body_min"": 0, ""volf"": ""off"", ""dow"": ""none""}",351,353,0.0367,0.346,-32.96,90,87,-0.3535,-2.279,-30.77,441,440,-0.0429,-0.474,-47.63,38,38,-0.2639,-0.98,-13.69,1542,1349,-0.0227,-0.606,-59.05,-0.0205,0.0107,-3.2,0.9,-26.0,2.7,5.8,12.4,-31.7,4.7,-1.2,35.0,-37.3
US30,time_stop_180,"{""entry_tf"": 1, ""vwap"": true, ""time_stop"": 180, ""legs"": true, ""leg_max"": 6, ""legs_mgmt"": ""fixed"", ""leg_window"": 120, ""ma"": 0, ""dyn"": false, ""big_thr"": 15, ""big_sl"": 35, ""big_tp"": 115, ""std_sl"": 25, ""std_tp"": 42, ""leg_gap"": 15, ""leg_sl"": 35, ""leg_tp"": 115, ""be_at"": 0, ""partial"": 0, ""trail"": 0, ""entry_mode"": ""close"", ""pb_frac"": 0.5, ""pb_wait"": 15, ""gap"": ""off"", ""gap_min"": 0, ""body_min"": 0, ""volf"": ""off"", ""dow"": ""none""}",351,353,0.028,0.261,-31.93,90,87,-0.388,-2.544,-33.87,441,440,-0.0569,-0.624,-46.6,38,38,-0.2639,-0.98,-13.69,1542,1349,-0.0159,-0.402,-58.91,-0.0167,0.0015,-9.7,4.1,-34.9,4.0,12.0,13.3,-26.2,9.4,-3.1,30.2,-36.1
US30,time_stop_240,"{""entry_tf"": 1, ""vwap"": true, ""time_stop"": 240, ""legs"": true, ""leg_max"": 6, ""legs_mgmt"": ""fixed"", ""leg_window"": 120, ""ma"": 0, ""dyn"": false, ""big_thr"": 15, ""big_sl"": 35, ""big_tp"": 115, ""std_sl"": 25, ""std_tp"": 42, ""leg_gap"": 15, ""leg_sl"": 35, ""leg_tp"": 115, ""be_at"": 0, ""partial"": 0, ""trail"": 0, ""entry_mode"": ""close"", ""pb_frac"": 0.5, ""pb_wait"": 15, ""gap"": ""off"", ""gap_min"": 0, ""body_min"": 0, ""volf"": ""off"", ""dow"": ""none""}",351,353,0.051,0.469,-31.93,90,87,-0.3902,-2.583,-34.06,441,440,-0.0391,-0.424,-46.6,38,38,-0.2639,-0.98,-13.69,1542,1349,-0.0118,-0.297,-62.95,-0.0112,0.0157,-4.0,3.8,-38.4,2.4,9.1,14.4,-27.2,21.1,-2.9,33.9,-31.3
US30,time_stop_999,"{""entry_tf"": 1, ""vwap"": true, ""time_stop"": 999, ""legs"": true, ""leg_max"": 6, ""legs_mgmt"": ""fixed"", ""leg_window"": 120, ""ma"": 0, ""dyn"": false, ""big_thr"": 15, ""big_sl"": 35, ""big_tp"": 115, ""std_sl"": 25, ""std_tp"": 42, ""leg_gap"": 15, ""leg_sl"": 35, ""leg_tp"": 115, ""be_at"": 0, ""partial"": 0, ""trail"": 0, ""entry_mode"": ""close"", ""pb_frac"": 0.5, ""pb_wait"": 15, ""gap"": ""off"", ""gap_min"": 0, ""body_min"": 0, ""volf"": ""off"", ""dow"": ""none""}",351,353,0.0589,0.536,-31.93,90,87,-0.3992,-2.64,-34.87,441,440,-0.0346,-0.371,-46.6,38,38,-0.2639,-0.98,-13.69,1542,1349,0.0043,0.104,-61.74,0.001,0.0279,-7.7,10.8,-43.6,0.3,16.0,22.1,-23.4,27.1,2.6,35.9,-31.3
US30,be_at_0.5,"{""entry_tf"": 1, ""vwap"": true, ""time_stop"": 120, ""legs"": true, ""leg_max"": 6, ""legs_mgmt"": ""fixed"", ""leg_window"": 120, ""ma"": 0, ""dyn"": false, ""big_thr"": 15, ""big_sl"": 35, ""big_tp"": 115, ""std_sl"": 25, ""std_tp"": 42, ""leg_gap"": 15, ""leg_sl"": 35, ""leg_tp"": 115, ""be_at"": 0.5, ""partial"": 0, ""trail"": 0, ""entry_mode"": ""close"", ""pb_frac"": 0.5, ""pb_wait"": 15, ""gap"": ""off"", ""gap_min"": 0, ""body_min"": 0, ""volf"": ""off"", ""dow"": ""none""}",351,353,-0.0363,-0.443,-23.32,90,87,-0.1496,-1.336,-13.41,441,440,-0.0595,-0.86,-29.4,38,38,-0.2225,-1.626,-8.4,1542,1349,-0.0085,-0.281,-57.83,-0.0127,0.0089,-15.9,-4.9,-33.0,2.0,5.1,23.4,-28.0,29.9,13.0,0.7,-16.6
US30,be_at_1.0,"{""entry_tf"": 1, ""vwap"": true, ""time_stop"": 120, ""legs"": true, ""leg_max"": 6, ""legs_mgmt"": ""fixed"", ""leg_window"": 120, ""ma"": 0, ""dyn"": false, ""big_thr"": 15, ""big_sl"": 35, ""big_tp"": 115, ""std_sl"": 25, ""std_tp"": 42, ""leg_gap"": 15, ""leg_sl"": 35, ""leg_tp"": 115, ""be_at"": 1.0, ""partial"": 0, ""trail"": 0, ""entry_mode"": ""close"", ""pb_frac"": 0.5, ""pb_wait"": 15, ""gap"": ""off"", ""gap_min"": 0, ""body_min"": 0, ""volf"": ""off"", ""dow"": ""none""}",351,353,0.037,0.394,-24.67,90,87,-0.2933,-2.49,-26.34,441,440,-0.0304,-0.386,-34.49,38,38,-0.2864,-1.446,-13.96,1542,1349,-0.0052,-0.152,-48.54,-0.0079,0.0197,-10.0,-1.8,-28.3,7.0,8.8,18.1,-31.6,24.4,-1.9,29.3,-26.2
US30,be_at_1.5,"{""entry_tf"": 1, ""vwap"": true, ""time_stop"": 120, ""legs"": true, ""leg_max"": 6, ""legs_mgmt"": ""fixed"", ""leg_window"": 120, ""ma"": 0, ""dyn"": false, ""big_thr"": 15, ""big_sl"": 35, ""big_tp"": 115, ""std_sl"": 25, ""std_tp"": 42, ""leg_gap"": 15, ""leg_sl"": 35, ""leg_tp"": 115, ""be_at"": 1.5, ""partial"": 0, ""trail"": 0, ""entry_mode"": ""close"", ""pb_frac"": 0.5, ""pb_wait"": 15, ""gap"": ""off"", ""gap_min"": 0, ""body_min"": 0, ""volf"": ""off"", ""dow"": ""none""}",351,353,0.0768,0.766,-27.43,90,87,-0.3639,-2.795,-32.69,441,440,-0.0131,-0.155,-41.21,38,38,-0.3654,-1.823,-14.96,1542,1349,0.0037,0.102,-46.15,0.0055,0.0322,-0.7,-0.5,-25.5,5.5,14.7,18.4,-14.6,12.0,7.5,32.2,-33.6
US30,be_at_2.0,"{""entry_tf"": 1, ""vwap"": true, ""time_stop"": 120, ""legs"": true, ""leg_max"": 6, ""legs_mgmt"": ""fixed"", ""leg_window"": 120, ""ma"": 0, ""dyn"": false, ""big_thr"": 15, ""big_sl"": 35, ""big_tp"": 115, ""std_sl"": 25, ""std_tp"": 42, ""leg_gap"": 15, ""leg_sl"": 35, ""leg_tp"": 115, ""be_at"": 2.0, ""partial"": 0, ""trail"": 0, ""entry_mode"": ""close"", ""pb_frac"": 0.5, ""pb_wait"": 15, ""gap"": ""off"", ""gap_min"": 0, ""body_min"": 0, ""volf"": ""off"", ""dow"": ""none""}",351,353,0.0603,0.585,-26.47,90,87,-0.4051,-2.912,-36.41,441,440,-0.0347,-0.397,-40.0,38,38,-0.1924,-0.805,-13.85,1542,1349,-0.0032,-0.086,-46.75,0.0001,0.0152,1.0,2.3,-24.2,4.5,14.5,15.3,-16.6,3.4,2.5,26.0,-26.4
US30,partial_1.0,"{""entry_tf"": 1, ""vwap"": true, ""time_stop"": 120, ""legs"": true, ""leg_max"": 6, ""legs_mgmt"": ""fixed"", ""leg_window"": 120, ""ma"": 0, ""dyn"": false, ""big_thr"": 15, ""big_sl"": 35, ""big_tp"": 115, ""std_sl"": 25, ""std_tp"": 42, ""leg_gap"": 15, ""leg_sl"": 35, ""leg_tp"": 115, ""be_at"": 0, ""partial"": 1.0, ""trail"": 0, ""entry_mode"": ""close"", ""pb_frac"": 0.5, ""pb_wait"": 15, ""gap"": ""off"", ""gap_min"": 0, ""body_min"": 0, ""volf"": ""off"", ""dow"": ""none""}",351,353,0.0112,0.138,-26.43,90,87,-0.2385,-2.205,-21.42,441,440,-0.0398,-0.582,-37.25,38,38,-0.2375,-1.292,-13.05,1542,1349,-0.0256,-0.862,-58.03,-0.022,-0.0029,0.4,-4.4,-28.6,5.3,3.3,2.4,-21.1,5.8,-8.7,26.7,-28.8
US30,partial_1.5,"{""entry_tf"": 1, ""vwap"": true, ""time_stop"": 120, ""legs"": true, ""leg_max"": 6, ""legs_mgmt"": ""fixed"", ""leg_window"": 120, ""ma"": 0, ""dyn"": false, ""big_thr"": 15, ""big_sl"": 35, ""big_tp"": 115, ""std_sl"": 25, ""std_tp"": 42, ""leg_gap"": 15, ""leg_sl"": 35, ""leg_tp"": 115, ""be_at"": 0, ""partial"": 1.5, ""trail"": 0, ""entry_mode"": ""close"", ""pb_frac"": 0.5, ""pb_wait"": 15, ""gap"": ""off"", ""gap_min"": 0, ""body_min"": 0, ""volf"": ""off"", ""dow"": ""none""}",351,353,0.0268,0.308,-27.93,90,87,-0.2993,-2.49,-27.13,441,440,-0.0397,-0.538,-41.0,38,38,-0.231,-1.152,-11.98,1542,1349,-0.0214,-0.658,-48.11,-0.018,-0.0011,-1.9,-0.3,-26.4,3.9,11.3,6.0,-23.1,0.3,-5.4,25.5,-29.5
US30,partial_2.0,"{""entry_tf"": 1, ""vwap"": true, ""time_stop"": 120, ""legs"": true, ""leg_max"": 6, ""legs_mgmt"": ""fixed"", ""leg_window"": 120, ""ma"": 0, ""dyn"": false, ""big_thr"": 15, ""big_sl"": 35, ""big_tp"": 115, ""std_sl"": 25, ""std_tp"": 42, ""leg_gap"": 15, ""leg_sl"": 35, ""leg_tp"": 115, ""be_at"": 0, ""partial"": 2.0, ""trail"": 0, ""entry_mode"": ""close"", ""pb_frac"": 0.5, ""pb_wait"": 15, ""gap"": ""off"", ""gap_min"": 0, ""body_min"": 0, ""volf"": ""off"", ""dow"": ""none""}",351,353,0.0459,0.493,-24.54,90,87,-0.3437,-2.594,-31.38,441,440,-0.0336,-0.424,-37.75,38,38,-0.1454,-0.676,-10.69,1542,1349,-0.0204,-0.588,-55.71,-0.0152,0.0085,1.1,2.6,-28.3,4.3,16.5,5.1,-22.6,-4.2,-2.9,24.9,-22.3
US30,partial_3.0,"{""entry_tf"": 1, ""vwap"": true, ""time_stop"": 120, ""legs"": true, ""leg_max"": 6, ""legs_mgmt"": ""fixed"", ""leg_window"": 120, ""ma"": 0, ""dyn"": false, ""big_thr"": 15, ""big_sl"": 35, ""big_tp"": 115, ""std_sl"": 25, ""std_tp"": 42, ""leg_gap"": 15, ""leg_sl"": 35, ""leg_tp"": 115, ""be_at"": 0, ""partial"": 3.0, ""trail"": 0, ""entry_mode"": ""close"", ""pb_frac"": 0.5, ""pb_wait"": 15, ""gap"": ""off"", ""gap_min"": 0, ""body_min"": 0, ""volf"": ""off"", ""dow"": ""none""}",351,353,0.06,0.566,-29.47,90,87,-0.3417,-2.275,-29.7,441,440,-0.022,-0.244,-41.53,38,38,-0.23,-0.87,-13.76,1542,1349,-0.0146,-0.384,-51.16,-0.0102,0.0224,0.9,2.3,-27.2,5.6,12.7,11.6,-22.9,-0.2,-6.1,35.6,-24.3
US30,trail_1.0,"{""entry_tf"": 1, ""vwap"": true, ""time_stop"": 120, ""legs"": true, ""leg_max"": 6, ""legs_mgmt"": ""fixed"", ""leg_window"": 120, ""ma"": 0, ""dyn"": false, ""big_thr"": 15, ""big_sl"": 35, ""big_tp"": 115, ""std_sl"": 25, ""std_tp"": 42, ""leg_gap"": 15, ""leg_sl"": 35, ""leg_tp"": 115, ""be_at"": 0, ""partial"": 0, ""trail"": 1.0, ""entry_mode"": ""close"", ""pb_frac"": 0.5, ""pb_wait"": 15, ""gap"": ""off"", ""gap_min"": 0, ""body_min"": 0, ""volf"": ""off"", ""dow"": ""none""}",351,353,0.0503,0.667,-16.49,90,87,-0.135,-1.387,-13.04,441,440,0.0125,0.197,-21.52,38,38,-0.2,-1.928,-9.75,1542,1349,-0.0301,-1.156,-62.42,-0.0316,0.0178,-20.0,-1.1,-33.3,0.0,-0.4,-0.2,-7.6,9.4,-5.6,10.2,-1.3
US30,trail_1.5,"{""entry_tf"": 1, ""vwap"": true, ""time_stop"": 120, ""legs"": true, ""leg_max"": 6, ""legs_mgmt"": ""fixed"", ""leg_window"": 120, ""ma"": 0, ""dyn"": false, ""big_thr"": 15, ""big_sl"": 35, ""big_tp"": 115, ""std_sl"": 25, ""std_tp"": 42, ""leg_gap"": 15, ""leg_sl"": 35, ""leg_tp"": 115, ""be_at"": 0, ""partial"": 0, ""trail"": 1.5, ""entry_mode"": ""close"", ""pb_frac"": 0.5, ""pb_wait"": 15, ""gap"": ""off"", ""gap_min"": 0, ""body_min"": 0, ""volf"": ""off"", ""dow"": ""none""}",351,353,0.0998,1.12,-23.08,90,87,-0.2465,-2.23,-22.58,441,440,0.0291,0.39,-24.74,38,38,-0.3509,-2.982,-15.99,1542,1349,0.0063,0.192,-43.94,0.0054,0.0534,-7.7,-2.3,-29.6,5.4,12.5,14.6,-8.4,24.7,5.5,25.2,-11.0
US30,trail_2.0,"{""entry_tf"": 1, ""vwap"": true, ""time_stop"": 120, ""legs"": true, ""leg_max"": 6, ""legs_mgmt"": ""fixed"", ""leg_window"": 120, ""ma"": 0, ""dyn"": false, ""big_thr"": 15, ""big_sl"": 35, ""big_tp"": 115, ""std_sl"": 25, ""std_tp"": 42, ""leg_gap"": 15, ""leg_sl"": 35, ""leg_tp"": 115, ""be_at"": 0, ""partial"": 0, ""trail"": 2.0, ""entry_mode"": ""close"", ""pb_frac"": 0.5, ""pb_wait"": 15, ""gap"": ""off"", ""gap_min"": 0, ""body_min"": 0, ""volf"": ""off"", ""dow"": ""none""}",351,353,0.068,0.705,-23.81,90,87,-0.276,-2.028,-24.73,441,440,-0.0022,-0.027,-34.06,38,38,-0.3947,-2.228,-16.23,1542,1349,-0.0025,-0.069,-45.49,0.0015,0.0358,2.7,-1.4,-23.6,6.8,9.3,16.2,-12.1,4.8,6.8,31.3,-31.0
US30,trail_3.0,"{""entry_tf"": 1, ""vwap"": true, ""time_stop"": 120, ""legs"": true, ""leg_max"": 6, ""legs_mgmt"": ""fixed"", ""leg_window"": 120, ""ma"": 0, ""dyn"": false, ""big_thr"": 15, ""big_sl"": 35, ""big_tp"": 115, ""std_sl"": 25, ""std_tp"": 42, ""leg_gap"": 15, ""leg_sl"": 35, ""leg_tp"": 115, ""be_at"": 0, ""partial"": 0, ""trail"": 3.0, ""entry_mode"": ""close"", ""pb_frac"": 0.5, ""pb_wait"": 15, ""gap"": ""off"", ""gap_min"": 0, ""body_min"": 0, ""volf"": ""off"", ""dow"": ""none""}",351,353,0.0408,0.388,-29.06,90,87,-0.3075,-2.014,-27.4,441,440,-0.0303,-0.339,-42.46,38,38,-0.2562,-1.046,-15.46,1542,1349,-0.0087,-0.23,-48.73,-0.0046,0.0192,1.5,2.3,-26.3,5.1,11.3,14.3,-18.7,2.6,-0.9,33.4,-30.4
US30,runner_noTP_120,"{""entry_tf"": 1, ""vwap"": true, ""time_stop"": 120, ""legs"": true, ""leg_max"": 6, ""legs_mgmt"": ""fixed"", ""leg_window"": 120, ""ma"": 0, ""dyn"": false, ""big_thr"": 15, ""big_sl"": 35, ""big_tp"": 0, ""std_sl"": 25, ""std_tp"": 0, ""leg_gap"": 15, ""leg_sl"": 35, ""leg_tp"": 115, ""be_at"": 0, ""partial"": 0, ""trail"": 0, ""entry_mode"": ""close"", ""pb_frac"": 0.5, ""pb_wait"": 15, ""gap"": ""off"", ""gap_min"": 0, ""body_min"": 0, ""volf"": ""off"", ""dow"": ""none""}",351,353,0.0403,0.275,-45.55,90,87,-0.3953,-2.141,-34.52,441,440,-0.0486,-0.396,-60.69,38,38,-0.4707,-1.692,-24.86,1542,1349,-0.0304,-0.684,-70.44,-0.0234,0.0042,7.3,-1.1,-12.5,9.7,-26.2,24.0,-25.3,-15.1,-3.4,34.9,-46.8
US30,runner_noTP_trail1.5_close,"{""entry_tf"": 1, ""vwap"": true, ""time_stop"": 999, ""legs"": true, ""leg_max"": 6, ""legs_mgmt"": ""fixed"", ""leg_window"": 120, ""ma"": 0, ""dyn"": false, ""big_thr"": 15, ""big_sl"": 35, ""big_tp"": 0, ""std_sl"": 25, ""std_tp"": 0, ""leg_gap"": 15, ""leg_sl"": 35, ""leg_tp"": 115, ""be_at"": 0, ""partial"": 0, ""trail"": 1.5, ""entry_mode"": ""close"", ""pb_frac"": 0.5, ""pb_wait"": 15, ""gap"": ""off"", ""gap_min"": 0, ""body_min"": 0, ""volf"": ""off"", ""dow"": ""none""}",351,353,0.104,1.067,-23.08,90,87,-0.1774,-1.096,-16.36,441,440,0.0466,0.551,-27.29,38,38,-0.3509,-2.982,-15.99,1542,1349,0.0199,0.532,-43.24,0.0208,0.0727,1.7,2.7,-24.7,2.8,1.2,29.3,-9.0,30.9,4.8,41.1,-14.4
US30,runner_noTP_be1_trail2_close,"{""entry_tf"": 1, ""vwap"": true, ""time_stop"": 999, ""legs"": true, ""leg_max"": 6, ""legs_mgmt"": ""fixed"", ""leg_window"": 120, ""ma"": 0, ""dyn"": false, ""big_thr"": 15, ""big_sl"": 35, ""big_tp"": 0, ""std_sl"": 25, ""std_tp"": 0, ""leg_gap"": 15, ""leg_sl"": 35, ""leg_tp"": 115, ""be_at"": 1.0, ""partial"": 0, ""trail"": 2.0, ""entry_mode"": ""close"", ""pb_frac"": 0.5, ""pb_wait"": 15, ""gap"": ""off"", ""gap_min"": 0, ""body_min"": 0, ""volf"": ""off"", ""dow"": ""none""}",351,353,0.0444,0.424,-28.68,90,87,-0.2757,-1.999,-24.76,441,440,-0.0209,-0.237,-40.07,38,38,-0.3204,-1.522,-14.35,1542,1349,-0.0022,-0.057,-46.69,-0.008,0.0338,-11.5,0.6,-36.0,12.9,-4.9,20.2,-26.7,31.7,0.3,37.9,-29.6
US30,pullback_0.3_5,"{""entry_tf"": 1, ""vwap"": true, ""time_stop"": 120, ""legs"": true, ""leg_max"": 6, ""legs_mgmt"": ""fixed"", ""leg_window"": 120, ""ma"": 0, ""dyn"": false, ""big_thr"": 15, ""big_sl"": 35, ""big_tp"": 115, ""std_sl"": 25, ""std_tp"": 42, ""leg_gap"": 15, ""leg_sl"": 35, ""leg_tp"": 115, ""be_at"": 0, ""partial"": 0, ""trail"": 0, ""entry_mode"": ""pb"", ""pb_frac"": 0.3, ""pb_wait"": 5, ""gap"": ""off"", ""gap_min"": 0, ""body_min"": 0, ""volf"": ""off"", ""dow"": ""none""}",351,266,-0.0725,-0.84,-33.62,90,69,-0.3574,-2.746,-35.4,441,335,-0.1307,-1.769,-61.08,38,27,-0.4498,-2.612,-17.09,1542,1028,-0.0262,-0.815,-57.1,-0.021,-0.113,-0.5,6.7,-32.5,5.0,27.3,-20.3,-6.4,-14.6,-43.0,-0.7,-43.2
US30,pullback_0.3_15,"{""entry_tf"": 1, ""vwap"": true, ""time_stop"": 120, ""legs"": true, ""leg_max"": 6, ""legs_mgmt"": ""fixed"", ""leg_window"": 120, ""ma"": 0, ""dyn"": false, ""big_thr"": 15, ""big_sl"": 35, ""big_tp"": 115, ""std_sl"": 25, ""std_tp"": 42, ""leg_gap"": 15, ""leg_sl"": 35, ""leg_tp"": 115, ""be_at"": 0, ""partial"": 0, ""trail"": 0, ""entry_mode"": ""pb"", ""pb_frac"": 0.3, ""pb_wait"": 15, ""gap"": ""off"", ""gap_min"": 0, ""body_min"": 0, ""volf"": ""off"", ""dow"": ""none""}",351,288,-0.0977,-1.094,-36.63,90,75,-0.38,-2.756,-40.67,441,363,-0.1553,-2.027,-75.19,38,29,-0.5052,-2.854,-19.2,1542,1134,-0.0418,-1.249,-73.93,-0.0293,-0.1498,8.6,5.4,-32.7,5.0,21.5,-24.1,-11.3,-21.5,-53.7,-6.3,-51.6
US30,pullback_0.5_5,"{""entry_tf"": 1, ""vwap"": true, ""time_stop"": 120, ""legs"": true, ""leg_max"": 6, ""legs_mgmt"": ""fixed"", ""leg_window"": 120, ""ma"": 0, ""dyn"": false, ""big_thr"": 15, ""big_sl"": 35, ""big_tp"": 115, ""std_sl"": 25, ""std_tp"": 42, ""leg_gap"": 15, ""leg_sl"": 35, ""leg_tp"": 115, ""be_at"": 0, ""partial"": 0, ""trail"": 0, ""entry_mode"": ""pb"", ""pb_frac"": 0.5, ""pb_wait"": 5, ""gap"": ""off"", ""gap_min"": 0, ""body_min"": 0, ""volf"": ""off"", ""dow"": ""none""}",351,223,-0.091,-1.172,-35.31,90,54,-0.1155,-0.85,-13.63,441,277,-0.096,-1.418,-42.32,38,24,-0.1981,-1.003,-10.53,1542,885,-0.0324,-1.094,-59.73,-0.0296,-0.087,-6.9,3.9,-31.3,4.6,17.3,-19.9,-15.1,-2.3,-28.1,0.8,-33.9
US30,pullback_0.5_15,"{""entry_tf"": 1, ""vwap"": true, ""time_stop"": 120, ""legs"": true, ""leg_max"": 6, ""legs_mgmt"": ""fixed"", ""leg_window"": 120, ""ma"": 0, ""dyn"": false, ""big_thr"": 15, ""big_sl"": 35, ""big_tp"": 115, ""std_sl"": 25, ""std_tp"": 42, ""leg_gap"": 15, ""leg_sl"": 35, ""leg_tp"": 115, ""be_at"": 0, ""partial"": 0, ""trail"": 0, ""entry_mode"": ""pb"", ""pb_frac"": 0.5, ""pb_wait"": 15, ""gap"": ""off"", ""gap_min"": 0, ""body_min"": 0, ""volf"": ""off"", ""dow"": ""none""}",351,258,-0.0983,-1.167,-41.41,90,68,-0.1406,-0.947,-15.89,441,326,-0.1069,-1.453,-47.92,38,27,-0.1684,-0.768,-7.6,1542,1013,-0.0428,-1.359,-75.06,-0.0347,-0.1004,0.1,5.6,-32.1,4.6,8.7,-16.9,-18.6,-9.8,-31.1,5.9,-43.2
US30,gap_with_0,"{""entry_tf"": 1, ""vwap"": true, ""time_stop"": 120, ""legs"": true, ""leg_max"": 6, ""legs_mgmt"": ""fixed"", ""leg_window"": 120, ""ma"": 0, ""dyn"": false, ""big_thr"": 15, ""big_sl"": 35, ""big_tp"": 115, ""std_sl"": 25, ""std_tp"": 42, ""leg_gap"": 15, ""leg_sl"": 35, ""leg_tp"": 115, ""be_at"": 0, ""partial"": 0, ""trail"": 0, ""entry_mode"": ""close"", ""pb_frac"": 0.5, ""pb_wait"": 15, ""gap"": ""with"", ""gap_min"": 0, ""body_min"": 0, ""volf"": ""off"", ""dow"": ""none""}",351,175,0.0783,0.975,-28.29,90,40,-0.1869,-1.796,-15.77,441,215,0.0242,0.358,-35.67,38,15,-0.303,-2.428,-10.46,1542,653,-0.0245,-0.908,-43.1,-0.0219,0.0284,-3.0,-3.2,-21.0,5.1,1.8,8.8,-19.6,-5.8,-0.2,39.4,-33.2
US30,gap_with_50,"{""entry_tf"": 1, ""vwap"": true, ""time_stop"": 120, ""legs"": true, ""leg_max"": 6, ""legs_mgmt"": ""fixed"", ""leg_window"": 120, ""ma"": 0, ""dyn"": false, ""big_thr"": 15, ""big_sl"": 35, ""big_tp"": 115, ""std_sl"": 25, ""std_tp"": 42, ""leg_gap"": 15, ""leg_sl"": 35, ""leg_tp"": 115, ""be_at"": 0, ""partial"": 0, ""trail"": 0, ""entry_mode"": ""close"", ""pb_frac"": 0.5, ""pb_wait"": 15, ""gap"": ""with"", ""gap_min"": 50, ""body_min"": 0, ""volf"": ""off"", ""dow"": ""none""}",351,119,0.0889,1.281,-27.24,90,29,-0.0581,-0.6,-7.37,441,148,0.0589,1.003,-34.61,38,14,-0.2753,-2.231,-9.41,1542,367,-0.0178,-0.819,-36.17,-0.0138,0.0644,5.9,3.1,-21.4,6.2,-2.4,2.5,-10.4,-6.9,13.1,44.1,-28.0
US30,gap_against_0,"{""entry_tf"": 1, ""vwap"": true, ""time_stop"": 120, ""legs"": true, ""leg_max"": 6, ""legs_mgmt"": ""fixed"", ""leg_window"": 120, ""ma"": 0, ""dyn"": false, ""big_thr"": 15, ""big_sl"": 35, ""big_tp"": 115, ""std_sl"": 25, ""std_tp"": 42, ""leg_gap"": 15, ""leg_sl"": 35, ""leg_tp"": 115, ""be_at"": 0, ""partial"": 0, ""trail"": 0, ""entry_mode"": ""close"", ""pb_frac"": 0.5, ""pb_wait"": 15, ""gap"": ""against"", ""gap_min"": 0, ""body_min"": 0, ""volf"": ""off"", ""dow"": ""none""}",351,178,-0.0337,-0.472,-21.2,90,47,-0.1628,-1.381,-14.65,441,225,-0.0601,-0.971,-33.32,38,23,0.0392,0.165,-7.37,1542,696,0.0043,0.16,-34.21,0.0055,-0.0113,2.4,5.5,-7.2,-1.1,8.2,2.3,-8.2,7.3,-2.4,-0.3,-2.8
US30,gap_against_50,"{""entry_tf"": 1, ""vwap"": true, ""time_stop"": 120, ""legs"": true, ""leg_max"": 6, ""legs_mgmt"": ""fixed"", ""leg_window"": 120, ""ma"": 0, ""dyn"": false, ""big_thr"": 15, ""big_sl"": 35, ""big_tp"": 115, ""std_sl"": 25, ""std_tp"": 42, ""leg_gap"": 15, ""leg_sl"": 35, ""leg_tp"": 115, ""be_at"": 0, ""partial"": 0, ""trail"": 0, ""entry_mode"": ""close"", ""pb_frac"": 0.5, ""pb_wait"": 15, ""gap"": ""against"", ""gap_min"": 50, ""body_min"": 0, ""volf"": ""off"", ""dow"": ""none""}",351,115,-0.0428,-0.737,-23.88,90,32,-0.1238,-1.248,-13.69,441,147,-0.0593,-1.175,-32.91,38,17,-0.0201,-0.098,-6.32,1542,354,0.0033,0.157,-24.69,0.0112,-0.0271,15.4,-1.6,7.6,3.2,-3.6,-2.2,-0.7,0.7,-2.1,-12.3,-3.1
US30,body_min_0.3,"{""entry_tf"": 1, ""vwap"": true, ""time_stop"": 120, ""legs"": true, ""leg_max"": 6, ""legs_mgmt"": ""fixed"", ""leg_window"": 120, ""ma"": 0, ""dyn"": false, ""big_thr"": 15, ""big_sl"": 35, ""big_tp"": 115, ""std_sl"": 25, ""std_tp"": 42, ""leg_gap"": 15, ""leg_sl"": 35, ""leg_tp"": 115, ""be_at"": 0, ""partial"": 0, ""trail"": 0, ""entry_mode"": ""close"", ""pb_frac"": 0.5, ""pb_wait"": 15, ""gap"": ""off"", ""gap_min"": 0, ""body_min"": 0.3, ""volf"": ""off"", ""dow"": ""none""}",351,285,0.0259,0.271,-25.68,90,70,-0.2213,-1.513,-18.87,441,355,-0.0246,-0.3,-39.3,38,32,-0.2103,-0.814,-13.69,1542,1063,-0.0053,-0.155,-59.82,-0.0048,0.017,-1.8,2.6,-15.9,4.0,21.1,8.4,-17.1,-9.4,-2.8,33.8,-28.5
US30,body_min_0.5,"{""entry_tf"": 1, ""vwap"": true, ""time_stop"": 120, ""legs"": true, ""leg_max"": 6, ""legs_mgmt"": ""fixed"", ""leg_window"": 120, ""ma"": 0, ""dyn"": false, ""big_thr"": 15, ""big_sl"": 35, ""big_tp"": 115, ""std_sl"": 25, ""std_tp"": 42, ""leg_gap"": 15, ""leg_sl"": 35, ""leg_tp"": 115, ""be_at"": 0, ""partial"": 0, ""trail"": 0, ""entry_mode"": ""close"", ""pb_frac"": 0.5, ""pb_wait"": 15, ""gap"": ""off"", ""gap_min"": 0, ""body_min"": 0.5, ""volf"": ""off"", ""dow"": ""none""}",351,223,0.0727,0.836,-20.49,90,48,-0.1727,-1.438,-15.44,441,271,0.0226,0.308,-34.18,38,24,-0.1013,-0.438,-12.5,1542,788,-0.0054,-0.181,-41.78,-0.0027,0.0221,6.3,-3.8,-2.7,-0.1,12.9,4.7,-12.7,-9.2,-13.1,39.1,-16.2
US30,volf_skip_low,"{""entry_tf"": 1, ""vwap"": true, ""time_stop"": 120, ""legs"": true, ""leg_max"": 6, ""legs_mgmt"": ""fixed"", ""leg_window"": 120, ""ma"": 0, ""dyn"": false, ""big_thr"": 15, ""big_sl"": 35, ""big_tp"": 115, ""std_sl"": 25, ""std_tp"": 42, ""leg_gap"": 15, ""leg_sl"": 35, ""leg_tp"": 115, ""be_at"": 0, ""partial"": 0, ""trail"": 0, ""entry_mode"": ""close"", ""pb_frac"": 0.5, ""pb_wait"": 15, ""gap"": ""off"", ""gap_min"": 0, ""body_min"": 0, ""volf"": ""skip_low"", ""dow"": ""none""}",351,293,0.0297,0.299,-26.85,90,70,-0.1507,-1.01,-12.51,441,363,-0.0072,-0.084,-35.09,38,27,-0.0717,-0.302,-8.43,1542,1076,-0.0093,-0.263,-48.49,-0.0061,0.051,-4.7,3.7,-30.3,1.2,14.7,18.0,-20.5,7.7,14.3,30.7,-16.3
US30,volf_skip_high,"{""entry_tf"": 1, ""vwap"": true, ""time_stop"": 120, ""legs"": true, ""leg_max"": 6, ""legs_mgmt"": ""fixed"", ""leg_window"": 120, ""ma"": 0, ""dyn"": false, ""big_thr"": 15, ""big_sl"": 35, ""big_tp"": 115, ""std_sl"": 25, ""std_tp"": 42, ""leg_gap"": 15, ""leg_sl"": 35, ""leg_tp"": 115, ""be_at"": 0, ""partial"": 0, ""trail"": 0, ""entry_mode"": ""close"", ""pb_frac"": 0.5, ""pb_wait"": 15, ""gap"": ""off"", ""gap_min"": 0, ""body_min"": 0, ""volf"": ""skip_high"", ""dow"": ""none""}",351,295,-0.0378,-0.403,-36.39,90,77,-0.2326,-1.529,-21.01,441,372,-0.0776,-0.958,-46.78,38,37,-0.3489,-1.38,-16.64,1542,1078,-0.0183,-0.551,-43.89,-0.0149,-0.0438,-2.2,7.4,-21.8,4.0,9.5,11.0,-23.1,-9.9,-22.0,25.6,-43.9
US30,volf_mid,"{""entry_tf"": 1, ""vwap"": true, ""time_stop"": 120, ""legs"": true, ""leg_max"": 6, ""legs_mgmt"": ""fixed"", ""leg_window"": 120, ""ma"": 0, ""dyn"": false, ""big_thr"": 15, ""big_sl"": 35, ""big_tp"": 115, ""std_sl"": 25, ""std_tp"": 42, ""leg_gap"": 15, ""leg_sl"": 35, ""leg_tp"": 115, ""be_at"": 0, ""partial"": 0, ""trail"": 0, ""entry_mode"": ""close"", ""pb_frac"": 0.5, ""pb_wait"": 15, ""gap"": ""off"", ""gap_min"": 0, ""body_min"": 0, ""volf"": ""mid"", ""dow"": ""none""}",351,235,-0.0527,-0.627,-28.35,90,60,-0.0337,-0.233,-7.37,441,295,-0.0488,-0.667,-31.36,38,26,-0.1568,-0.712,-9.26,1542,805,-0.0074,-0.248,-38.61,-0.0057,-0.01,-8.3,8.8,-23.8,1.2,14.3,17.8,-15.8,-3.8,-5.0,17.1,-24.3
US30,skip_mon,"{""entry_tf"": 1, ""vwap"": true, ""time_stop"": 120, ""legs"": true, ""leg_max"": 6, ""legs_mgmt"": ""fixed"", ""leg_window"": 120, ""ma"": 0, ""dyn"": false, ""big_thr"": 15, ""big_sl"": 35, ""big_tp"": 115, ""std_sl"": 25, ""std_tp"": 42, ""leg_gap"": 15, ""leg_sl"": 35, ""leg_tp"": 115, ""be_at"": 0, ""partial"": 0, ""trail"": 0, ""entry_mode"": ""close"", ""pb_frac"": 0.5, ""pb_wait"": 15, ""gap"": ""off"", ""gap_min"": 0, ""body_min"": 0, ""volf"": ""off"", ""dow"": ""mon""}",351,282,0.042,0.434,-26.81,90,67,-0.2826,-2.112,-25.43,441,349,-0.0242,-0.295,-37.27,38,30,-0.1549,-0.635,-11.59,1542,1100,-0.0053,-0.151,-45.06,-0.0072,0.0074,-6.0,1.5,-20.9,2.3,15.2,8.1,-8.5,-3.9,-4.4,28.1,-25.0
US30,skip_fri,"{""entry_tf"": 1, ""vwap"": true, ""time_stop"": 120, ""legs"": true, ""leg_max"": 6, ""legs_mgmt"": ""fixed"", ""leg_window"": 120, ""ma"": 0, ""dyn"": false, ""big_thr"": 15, ""big_sl"": 35, ""big_tp"": 115, ""std_sl"": 25, ""std_tp"": 42, ""leg_gap"": 15, ""leg_sl"": 35, ""leg_tp"": 115, ""be_at"": 0, ""partial"": 0, ""trail"": 0, ""entry_mode"": ""close"", ""pb_frac"": 0.5, ""pb_wait"": 15, ""gap"": ""off"", ""gap_min"": 0, ""body_min"": 0, ""volf"": ""off"", ""dow"": ""fri""}",351,292,-0.0417,-0.44,-40.72,90,69,-0.2819,-2.022,-24.31,441,361,-0.0907,-1.123,-53.36,38,32,-0.3231,-1.389,-15.58,1542,1077,-0.0037,-0.108,-35.55,-0.0021,-0.022,1.7,11.5,-22.6,4.3,6.0,15.6,-12.3,-7.7,-2.4,27.5,-51.0
SPX500,LIVE_COMP,"{""entry_tf"": 1, ""vwap"": true, ""time_stop"": 120, ""legs"": true, ""leg_max"": 6, ""legs_mgmt"": ""fixed"", ""leg_window"": 120, ""ma"": 0, ""dyn"": false, ""big_thr"": 15, ""big_sl"": 35, ""big_tp"": 115, ""std_sl"": 25, ""std_tp"": 42, ""leg_gap"": 15, ""leg_sl"": 35, ""leg_tp"": 115, ""be_at"": 0, ""partial"": 0, ""trail"": 0, ""entry_mode"": ""close"", ""pb_frac"": 0.5, ""pb_wait"": 15, ""gap"": ""off"", ""gap_min"": 0, ""body_min"": 0, ""volf"": ""off"", ""dow"": ""none""}",352,322,0.0567,0.564,-34.05,91,80,-0.2013,-1.237,-35.79,443,402,0.0037,0.043,-50.48,26,24,-0.1825,-0.565,-13.09,1364,1179,-0.0291,-0.808,-66.56,-0.0326,-0.0358,-16.5,-16.3,-18.0,23.3,-41.0,12.7,2.1,6.6,-9.7,-17.9,0.7
SPX500,LIVE_COMP+MA100,"{""entry_tf"": 1, ""vwap"": true, ""time_stop"": 120, ""legs"": true, ""leg_max"": 6, ""legs_mgmt"": ""fixed"", ""leg_window"": 120, ""ma"": 100, ""dyn"": false, ""big_thr"": 15, ""big_sl"": 35, ""big_tp"": 115, ""std_sl"": 25, ""std_tp"": 42, ""leg_gap"": 15, ""leg_sl"": 35, ""leg_tp"": 115, ""be_at"": 0, ""partial"": 0, ""trail"": 0, ""entry_mode"": ""close"", ""pb_frac"": 0.5, ""pb_wait"": 15, ""gap"": ""off"", ""gap_min"": 0, ""body_min"": 0, ""volf"": ""off"", ""dow"": ""none""}",352,269,0.1235,1.295,-16.51,91,65,-0.0687,-0.447,-23.72,443,334,0.084,1.023,-23.62,26,24,-0.1825,-0.565,-13.09,1364,935,0.0027,0.086,-44.46,-0.0025,0.02,-19.6,-16.3,9.3,31.7,-37.3,15.0,3.2,10.4,-10.7,8.7,9.7
SPX500,entry_tf5,"{""entry_tf"": 5, ""vwap"": true, ""time_stop"": 120, ""legs"": true, ""leg_max"": 6, ""legs_mgmt"": ""fixed"", ""leg_window"": 120, ""ma"": 0, ""dyn"": false, ""big_thr"": 15, ""big_sl"": 35, ""big_tp"": 115, ""std_sl"": 25, ""std_tp"": 42, ""leg_gap"": 15, ""leg_sl"": 35, ""leg_tp"": 115, ""be_at"": 0, ""partial"": 0, ""trail"": 0, ""entry_mode"": ""close"", ""pb_frac"": 0.5, ""pb_wait"": 15, ""gap"": ""off"", ""gap_min"": 0, ""body_min"": 0, ""volf"": ""off"", ""dow"": ""none""}",352,320,0.0434,0.472,-18.02,91,81,0.0396,0.212,-10.91,443,401,0.0427,0.516,-23.47,26,25,-0.3893,-1.263,-17.53,1364,1202,-0.0013,-0.036,-54.57,-0.001,0.0134,-7.0,-16.5,-24.9,21.5,28.7,25.8,-2.2,-27.0,-10.9,10.4,-1.3
SPX500,vwap_off,"{""entry_tf"": 1, ""vwap"": false, ""time_stop"": 120, ""legs"": true, ""leg_max"": 6, ""legs_mgmt"": ""fixed"", ""leg_window"": 120, ""ma"": 0, ""dyn"": false, ""big_thr"": 15, ""big_sl"": 35, ""big_tp"": 115, ""std_sl"": 25, ""std_tp"": 42, ""leg_gap"": 15, ""leg_sl"": 35, ""leg_tp"": 115, ""be_at"": 0, ""partial"": 0, ""trail"": 0, ""entry_mode"": ""close"", ""pb_frac"": 0.5, ""pb_wait"": 15, ""gap"": ""off"", ""gap_min"": 0, ""body_min"": 0, ""volf"": ""off"", ""dow"": ""none""}",352,369,0.0551,0.519,-36.11,91,95,-0.2869,-1.584,-41.32,443,464,-0.0152,-0.164,-56.82,26,29,-0.3922,-1.19,-16.51,1364,1381,-0.0418,-1.078,-99.64,-0.0436,-0.0477,-16.3,-22.4,-20.5,4.6,-46.2,24.2,2.1,11.8,-4.6,-17.1,-18.0
SPX500,legs_off,"{""entry_tf"": 1, ""vwap"": true, ""time_stop"": 120, ""legs"": false, ""leg_max"": 6, ""legs_mgmt"": ""fixed"", ""leg_window"": 120, ""ma"": 0, ""dyn"": false, ""big_thr"": 15, ""big_sl"": 35, ""big_tp"": 115, ""std_sl"": 25, ""std_tp"": 42, ""leg_gap"": 15, ""leg_sl"": 35, ""leg_tp"": 115, ""be_at"": 0, ""partial"": 0, ""trail"": 0, ""entry_mode"": ""close"", ""pb_frac"": 0.5, ""pb_wait"": 15, ""gap"": ""off"", ""gap_min"": 0, ""body_min"": 0, ""volf"": ""off"", ""dow"": ""none""}",352,304,0.0151,0.167,-30.78,91,76,-0.2005,-1.284,-35.71,443,380,-0.0292,-0.371,-52.35,26,21,-0.0567,-0.176,-10.91,1364,1156,-0.0348,-1.013,-75.32,-0.038,-0.0628,-15.4,-16.3,-17.4,20.3,-48.6,15.0,2.1,5.6,-23.5,-14.5,-2.4
SPX500,dyn_scale,"{""entry_tf"": 1, ""vwap"": true, ""time_stop"": 120, ""legs"": true, ""leg_max"": 6, ""legs_mgmt"": ""fixed"", ""leg_window"": 120, ""ma"": 0, ""dyn"": true, ""big_thr"": 15, ""big_sl"": 35, ""big_tp"": 115, ""std_sl"": 25, ""std_tp"": 42, ""leg_gap"": 15, ""leg_sl"": 35, ""leg_tp"": 115, ""be_at"": 0, ""partial"": 0, ""trail"": 0, ""entry_mode"": ""close"", ""pb_frac"": 0.5, ""pb_wait"": 15, ""gap"": ""off"", ""gap_min"": 0, ""body_min"": 0, ""volf"": ""off"", ""dow"": ""none""}",352,319,0.0145,0.149,-42.44,91,79,-0.2623,-1.658,-33.23,443,398,-0.0423,-0.504,-64.05,26,22,-0.0884,-0.268,-11.89,1364,1254,-0.1798,-3.801,-257.28,-0.1763,-0.1285,-48.6,-115.4,-37.0,27.8,-68.3,1.5,-2.3,-11.5,-52.1,-26.2,-3.6
SPX500,legs_same_mgmt_be1,"{""entry_tf"": 1, ""vwap"": true, ""time_stop"": 120, ""legs"": true, ""leg_max"": 6, ""legs_mgmt"": ""same"", ""leg_window"": 120, ""ma"": 0, ""dyn"": false, ""big_thr"": 15, ""big_sl"": 35, ""big_tp"": 115, ""std_sl"": 25, ""std_tp"": 42, ""leg_gap"": 15, ""leg_sl"": 35, ""leg_tp"": 115, ""be_at"": 1.0, ""partial"": 0, ""trail"": 0, ""entry_mode"": ""close"", ""pb_frac"": 0.5, ""pb_wait"": 15, ""gap"": ""off"", ""gap_min"": 0, ""body_min"": 0, ""volf"": ""off"", ""dow"": ""none""}",352,322,0.0373,0.439,-25.57,91,80,-0.1525,-1.119,-27.31,443,402,-0.0017,-0.023,-41.16,26,24,-0.0122,-0.049,-7.18,1364,1179,-0.0136,-0.424,-51.57,-0.0144,-0.043,-16.3,-14.0,-9.4,30.2,-40.1,11.3,3.1,14.5,-20.0,-10.2,3.2
SPX500,time_stop_60,"{""entry_tf"": 1, ""vwap"": true, ""time_stop"": 60, ""legs"": true, ""leg_max"": 6, ""legs_mgmt"": ""fixed"", ""leg_window"": 120, ""ma"": 0, ""dyn"": false, ""big_thr"": 15, ""big_sl"": 35, ""big_tp"": 115, ""std_sl"": 25, ""std_tp"": 42, ""leg_gap"": 15, ""leg_sl"": 35, ""leg_tp"": 115, ""be_at"": 0, ""partial"": 0, ""trail"": 0, ""entry_mode"": ""close"", ""pb_frac"": 0.5, ""pb_wait"": 15, ""gap"": ""off"", ""gap_min"": 0, ""body_min"": 0, ""volf"": ""off"", ""dow"": ""none""}",352,322,0.0218,0.231,-33.54,91,80,-0.2699,-1.889,-38.68,443,402,-0.0381,-0.472,-59.05,26,24,-0.1825,-0.565,-13.09,1364,1179,-0.0316,-0.966,-67.81,-0.0352,-0.0699,-16.8,-17.8,-15.5,19.4,-39.7,8.7,2.7,8.4,-16.5,-24.7,-6.8
SPX500,time_stop_90,"{""entry_tf"": 1, ""vwap"": true, ""time_stop"": 90, ""legs"": true, ""leg_max"": 6, ""legs_mgmt"": ""fixed"", ""leg_window"": 120, ""ma"": 0, ""dyn"": false, ""big_thr"": 15, ""big_sl"": 35, ""big_tp"": 115, ""std_sl"": 25, ""std_tp"": 42, ""leg_gap"": 15, ""leg_sl"": 35, ""leg_tp"": 115, ""be_at"": 0, ""partial"": 0, ""trail"": 0, ""entry_mode"": ""close"", ""pb_frac"": 0.5, ""pb_wait"": 15, ""gap"": ""off"", ""gap_min"": 0, ""body_min"": 0, ""volf"": ""off"", ""dow"": ""none""}",352,322,0.0604,0.606,-32.34,91,80,-0.2257,-1.46,-36.64,443,402,0.0017,0.019,-49.52,26,24,-0.1825,-0.565,-13.09,1364,1179,-0.0244,-0.698,-62.08,-0.0291,-0.0339,-18.9,-14.2,-15.1,22.1,-38.4,7.8,2.1,12.7,-7.0,-17.9,-0.7
SPX500,time_stop_180,"{""entry_tf"": 1, ""vwap"": true, ""time_stop"": 180, ""legs"": true, ""leg_max"": 6, ""legs_mgmt"": ""fixed"", ""leg_window"": 120, ""ma"": 0, ""dyn"": false, ""big_thr"": 15, ""big_sl"": 35, ""big_tp"": 115, ""std_sl"": 25, ""std_tp"": 42, ""leg_gap"": 15, ""leg_sl"": 35, ""leg_tp"": 115, ""be_at"": 0, ""partial"": 0, ""trail"": 0, ""entry_mode"": ""close"", ""pb_frac"": 0.5, ""pb_wait"": 15, ""gap"": ""off"", ""gap_min"": 0, ""body_min"": 0, ""volf"": ""off"", ""dow"": ""none""}",352,322,0.0538,0.532,-36.43,91,80,-0.2292,-1.38,-37.93,443,402,-0.0043,-0.049,-55.06,26,24,-0.1825,-0.565,-13.09,1364,1179,-0.0246,-0.662,-64.68,-0.0308,-0.0496,-23.9,-23.0,-14.3,26.4,-35.1,15.9,2.1,7.7,-13.4,-22.7,0.7
SPX500,time_stop_240,"{""entry_tf"": 1, ""vwap"": true, ""time_stop"": 240, ""legs"": true, ""leg_max"": 6, ""legs_mgmt"": ""fixed"", ""leg_window"": 120, ""ma"": 0, ""dyn"": false, ""big_thr"": 15, ""big_sl"": 35, ""big_tp"": 115, ""std_sl"": 25, ""std_tp"": 42, ""leg_gap"": 15, ""leg_sl"": 35, ""leg_tp"": 115, ""be_at"": 0, ""partial"": 0, ""trail"": 0, ""entry_mode"": ""close"", ""pb_frac"": 0.5, ""pb_wait"": 15, ""gap"": ""off"", ""gap_min"": 0, ""body_min"": 0, ""volf"": ""off"", ""dow"": ""none""}",352,322,0.0503,0.495,-38.32,91,80,-0.2511,-1.501,-38.93,443,402,-0.0116,-0.132,-58.2,26,24,-0.1825,-0.565,-13.09,1364,1179,-0.0201,-0.533,-64.69,-0.0252,-0.0558,-19.4,-21.0,-17.7,26.4,-35.6,19.2,2.1,9.7,-14.5,-25.5,0.7
SPX500,time_stop_999,"{""entry_tf"": 1, ""vwap"": true, ""time_stop"": 999, ""legs"": true, ""leg_max"": 6, ""legs_mgmt"": ""fixed"", ""leg_window"": 120, ""ma"": 0, ""dyn"": false, ""big_thr"": 15, ""big_sl"": 35, ""big_tp"": 115, ""std_sl"": 25, ""std_tp"": 42, ""leg_gap"": 15, ""leg_sl"": 35, ""leg_tp"": 115, ""be_at"": 0, ""partial"": 0, ""trail"": 0, ""entry_mode"": ""close"", ""pb_frac"": 0.5, ""pb_wait"": 15, ""gap"": ""off"", ""gap_min"": 0, ""body_min"": 0, ""volf"": ""off"", ""dow"": ""none""}",352,322,0.0571,0.559,-33.2,91,80,-0.2531,-1.512,-38.93,443,402,-0.0066,-0.075,-56.38,26,24,-0.1825,-0.565,-13.09,1364,1179,-0.0041,-0.103,-53.21,-0.0111,-0.0384,-21.4,-15.2,-19.0,27.2,-22.0,24.3,2.1,8.0,-6.5,-22.7,0.7
SPX500,be_at_0.5,"{""entry_tf"": 1, ""vwap"": true, ""time_stop"": 120, ""legs"": true, ""leg_max"": 6, ""legs_mgmt"": ""fixed"", ""leg_window"": 120, ""ma"": 0, ""dyn"": false, ""big_thr"": 15, ""big_sl"": 35, ""big_tp"": 115, ""std_sl"": 25, ""std_tp"": 42, ""leg_gap"": 15, ""leg_sl"": 35, ""leg_tp"": 115, ""be_at"": 0.5, ""partial"": 0, ""trail"": 0, ""entry_mode"": ""close"", ""pb_frac"": 0.5, ""pb_wait"": 15, ""gap"": ""off"", ""gap_min"": 0, ""body_min"": 0, ""volf"": ""off"", ""dow"": ""none""}",352,322,0.0619,0.758,-23.72,91,80,-0.2325,-2.255,-29.11,443,402,0.0014,0.021,-36.56,26,24,0.1032,0.441,-5.18,1364,1179,-0.0109,-0.383,-41.32,-0.0176,-0.0488,-17.3,-18.6,-9.0,28.8,-28.6,0.2,-0.2,19.4,-16.6,-17.0,6.1
SPX500,be_at_1.0,"{""entry_tf"": 1, ""vwap"": true, ""time_stop"": 120, ""legs"": true, ""leg_max"": 6, ""legs_mgmt"": ""fixed"", ""leg_window"": 120, ""ma"": 0, ""dyn"": false, ""big_thr"": 15, ""big_sl"": 35, ""big_tp"": 115, ""std_sl"": 25, ""std_tp"": 42, ""leg_gap"": 15, ""leg_sl"": 35, ""leg_tp"": 115, ""be_at"": 1.0, ""partial"": 0, ""trail"": 0, ""entry_mode"": ""close"", ""pb_frac"": 0.5, ""pb_wait"": 15, ""gap"": ""off"", ""gap_min"": 0, ""body_min"": 0, ""volf"": ""off"", ""dow"": ""none""}",352,322,0.0483,0.543,-26.57,91,80,-0.1635,-1.195,-28.31,443,402,0.0048,0.063,-39.88,26,24,-0.0122,-0.049,-7.18,1364,1179,-0.011,-0.334,-46.98,-0.0119,-0.0384,-16.3,-14.0,-10.4,31.3,-34.5,10.3,3.1,13.5,-16.7,-11.9,4.5
SPX500,be_at_1.5,"{""entry_tf"": 1, ""vwap"": true, ""time_stop"": 120, ""legs"": true, ""leg_max"": 6, ""legs_mgmt"": ""fixed"", ""leg_window"": 120, ""ma"": 0, ""dyn"": false, ""big_thr"": 15, ""big_sl"": 35, ""big_tp"": 115, ""std_sl"": 25, ""std_tp"": 42, ""leg_gap"": 15, ""leg_sl"": 35, ""leg_tp"": 115, ""be_at"": 1.5, ""partial"": 0, ""trail"": 0, ""entry_mode"": ""close"", ""pb_frac"": 0.5, ""pb_wait"": 15, ""gap"": ""off"", ""gap_min"": 0, ""body_min"": 0, ""volf"": ""off"", ""dow"": ""none""}",352,322,0.051,0.542,-33.57,91,80,-0.2452,-1.755,-35.57,443,402,-0.0098,-0.122,-50.82,26,24,-0.1166,-0.409,-11.18,1364,1179,-0.0246,-0.711,-62.57,-0.0283,-0.0371,-19.5,-16.3,-16.7,25.5,-33.8,15.4,2.1,2.5,-3.3,-21.4,-1.3
SPX500,be_at_2.0,"{""entry_tf"": 1, ""vwap"": true, ""time_stop"": 120, ""legs"": true, ""leg_max"": 6, ""legs_mgmt"": ""fixed"", ""leg_window"": 120, ""ma"": 0, ""dyn"": false, ""big_thr"": 15, ""big_sl"": 35, ""big_tp"": 115, ""std_sl"": 25, ""std_tp"": 42, ""leg_gap"": 15, ""leg_sl"": 35, ""leg_tp"": 115, ""be_at"": 2.0, ""partial"": 0, ""trail"": 0, ""entry_mode"": ""close"", ""pb_frac"": 0.5, ""pb_wait"": 15, ""gap"": ""off"", ""gap_min"": 0, ""body_min"": 0, ""volf"": ""off"", ""dow"": ""none""}",352,322,0.037,0.386,-38.65,91,80,-0.1956,-1.251,-34.26,443,402,-0.0108,-0.131,-54.82,26,24,-0.144,-0.449,-12.09,1364,1179,-0.0297,-0.839,-66.36,-0.0332,-0.0411,-19.5,-16.3,-18.5,23.2,-36.1,15.5,2.1,1.9,-4.1,-20.3,-4.8
SPX500,partial_1.0,"{""entry_tf"": 1, ""vwap"": true, ""time_stop"": 120, ""legs"": true, ""leg_max"": 6, ""legs_mgmt"": ""fixed"", ""leg_window"": 120, ""ma"": 0, ""dyn"": false, ""big_thr"": 15, ""big_sl"": 35, ""big_tp"": 115, ""std_sl"": 25, ""std_tp"": 42, ""leg_gap"": 15, ""leg_sl"": 35, ""leg_tp"": 115, ""be_at"": 0, ""partial"": 1.0, ""trail"": 0, ""entry_mode"": ""close"", ""pb_frac"": 0.5, ""pb_wait"": 15, ""gap"": ""off"", ""gap_min"": 0, ""body_min"": 0, ""volf"": ""off"", ""dow"": ""none""}",352,322,0.0095,0.126,-35.15,91,80,-0.1613,-1.36,-27.34,443,402,-0.0256,-0.399,-51.65,26,24,0.0208,0.105,-7.09,1364,1179,-0.0353,-1.234,-62.63,-0.0376,-0.0567,-16.4,-19.3,-13.2,23.0,-35.3,-1.1,2.0,6.3,-12.8,-26.9,5.2
SPX500,partial_1.5,"{""entry_tf"": 1, ""vwap"": true, ""time_stop"": 120, ""legs"": true, ""leg_max"": 6, ""legs_mgmt"": ""fixed"", ""leg_window"": 120, ""ma"": 0, ""dyn"": false, ""big_thr"": 15, ""big_sl"": 35, ""big_tp"": 115, ""std_sl"": 25, ""std_tp"": 42, ""leg_gap"": 15, ""leg_sl"": 35, ""leg_tp"": 115, ""be_at"": 0, ""partial"": 1.5, ""trail"": 0, ""entry_mode"": ""close"", ""pb_frac"": 0.5, ""pb_wait"": 15, ""gap"": ""off"", ""gap_min"": 0, ""body_min"": 0, ""volf"": ""off"", ""dow"": ""none""}",352,322,0.0147,0.18,-32.17,91,80,-0.1774,-1.365,-29.5,443,402,-0.0248,-0.353,-49.27,26,24,-0.1138,-0.453,-10.91,1364,1179,-0.0274,-0.862,-59.04,-0.0322,-0.0478,-19.3,-16.4,-14.3,25.3,-33.7,0.6,1.2,10.3,-9.9,-21.9,-0.8
SPX500,partial_2.0,"{""entry_tf"": 1, ""vwap"": true, ""time_stop"": 120, ""legs"": true, ""leg_max"": 6, ""legs_mgmt"": ""fixed"", ""leg_window"": 120, ""ma"": 0, ""dyn"": false, ""big_thr"": 15, ""big_sl"": 35, ""big_tp"": 115, ""std_sl"": 25, ""std_tp"": 42, ""leg_gap"": 15, ""leg_sl"": 35, ""leg_tp"": 115, ""be_at"": 0, ""partial"": 2.0, ""trail"": 0, ""entry_mode"": ""close"", ""pb_frac"": 0.5, ""pb_wait"": 15, ""gap"": ""off"", ""gap_min"": 0, ""body_min"": 0, ""volf"": ""off"", ""dow"": ""none""}",352,322,0.0334,0.383,-34.0,91,80,-0.2158,-1.53,-34.75,443,402,-0.0178,-0.237,-49.53,26,24,-0.2484,-0.898,-12.0,1364,1179,-0.0308,-0.917,-67.96,-0.0347,-0.0532,-17.6,-16.0,-17.4,19.7,-39.2,7.5,1.5,11.6,-14.9,-21.7,-2.8
SPX500,partial_3.0,"{""entry_tf"": 1, ""vwap"": true, ""time_stop"": 120, ""legs"": true, ""leg_max"": 6, ""legs_mgmt"": ""fixed"", ""leg_window"": 120, ""ma"": 0, ""dyn"": false, ""big_thr"": 15, ""big_sl"": 35, ""big_tp"": 115, ""std_sl"": 25, ""std_tp"": 42, ""leg_gap"": 15, ""leg_sl"": 35, ""leg_tp"": 115, ""be_at"": 0, ""partial"": 3.0, ""trail"": 0, ""entry_mode"": ""close"", ""pb_frac"": 0.5, ""pb_wait"": 15, ""gap"": ""off"", ""gap_min"": 0, ""body_min"": 0, ""volf"": ""off"", ""dow"": ""none""}",352,322,0.0558,0.565,-35.56,91,80,-0.2186,-1.377,-36.65,443,402,-0.0006,-0.007,-51.81,26,24,-0.199,-0.629,-13.09,1364,1179,-0.026,-0.729,-66.18,-0.0298,-0.0343,-16.6,-16.3,-17.5,22.5,-39.0,13.3,2.1,8.7,-6.4,-21.8,1.8
SPX500,trail_1.0,"{""entry_tf"": 1, ""vwap"": true, ""time_stop"": 120, ""legs"": true, ""leg_max"": 6, ""legs_mgmt"": ""fixed"", ""leg_window"": 120, ""ma"": 0, ""dyn"": false, ""big_thr"": 15, ""big_sl"": 35, ""big_tp"": 115, ""std_sl"": 25, ""std_tp"": 42, ""leg_gap"": 15, ""leg_sl"": 35, ""leg_tp"": 115, ""be_at"": 0, ""partial"": 0, ""trail"": 1.0, ""entry_mode"": ""close"", ""pb_frac"": 0.5, ""pb_wait"": 15, ""gap"": ""off"", ""gap_min"": 0, ""body_min"": 0, ""volf"": ""off"", ""dow"": ""none""}",352,322,-0.0174,-0.25,-35.14,91,80,-0.2206,-2.49,-24.73,443,402,-0.0592,-1.011,-55.62,26,24,0.0969,0.541,-4.21,1364,1179,-0.0292,-1.129,-56.25,-0.0316,-0.0787,-19.0,-17.8,-6.4,22.2,-22.8,-4.2,-0.7,3.4,-11.0,-33.2,-2.0
SPX500,trail_1.5,"{""entry_tf"": 1, ""vwap"": true, ""time_stop"": 120, ""legs"": true, ""leg_max"": 6, ""legs_mgmt"": ""fixed"", ""leg_window"": 120, ""ma"": 0, ""dyn"": false, ""big_thr"": 15, ""big_sl"": 35, ""big_tp"": 115, ""std_sl"": 25, ""std_tp"": 42, ""leg_gap"": 15, ""leg_sl"": 35, ""leg_tp"": 115, ""be_at"": 0, ""partial"": 0, ""trail"": 1.5, ""entry_mode"": ""close"", ""pb_frac"": 0.5, ""pb_wait"": 15, ""gap"": ""off"", ""gap_min"": 0, ""body_min"": 0, ""volf"": ""off"", ""dow"": ""none""}",352,322,0.0521,0.615,-27.31,91,80,-0.1948,-1.71,-27.14,443,402,0.0014,0.02,-41.58,26,24,-0.102,-0.446,-8.18,1364,1179,-0.0096,-0.302,-43.24,-0.0155,-0.0366,-20.0,-14.9,-9.6,32.8,-35.3,11.3,-1.2,14.9,-8.0,-26.2,8.9
SPX500,trail_2.0,"{""entry_tf"": 1, ""vwap"": true, ""time_stop"": 120, ""legs"": true, ""leg_max"": 6, ""legs_mgmt"": ""fixed"", ""leg_window"": 120, ""ma"": 0, ""dyn"": false, ""big_thr"": 15, ""big_sl"": 35, ""big_tp"": 115, ""std_sl"": 25, ""std_tp"": 42, ""leg_gap"": 15, ""leg_sl"": 35, ""leg_tp"": 115, ""be_at"": 0, ""partial"": 0, ""trail"": 2.0, ""entry_mode"": ""close"", ""pb_frac"": 0.5, ""pb_wait"": 15, ""gap"": ""off"", ""gap_min"": 0, ""body_min"": 0, ""volf"": ""off"", ""dow"": ""none""}",352,322,0.0751,0.81,-34.85,91,80,-0.2517,-1.92,-30.56,443,402,0.0079,0.101,-46.87,26,24,0.0533,0.177,-10.15,1364,1179,-0.0376,-1.107,-67.43,-0.0402,-0.0405,-18.3,-15.2,-14.7,19.7,-39.9,10.9,2.2,-2.6,-12.5,-17.4,6.1
SPX500,trail_3.0,"{""entry_tf"": 1, ""vwap"": true, ""time_stop"": 120, ""legs"": true, ""leg_max"": 6, ""legs_mgmt"": ""fixed"", ""leg_window"": 120, ""ma"": 0, ""dyn"": false, ""big_thr"": 15, ""big_sl"": 35, ""big_tp"": 115, ""std_sl"": 25, ""std_tp"": 42, ""leg_gap"": 15, ""leg_sl"": 35, ""leg_tp"": 115, ""be_at"": 0, ""partial"": 0, ""trail"": 3.0, ""entry_mode"": ""close"", ""pb_frac"": 0.5, ""pb_wait"": 15, ""gap"": ""off"", ""gap_min"": 0, ""body_min"": 0, ""volf"": ""off"", ""dow"": ""none""}",352,322,0.0351,0.359,-41.65,91,80,-0.2227,-1.415,-36.72,443,402,-0.0179,-0.212,-60.19,26,24,-0.168,-0.522,-12.71,1364,1179,-0.025,-0.696,-63.24,-0.0287,-0.0518,-16.5,-16.3,-17.5,23.3,-37.0,14.1,2.1,6.4,-8.2,-24.9,-3.4
SPX500,runner_noTP_120,"{""entry_tf"": 1, ""vwap"": true, ""time_stop"": 120, ""legs"": true, ""leg_max"": 6, ""legs_mgmt"": ""fixed"", ""leg_window"": 120, ""ma"": 0, ""dyn"": false, ""big_thr"": 15, ""big_sl"": 35, ""big_tp"": 0, ""std_sl"": 25, ""std_tp"": 0, ""leg_gap"": 15, ""leg_sl"": 35, ""leg_tp"": 115, ""be_at"": 0, ""partial"": 0, ""trail"": 0, ""entry_mode"": ""close"", ""pb_frac"": 0.5, ""pb_wait"": 15, ""gap"": ""off"", ""gap_min"": 0, ""body_min"": 0, ""volf"": ""off"", ""dow"": ""none""}",352,322,-0.0058,-0.05,-52.61,91,80,-0.3855,-2.436,-36.99,443,402,-0.0838,-0.854,-79.99,26,24,-0.0796,-0.149,-16.92,1364,1179,-0.0334,-0.797,-73.48,-0.0371,-0.1015,-15.2,-18.8,-18.6,36.2,-60.6,22.2,7.1,-5.7,-13.2,-39.8,-11.9
SPX500,runner_noTP_trail1.5_close,"{""entry_tf"": 1, ""vwap"": true, ""time_stop"": 999, ""legs"": true, ""leg_max"": 6, ""legs_mgmt"": ""fixed"", ""leg_window"": 120, ""ma"": 0, ""dyn"": false, ""big_thr"": 15, ""big_sl"": 35, ""big_tp"": 0, ""std_sl"": 25, ""std_tp"": 0, ""leg_gap"": 15, ""leg_sl"": 35, ""leg_tp"": 115, ""be_at"": 0, ""partial"": 0, ""trail"": 1.5, ""entry_mode"": ""close"", ""pb_frac"": 0.5, ""pb_wait"": 15, ""gap"": ""off"", ""gap_min"": 0, ""body_min"": 0, ""volf"": ""off"", ""dow"": ""none""}",352,322,0.0586,0.647,-25.59,91,80,-0.1919,-1.603,-26.16,443,402,0.0071,0.093,-39.23,26,24,-0.0859,-0.35,-8.28,1364,1179,0.0347,0.864,-46.53,0.0279,-0.018,-15.9,-17.2,-3.7,48.0,-32.1,49.5,-1.2,12.7,2.5,-23.2,7.3
SPX500,runner_noTP_be1_trail2_close,"{""entry_tf"": 1, ""vwap"": true, ""time_stop"": 999, ""legs"": true, ""leg_max"": 6, ""legs_mgmt"": ""fixed"", ""leg_window"": 120, ""ma"": 0, ""dyn"": false, ""big_thr"": 15, ""big_sl"": 35, ""big_tp"": 0, ""std_sl"": 25, ""std_tp"": 0, ""leg_gap"": 15, ""leg_sl"": 35, ""leg_tp"": 115, ""be_at"": 1.0, ""partial"": 0, ""trail"": 2.0, ""entry_mode"": ""close"", ""pb_frac"": 0.5, ""pb_wait"": 15, ""gap"": ""off"", ""gap_min"": 0, ""body_min"": 0, ""volf"": ""off"", ""dow"": ""none""}",352,322,0.0765,0.786,-26.06,91,80,-0.2425,-1.931,-28.17,443,402,0.011,0.134,-41.91,26,24,0.7577,1.008,-7.09,1364,1179,0.015,0.361,-45.04,0.0109,-0.0424,-17.0,-6.4,-8.9,32.3,-35.2,24.2,6.9,19.7,-22.3,-8.8,24.6
SPX500,pullback_0.3_5,"{""entry_tf"": 1, ""vwap"": true, ""time_stop"": 120, ""legs"": true, ""leg_max"": 6, ""legs_mgmt"": ""fixed"", ""leg_window"": 120, ""ma"": 0, ""dyn"": false, ""big_thr"": 15, ""big_sl"": 35, ""big_tp"": 115, ""std_sl"": 25, ""std_tp"": 42, ""leg_gap"": 15, ""leg_sl"": 35, ""leg_tp"": 115, ""be_at"": 0, ""partial"": 0, ""trail"": 0, ""entry_mode"": ""pb"", ""pb_frac"": 0.3, ""pb_wait"": 5, ""gap"": ""off"", ""gap_min"": 0, ""body_min"": 0, ""volf"": ""off"", ""dow"": ""none""}",352,243,0.0817,0.983,-27.7,91,65,-0.2322,-1.672,-31.73,443,308,0.0172,0.239,-40.41,26,14,-0.4224,-2.708,-10.98,1364,882,-0.0737,-2.464,-120.43,-0.0719,-0.0249,-17.3,-23.5,-27.4,-0.2,-40.0,-9.2,3.2,11.0,-5.6,-6.4,-14.4
SPX500,pullback_0.3_15,"{""entry_tf"": 1, ""vwap"": true, ""time_stop"": 120, ""legs"": true, ""leg_max"": 6, ""legs_mgmt"": ""fixed"", ""leg_window"": 120, ""ma"": 0, ""dyn"": false, ""big_thr"": 15, ""big_sl"": 35, ""big_tp"": 115, ""std_sl"": 25, ""std_tp"": 42, ""leg_gap"": 15, ""leg_sl"": 35, ""leg_tp"": 115, ""be_at"": 0, ""partial"": 0, ""trail"": 0, ""entry_mode"": ""pb"", ""pb_frac"": 0.3, ""pb_wait"": 15, ""gap"": ""off"", ""gap_min"": 0, ""body_min"": 0, ""volf"": ""off"", ""dow"": ""none""}",352,276,0.1095,1.228,-20.7,91,69,-0.212,-1.453,-29.63,443,345,0.0434,0.563,-34.51,26,19,-0.6321,-3.769,-16.43,1364,964,-0.0821,-2.636,-124.41,-0.0773,-0.0179,-11.4,-23.0,-23.5,-1.9,-45.6,-9.5,3.2,0.4,-11.1,1.5,-17.9
SPX500,pullback_0.5_5,"{""entry_tf"": 1, ""vwap"": true, ""time_stop"": 120, ""legs"": true, ""leg_max"": 6, ""legs_mgmt"": ""fixed"", ""leg_window"": 120, ""ma"": 0, ""dyn"": false, ""big_thr"": 15, ""big_sl"": 35, ""big_tp"": 115, ""std_sl"": 25, ""std_tp"": 42, ""leg_gap"": 15, ""leg_sl"": 35, ""leg_tp"": 115, ""be_at"": 0, ""partial"": 0, ""trail"": 0, ""entry_mode"": ""pb"", ""pb_frac"": 0.5, ""pb_wait"": 5, ""gap"": ""off"", ""gap_min"": 0, ""body_min"": 0, ""volf"": ""off"", ""dow"": ""none""}",352,203,0.0309,0.407,-33.15,91,61,-0.2362,-1.749,-32.09,443,264,-0.024,-0.36,-50.31,26,11,-0.2966,-1.637,-8.72,1364,744,-0.0668,-2.42,-108.14,-0.0676,-0.0531,-20.3,-22.0,-17.6,-4.4,-25.6,-19.9,3.2,9.3,-5.5,-20.6,-14.5
SPX500,pullback_0.5_15,"{""entry_tf"": 1, ""vwap"": true, ""time_stop"": 120, ""legs"": true, ""leg_max"": 6, ""legs_mgmt"": ""fixed"", ""leg_window"": 120, ""ma"": 0, ""dyn"": false, ""big_thr"": 15, ""big_sl"": 35, ""big_tp"": 115, ""std_sl"": 25, ""std_tp"": 42, ""leg_gap"": 15, ""leg_sl"": 35, ""leg_tp"": 115, ""be_at"": 0, ""partial"": 0, ""trail"": 0, ""entry_mode"": ""pb"", ""pb_frac"": 0.5, ""pb_wait"": 15, ""gap"": ""off"", ""gap_min"": 0, ""body_min"": 0, ""volf"": ""off"", ""dow"": ""none""}",352,247,0.0515,0.626,-25.63,91,63,-0.2601,-1.903,-34.27,443,310,-0.0125,-0.176,-43.39,26,17,-0.5482,-2.786,-14.25,1364,878,-0.0791,-2.681,-116.64,-0.0752,-0.0462,-13.2,-20.0,-13.4,-12.4,-33.7,-20.1,3.2,1.4,-6.9,-11.0,-25.0
SPX500,gap_with_0,"{""entry_tf"": 1, ""vwap"": true, ""time_stop"": 120, ""legs"": true, ""leg_max"": 6, ""legs_mgmt"": ""fixed"", ""leg_window"": 120, ""ma"": 0, ""dyn"": false, ""big_thr"": 15, ""big_sl"": 35, ""big_tp"": 115, ""std_sl"": 25, ""std_tp"": 42, ""leg_gap"": 15, ""leg_sl"": 35, ""leg_tp"": 115, ""be_at"": 0, ""partial"": 0, ""trail"": 0, ""entry_mode"": ""close"", ""pb_frac"": 0.5, ""pb_wait"": 15, ""gap"": ""with"", ""gap_min"": 0, ""body_min"": 0, ""volf"": ""off"", ""dow"": ""none""}",352,157,0.0003,0.004,-27.98,91,40,-0.1773,-1.608,-22.53,443,197,-0.0362,-0.618,-46.08,26,10,0.0751,0.313,-6.54,1364,600,-0.0229,-0.874,-38.18,-0.0202,-0.0668,-5.4,-8.7,-5.0,17.7,-29.2,12.5,0.0,-10.9,-12.2,-15.1,-12.1
SPX500,gap_with_50,"{""entry_tf"": 1, ""vwap"": true, ""time_stop"": 120, ""legs"": true, ""leg_max"": 6, ""legs_mgmt"": ""fixed"", ""leg_window"": 120, ""ma"": 0, ""dyn"": false, ""big_thr"": 15, ""big_sl"": 35, ""big_tp"": 115, ""std_sl"": 25, ""std_tp"": 42, ""leg_gap"": 15, ""leg_sl"": 35, ""leg_tp"": 115, ""be_at"": 0, ""partial"": 0, ""trail"": 0, ""entry_mode"": ""close"", ""pb_frac"": 0.5, ""pb_wait"": 15, ""gap"": ""with"", ""gap_min"": 50, ""body_min"": 0, ""volf"": ""off"", ""dow"": ""none""}",352,112,0.0131,0.234,-26.44,91,27,-0.1356,-1.512,-18.73,443,139,-0.0175,-0.364,-32.0,26,8,0.1589,0.69,-4.36,1364,287,0.0008,0.038,-26.17,0.0036,-0.0606,5.1,6.6,-8.5,7.7,-18.3,11.1,0.0,1.4,-23.4,-7.9,-2.1
SPX500,gap_against_0,"{""entry_tf"": 1, ""vwap"": true, ""time_stop"": 120, ""legs"": true, ""leg_max"": 6, ""legs_mgmt"": ""fixed"", ""leg_window"": 120, ""ma"": 0, ""dyn"": false, ""big_thr"": 15, ""big_sl"": 35, ""big_tp"": 115, ""std_sl"": 25, ""std_tp"": 42, ""leg_gap"": 15, ""leg_sl"": 35, ""leg_tp"": 115, ""be_at"": 0, ""partial"": 0, ""trail"": 0, ""entry_mode"": ""close"", ""pb_frac"": 0.5, ""pb_wait"": 15, ""gap"": ""against"", ""gap_min"": 0, ""body_min"": 0, ""volf"": ""off"", ""dow"": ""none""}",352,165,0.0564,0.762,-19.72,91,40,-0.024,-0.2,-16.46,443,205,0.0399,0.625,-27.29,26,14,-0.2576,-1.208,-8.72,1364,579,-0.0062,-0.252,-44.49,-0.0116,0.031,-9.9,-7.6,-13.0,5.6,-11.8,0.3,2.1,17.5,2.6,-2.8,12.7
SPX500,gap_against_50,"{""entry_tf"": 1, ""vwap"": true, ""time_stop"": 120, ""legs"": true, ""leg_max"": 6, ""legs_mgmt"": ""fixed"", ""leg_window"": 120, ""ma"": 0, ""dyn"": false, ""big_thr"": 15, ""big_sl"": 35, ""big_tp"": 115, ""std_sl"": 25, ""std_tp"": 42, ""leg_gap"": 15, ""leg_sl"": 35, ""leg_tp"": 115, ""be_at"": 0, ""partial"": 0, ""trail"": 0, ""entry_mode"": ""close"", ""pb_frac"": 0.5, ""pb_wait"": 15, ""gap"": ""against"", ""gap_min"": 50, ""body_min"": 0, ""volf"": ""off"", ""dow"": ""none""}",352,124,0.0716,1.07,-16.18,91,30,-0.0338,-0.32,-14.76,443,154,0.05,0.87,-17.89,26,10,-0.2546,-1.352,-7.63,1364,275,-0.0088,-0.453,-45.7,-0.0107,0.0418,-1.1,-0.3,-9.1,-1.9,-15.1,-4.1,2.1,14.1,-1.9,7.1,14.0
SPX500,body_min_0.3,"{""entry_tf"": 1, ""vwap"": true, ""time_stop"": 120, ""legs"": true, ""leg_max"": 6, ""legs_mgmt"": ""fixed"", ""leg_window"": 120, ""ma"": 0, ""dyn"": false, ""big_thr"": 15, ""big_sl"": 35, ""big_tp"": 115, ""std_sl"": 25, ""std_tp"": 42, ""leg_gap"": 15, ""leg_sl"": 35, ""leg_tp"": 115, ""be_at"": 0, ""partial"": 0, ""trail"": 0, ""entry_mode"": ""close"", ""pb_frac"": 0.5, ""pb_wait"": 15, ""gap"": ""off"", ""gap_min"": 0, ""body_min"": 0.3, ""volf"": ""off"", ""dow"": ""none""}",352,264,0.1046,1.118,-25.31,91,59,-0.2975,-2.384,-34.96,443,323,0.022,0.279,-35.05,26,23,-0.1405,-0.438,-13.09,1364,909,-0.028,-0.889,-53.64,-0.0306,-0.0244,-12.6,-10.3,-11.6,9.2,-29.2,2.7,2.1,5.6,-14.6,-3.2,-1.0
SPX500,body_min_0.5,"{""entry_tf"": 1, ""vwap"": true, ""time_stop"": 120, ""legs"": true, ""leg_max"": 6, ""legs_mgmt"": ""fixed"", ""leg_window"": 120, ""ma"": 0, ""dyn"": false, ""big_thr"": 15, ""big_sl"": 35, ""big_tp"": 115, ""std_sl"": 25, ""std_tp"": 42, ""leg_gap"": 15, ""leg_sl"": 35, ""leg_tp"": 115, ""be_at"": 0, ""partial"": 0, ""trail"": 0, ""entry_mode"": ""close"", ""pb_frac"": 0.5, ""pb_wait"": 15, ""gap"": ""off"", ""gap_min"": 0, ""body_min"": 0.5, ""volf"": ""off"", ""dow"": ""none""}",352,202,0.0882,1.075,-25.31,91,42,-0.1876,-1.769,-23.94,443,244,0.0316,0.458,-31.86,26,15,-0.1347,-0.539,-10.91,1364,647,0.0089,0.33,-34.55,0.0051,0.0135,-7.2,-4.8,3.0,27.0,-23.3,14.6,2.1,-3.9,8.6,8.4,-12.2
SPX500,volf_skip_low,"{""entry_tf"": 1, ""vwap"": true, ""time_stop"": 120, ""legs"": true, ""leg_max"": 6, ""legs_mgmt"": ""fixed"", ""leg_window"": 120, ""ma"": 0, ""dyn"": false, ""big_thr"": 15, ""big_sl"": 35, ""big_tp"": 115, ""std_sl"": 25, ""std_tp"": 42, ""leg_gap"": 15, ""leg_sl"": 35, ""leg_tp"": 115, ""be_at"": 0, ""partial"": 0, ""trail"": 0, ""entry_mode"": ""close"", ""pb_frac"": 0.5, ""pb_wait"": 15, ""gap"": ""off"", ""gap_min"": 0, ""body_min"": 0, ""volf"": ""skip_low"", ""dow"": ""none""}",352,248,0.0075,0.086,-32.74,91,64,-0.2364,-1.684,-37.97,443,312,-0.0426,-0.571,-60.9,26,21,-0.2215,-0.759,-13.16,1364,908,-0.0239,-0.74,-55.73,-0.0278,-0.0553,-15.9,-15.8,-13.9,25.7,-27.8,2.1,2.1,3.5,-8.7,-16.4,-14.9
SPX500,volf_skip_high,"{""entry_tf"": 1, ""vwap"": true, ""time_stop"": 120, ""legs"": true, ""leg_max"": 6, ""legs_mgmt"": ""fixed"", ""leg_window"": 120, ""ma"": 0, ""dyn"": false, ""big_thr"": 15, ""big_sl"": 35, ""big_tp"": 115, ""std_sl"": 25, ""std_tp"": 42, ""leg_gap"": 15, ""leg_sl"": 35, ""leg_tp"": 115, ""be_at"": 0, ""partial"": 0, ""trail"": 0, ""entry_mode"": ""close"", ""pb_frac"": 0.5, ""pb_wait"": 15, ""gap"": ""off"", ""gap_min"": 0, ""body_min"": 0, ""volf"": ""skip_high"", ""dow"": ""none""}",352,263,0.0627,0.677,-23.23,91,64,-0.1509,-1.038,-25.9,443,327,0.0189,0.237,-37.96,26,21,-0.2215,-0.759,-13.09,1364,918,-0.0125,-0.407,-44.71,-0.0219,-0.0313,-21.3,-4.7,-2.7,17.6,-38.0,8.7,2.1,6.7,-16.7,-3.1,-5.3
SPX500,volf_mid,"{""entry_tf"": 1, ""vwap"": true, ""time_stop"": 120, ""legs"": true, ""leg_max"": 6, ""legs_mgmt"": ""fixed"", ""leg_window"": 120, ""ma"": 0, ""dyn"": false, ""big_thr"": 15, ""big_sl"": 35, ""big_tp"": 115, ""std_sl"": 25, ""std_tp"": 42, ""leg_gap"": 15, ""leg_sl"": 35, ""leg_tp"": 115, ""be_at"": 0, ""partial"": 0, ""trail"": 0, ""entry_mode"": ""close"", ""pb_frac"": 0.5, ""pb_wait"": 15, ""gap"": ""off"", ""gap_min"": 0, ""body_min"": 0, ""volf"": ""mid"", ""dow"": ""none""}",352,189,0.0135,0.175,-21.53,91,48,-0.1859,-1.551,-26.99,443,237,-0.0275,-0.414,-36.43,26,18,-0.2605,-1.015,-13.09,1364,647,-0.0072,-0.276,-46.68,-0.017,-0.0509,-20.8,-4.1,1.4,20.0,-24.8,-2.0,2.1,3.6,-15.8,-1.6,-20.9
SPX500,skip_mon,"{""entry_tf"": 1, ""vwap"": true, ""time_stop"": 120, ""legs"": true, ""leg_max"": 6, ""legs_mgmt"": ""fixed"", ""leg_window"": 120, ""ma"": 0, ""dyn"": false, ""big_thr"": 15, ""big_sl"": 35, ""big_tp"": 115, ""std_sl"": 25, ""std_tp"": 42, ""leg_gap"": 15, ""leg_sl"": 35, ""leg_tp"": 115, ""be_at"": 0, ""partial"": 0, ""trail"": 0, ""entry_mode"": ""close"", ""pb_frac"": 0.5, ""pb_wait"": 15, ""gap"": ""off"", ""gap_min"": 0, ""body_min"": 0, ""volf"": ""off"", ""dow"": ""mon""}",352,254,-0.0413,-0.49,-54.91,91,66,-0.0644,-0.405,-24.42,443,320,-0.0461,-0.618,-74.97,26,18,-0.0957,-0.343,-8.72,1364,957,-0.0196,-0.601,-53.61,-0.0292,-0.082,-22.5,-11.7,-10.9,16.8,-33.9,4.6,2.1,13.6,-10.5,-39.6,-3.1
SPX500,skip_fri,"{""entry_tf"": 1, ""vwap"": true, ""time_stop"": 120, ""legs"": true, ""leg_max"": 6, ""legs_mgmt"": ""fixed"", ""leg_window"": 120, ""ma"": 0, ""dyn"": false, ""big_thr"": 15, ""big_sl"": 35, ""big_tp"": 115, ""std_sl"": 25, ""std_tp"": 42, ""leg_gap"": 15, ""leg_sl"": 35, ""leg_tp"": 115, ""be_at"": 0, ""partial"": 0, ""trail"": 0, ""entry_mode"": ""close"", ""pb_frac"": 0.5, ""pb_wait"": 15, ""gap"": ""off"", ""gap_min"": 0, ""body_min"": 0, ""volf"": ""off"", ""dow"": ""fri""}",352,263,0.0275,0.3,-40.29,91,60,-0.133,-0.931,-24.27,443,323,-0.0054,-0.069,-48.71,26,20,-0.0147,-0.047,-10.91,1364,945,-0.0308,-0.96,-59.44,-0.033,-0.0169,-11.5,-4.1,-14.6,20.1,-38.9,5.0,2.1,-5.6,-1.9,-15.4,6.5
GER40,LIVE_COMP,"{""entry_tf"": 1, ""vwap"": true, ""time_stop"": 120, ""legs"": true, ""leg_max"": 6, ""legs_mgmt"": ""fixed"", ""leg_window"": 120, ""ma"": 0, ""dyn"": false, ""big_thr"": 15, ""big_sl"": 35, ""big_tp"": 115, ""std_sl"": 25, ""std_tp"": 42, ""leg_gap"": 15, ""leg_sl"": 35, ""leg_tp"": 115, ""be_at"": 0, ""partial"": 0, ""trail"": 0, ""entry_mode"": ""close"", ""pb_frac"": 0.5, ""pb_wait"": 15, ""gap"": ""off"", ""gap_min"": 0, ""body_min"": 0, ""volf"": ""off"", ""dow"": ""none""}",366,316,0.0479,0.523,-24.71,94,86,-0.296,-1.775,-31.88,460,402,-0.0224,-0.277,-35.44,39,42,0.7033,1.594,-6.92,1861,1579,-0.1409,-4.079,-280.1,-0.1407,-0.003,-2.9,-63.3,-20.0,-11.5,-49.6,-6.0,-67.4,-44.4,7.6,-9.7,27.5
GER40,LIVE_COMP+MA100,"{""entry_tf"": 1, ""vwap"": true, ""time_stop"": 120, ""legs"": true, ""leg_max"": 6, ""legs_mgmt"": ""fixed"", ""leg_window"": 120, ""ma"": 100, ""dyn"": false, ""big_thr"": 15, ""big_sl"": 35, ""big_tp"": 115, ""std_sl"": 25, ""std_tp"": 42, ""leg_gap"": 15, ""leg_sl"": 35, ""leg_tp"": 115, ""be_at"": 0, ""partial"": 0, ""trail"": 0, ""entry_mode"": ""close"", ""pb_frac"": 0.5, ""pb_wait"": 15, ""gap"": ""off"", ""gap_min"": 0, ""body_min"": 0, ""volf"": ""off"", ""dow"": ""none""}",366,252,0.0595,0.725,-20.27,94,72,-0.169,-1.062,-19.51,460,324,0.0128,0.176,-26.55,39,42,0.7033,1.594,-6.92,1861,1024,-0.0756,-2.792,-158.41,-0.0761,0.0321,-2.9,-52.0,-19.0,-0.7,-45.7,14.8,-12.1,-25.8,13.9,2.6,31.5
GER40,entry_tf5,"{""entry_tf"": 5, ""vwap"": true, ""time_stop"": 120, ""legs"": true, ""leg_max"": 6, ""legs_mgmt"": ""fixed"", ""leg_window"": 120, ""ma"": 0, ""dyn"": false, ""big_thr"": 15, ""big_sl"": 35, ""big_tp"": 115, ""std_sl"": 25, ""std_tp"": 42, ""leg_gap"": 15, ""leg_sl"": 35, ""leg_tp"": 115, ""be_at"": 0, ""partial"": 0, ""trail"": 0, ""entry_mode"": ""close"", ""pb_frac"": 0.5, ""pb_wait"": 15, ""gap"": ""off"", ""gap_min"": 0, ""body_min"": 0, ""volf"": ""off"", ""dow"": ""none""}",366,339,-0.0504,-0.526,-28.59,94,80,-0.1467,-0.899,-20.06,460,419,-0.0701,-0.842,-43.04,39,32,-0.009,-0.033,-13.36,1861,1584,-0.1167,-3.401,-222.73,-0.1191,-0.0699,-8.3,-46.4,-18.4,-17.1,-15.3,-46.8,-23.4,-48.7,-6.8,-15.5,-22.9
GER40,vwap_off,"{""entry_tf"": 1, ""vwap"": false, ""time_stop"": 120, ""legs"": true, ""leg_max"": 6, ""legs_mgmt"": ""fixed"", ""leg_window"": 120, ""ma"": 0, ""dyn"": false, ""big_thr"": 15, ""big_sl"": 35, ""big_tp"": 115, ""std_sl"": 25, ""std_tp"": 42, ""leg_gap"": 15, ""leg_sl"": 35, ""leg_tp"": 115, ""be_at"": 0, ""partial"": 0, ""trail"": 0, ""entry_mode"": ""close"", ""pb_frac"": 0.5, ""pb_wait"": 15, ""gap"": ""off"", ""gap_min"": 0, ""body_min"": 0, ""volf"": ""off"", ""dow"": ""none""}",366,385,0.0618,0.613,-22.29,94,99,-0.365,-2.066,-36.06,460,484,-0.0254,-0.288,-29.52,39,46,0.585,1.301,-7.92,1861,1913,-0.1406,-3.678,-280.23,-0.1422,-0.0102,0.4,-69.5,-44.9,-6.7,-41.8,3.3,-63.6,-44.9,1.2,-3.4,18.4
GER40,legs_off,"{""entry_tf"": 1, ""vwap"": true, ""time_stop"": 120, ""legs"": false, ""leg_max"": 6, ""legs_mgmt"": ""fixed"", ""leg_window"": 120, ""ma"": 0, ""dyn"": false, ""big_thr"": 15, ""big_sl"": 35, ""big_tp"": 115, ""std_sl"": 25, ""std_tp"": 42, ""leg_gap"": 15, ""leg_sl"": 35, ""leg_tp"": 115, ""be_at"": 0, ""partial"": 0, ""trail"": 0, ""entry_mode"": ""close"", ""pb_frac"": 0.5, ""pb_wait"": 15, ""gap"": ""off"", ""gap_min"": 0, ""body_min"": 0, ""volf"": ""off"", ""dow"": ""none""}",366,295,0.0706,0.796,-22.56,94,81,-0.2872,-1.835,-31.05,460,376,-0.0025,-0.032,-28.85,39,35,0.361,1.167,-7.59,1861,1523,-0.1361,-4.117,-271.11,-0.1359,0.0167,-2.9,-59.8,-22.6,-10.9,-37.4,-13.0,-72.6,-36.8,12.7,-9.3,21.4
GER40,dyn_scale,"{""entry_tf"": 1, ""vwap"": true, ""time_stop"": 120, ""legs"": true, ""leg_max"": 6, ""legs_mgmt"": ""fixed"", ""leg_window"": 120, ""ma"": 0, ""dyn"": true, ""big_thr"": 15, ""big_sl"": 35, ""big_tp"": 115, ""std_sl"": 25, ""std_tp"": 42, ""leg_gap"": 15, ""leg_sl"": 35, ""leg_tp"": 115, ""be_at"": 0, ""partial"": 0, ""trail"": 0, ""entry_mode"": ""close"", ""pb_frac"": 0.5, ""pb_wait"": 15, ""gap"": ""off"", ""gap_min"": 0, ""body_min"": 0, ""volf"": ""off"", ""dow"": ""none""}",366,313,0.0149,0.164,-26.24,94,86,-0.4182,-2.829,-40.43,460,399,-0.0736,-0.93,-50.62,39,40,0.4541,1.271,-9.39,1861,1625,-0.2002,-4.933,-398.04,-0.1999,-0.0662,-6.7,-122.4,-49.4,-14.2,-31.5,-37.1,-59.8,-55.4,-27.3,-5.0,7.5
GER40,legs_same_mgmt_be1,"{""entry_tf"": 1, ""vwap"": true, ""time_stop"": 120, ""legs"": true, ""leg_max"": 6, ""legs_mgmt"": ""same"", ""leg_window"": 120, ""ma"": 0, ""dyn"": false, ""big_thr"": 15, ""big_sl"": 35, ""big_tp"": 115, ""std_sl"": 25, ""std_tp"": 42, ""leg_gap"": 15, ""leg_sl"": 35, ""leg_tp"": 115, ""be_at"": 1.0, ""partial"": 0, ""trail"": 0, ""entry_mode"": ""close"", ""pb_frac"": 0.5, ""pb_wait"": 15, ""gap"": ""off"", ""gap_min"": 0, ""body_min"": 0, ""volf"": ""off"", ""dow"": ""none""}",366,316,0.0092,0.12,-22.93,94,86,-0.1552,-1.026,-18.95,460,402,-0.0244,-0.354,-30.26,39,42,0.1051,0.297,-11.95,1861,1579,-0.1395,-4.662,-277.23,-0.1405,-0.0325,-2.2,-60.1,-25.0,-12.1,-56.2,-28.7,-55.4,-24.8,-7.2,-9.3,-0.3
GER40,time_stop_60,"{""entry_tf"": 1, ""vwap"": true, ""time_stop"": 60, ""legs"": true, ""leg_max"": 6, ""legs_mgmt"": ""fixed"", ""leg_window"": 120, ""ma"": 0, ""dyn"": false, ""big_thr"": 15, ""big_sl"": 35, ""big_tp"": 115, ""std_sl"": 25, ""std_tp"": 42, ""leg_gap"": 15, ""leg_sl"": 35, ""leg_tp"": 115, ""be_at"": 0, ""partial"": 0, ""trail"": 0, ""entry_mode"": ""close"", ""pb_frac"": 0.5, ""pb_wait"": 15, ""gap"": ""off"", ""gap_min"": 0, ""body_min"": 0, ""volf"": ""off"", ""dow"": ""none""}",366,316,0.0121,0.139,-27.74,94,86,-0.2976,-1.841,-32.33,460,402,-0.0512,-0.665,-45.66,39,42,0.6267,1.437,-7.26,1861,1579,-0.1379,-4.266,-273.43,-0.1369,-0.0515,0.5,-60.8,-23.0,-24.9,-53.8,-2.0,-57.3,-36.4,-11.8,-12.3,15.4
GER40,time_stop_90,"{""entry_tf"": 1, ""vwap"": true, ""time_stop"": 90, ""legs"": true, ""leg_max"": 6, ""legs_mgmt"": ""fixed"", ""leg_window"": 120, ""ma"": 0, ""dyn"": false, ""big_thr"": 15, ""big_sl"": 35, ""big_tp"": 115, ""std_sl"": 25, ""std_tp"": 42, ""leg_gap"": 15, ""leg_sl"": 35, ""leg_tp"": 115, ""be_at"": 0, ""partial"": 0, ""trail"": 0, ""entry_mode"": ""close"", ""pb_frac"": 0.5, ""pb_wait"": 15, ""gap"": ""off"", ""gap_min"": 0, ""body_min"": 0, ""volf"": ""off"", ""dow"": ""none""}",366,316,0.02,0.223,-22.7,94,86,-0.2668,-1.563,-29.71,460,402,-0.0386,-0.484,-42.94,39,42,0.6428,1.468,-6.92,1861,1579,-0.1455,-4.327,-286.49,-0.1468,-0.0321,-6.7,-65.8,-23.6,-13.8,-55.7,-6.2,-64.8,-39.7,-7.5,-13.2,25.2
GER40,time_stop_180,"{""entry_tf"": 1, ""vwap"": true, ""time_stop"": 180, ""legs"": true, ""leg_max"": 6, ""legs_mgmt"": ""fixed"", ""leg_window"": 120, ""ma"": 0, ""dyn"": false, ""big_thr"": 15, ""big_sl"": 35, ""big_tp"": 115, ""std_sl"": 25, ""std_tp"": 42, ""leg_gap"": 15, ""leg_sl"": 35, ""leg_tp"": 115, ""be_at"": 0, ""partial"": 0, ""trail"": 0, ""entry_mode"": ""close"", ""pb_frac"": 0.5, ""pb_wait"": 15, ""gap"": ""off"", ""gap_min"": 0, ""body_min"": 0, ""volf"": ""off"", ""dow"": ""none""}",366,316,0.0703,0.751,-25.73,94,86,-0.3177,-1.911,-33.92,460,402,-0.009,-0.109,-34.95,39,42,0.7352,1.654,-6.92,1861,1579,-0.1283,-3.592,-260.41,-0.1289,0.017,1.7,-61.1,-18.3,-14.9,-49.1,0.4,-62.5,-38.9,15.9,-8.7,32.4
GER40,time_stop_240,"{""entry_tf"": 1, ""vwap"": true, ""time_stop"": 240, ""legs"": true, ""leg_max"": 6, ""legs_mgmt"": ""fixed"", ""leg_window"": 120, ""ma"": 0, ""dyn"": false, ""big_thr"": 15, ""big_sl"": 35, ""big_tp"": 115, ""std_sl"": 25, ""std_tp"": 42, ""leg_gap"": 15, ""leg_sl"": 35, ""leg_tp"": 115, ""be_at"": 0, ""partial"": 0, ""trail"": 0, ""entry_mode"": ""close"", ""pb_frac"": 0.5, ""pb_wait"": 15, ""gap"": ""off"", ""gap_min"": 0, ""body_min"": 0, ""volf"": ""off"", ""dow"": ""none""}",366,316,0.0779,0.826,-25.73,94,86,-0.3219,-1.938,-34.31,460,402,-0.0038,-0.046,-33.83,39,42,0.7352,1.654,-6.92,1861,1579,-0.1222,-3.36,-250.95,-0.1227,0.0151,4.6,-61.6,-16.0,-9.1,-50.6,1.3,-64.5,-35.1,14.1,-10.0,34.2
GER40,time_stop_999,"{""entry_tf"": 1, ""vwap"": true, ""time_stop"": 999, ""legs"": true, ""leg_max"": 6, ""legs_mgmt"": ""fixed"", ""leg_window"": 120, ""ma"": 0, ""dyn"": false, ""big_thr"": 15, ""big_sl"": 35, ""big_tp"": 115, ""std_sl"": 25, ""std_tp"": 42, ""leg_gap"": 15, ""leg_sl"": 35, ""leg_tp"": 115, ""be_at"": 0, ""partial"": 0, ""trail"": 0, ""entry_mode"": ""close"", ""pb_frac"": 0.5, ""pb_wait"": 15, ""gap"": ""off"", ""gap_min"": 0, ""body_min"": 0, ""volf"": ""off"", ""dow"": ""none""}",366,316,0.079,0.829,-25.73,94,86,-0.291,-1.731,-31.41,460,402,0.0034,0.04,-33.92,39,42,0.7352,1.654,-6.92,1861,1579,-0.1044,-2.745,-218.4,-0.1083,0.0248,-1.4,-52.8,-14.8,-1.4,-52.8,6.5,-63.1,-24.2,19.2,-6.5,31.9
GER40,be_at_0.5,"{""entry_tf"": 1, ""vwap"": true, ""time_stop"": 120, ""legs"": true, ""leg_max"": 6, ""legs_mgmt"": ""fixed"", ""leg_window"": 120, ""ma"": 0, ""dyn"": false, ""big_thr"": 15, ""big_sl"": 35, ""big_tp"": 115, ""std_sl"": 25, ""std_tp"": 42, ""leg_gap"": 15, ""leg_sl"": 35, ""leg_tp"": 115, ""be_at"": 0.5, ""partial"": 0, ""trail"": 0, ""entry_mode"": ""close"", ""pb_frac"": 0.5, ""pb_wait"": 15, ""gap"": ""off"", ""gap_min"": 0, ""body_min"": 0, ""volf"": ""off"", ""dow"": ""none""}",366,316,0.0323,0.464,-15.03,94,86,-0.1604,-1.253,-23.12,460,402,-0.007,-0.115,-25.39,39,42,0.4018,1.014,-8.0,1861,1579,-0.122,-4.649,-239.02,-0.1231,-0.0312,-8.0,-60.6,-28.0,-5.5,-49.8,-25.2,-48.2,-6.7,-20.8,1.7,14.9
GER40,be_at_1.0,"{""entry_tf"": 1, ""vwap"": true, ""time_stop"": 120, ""legs"": true, ""leg_max"": 6, ""legs_mgmt"": ""fixed"", ""leg_window"": 120, ""ma"": 0, ""dyn"": false, ""big_thr"": 15, ""big_sl"": 35, ""big_tp"": 115, ""std_sl"": 25, ""std_tp"": 42, ""leg_gap"": 15, ""leg_sl"": 35, ""leg_tp"": 115, ""be_at"": 1.0, ""partial"": 0, ""trail"": 0, ""entry_mode"": ""close"", ""pb_frac"": 0.5, ""pb_wait"": 15, ""gap"": ""off"", ""gap_min"": 0, ""body_min"": 0, ""volf"": ""off"", ""dow"": ""none""}",366,316,0.0053,0.068,-26.93,94,86,-0.1588,-1.053,-19.29,460,402,-0.0282,-0.403,-34.26,39,42,0.2736,0.676,-9.0,1861,1579,-0.1397,-4.62,-277.45,-0.1406,-0.0353,-2.2,-61.1,-22.0,-13.1,-58.9,-25.0,-55.2,-27.3,-7.2,-6.1,1.2
GER40,be_at_1.5,"{""entry_tf"": 1, ""vwap"": true, ""time_stop"": 120, ""legs"": true, ""leg_max"": 6, ""legs_mgmt"": ""fixed"", ""leg_window"": 120, ""ma"": 0, ""dyn"": false, ""big_thr"": 15, ""big_sl"": 35, ""big_tp"": 115, ""std_sl"": 25, ""std_tp"": 42, ""leg_gap"": 15, ""leg_sl"": 35, ""leg_tp"": 115, ""be_at"": 1.5, ""partial"": 0, ""trail"": 0, ""entry_mode"": ""close"", ""pb_frac"": 0.5, ""pb_wait"": 15, ""gap"": ""off"", ""gap_min"": 0, ""body_min"": 0, ""volf"": ""off"", ""dow"": ""none""}",366,316,-0.0118,-0.141,-27.32,94,86,-0.2759,-1.787,-28.73,460,402,-0.0657,-0.89,-39.55,39,42,0.4751,1.117,-7.89,1861,1579,-0.1396,-4.32,-276.86,-0.1397,-0.0577,-3.4,-65.2,-19.4,-7.2,-51.4,-16.7,-67.3,-32.5,-11.3,-11.6,4.4
GER40,be_at_2.0,"{""entry_tf"": 1, ""vwap"": true, ""time_stop"": 120, ""legs"": true, ""leg_max"": 6, ""legs_mgmt"": ""fixed"", ""leg_window"": 120, ""ma"": 0, ""dyn"": false, ""big_thr"": 15, ""big_sl"": 35, ""big_tp"": 115, ""std_sl"": 25, ""std_tp"": 42, ""leg_gap"": 15, ""leg_sl"": 35, ""leg_tp"": 115, ""be_at"": 2.0, ""partial"": 0, ""trail"": 0, ""entry_mode"": ""close"", ""pb_frac"": 0.5, ""pb_wait"": 15, ""gap"": ""off"", ""gap_min"": 0, ""body_min"": 0, ""volf"": ""off"", ""dow"": ""none""}",366,316,-0.0011,-0.013,-22.53,94,86,-0.2835,-1.766,-31.7,460,402,-0.0588,-0.768,-38.64,39,42,0.7022,1.615,-6.92,1861,1579,-0.1441,-4.309,-286.93,-0.1441,-0.0408,-1.4,-62.0,-17.1,-12.1,-58.7,-17.6,-65.9,-36.5,-0.6,-15.3,17.0
GER40,partial_1.0,"{""entry_tf"": 1, ""vwap"": true, ""time_stop"": 120, ""legs"": true, ""leg_max"": 6, ""legs_mgmt"": ""fixed"", ""leg_window"": 120, ""ma"": 0, ""dyn"": false, ""big_thr"": 15, ""big_sl"": 35, ""big_tp"": 115, ""std_sl"": 25, ""std_tp"": 42, ""leg_gap"": 15, ""leg_sl"": 35, ""leg_tp"": 115, ""be_at"": 0, ""partial"": 1.0, ""trail"": 0, ""entry_mode"": ""close"", ""pb_frac"": 0.5, ""pb_wait"": 15, ""gap"": ""off"", ""gap_min"": 0, ""body_min"": 0, ""volf"": ""off"", ""dow"": ""none""}",366,316,-0.0143,-0.218,-22.22,94,86,-0.2546,-2.091,-24.59,460,402,-0.0634,-1.092,-43.9,39,42,0.4665,1.31,-5.92,1861,1579,-0.1411,-5.42,-278.31,-0.1406,-0.0668,-4.3,-57.4,-28.8,-24.2,-41.3,-12.7,-53.0,-43.0,-19.9,-17.5,12.7
GER40,partial_1.5,"{""entry_tf"": 1, ""vwap"": true, ""time_stop"": 120, ""legs"": true, ""leg_max"": 6, ""legs_mgmt"": ""fixed"", ""leg_window"": 120, ""ma"": 0, ""dyn"": false, ""big_thr"": 15, ""big_sl"": 35, ""big_tp"": 115, ""std_sl"": 25, ""std_tp"": 42, ""leg_gap"": 15, ""leg_sl"": 35, ""leg_tp"": 115, ""be_at"": 0, ""partial"": 1.5, ""trail"": 0, ""entry_mode"": ""close"", ""pb_frac"": 0.5, ""pb_wait"": 15, ""gap"": ""off"", ""gap_min"": 0, ""body_min"": 0, ""volf"": ""off"", ""dow"": ""none""}",366,316,-0.0058,-0.08,-20.22,94,86,-0.3051,-2.281,-29.72,460,402,-0.067,-1.044,-45.8,39,42,0.5178,1.381,-6.92,1861,1579,-0.138,-4.799,-271.81,-0.1375,-0.0572,-6.2,-61.9,-25.7,-13.0,-38.4,-9.0,-62.4,-42.2,-12.8,-19.6,16.0
GER40,partial_2.0,"{""entry_tf"": 1, ""vwap"": true, ""time_stop"": 120, ""legs"": true, ""leg_max"": 6, ""legs_mgmt"": ""fixed"", ""leg_window"": 120, ""ma"": 0, ""dyn"": false, ""big_thr"": 15, ""big_sl"": 35, ""big_tp"": 115, ""std_sl"": 25, ""std_tp"": 42, ""leg_gap"": 15, ""leg_sl"": 35, ""leg_tp"": 115, ""be_at"": 0, ""partial"": 2.0, ""trail"": 0, ""entry_mode"": ""close"", ""pb_frac"": 0.5, ""pb_wait"": 15, ""gap"": ""off"", ""gap_min"": 0, ""body_min"": 0, ""volf"": ""off"", ""dow"": ""none""}",366,316,0.0023,0.029,-23.72,94,86,-0.3042,-2.106,-30.93,460,402,-0.0603,-0.869,-45.49,39,42,0.5819,1.483,-6.92,1861,1579,-0.146,-4.725,-287.84,-0.1446,-0.0478,-1.8,-62.4,-26.2,-14.6,-48.9,-12.7,-67.2,-38.4,-6.9,-19.8,18.7
GER40,partial_3.0,"{""entry_tf"": 1, ""vwap"": true, ""time_stop"": 120, ""legs"": true, ""leg_max"": 6, ""legs_mgmt"": ""fixed"", ""leg_window"": 120, ""ma"": 0, ""dyn"": false, ""big_thr"": 15, ""big_sl"": 35, ""big_tp"": 115, ""std_sl"": 25, ""std_tp"": 42, ""leg_gap"": 15, ""leg_sl"": 35, ""leg_tp"": 115, ""be_at"": 0, ""partial"": 3.0, ""trail"": 0, ""entry_mode"": ""close"", ""pb_frac"": 0.5, ""pb_wait"": 15, ""gap"": ""off"", ""gap_min"": 0, ""body_min"": 0, ""volf"": ""off"", ""dow"": ""none""}",366,316,0.0401,0.446,-23.57,94,86,-0.2884,-1.757,-32.59,460,402,-0.027,-0.341,-38.17,39,42,0.6777,1.55,-6.92,1861,1579,-0.1321,-3.87,-263.29,-0.132,-0.0051,-3.4,-62.7,-18.8,-12.2,-40.1,-8.5,-61.7,-41.1,6.8,-12.1,28.5
GER40,trail_1.0,"{""entry_tf"": 1, ""vwap"": true, ""time_stop"": 120, ""legs"": true, ""leg_max"": 6, ""legs_mgmt"": ""fixed"", ""leg_window"": 120, ""ma"": 0, ""dyn"": false, ""big_thr"": 15, ""big_sl"": 35, ""big_tp"": 115, ""std_sl"": 25, ""std_tp"": 42, ""leg_gap"": 15, ""leg_sl"": 35, ""leg_tp"": 115, ""be_at"": 0, ""partial"": 0, ""trail"": 1.0, ""entry_mode"": ""close"", ""pb_frac"": 0.5, ""pb_wait"": 15, ""gap"": ""off"", ""gap_min"": 0, ""body_min"": 0, ""volf"": ""off"", ""dow"": ""none""}",366,316,-0.0549,-1.043,-31.9,94,86,-0.2368,-2.598,-22.37,460,402,-0.0921,-2.003,-49.73,39,42,0.398,1.172,-5.24,1861,1579,-0.1174,-5.156,-228.84,-0.1189,-0.1074,-9.0,-59.3,-32.0,-21.6,-27.2,-25.9,-32.9,-15.8,-33.1,-23.4,3.1
GER40,trail_1.5,"{""entry_tf"": 1, ""vwap"": true, ""time_stop"": 120, ""legs"": true, ""leg_max"": 6, ""legs_mgmt"": ""fixed"", ""leg_window"": 120, ""ma"": 0, ""dyn"": false, ""big_thr"": 15, ""big_sl"": 35, ""big_tp"": 115, ""std_sl"": 25, ""std_tp"": 42, ""leg_gap"": 15, ""leg_sl"": 35, ""leg_tp"": 115, ""be_at"": 0, ""partial"": 0, ""trail"": 1.5, ""entry_mode"": ""close"", ""pb_frac"": 0.5, ""pb_wait"": 15, ""gap"": ""off"", ""gap_min"": 0, ""body_min"": 0, ""volf"": ""off"", ""dow"": ""none""}",366,316,-0.0216,-0.307,-27.12,94,86,-0.194,-1.401,-23.64,460,402,-0.0568,-0.904,-36.41,39,42,0.4484,1.101,-6.24,1861,1579,-0.13,-4.537,-260.9,-0.1304,-0.0679,3.6,-64.5,-20.4,-18.6,-41.3,-19.3,-41.9,-43.1,-16.8,-12.2,2.9
GER40,trail_2.0,"{""entry_tf"": 1, ""vwap"": true, ""time_stop"": 120, ""legs"": true, ""leg_max"": 6, ""legs_mgmt"": ""fixed"", ""leg_window"": 120, ""ma"": 0, ""dyn"": false, ""big_thr"": 15, ""big_sl"": 35, ""big_tp"": 115, ""std_sl"": 25, ""std_tp"": 42, ""leg_gap"": 15, ""leg_sl"": 35, ""leg_tp"": 115, ""be_at"": 0, ""partial"": 0, ""trail"": 2.0, ""entry_mode"": ""close"", ""pb_frac"": 0.5, ""pb_wait"": 15, ""gap"": ""off"", ""gap_min"": 0, ""body_min"": 0, ""volf"": ""off"", ""dow"": ""none""}",366,316,-0.0416,-0.52,-32.71,94,86,-0.2533,-1.677,-27.07,460,402,-0.0848,-1.198,-48.98,39,42,0.5287,1.248,-6.7,1861,1579,-0.1371,-4.325,-274.5,-0.1375,-0.066,0.0,-63.4,-17.6,-14.0,-59.8,-19.3,-49.6,-35.3,-5.9,-22.0,6.1
GER40,trail_3.0,"{""entry_tf"": 1, ""vwap"": true, ""time_stop"": 120, ""legs"": true, ""leg_max"": 6, ""legs_mgmt"": ""fixed"", ""leg_window"": 120, ""ma"": 0, ""dyn"": false, ""big_thr"": 15, ""big_sl"": 35, ""big_tp"": 115, ""std_sl"": 25, ""std_tp"": 42, ""leg_gap"": 15, ""leg_sl"": 35, ""leg_tp"": 115, ""be_at"": 0, ""partial"": 0, ""trail"": 3.0, ""entry_mode"": ""close"", ""pb_frac"": 0.5, ""pb_wait"": 15, ""gap"": ""off"", ""gap_min"": 0, ""body_min"": 0, ""volf"": ""off"", ""dow"": ""none""}",366,316,0.0209,0.233,-25.92,94,86,-0.3179,-1.965,-35.18,460,402,-0.0483,-0.611,-41.99,39,42,0.7406,1.697,-6.92,1861,1579,-0.1373,-4.034,-274.33,-0.1376,-0.0255,-2.4,-62.6,-18.8,-10.6,-43.2,-17.8,-59.9,-43.8,5.2,-15.5,22.9
GER40,runner_noTP_120,"{""entry_tf"": 1, ""vwap"": true, ""time_stop"": 120, ""legs"": true, ""leg_max"": 6, ""legs_mgmt"": ""fixed"", ""leg_window"": 120, ""ma"": 0, ""dyn"": false, ""big_thr"": 15, ""big_sl"": 35, ""big_tp"": 0, ""std_sl"": 25, ""std_tp"": 0, ""leg_gap"": 15, ""leg_sl"": 35, ""leg_tp"": 115, ""be_at"": 0, ""partial"": 0, ""trail"": 0, ""entry_mode"": ""close"", ""pb_frac"": 0.5, ""pb_wait"": 15, ""gap"": ""off"", ""gap_min"": 0, ""body_min"": 0, ""volf"": ""off"", ""dow"": ""none""}",366,316,0.1882,1.288,-36.1,94,86,-0.3323,-1.724,-36.95,460,402,0.0818,0.664,-51.86,39,42,1.1446,1.492,-9.01,1861,1579,-0.1087,-2.447,-233.25,-0.1086,0.0408,16.8,-63.0,20.5,-31.7,-32.9,-2.7,-71.2,-40.4,-7.6,25.7,52.8
GER40,runner_noTP_trail1.5_close,"{""entry_tf"": 1, ""vwap"": true, ""time_stop"": 999, ""legs"": true, ""leg_max"": 6, ""legs_mgmt"": ""fixed"", ""leg_window"": 120, ""ma"": 0, ""dyn"": false, ""big_thr"": 15, ""big_sl"": 35, ""big_tp"": 0, ""std_sl"": 25, ""std_tp"": 0, ""leg_gap"": 15, ""leg_sl"": 35, ""leg_tp"": 115, ""be_at"": 0, ""partial"": 0, ""trail"": 1.5, ""entry_mode"": ""close"", ""pb_frac"": 0.5, ""pb_wait"": 15, ""gap"": ""off"", ""gap_min"": 0, ""body_min"": 0, ""volf"": ""off"", ""dow"": ""none""}",366,316,-0.0409,-0.573,-32.43,94,86,-0.1734,-1.222,-20.39,460,402,-0.068,-1.066,-43.97,39,42,0.4926,1.115,-6.49,1861,1579,-0.0979,-2.965,-216.98,-0.0981,-0.0847,26.8,-45.5,-20.1,-8.7,-43.2,-16.2,-40.4,-37.6,-22.7,-11.9,-0.6
GER40,runner_noTP_be1_trail2_close,"{""entry_tf"": 1, ""vwap"": true, ""time_stop"": 999, ""legs"": true, ""leg_max"": 6, ""legs_mgmt"": ""fixed"", ""leg_window"": 120, ""ma"": 0, ""dyn"": false, ""big_thr"": 15, ""big_sl"": 35, ""big_tp"": 0, ""std_sl"": 25, ""std_tp"": 0, ""leg_gap"": 15, ""leg_sl"": 35, ""leg_tp"": 115, ""be_at"": 1.0, ""partial"": 0, ""trail"": 2.0, ""entry_mode"": ""close"", ""pb_frac"": 0.5, ""pb_wait"": 15, ""gap"": ""off"", ""gap_min"": 0, ""body_min"": 0, ""volf"": ""off"", ""dow"": ""none""}",366,316,0.0033,0.037,-31.37,94,86,-0.1631,-1.064,-19.43,460,402,-0.0307,-0.397,-35.95,39,42,0.3188,0.751,-7.48,1861,1579,-0.1108,-3.155,-234.68,-0.1117,-0.0592,18.7,-28.8,-30.9,-5.0,-67.9,-34.2,-43.7,-18.5,-24.6,-4.3,3.3
GER40,pullback_0.3_5,"{""entry_tf"": 1, ""vwap"": true, ""time_stop"": 120, ""legs"": true, ""leg_max"": 6, ""legs_mgmt"": ""fixed"", ""leg_window"": 120, ""ma"": 0, ""dyn"": false, ""big_thr"": 15, ""big_sl"": 35, ""big_tp"": 115, ""std_sl"": 25, ""std_tp"": 42, ""leg_gap"": 15, ""leg_sl"": 35, ""leg_tp"": 115, ""be_at"": 0, ""partial"": 0, ""trail"": 0, ""entry_mode"": ""pb"", ""pb_frac"": 0.3, ""pb_wait"": 5, ""gap"": ""off"", ""gap_min"": 0, ""body_min"": 0, ""volf"": ""off"", ""dow"": ""none""}",366,214,-0.118,-1.717,-59.04,94,61,-0.2263,-1.665,-21.76,460,275,-0.1401,-2.284,-79.63,39,26,0.1097,0.388,-8.08,1861,1177,-0.1495,-5.31,-291.09,-0.1496,-0.1511,-3.9,-57.9,-18.6,-24.8,-59.7,-25.7,-57.9,-33.2,-33.3,-40.1,-19.3
GER40,pullback_0.3_15,"{""entry_tf"": 1, ""vwap"": true, ""time_stop"": 120, ""legs"": true, ""leg_max"": 6, ""legs_mgmt"": ""fixed"", ""leg_window"": 120, ""ma"": 0, ""dyn"": false, ""big_thr"": 15, ""big_sl"": 35, ""big_tp"": 115, ""std_sl"": 25, ""std_tp"": 42, ""leg_gap"": 15, ""leg_sl"": 35, ""leg_tp"": 115, ""be_at"": 0, ""partial"": 0, ""trail"": 0, ""entry_mode"": ""pb"", ""pb_frac"": 0.3, ""pb_wait"": 15, ""gap"": ""off"", ""gap_min"": 0, ""body_min"": 0, ""volf"": ""off"", ""dow"": ""none""}",366,242,-0.1317,-1.807,-68.96,94,72,-0.2701,-1.864,-25.88,460,314,-0.16,-2.455,-93.9,39,29,0.1308,0.449,-9.23,1861,1296,-0.1588,-5.358,-308.4,-0.1592,-0.1567,-3.5,-54.0,-23.2,-29.2,-63.3,-29.9,-60.1,-36.6,-29.5,-45.7,-20.3
GER40,pullback_0.5_5,"{""entry_tf"": 1, ""vwap"": true, ""time_stop"": 120, ""legs"": true, ""leg_max"": 6, ""legs_mgmt"": ""fixed"", ""leg_window"": 120, ""ma"": 0, ""dyn"": false, ""big_thr"": 15, ""big_sl"": 35, ""big_tp"": 115, ""std_sl"": 25, ""std_tp"": 42, ""leg_gap"": 15, ""leg_sl"": 35, ""leg_tp"": 115, ""be_at"": 0, ""partial"": 0, ""trail"": 0, ""entry_mode"": ""pb"", ""pb_frac"": 0.5, ""pb_wait"": 5, ""gap"": ""off"", ""gap_min"": 0, ""body_min"": 0, ""volf"": ""off"", ""dow"": ""none""}",366,165,-0.1219,-2.053,-52.94,94,50,-0.1082,-0.82,-14.17,460,215,-0.1191,-2.19,-61.14,39,25,0.2492,0.863,-8.08,1861,960,-0.1206,-4.739,-237.35,-0.119,-0.1469,0.7,-49.7,-20.4,-25.4,-41.3,-43.2,-33.3,-11.5,-36.6,-24.1,-24.0
GER40,pullback_0.5_15,"{""entry_tf"": 1, ""vwap"": true, ""time_stop"": 120, ""legs"": true, ""leg_max"": 6, ""legs_mgmt"": ""fixed"", ""leg_window"": 120, ""ma"": 0, ""dyn"": false, ""big_thr"": 15, ""big_sl"": 35, ""big_tp"": 115, ""std_sl"": 25, ""std_tp"": 42, ""leg_gap"": 15, ""leg_sl"": 35, ""leg_tp"": 115, ""be_at"": 0, ""partial"": 0, ""trail"": 0, ""entry_mode"": ""pb"", ""pb_frac"": 0.5, ""pb_wait"": 15, ""gap"": ""off"", ""gap_min"": 0, ""body_min"": 0, ""volf"": ""off"", ""dow"": ""none""}",366,208,-0.1519,-2.301,-67.65,94,64,-0.0977,-0.65,-13.15,460,272,-0.1408,-2.315,-73.9,39,28,0.3802,1.266,-5.77,1861,1147,-0.1456,-5.228,-283.25,-0.1445,-0.1643,-4.4,-45.5,-14.2,-31.2,-53.6,-57.7,-53.1,-12.4,-40.7,-24.2,-25.8
GER40,gap_with_0,"{""entry_tf"": 1, ""vwap"": true, ""time_stop"": 120, ""legs"": true, ""leg_max"": 6, ""legs_mgmt"": ""fixed"", ""leg_window"": 120, ""ma"": 0, ""dyn"": false, ""big_thr"": 15, ""big_sl"": 35, ""big_tp"": 115, ""std_sl"": 25, ""std_tp"": 42, ""leg_gap"": 15, ""leg_sl"": 35, ""leg_tp"": 115, ""be_at"": 0, ""partial"": 0, ""trail"": 0, ""entry_mode"": ""close"", ""pb_frac"": 0.5, ""pb_wait"": 15, ""gap"": ""with"", ""gap_min"": 0, ""body_min"": 0, ""volf"": ""off"", ""dow"": ""none""}",366,153,0.0332,0.518,-20.28,94,37,-0.1743,-1.756,-20.01,460,190,-0.0092,-0.167,-24.96,39,22,0.6677,1.79,-3.46,1861,787,-0.0779,-3.188,-156.68,-0.0745,0.0157,5.9,-38.9,10.6,-9.3,-27.3,-4.3,-53.0,-23.9,21.0,-1.8,16.9
GER40,gap_with_50,"{""entry_tf"": 1, ""vwap"": true, ""time_stop"": 120, ""legs"": true, ""leg_max"": 6, ""legs_mgmt"": ""fixed"", ""leg_window"": 120, ""ma"": 0, ""dyn"": false, ""big_thr"": 15, ""big_sl"": 35, ""big_tp"": 115, ""std_sl"": 25, ""std_tp"": 42, ""leg_gap"": 15, ""leg_sl"": 35, ""leg_tp"": 115, ""be_at"": 0, ""partial"": 0, ""trail"": 0, ""entry_mode"": ""close"", ""pb_frac"": 0.5, ""pb_wait"": 15, ""gap"": ""with"", ""gap_min"": 50, ""body_min"": 0, ""volf"": ""off"", ""dow"": ""none""}",366,115,-0.0034,-0.062,-14.51,94,27,-0.0516,-0.555,-8.47,460,142,-0.0133,-0.278,-15.73,39,17,0.5958,1.679,-3.46,1861,491,-0.0222,-1.072,-60.84,-0.0199,0.0073,8.9,-8.2,9.1,-8.0,-7.0,11.8,-43.8,-0.3,9.5,-1.9,20.3
GER40,gap_against_0,"{""entry_tf"": 1, ""vwap"": true, ""time_stop"": 120, ""legs"": true, ""leg_max"": 6, ""legs_mgmt"": ""fixed"", ""leg_window"": 120, ""ma"": 0, ""dyn"": false, ""big_thr"": 15, ""big_sl"": 35, ""big_tp"": 115, ""std_sl"": 25, ""std_tp"": 42, ""leg_gap"": 15, ""leg_sl"": 35, ""leg_tp"": 115, ""be_at"": 0, ""partial"": 0, ""trail"": 0, ""entry_mode"": ""close"", ""pb_frac"": 0.5, ""pb_wait"": 15, ""gap"": ""against"", ""gap_min"": 0, ""body_min"": 0, ""volf"": ""off"", ""dow"": ""none""}",366,163,0.0146,0.224,-21.31,94,49,-0.1216,-0.897,-20.88,460,212,-0.0132,-0.224,-29.8,39,20,0.0357,0.15,-8.5,1861,792,-0.0631,-2.57,-125.9,-0.0659,-0.0187,-8.2,-24.4,-30.6,-2.2,-22.3,-1.7,-14.3,-20.5,-13.4,-7.8,10.6
GER40,gap_against_50,"{""entry_tf"": 1, ""vwap"": true, ""time_stop"": 120, ""legs"": true, ""leg_max"": 6, ""legs_mgmt"": ""fixed"", ""leg_window"": 120, ""ma"": 0, ""dyn"": false, ""big_thr"": 15, ""big_sl"": 35, ""big_tp"": 115, ""std_sl"": 25, ""std_tp"": 42, ""leg_gap"": 15, ""leg_sl"": 35, ""leg_tp"": 115, ""be_at"": 0, ""partial"": 0, ""trail"": 0, ""entry_mode"": ""close"", ""pb_frac"": 0.5, ""pb_wait"": 15, ""gap"": ""against"", ""gap_min"": 50, ""body_min"": 0, ""volf"": ""off"", ""dow"": ""none""}",366,130,0.0429,0.715,-12.86,94,33,0.0032,0.025,-11.11,460,163,0.0348,0.64,-19.24,39,14,0.2132,0.951,-5.03,1861,482,-0.0349,-1.758,-75.58,-0.037,0.012,0.0,-11.4,-23.1,-4.0,-14.8,14.6,-23.5,-7.4,-5.4,4.4,17.0
GER40,body_min_0.3,"{""entry_tf"": 1, ""vwap"": true, ""time_stop"": 120, ""legs"": true, ""leg_max"": 6, ""legs_mgmt"": ""fixed"", ""leg_window"": 120, ""ma"": 0, ""dyn"": false, ""big_thr"": 15, ""big_sl"": 35, ""big_tp"": 115, ""std_sl"": 25, ""std_tp"": 42, ""leg_gap"": 15, ""leg_sl"": 35, ""leg_tp"": 115, ""be_at"": 0, ""partial"": 0, ""trail"": 0, ""entry_mode"": ""close"", ""pb_frac"": 0.5, ""pb_wait"": 15, ""gap"": ""off"", ""gap_min"": 0, ""body_min"": 0.3, ""volf"": ""off"", ""dow"": ""none""}",366,252,0.0005,0.006,-34.9,94,62,-0.4003,-3.315,-42.4,460,314,-0.0814,-1.197,-58.55,39,35,0.5808,1.568,-4.62,1861,1304,-0.1218,-3.857,-240.58,-0.1214,-0.0401,-1.1,-64.9,-23.7,-15.8,-42.5,3.6,-54.6,-29.7,-1.4,-26.0,24.3
GER40,body_min_0.5,"{""entry_tf"": 1, ""vwap"": true, ""time_stop"": 120, ""legs"": true, ""leg_max"": 6, ""legs_mgmt"": ""fixed"", ""leg_window"": 120, ""ma"": 0, ""dyn"": false, ""big_thr"": 15, ""big_sl"": 35, ""big_tp"": 115, ""std_sl"": 25, ""std_tp"": 42, ""leg_gap"": 15, ""leg_sl"": 35, ""leg_tp"": 115, ""be_at"": 0, ""partial"": 0, ""trail"": 0, ""entry_mode"": ""close"", ""pb_frac"": 0.5, ""pb_wait"": 15, ""gap"": ""off"", ""gap_min"": 0, ""body_min"": 0.5, ""volf"": ""off"", ""dow"": ""none""}",366,194,-0.0544,-0.802,-34.6,94,45,-0.3876,-4.221,-38.41,460,239,-0.1225,-2.13,-69.88,39,24,0.4668,1.475,-5.77,1861,1009,-0.0833,-2.95,-161.82,-0.084,-0.1047,-4.0,-44.8,-10.7,-10.6,-20.9,13.8,-41.7,-39.3,-34.1,-29.0,14.1
GER40,volf_skip_low,"{""entry_tf"": 1, ""vwap"": true, ""time_stop"": 120, ""legs"": true, ""leg_max"": 6, ""legs_mgmt"": ""fixed"", ""leg_window"": 120, ""ma"": 0, ""dyn"": false, ""big_thr"": 15, ""big_sl"": 35, ""big_tp"": 115, ""std_sl"": 25, ""std_tp"": 42, ""leg_gap"": 15, ""leg_sl"": 35, ""leg_tp"": 115, ""be_at"": 0, ""partial"": 0, ""trail"": 0, ""entry_mode"": ""close"", ""pb_frac"": 0.5, ""pb_wait"": 15, ""gap"": ""off"", ""gap_min"": 0, ""body_min"": 0, ""volf"": ""skip_low"", ""dow"": ""none""}",366,276,0.0245,0.285,-19.96,94,73,-0.3005,-1.971,-34.61,460,349,-0.042,-0.558,-40.39,39,37,0.5216,1.232,-6.92,1861,1253,-0.1011,-3.221,-204.21,-0.1019,-0.0247,-1.7,-48.2,-14.9,-8.1,-38.8,9.7,-54.3,-35.5,2.2,-21.6,23.9
GER40,volf_skip_high,"{""entry_tf"": 1, ""vwap"": true, ""time_stop"": 120, ""legs"": true, ""leg_max"": 6, ""legs_mgmt"": ""fixed"", ""leg_window"": 120, ""ma"": 0, ""dyn"": false, ""big_thr"": 15, ""big_sl"": 35, ""big_tp"": 115, ""std_sl"": 25, ""std_tp"": 42, ""leg_gap"": 15, ""leg_sl"": 35, ""leg_tp"": 115, ""be_at"": 0, ""partial"": 0, ""trail"": 0, ""entry_mode"": ""close"", ""pb_frac"": 0.5, ""pb_wait"": 15, ""gap"": ""off"", ""gap_min"": 0, ""body_min"": 0, ""volf"": ""skip_high"", ""dow"": ""none""}",366,260,0.0209,0.252,-24.72,94,68,-0.256,-1.76,-27.0,460,328,-0.0357,-0.492,-36.35,39,40,0.7625,1.746,-6.92,1861,1291,-0.1228,-4.011,-241.38,-0.1228,-0.0226,-8.2,-42.7,-12.2,-24.8,-34.3,1.5,-64.5,-46.0,-1.3,-13.4,29.9
GER40,volf_mid,"{""entry_tf"": 1, ""vwap"": true, ""time_stop"": 120, ""legs"": true, ""leg_max"": 6, ""legs_mgmt"": ""fixed"", ""leg_window"": 120, ""ma"": 0, ""dyn"": false, ""big_thr"": 15, ""big_sl"": 35, ""big_tp"": 115, ""std_sl"": 25, ""std_tp"": 42, ""leg_gap"": 15, ""leg_sl"": 35, ""leg_tp"": 115, ""be_at"": 0, ""partial"": 0, ""trail"": 0, ""entry_mode"": ""close"", ""pb_frac"": 0.5, ""pb_wait"": 15, ""gap"": ""off"", ""gap_min"": 0, ""body_min"": 0, ""volf"": ""mid"", ""dow"": ""none""}",366,220,-0.0025,-0.033,-23.04,94,55,-0.2606,-2.023,-26.97,460,275,-0.0553,-0.832,-41.4,39,35,0.5808,1.385,-6.92,1861,965,-0.083,-3.075,-165.49,-0.084,-0.0443,-7.0,-27.6,-7.1,-21.4,-23.6,17.3,-51.4,-37.2,-6.6,-25.4,26.2
GER40,skip_mon,"{""entry_tf"": 1, ""vwap"": true, ""time_stop"": 120, ""legs"": true, ""leg_max"": 6, ""legs_mgmt"": ""fixed"", ""leg_window"": 120, ""ma"": 0, ""dyn"": false, ""big_thr"": 15, ""big_sl"": 35, ""big_tp"": 115, ""std_sl"": 25, ""std_tp"": 42, ""leg_gap"": 15, ""leg_sl"": 35, ""leg_tp"": 115, ""be_at"": 0, ""partial"": 0, ""trail"": 0, ""entry_mode"": ""close"", ""pb_frac"": 0.5, ""pb_wait"": 15, ""gap"": ""off"", ""gap_min"": 0, ""body_min"": 0, ""volf"": ""off"", ""dow"": ""mon""}",366,257,0.022,0.271,-21.9,94,66,-0.3297,-2.335,-34.26,460,323,-0.0499,-0.702,-46.24,39,33,0.7499,1.774,-4.62,1861,1277,-0.1093,-3.477,-222.13,-0.1081,-0.0085,3.4,-59.6,-8.3,-10.2,-50.5,1.9,-48.4,-31.9,20.8,-19.4,22.4
GER40,skip_fri,"{""entry_tf"": 1, ""vwap"": true, ""time_stop"": 120, ""legs"": true, ""leg_max"": 6, ""legs_mgmt"": ""fixed"", ""leg_window"": 120, ""ma"": 0, ""dyn"": false, ""big_thr"": 15, ""big_sl"": 35, ""big_tp"": 115, ""std_sl"": 25, ""std_tp"": 42, ""leg_gap"": 15, ""leg_sl"": 35, ""leg_tp"": 115, ""be_at"": 0, ""partial"": 0, ""trail"": 0, ""entry_mode"": ""close"", ""pb_frac"": 0.5, ""pb_wait"": 15, ""gap"": ""off"", ""gap_min"": 0, ""body_min"": 0, ""volf"": ""off"", ""dow"": ""fri""}",366,256,0.0648,0.772,-20.92,94,66,-0.1547,-1.012,-22.52,460,322,0.0199,0.27,-20.75,39,35,0.5808,1.439,-8.08,1861,1254,-0.0866,-2.749,-173.34,-0.087,0.0342,-4.6,-46.7,-19.4,-1.7,-25.1,7.6,-43.6,-30.3,8.0,8.7,27.9
FRA40,LIVE_COMP,"{""entry_tf"": 1, ""vwap"": true, ""time_stop"": 120, ""legs"": true, ""leg_max"": 6, ""legs_mgmt"": ""fixed"", ""leg_window"": 120, ""ma"": 0, ""dyn"": false, ""big_thr"": 15, ""big_sl"": 35, ""big_tp"": 115, ""std_sl"": 25, ""std_tp"": 42, ""leg_gap"": 15, ""leg_sl"": 35, ""leg_tp"": 115, ""be_at"": 0, ""partial"": 0, ""trail"": 0, ""entry_mode"": ""close"", ""pb_frac"": 0.5, ""pb_wait"": 15, ""gap"": ""off"", ""gap_min"": 0, ""body_min"": 0, ""volf"": ""off"", ""dow"": ""none""}",363,338,-0.0956,-0.993,-70.54,87,81,-0.0776,-0.401,-19.45,450,419,-0.0921,-1.069,-78.47,38,39,-0.2747,-1.001,-22.12,205,198,-0.0452,-0.318,-35.49,-0.0452,-0.1327,,,,,,,,-9.3,-33.8,-42.9,-17.5
FRA40,LIVE_COMP+MA100,"{""entry_tf"": 1, ""vwap"": true, ""time_stop"": 120, ""legs"": true, ""leg_max"": 6, ""legs_mgmt"": ""fixed"", ""leg_window"": 120, ""ma"": 100, ""dyn"": false, ""big_thr"": 15, ""big_sl"": 35, ""big_tp"": 115, ""std_sl"": 25, ""std_tp"": 42, ""leg_gap"": 15, ""leg_sl"": 35, ""leg_tp"": 115, ""be_at"": 0, ""partial"": 0, ""trail"": 0, ""entry_mode"": ""close"", ""pb_frac"": 0.5, ""pb_wait"": 15, ""gap"": ""off"", ""gap_min"": 0, ""body_min"": 0, ""volf"": ""off"", ""dow"": ""none""}",363,205,-0.0704,-0.964,-44.02,87,42,-0.1414,-1.114,-24.67,450,247,-0.0841,-1.318,-47.09,38,39,-0.2747,-1.001,-22.12,205,136,0.0338,0.282,-19.3,0.0338,-0.1067,,,,,,,,6.9,-31.6,-30.4,-15.8
FRA40,entry_tf5,"{""entry_tf"": 5, ""vwap"": true, ""time_stop"": 120, ""legs"": true, ""leg_max"": 6, ""legs_mgmt"": ""fixed"", ""leg_window"": 120, ""ma"": 0, ""dyn"": false, ""big_thr"": 15, ""big_sl"": 35, ""big_tp"": 115, ""std_sl"": 25, ""std_tp"": 42, ""leg_gap"": 15, ""leg_sl"": 35, ""leg_tp"": 115, ""be_at"": 0, ""partial"": 0, ""trail"": 0, ""entry_mode"": ""close"", ""pb_frac"": 0.5, ""pb_wait"": 15, ""gap"": ""off"", ""gap_min"": 0, ""body_min"": 0, ""volf"": ""off"", ""dow"": ""none""}",363,325,-0.0559,-0.602,-62.36,87,77,-0.2393,-1.372,-28.91,450,402,-0.0913,-1.111,-72.67,38,35,0.0213,0.057,-10.51,205,179,-0.3063,-2.775,-61.6,-0.3063,-0.093,,,,,,,,-62.8,4.4,-58.5,-3.8
FRA40,vwap_off,"{""entry_tf"": 1, ""vwap"": false, ""time_stop"": 120, ""legs"": true, ""leg_max"": 6, ""legs_mgmt"": ""fixed"", ""leg_window"": 120, ""ma"": 0, ""dyn"": false, ""big_thr"": 15, ""big_sl"": 35, ""big_tp"": 115, ""std_sl"": 25, ""std_tp"": 42, ""leg_gap"": 15, ""leg_sl"": 35, ""leg_tp"": 115, ""be_at"": 0, ""partial"": 0, ""trail"": 0, ""entry_mode"": ""close"", ""pb_frac"": 0.5, ""pb_wait"": 15, ""gap"": ""off"", ""gap_min"": 0, ""body_min"": 0, ""volf"": ""off"", ""dow"": ""none""}",363,389,-0.1051,-1.02,-74.93,87,93,-0.1435,-0.703,-15.95,450,482,-0.1125,-1.223,-83.82,38,43,-0.4002,-1.441,-25.69,205,224,-0.1472,-1.012,-55.03,-0.1472,-0.1517,,,,,,,,-30.2,-45.0,-46.0,-20.0
FRA40,legs_off,"{""entry_tf"": 1, ""vwap"": true, ""time_stop"": 120, ""legs"": false, ""leg_max"": 6, ""legs_mgmt"": ""fixed"", ""leg_window"": 120, ""ma"": 0, ""dyn"": false, ""big_thr"": 15, ""big_sl"": 35, ""big_tp"": 115, ""std_sl"": 25, ""std_tp"": 42, ""leg_gap"": 15, ""leg_sl"": 35, ""leg_tp"": 115, ""be_at"": 0, ""partial"": 0, ""trail"": 0, ""entry_mode"": ""close"", ""pb_frac"": 0.5, ""pb_wait"": 15, ""gap"": ""off"", ""gap_min"": 0, ""body_min"": 0, ""volf"": ""off"", ""dow"": ""none""}",363,312,-0.0858,-0.961,-60.57,87,75,-0.0447,-0.246,-20.16,450,387,-0.0778,-0.971,-66.83,38,34,-0.1436,-0.531,-18.06,205,179,-0.1101,-0.961,-35.61,-0.1101,-0.1142,,,,,,,,-22.6,-34.2,-31.7,-11.6
FRA40,dyn_scale,"{""entry_tf"": 1, ""vwap"": true, ""time_stop"": 120, ""legs"": true, ""leg_max"": 6, ""legs_mgmt"": ""fixed"", ""leg_window"": 120, ""ma"": 0, ""dyn"": true, ""big_thr"": 15, ""big_sl"": 35, ""big_tp"": 115, ""std_sl"": 25, ""std_tp"": 42, ""leg_gap"": 15, ""leg_sl"": 35, ""leg_tp"": 115, ""be_at"": 0, ""partial"": 0, ""trail"": 0, ""entry_mode"": ""close"", ""pb_frac"": 0.5, ""pb_wait"": 15, ""gap"": ""off"", ""gap_min"": 0, ""body_min"": 0, ""volf"": ""off"", ""dow"": ""none""}",363,336,-0.1138,-1.214,-72.29,87,81,-0.1093,-0.575,-19.48,450,417,-0.1129,-1.344,-83.08,38,39,-0.2592,-0.952,-21.52,205,198,-0.118,-0.863,-45.05,-0.118,-0.1824,,,,,,,,-24.2,-55.8,-50.8,-18.4
FRA40,legs_same_mgmt_be1,"{""entry_tf"": 1, ""vwap"": true, ""time_stop"": 120, ""legs"": true, ""leg_max"": 6, ""legs_mgmt"": ""same"", ""leg_window"": 120, ""ma"": 0, ""dyn"": false, ""big_thr"": 15, ""big_sl"": 35, ""big_tp"": 115, ""std_sl"": 25, ""std_tp"": 42, ""leg_gap"": 15, ""leg_sl"": 35, ""leg_tp"": 115, ""be_at"": 1.0, ""partial"": 0, ""trail"": 0, ""entry_mode"": ""close"", ""pb_frac"": 0.5, ""pb_wait"": 15, ""gap"": ""off"", ""gap_min"": 0, ""body_min"": 0, ""volf"": ""off"", ""dow"": ""none""}",363,338,-0.1422,-1.756,-73.78,87,81,-0.2949,-2.077,-31.96,450,419,-0.1717,-2.421,-101.32,38,39,-0.4898,-2.616,-23.03,205,198,-0.1235,-1.138,-39.96,-0.1235,-0.1869,,,,,,,,-25.3,-33.6,-54.5,-48.5
FRA40,time_stop_60,"{""entry_tf"": 1, ""vwap"": true, ""time_stop"": 60, ""legs"": true, ""leg_max"": 6, ""legs_mgmt"": ""fixed"", ""leg_window"": 120, ""ma"": 0, ""dyn"": false, ""big_thr"": 15, ""big_sl"": 35, ""big_tp"": 115, ""std_sl"": 25, ""std_tp"": 42, ""leg_gap"": 15, ""leg_sl"": 35, ""leg_tp"": 115, ""be_at"": 0, ""partial"": 0, ""trail"": 0, ""entry_mode"": ""close"", ""pb_frac"": 0.5, ""pb_wait"": 15, ""gap"": ""off"", ""gap_min"": 0, ""body_min"": 0, ""volf"": ""off"", ""dow"": ""none""}",363,338,-0.1183,-1.283,-71.39,87,81,-0.1283,-0.719,-22.51,450,419,-0.1203,-1.467,-83.73,38,39,-0.2294,-0.836,-20.42,205,198,-0.0669,-0.495,-33.48,-0.0669,-0.1533,,,,,,,,-13.7,-33.1,-44.9,-27.4
FRA40,time_stop_90,"{""entry_tf"": 1, ""vwap"": true, ""time_stop"": 90, ""legs"": true, ""leg_max"": 6, ""legs_mgmt"": ""fixed"", ""leg_window"": 120, ""ma"": 0, ""dyn"": false, ""big_thr"": 15, ""big_sl"": 35, ""big_tp"": 115, ""std_sl"": 25, ""std_tp"": 42, ""leg_gap"": 15, ""leg_sl"": 35, ""leg_tp"": 115, ""be_at"": 0, ""partial"": 0, ""trail"": 0, ""entry_mode"": ""close"", ""pb_frac"": 0.5, ""pb_wait"": 15, ""gap"": ""off"", ""gap_min"": 0, ""body_min"": 0, ""volf"": ""off"", ""dow"": ""none""}",363,338,-0.1099,-1.167,-71.95,87,81,-0.097,-0.509,-19.06,450,419,-0.1074,-1.272,-81.56,38,39,-0.25,-0.927,-20.91,205,198,0.0114,0.081,-32.28,0.0114,-0.1382,,,,,,,,2.3,-30.4,-43.2,-23.1
FRA40,time_stop_180,"{""entry_tf"": 1, ""vwap"": true, ""time_stop"": 180, ""legs"": true, ""leg_max"": 6, ""legs_mgmt"": ""fixed"", ""leg_window"": 120, ""ma"": 0, ""dyn"": false, ""big_thr"": 15, ""big_sl"": 35, ""big_tp"": 115, ""std_sl"": 25, ""std_tp"": 42, ""leg_gap"": 15, ""leg_sl"": 35, ""leg_tp"": 115, ""be_at"": 0, ""partial"": 0, ""trail"": 0, ""entry_mode"": ""close"", ""pb_frac"": 0.5, ""pb_wait"": 15, ""gap"": ""off"", ""gap_min"": 0, ""body_min"": 0, ""volf"": ""off"", ""dow"": ""none""}",363,338,-0.1007,-1.033,-71.87,87,81,-0.1576,-0.816,-22.18,450,419,-0.1117,-1.283,-86.75,38,39,-0.305,-1.082,-24.66,205,198,-0.0748,-0.528,-36.79,-0.0748,-0.1515,,,,,,,,-15.3,-36.8,-44.3,-26.0
FRA40,time_stop_240,"{""entry_tf"": 1, ""vwap"": true, ""time_stop"": 240, ""legs"": true, ""leg_max"": 6, ""legs_mgmt"": ""fixed"", ""leg_window"": 120, ""ma"": 0, ""dyn"": false, ""big_thr"": 15, ""big_sl"": 35, ""big_tp"": 115, ""std_sl"": 25, ""std_tp"": 42, ""leg_gap"": 15, ""leg_sl"": 35, ""leg_tp"": 115, ""be_at"": 0, ""partial"": 0, ""trail"": 0, ""entry_mode"": ""close"", ""pb_frac"": 0.5, ""pb_wait"": 15, ""gap"": ""off"", ""gap_min"": 0, ""body_min"": 0, ""volf"": ""off"", ""dow"": ""none""}",363,338,-0.0963,-0.985,-71.08,87,81,-0.1734,-0.897,-22.91,450,419,-0.1112,-1.273,-87.34,38,39,-0.2263,-0.731,-23.59,205,198,-0.0693,-0.486,-38.49,-0.0693,-0.1561,,,,,,,,-14.2,-39.9,-45.0,-22.1
FRA40,time_stop_999,"{""entry_tf"": 1, ""vwap"": true, ""time_stop"": 999, ""legs"": true, ""leg_max"": 6, ""legs_mgmt"": ""fixed"", ""leg_window"": 120, ""ma"": 0, ""dyn"": false, ""big_thr"": 15, ""big_sl"": 35, ""big_tp"": 115, ""std_sl"": 25, ""std_tp"": 42, ""leg_gap"": 15, ""leg_sl"": 35, ""leg_tp"": 115, ""be_at"": 0, ""partial"": 0, ""trail"": 0, ""entry_mode"": ""close"", ""pb_frac"": 0.5, ""pb_wait"": 15, ""gap"": ""off"", ""gap_min"": 0, ""body_min"": 0, ""volf"": ""off"", ""dow"": ""none""}",363,338,-0.0941,-0.958,-70.27,87,81,-0.1734,-0.897,-22.91,450,419,-0.1094,-1.249,-86.53,38,39,-0.2642,-0.856,-25.03,205,198,-0.076,-0.518,-39.31,-0.076,-0.1471,,,,,,,,-15.6,-35.1,-42.6,-25.2
FRA40,be_at_0.5,"{""entry_tf"": 1, ""vwap"": true, ""time_stop"": 120, ""legs"": true, ""leg_max"": 6, ""legs_mgmt"": ""fixed"", ""leg_window"": 120, ""ma"": 0, ""dyn"": false, ""big_thr"": 15, ""big_sl"": 35, ""big_tp"": 115, ""std_sl"": 25, ""std_tp"": 42, ""leg_gap"": 15, ""leg_sl"": 35, ""leg_tp"": 115, ""be_at"": 0.5, ""partial"": 0, ""trail"": 0, ""entry_mode"": ""close"", ""pb_frac"": 0.5, ""pb_wait"": 15, ""gap"": ""off"", ""gap_min"": 0, ""body_min"": 0, ""volf"": ""off"", ""dow"": ""none""}",363,338,-0.1185,-1.6,-66.57,87,81,-0.2292,-1.641,-23.96,450,419,-0.1399,-2.133,-86.12,38,39,-0.3326,-1.842,-18.03,205,198,-0.0484,-0.413,-35.49,-0.0484,-0.1806,,,,,,,,-9.9,-47.8,-56.6,-22.2
FRA40,be_at_1.0,"{""entry_tf"": 1, ""vwap"": true, ""time_stop"": 120, ""legs"": true, ""leg_max"": 6, ""legs_mgmt"": ""fixed"", ""leg_window"": 120, ""ma"": 0, ""dyn"": false, ""big_thr"": 15, ""big_sl"": 35, ""big_tp"": 115, ""std_sl"": 25, ""std_tp"": 42, ""leg_gap"": 15, ""leg_sl"": 35, ""leg_tp"": 115, ""be_at"": 1.0, ""partial"": 0, ""trail"": 0, ""entry_mode"": ""close"", ""pb_frac"": 0.5, ""pb_wait"": 15, ""gap"": ""off"", ""gap_min"": 0, ""body_min"": 0, ""volf"": ""off"", ""dow"": ""none""}",363,338,-0.1414,-1.696,-72.49,87,81,-0.2686,-1.747,-28.68,450,419,-0.166,-2.256,-96.75,38,39,-0.4905,-2.625,-23.03,205,198,-0.067,-0.534,-42.81,-0.067,-0.1844,,,,,,,,-13.7,-35.6,-55.2,-44.2
FRA40,be_at_1.5,"{""entry_tf"": 1, ""vwap"": true, ""time_stop"": 120, ""legs"": true, ""leg_max"": 6, ""legs_mgmt"": ""fixed"", ""leg_window"": 120, ""ma"": 0, ""dyn"": false, ""big_thr"": 15, ""big_sl"": 35, ""big_tp"": 115, ""std_sl"": 25, ""std_tp"": 42, ""leg_gap"": 15, ""leg_sl"": 35, ""leg_tp"": 115, ""be_at"": 1.5, ""partial"": 0, ""trail"": 0, ""entry_mode"": ""close"", ""pb_frac"": 0.5, ""pb_wait"": 15, ""gap"": ""off"", ""gap_min"": 0, ""body_min"": 0, ""volf"": ""off"", ""dow"": ""none""}",363,338,-0.1406,-1.59,-74.77,87,81,-0.1571,-0.901,-22.86,450,419,-0.1438,-1.823,-91.62,38,39,-0.363,-1.553,-24.76,205,198,-0.0736,-0.558,-45.45,-0.0736,-0.1654,,,,,,,,-15.1,-28.7,-56.2,-33.2
FRA40,be_at_2.0,"{""entry_tf"": 1, ""vwap"": true, ""time_stop"": 120, ""legs"": true, ""leg_max"": 6, ""legs_mgmt"": ""fixed"", ""leg_window"": 120, ""ma"": 0, ""dyn"": false, ""big_thr"": 15, ""big_sl"": 35, ""big_tp"": 115, ""std_sl"": 25, ""std_tp"": 42, ""leg_gap"": 15, ""leg_sl"": 35, ""leg_tp"": 115, ""be_at"": 2.0, ""partial"": 0, ""trail"": 0, ""entry_mode"": ""close"", ""pb_frac"": 0.5, ""pb_wait"": 15, ""gap"": ""off"", ""gap_min"": 0, ""body_min"": 0, ""volf"": ""off"", ""dow"": ""none""}",363,338,-0.1486,-1.639,-79.01,87,81,-0.1009,-0.547,-18.32,450,419,-0.1394,-1.713,-90.96,38,39,-0.4157,-1.739,-26.76,205,198,-0.0633,-0.458,-37.66,-0.0633,-0.1735,,,,,,,,-13.0,-36.5,-55.0,-33.7
FRA40,partial_1.0,"{""entry_tf"": 1, ""vwap"": true, ""time_stop"": 120, ""legs"": true, ""leg_max"": 6, ""legs_mgmt"": ""fixed"", ""leg_window"": 120, ""ma"": 0, ""dyn"": false, ""big_thr"": 15, ""big_sl"": 35, ""big_tp"": 115, ""std_sl"": 25, ""std_tp"": 42, ""leg_gap"": 15, ""leg_sl"": 35, ""leg_tp"": 115, ""be_at"": 0, ""partial"": 1.0, ""trail"": 0, ""entry_mode"": ""close"", ""pb_frac"": 0.5, ""pb_wait"": 15, ""gap"": ""off"", ""gap_min"": 0, ""body_min"": 0, ""volf"": ""off"", ""dow"": ""none""}",363,338,-0.1617,-2.276,-77.55,87,81,-0.1551,-1.105,-16.7,450,419,-0.1604,-2.53,-89.5,38,39,-0.2886,-1.523,-17.93,205,198,-0.0423,-0.386,-34.43,-0.0423,-0.19,,,,,,,,-8.7,-46.9,-52.0,-31.9
FRA40,partial_1.5,"{""entry_tf"": 1, ""vwap"": true, ""time_stop"": 120, ""legs"": true, ""leg_max"": 6, ""legs_mgmt"": ""fixed"", ""leg_window"": 120, ""ma"": 0, ""dyn"": false, ""big_thr"": 15, ""big_sl"": 35, ""big_tp"": 115, ""std_sl"": 25, ""std_tp"": 42, ""leg_gap"": 15, ""leg_sl"": 35, ""leg_tp"": 115, ""be_at"": 0, ""partial"": 1.5, ""trail"": 0, ""entry_mode"": ""close"", ""pb_frac"": 0.5, ""pb_wait"": 15, ""gap"": ""off"", ""gap_min"": 0, ""body_min"": 0, ""volf"": ""off"", ""dow"": ""none""}",363,338,-0.1535,-1.99,-78.3,87,81,-0.1235,-0.811,-17.89,450,419,-0.1477,-2.146,-88.25,38,39,-0.2755,-1.329,-17.86,205,198,-0.0288,-0.244,-34.49,-0.0288,-0.1669,,,,,,,,-5.9,-36.1,-50.8,-28.9
FRA40,partial_2.0,"{""entry_tf"": 1, ""vwap"": true, ""time_stop"": 120, ""legs"": true, ""leg_max"": 6, ""legs_mgmt"": ""fixed"", ""leg_window"": 120, ""ma"": 0, ""dyn"": false, ""big_thr"": 15, ""big_sl"": 35, ""big_tp"": 115, ""std_sl"": 25, ""std_tp"": 42, ""leg_gap"": 15, ""leg_sl"": 35, ""leg_tp"": 115, ""be_at"": 0, ""partial"": 2.0, ""trail"": 0, ""entry_mode"": ""close"", ""pb_frac"": 0.5, ""pb_wait"": 15, ""gap"": ""off"", ""gap_min"": 0, ""body_min"": 0, ""volf"": ""off"", ""dow"": ""none""}",363,338,-0.1404,-1.699,-73.88,87,81,-0.0861,-0.521,-17.64,450,419,-0.1299,-1.757,-82.33,38,39,-0.2623,-1.142,-18.43,205,198,-0.0603,-0.478,-36.19,-0.0603,-0.1657,,,,,,,,-12.4,-42.3,-45.5,-26.7
FRA40,partial_3.0,"{""entry_tf"": 1, ""vwap"": true, ""time_stop"": 120, ""legs"": true, ""leg_max"": 6, ""legs_mgmt"": ""fixed"", ""leg_window"": 120, ""ma"": 0, ""dyn"": false, ""big_thr"": 15, ""big_sl"": 35, ""big_tp"": 115, ""std_sl"": 25, ""std_tp"": 42, ""leg_gap"": 15, ""leg_sl"": 35, ""leg_tp"": 115, ""be_at"": 0, ""partial"": 3.0, ""trail"": 0, ""entry_mode"": ""close"", ""pb_frac"": 0.5, ""pb_wait"": 15, ""gap"": ""off"", ""gap_min"": 0, ""body_min"": 0, ""volf"": ""off"", ""dow"": ""none""}",363,338,-0.096,-1.014,-68.42,87,81,-0.076,-0.402,-19.73,450,419,-0.0922,-1.088,-75.78,38,39,-0.2935,-1.091,-22.26,205,198,-0.0502,-0.358,-35.76,-0.0502,-0.1316,,,,,,,,-10.3,-32.8,-41.1,-20.3
FRA40,trail_1.0,"{""entry_tf"": 1, ""vwap"": true, ""time_stop"": 120, ""legs"": true, ""leg_max"": 6, ""legs_mgmt"": ""fixed"", ""leg_window"": 120, ""ma"": 0, ""dyn"": false, ""big_thr"": 15, ""big_sl"": 35, ""big_tp"": 115, ""std_sl"": 25, ""std_tp"": 42, ""leg_gap"": 15, ""leg_sl"": 35, ""leg_tp"": 115, ""be_at"": 0, ""partial"": 0, ""trail"": 1.0, ""entry_mode"": ""close"", ""pb_frac"": 0.5, ""pb_wait"": 15, ""gap"": ""off"", ""gap_min"": 0, ""body_min"": 0, ""volf"": ""off"", ""dow"": ""none""}",363,338,-0.1072,-1.672,-59.44,87,81,-0.2132,-1.757,-22.32,450,419,-0.1277,-2.247,-73.77,38,39,-0.2566,-1.842,-11.93,205,198,-0.0285,-0.272,-27.79,-0.0285,-0.1504,,,,,,,,-5.9,-35.9,-39.0,-29.7
FRA40,trail_1.5,"{""entry_tf"": 1, ""vwap"": true, ""time_stop"": 120, ""legs"": true, ""leg_max"": 6, ""legs_mgmt"": ""fixed"", ""leg_window"": 120, ""ma"": 0, ""dyn"": false, ""big_thr"": 15, ""big_sl"": 35, ""big_tp"": 115, ""std_sl"": 25, ""std_tp"": 42, ""leg_gap"": 15, ""leg_sl"": 35, ""leg_tp"": 115, ""be_at"": 0, ""partial"": 0, ""trail"": 1.5, ""entry_mode"": ""close"", ""pb_frac"": 0.5, ""pb_wait"": 15, ""gap"": ""off"", ""gap_min"": 0, ""body_min"": 0, ""volf"": ""off"", ""dow"": ""none""}",363,338,-0.1309,-1.672,-76.98,87,81,-0.2769,-1.996,-27.42,450,419,-0.1591,-2.318,-98.97,38,39,-0.2983,-1.451,-19.16,205,198,-0.1216,-1.051,-43.83,-0.1216,-0.1704,,,,,,,,-24.9,-28.8,-55.7,-34.3
FRA40,trail_2.0,"{""entry_tf"": 1, ""vwap"": true, ""time_stop"": 120, ""legs"": true, ""leg_max"": 6, ""legs_mgmt"": ""fixed"", ""leg_window"": 120, ""ma"": 0, ""dyn"": false, ""big_thr"": 15, ""big_sl"": 35, ""big_tp"": 115, ""std_sl"": 25, ""std_tp"": 42, ""leg_gap"": 15, ""leg_sl"": 35, ""leg_tp"": 115, ""be_at"": 0, ""partial"": 0, ""trail"": 2.0, ""entry_mode"": ""close"", ""pb_frac"": 0.5, ""pb_wait"": 15, ""gap"": ""off"", ""gap_min"": 0, ""body_min"": 0, ""volf"": ""off"", ""dow"": ""none""}",363,338,-0.1477,-1.725,-77.29,87,81,-0.1324,-0.767,-22.41,450,419,-0.1447,-1.887,-93.62,38,39,-0.3232,-1.393,-23.25,205,198,-0.0962,-0.743,-45.34,-0.0962,-0.1679,,,,,,,,-19.7,-31.7,-56.0,-30.5
FRA40,trail_3.0,"{""entry_tf"": 1, ""vwap"": true, ""time_stop"": 120, ""legs"": true, ""leg_max"": 6, ""legs_mgmt"": ""fixed"", ""leg_window"": 120, ""ma"": 0, ""dyn"": false, ""big_thr"": 15, ""big_sl"": 35, ""big_tp"": 115, ""std_sl"": 25, ""std_tp"": 42, ""leg_gap"": 15, ""leg_sl"": 35, ""leg_tp"": 115, ""be_at"": 0, ""partial"": 0, ""trail"": 3.0, ""entry_mode"": ""close"", ""pb_frac"": 0.5, ""pb_wait"": 15, ""gap"": ""off"", ""gap_min"": 0, ""body_min"": 0, ""volf"": ""off"", ""dow"": ""none""}",363,338,-0.0901,-0.953,-65.14,87,81,-0.0384,-0.202,-19.42,450,419,-0.0801,-0.946,-71.06,38,39,-0.362,-1.399,-24.72,205,198,-0.0226,-0.16,-32.65,-0.0226,-0.1197,,,,,,,,-4.6,-27.5,-38.8,-23.0
FRA40,runner_noTP_120,"{""entry_tf"": 1, ""vwap"": true, ""time_stop"": 120, ""legs"": true, ""leg_max"": 6, ""legs_mgmt"": ""fixed"", ""leg_window"": 120, ""ma"": 0, ""dyn"": false, ""big_thr"": 15, ""big_sl"": 35, ""big_tp"": 0, ""std_sl"": 25, ""std_tp"": 0, ""leg_gap"": 15, ""leg_sl"": 35, ""leg_tp"": 115, ""be_at"": 0, ""partial"": 0, ""trail"": 0, ""entry_mode"": ""close"", ""pb_frac"": 0.5, ""pb_wait"": 15, ""gap"": ""off"", ""gap_min"": 0, ""body_min"": 0, ""volf"": ""off"", ""dow"": ""none""}",363,338,-0.0651,-0.538,-89.89,87,81,-0.018,-0.069,-22.29,450,419,-0.056,-0.511,-99.21,38,39,0.101,0.205,-19.48,205,198,-0.0204,-0.1,-55.35,-0.0204,-0.0901,,,,,,,,-4.2,-2.4,-65.3,14.6
FRA40,runner_noTP_trail1.5_close,"{""entry_tf"": 1, ""vwap"": true, ""time_stop"": 999, ""legs"": true, ""leg_max"": 6, ""legs_mgmt"": ""fixed"", ""leg_window"": 120, ""ma"": 0, ""dyn"": false, ""big_thr"": 15, ""big_sl"": 35, ""big_tp"": 0, ""std_sl"": 25, ""std_tp"": 0, ""leg_gap"": 15, ""leg_sl"": 35, ""leg_tp"": 115, ""be_at"": 0, ""partial"": 0, ""trail"": 1.5, ""entry_mode"": ""close"", ""pb_frac"": 0.5, ""pb_wait"": 15, ""gap"": ""off"", ""gap_min"": 0, ""body_min"": 0, ""volf"": ""off"", ""dow"": ""none""}",363,338,-0.0939,-1.042,-80.61,87,81,-0.2897,-2.064,-32.02,450,419,-0.1318,-1.696,-105.79,38,39,-0.2383,-0.961,-19.99,205,198,-0.1316,-1.095,-46.65,-0.1316,-0.1422,,,,,,,,-27.0,-12.7,-55.2,-30.9
FRA40,runner_noTP_be1_trail2_close,"{""entry_tf"": 1, ""vwap"": true, ""time_stop"": 999, ""legs"": true, ""leg_max"": 6, ""legs_mgmt"": ""fixed"", ""leg_window"": 120, ""ma"": 0, ""dyn"": false, ""big_thr"": 15, ""big_sl"": 35, ""big_tp"": 0, ""std_sl"": 25, ""std_tp"": 0, ""leg_gap"": 15, ""leg_sl"": 35, ""leg_tp"": 115, ""be_at"": 1.0, ""partial"": 0, ""trail"": 2.0, ""entry_mode"": ""close"", ""pb_frac"": 0.5, ""pb_wait"": 15, ""gap"": ""off"", ""gap_min"": 0, ""body_min"": 0, ""volf"": ""off"", ""dow"": ""none""}",363,338,-0.1331,-1.381,-90.05,87,81,-0.2797,-1.897,-30.61,450,419,-0.1614,-1.949,-116.71,38,39,-0.4744,-2.341,-23.14,205,198,-0.0641,-0.474,-37.66,-0.0641,-0.18,,,,,,,,-13.1,-29.2,-63.6,-38.8
FRA40,pullback_0.3_5,"{""entry_tf"": 1, ""vwap"": true, ""time_stop"": 120, ""legs"": true, ""leg_max"": 6, ""legs_mgmt"": ""fixed"", ""leg_window"": 120, ""ma"": 0, ""dyn"": false, ""big_thr"": 15, ""big_sl"": 35, ""big_tp"": 115, ""std_sl"": 25, ""std_tp"": 42, ""leg_gap"": 15, ""leg_sl"": 35, ""leg_tp"": 115, ""be_at"": 0, ""partial"": 0, ""trail"": 0, ""entry_mode"": ""pb"", ""pb_frac"": 0.3, ""pb_wait"": 5, ""gap"": ""off"", ""gap_min"": 0, ""body_min"": 0, ""volf"": ""off"", ""dow"": ""none""}",363,250,-0.1292,-1.64,-73.04,87,59,-0.0583,-0.357,-16.58,450,309,-0.1155,-1.627,-80.25,38,29,-0.1407,-0.56,-8.59,205,142,-0.0911,-0.837,-28.22,-0.0911,-0.1361,,,,,,,,-18.7,-29.7,-32.3,-29.3
FRA40,pullback_0.3_15,"{""entry_tf"": 1, ""vwap"": true, ""time_stop"": 120, ""legs"": true, ""leg_max"": 6, ""legs_mgmt"": ""fixed"", ""leg_window"": 120, ""ma"": 0, ""dyn"": false, ""big_thr"": 15, ""big_sl"": 35, ""big_tp"": 115, ""std_sl"": 25, ""std_tp"": 42, ""leg_gap"": 15, ""leg_sl"": 35, ""leg_tp"": 115, ""be_at"": 0, ""partial"": 0, ""trail"": 0, ""entry_mode"": ""pb"", ""pb_frac"": 0.3, ""pb_wait"": 15, ""gap"": ""off"", ""gap_min"": 0, ""body_min"": 0, ""volf"": ""off"", ""dow"": ""none""}",363,275,-0.1876,-2.301,-91.17,87,68,0.0199,0.112,-16.99,450,343,-0.1475,-1.984,-90.38,38,31,-0.2034,-0.789,-10.12,205,164,-0.0403,-0.341,-29.17,-0.0403,-0.1663,,,,,,,,-8.3,-32.9,-37.4,-42.4
FRA40,pullback_0.5_5,"{""entry_tf"": 1, ""vwap"": true, ""time_stop"": 120, ""legs"": true, ""leg_max"": 6, ""legs_mgmt"": ""fixed"", ""leg_window"": 120, ""ma"": 0, ""dyn"": false, ""big_thr"": 15, ""big_sl"": 35, ""big_tp"": 115, ""std_sl"": 25, ""std_tp"": 42, ""leg_gap"": 15, ""leg_sl"": 35, ""leg_tp"": 115, ""be_at"": 0, ""partial"": 0, ""trail"": 0, ""entry_mode"": ""pb"", ""pb_frac"": 0.5, ""pb_wait"": 5, ""gap"": ""off"", ""gap_min"": 0, ""body_min"": 0, ""volf"": ""off"", ""dow"": ""none""}",363,205,-0.0593,-0.816,-40.87,87,45,0.0067,0.045,-12.01,450,250,-0.0466,-0.713,-39.22,38,21,-0.2479,-1.384,-11.15,205,114,-0.0904,-0.916,-27.69,-0.0904,-0.0715,,,,,,,,-18.5,-16.1,-2.5,-35.9
FRA40,pullback_0.5_15,"{""entry_tf"": 1, ""vwap"": true, ""time_stop"": 120, ""legs"": true, ""leg_max"": 6, ""legs_mgmt"": ""fixed"", ""leg_window"": 120, ""ma"": 0, ""dyn"": false, ""big_thr"": 15, ""big_sl"": 35, ""big_tp"": 115, ""std_sl"": 25, ""std_tp"": 42, ""leg_gap"": 15, ""leg_sl"": 35, ""leg_tp"": 115, ""be_at"": 0, ""partial"": 0, ""trail"": 0, ""entry_mode"": ""pb"", ""pb_frac"": 0.5, ""pb_wait"": 15, ""gap"": ""off"", ""gap_min"": 0, ""body_min"": 0, ""volf"": ""off"", ""dow"": ""none""}",363,245,-0.0899,-1.154,-48.17,87,54,-0.0181,-0.113,-9.87,450,299,-0.076,-1.085,-48.04,38,26,-0.2919,-1.362,-12.82,205,144,-0.0463,-0.415,-30.75,-0.0463,-0.1077,,,,,,,,-9.5,-25.9,-6.8,-46.4
FRA40,gap_with_0,"{""entry_tf"": 1, ""vwap"": true, ""time_stop"": 120, ""legs"": true, ""leg_max"": 6, ""legs_mgmt"": ""fixed"", ""leg_window"": 120, ""ma"": 0, ""dyn"": false, ""big_thr"": 15, ""big_sl"": 35, ""big_tp"": 115, ""std_sl"": 25, ""std_tp"": 42, ""leg_gap"": 15, ""leg_sl"": 35, ""leg_tp"": 115, ""be_at"": 0, ""partial"": 0, ""trail"": 0, ""entry_mode"": ""close"", ""pb_frac"": 0.5, ""pb_wait"": 15, ""gap"": ""with"", ""gap_min"": 0, ""body_min"": 0, ""volf"": ""off"", ""dow"": ""none""}",363,175,-0.0675,-0.984,-41.83,87,46,-0.1203,-0.835,-15.14,450,221,-0.0777,-1.255,-48.02,38,22,-0.1398,-0.635,-14.38,205,110,0.0026,0.025,-14.59,0.0026,-0.1009,,,,,,,,0.5,-47.3,-10.4,-11.2
FRA40,gap_with_50,"{""entry_tf"": 1, ""vwap"": true, ""time_stop"": 120, ""legs"": true, ""leg_max"": 6, ""legs_mgmt"": ""fixed"", ""leg_window"": 120, ""ma"": 0, ""dyn"": false, ""big_thr"": 15, ""big_sl"": 35, ""big_tp"": 115, ""std_sl"": 25, ""std_tp"": 42, ""leg_gap"": 15, ""leg_sl"": 35, ""leg_tp"": 115, ""be_at"": 0, ""partial"": 0, ""trail"": 0, ""entry_mode"": ""close"", ""pb_frac"": 0.5, ""pb_wait"": 15, ""gap"": ""with"", ""gap_min"": 50, ""body_min"": 0, ""volf"": ""off"", ""dow"": ""none""}",363,127,-0.0405,-0.683,-29.2,87,32,-0.1161,-0.941,-13.42,450,159,-0.0551,-1.031,-35.03,38,15,0.0797,0.398,-7.63,205,81,0.0143,0.17,-12.86,0.0143,-0.0855,,,,,,,,2.9,-38.5,-9.1,-3.3
FRA40,gap_against_0,"{""entry_tf"": 1, ""vwap"": true, ""time_stop"": 120, ""legs"": true, ""leg_max"": 6, ""legs_mgmt"": ""fixed"", ""leg_window"": 120, ""ma"": 0, ""dyn"": false, ""big_thr"": 15, ""big_sl"": 35, ""big_tp"": 115, ""std_sl"": 25, ""std_tp"": 42, ""leg_gap"": 15, ""leg_sl"": 35, ""leg_tp"": 115, ""be_at"": 0, ""partial"": 0, ""trail"": 0, ""entry_mode"": ""close"", ""pb_frac"": 0.5, ""pb_wait"": 15, ""gap"": ""against"", ""gap_min"": 0, ""body_min"": 0, ""volf"": ""off"", ""dow"": ""none""}",363,163,-0.0281,-0.415,-47.13,87,35,0.0427,0.332,-8.82,450,198,-0.0144,-0.24,-43.83,38,17,-0.1349,-0.808,-10.83,205,85,-0.093,-1.067,-29.46,-0.093,-0.0318,,,,,,,,-19.1,13.5,-32.4,-6.3
FRA40,gap_against_50,"{""entry_tf"": 1, ""vwap"": true, ""time_stop"": 120, ""legs"": true, ""leg_max"": 6, ""legs_mgmt"": ""fixed"", ""leg_window"": 120, ""ma"": 0, ""dyn"": false, ""big_thr"": 15, ""big_sl"": 35, ""big_tp"": 115, ""std_sl"": 25, ""std_tp"": 42, ""leg_gap"": 15, ""leg_sl"": 35, ""leg_tp"": 115, ""be_at"": 0, ""partial"": 0, ""trail"": 0, ""entry_mode"": ""close"", ""pb_frac"": 0.5, ""pb_wait"": 15, ""gap"": ""against"", ""gap_min"": 50, ""body_min"": 0, ""volf"": ""off"", ""dow"": ""none""}",363,126,0.0098,0.158,-33.24,87,28,0.0599,0.505,-7.4,450,154,0.0195,0.354,-31.43,38,8,0.0875,0.627,-4.77,205,61,-0.0698,-0.92,-24.08,-0.0698,-0.0051,,,,,,,,-14.3,18.0,-19.9,2.0
FRA40,body_min_0.3,"{""entry_tf"": 1, ""vwap"": true, ""time_stop"": 120, ""legs"": true, ""leg_max"": 6, ""legs_mgmt"": ""fixed"", ""leg_window"": 120, ""ma"": 0, ""dyn"": false, ""big_thr"": 15, ""big_sl"": 35, ""big_tp"": 115, ""std_sl"": 25, ""std_tp"": 42, ""leg_gap"": 15, ""leg_sl"": 35, ""leg_tp"": 115, ""be_at"": 0, ""partial"": 0, ""trail"": 0, ""entry_mode"": ""close"", ""pb_frac"": 0.5, ""pb_wait"": 15, ""gap"": ""off"", ""gap_min"": 0, ""body_min"": 0.3, ""volf"": ""off"", ""dow"": ""none""}",363,277,-0.1784,-2.127,-84.71,87,63,-0.1979,-1.2,-19.51,450,340,-0.1822,-2.435,-98.8,38,35,-0.2621,-1.02,-23.54,205,156,-0.0474,-0.381,-26.14,-0.0474,-0.2084,,,,,,,,-9.7,-52.4,-70.8,-18.3
FRA40,body_min_0.5,"{""entry_tf"": 1, ""vwap"": true, ""time_stop"": 120, ""legs"": true, ""leg_max"": 6, ""legs_mgmt"": ""fixed"", ""leg_window"": 120, ""ma"": 0, ""dyn"": false, ""big_thr"": 15, ""big_sl"": 35, ""big_tp"": 115, ""std_sl"": 25, ""std_tp"": 42, ""leg_gap"": 15, ""leg_sl"": 35, ""leg_tp"": 115, ""be_at"": 0, ""partial"": 0, ""trail"": 0, ""entry_mode"": ""close"", ""pb_frac"": 0.5, ""pb_wait"": 15, ""gap"": ""off"", ""gap_min"": 0, ""body_min"": 0.5, ""volf"": ""off"", ""dow"": ""none""}",363,204,-0.1587,-2.283,-82.55,87,42,-0.2325,-1.892,-19.04,450,246,-0.173,-2.839,-95.15,38,30,-0.3309,-1.499,-19.97,205,125,-0.072,-0.669,-30.36,-0.072,-0.1863,,,,,,,,-14.8,-43.8,-67.1,-19.2
FRA40,volf_skip_low,"{""entry_tf"": 1, ""vwap"": true, ""time_stop"": 120, ""legs"": true, ""leg_max"": 6, ""legs_mgmt"": ""fixed"", ""leg_window"": 120, ""ma"": 0, ""dyn"": false, ""big_thr"": 15, ""big_sl"": 35, ""big_tp"": 115, ""std_sl"": 25, ""std_tp"": 42, ""leg_gap"": 15, ""leg_sl"": 35, ""leg_tp"": 115, ""be_at"": 0, ""partial"": 0, ""trail"": 0, ""entry_mode"": ""close"", ""pb_frac"": 0.5, ""pb_wait"": 15, ""gap"": ""off"", ""gap_min"": 0, ""body_min"": 0, ""volf"": ""skip_low"", ""dow"": ""none""}",363,292,-0.0665,-0.729,-54.77,87,73,-0.1378,-0.752,-19.45,450,365,-0.0803,-0.983,-69.13,38,33,-0.2727,-1.085,-21.33,205,163,0.0337,0.25,-26.74,0.0337,-0.1191,,,,,,,,6.9,-27.7,-38.3,-19.5
FRA40,volf_skip_high,"{""entry_tf"": 1, ""vwap"": true, ""time_stop"": 120, ""legs"": true, ""leg_max"": 6, ""legs_mgmt"": ""fixed"", ""leg_window"": 120, ""ma"": 0, ""dyn"": false, ""big_thr"": 15, ""big_sl"": 35, ""big_tp"": 115, ""std_sl"": 25, ""std_tp"": 42, ""leg_gap"": 15, ""leg_sl"": 35, ""leg_tp"": 115, ""be_at"": 0, ""partial"": 0, ""trail"": 0, ""entry_mode"": ""close"", ""pb_frac"": 0.5, ""pb_wait"": 15, ""gap"": ""off"", ""gap_min"": 0, ""body_min"": 0, ""volf"": ""skip_high"", ""dow"": ""none""}",363,291,-0.1302,-1.51,-70.5,87,73,-0.0173,-0.093,-12.3,450,364,-0.1084,-1.382,-75.11,38,35,-0.2621,-1.02,-22.83,205,174,-0.0243,-0.179,-39.12,-0.0243,-0.1663,,,,,,,,-5.0,-57.2,-48.1,-9.6
FRA40,volf_mid,"{""entry_tf"": 1, ""vwap"": true, ""time_stop"": 120, ""legs"": true, ""leg_max"": 6, ""legs_mgmt"": ""fixed"", ""leg_window"": 120, ""ma"": 0, ""dyn"": false, ""big_thr"": 15, ""big_sl"": 35, ""big_tp"": 115, ""std_sl"": 25, ""std_tp"": 42, ""leg_gap"": 15, ""leg_sl"": 35, ""leg_tp"": 115, ""be_at"": 0, ""partial"": 0, ""trail"": 0, ""entry_mode"": ""close"", ""pb_frac"": 0.5, ""pb_wait"": 15, ""gap"": ""off"", ""gap_min"": 0, ""body_min"": 0, ""volf"": ""mid"", ""dow"": ""none""}",363,245,-0.1011,-1.255,-54.98,87,65,-0.0775,-0.439,-12.68,450,310,-0.0966,-1.315,-66.47,38,29,-0.26,-1.122,-20.85,205,139,0.0546,0.425,-30.37,0.0546,-0.1527,,,,,,,,11.2,-51.1,-43.5,-11.7
FRA40,skip_mon,"{""entry_tf"": 1, ""vwap"": true, ""time_stop"": 120, ""legs"": true, ""leg_max"": 6, ""legs_mgmt"": ""fixed"", ""leg_window"": 120, ""ma"": 0, ""dyn"": false, ""big_thr"": 15, ""big_sl"": 35, ""big_tp"": 115, ""std_sl"": 25, ""std_tp"": 42, ""leg_gap"": 15, ""leg_sl"": 35, ""leg_tp"": 115, ""be_at"": 0, ""partial"": 0, ""trail"": 0, ""entry_mode"": ""close"", ""pb_frac"": 0.5, ""pb_wait"": 15, ""gap"": ""off"", ""gap_min"": 0, ""body_min"": 0, ""volf"": ""off"", ""dow"": ""mon""}",363,268,-0.1563,-1.858,-76.43,87,67,-0.0111,-0.061,-13.24,450,335,-0.1282,-1.678,-74.76,38,32,-0.168,-0.674,-18.54,205,157,-0.0493,-0.411,-33.44,-0.0493,-0.1307,,,,,,,,-10.1,-18.7,-47.8,-22.4
FRA40,skip_fri,"{""entry_tf"": 1, ""vwap"": true, ""time_stop"": 120, ""legs"": true, ""leg_max"": 6, ""legs_mgmt"": ""fixed"", ""leg_window"": 120, ""ma"": 0, ""dyn"": false, ""big_thr"": 15, ""big_sl"": 35, ""big_tp"": 115, ""std_sl"": 25, ""std_tp"": 42, ""leg_gap"": 15, ""leg_sl"": 35, ""leg_tp"": 115, ""be_at"": 0, ""partial"": 0, ""trail"": 0, ""entry_mode"": ""close"", ""pb_frac"": 0.5, ""pb_wait"": 15, ""gap"": ""off"", ""gap_min"": 0, ""body_min"": 0, ""volf"": ""off"", ""dow"": ""fri""}",363,282,-0.0629,-0.713,-47.27,87,60,0.0445,0.26,-17.87,450,342,-0.0421,-0.536,-49.34,38,33,-0.1464,-0.549,-18.43,205,156,-0.0701,-0.54,-41.27,-0.0701,-0.0912,,,,,,,,-14.4,-37.9,-25.4,0.3
UK100,LIVE_COMP,"{""entry_tf"": 1, ""vwap"": true, ""time_stop"": 120, ""legs"": true, ""leg_max"": 6, ""legs_mgmt"": ""fixed"", ""leg_window"": 120, ""ma"": 0, ""dyn"": false, ""big_thr"": 15, ""big_sl"": 35, ""big_tp"": 115, ""std_sl"": 25, ""std_tp"": 42, ""leg_gap"": 15, ""leg_sl"": 35, ""leg_tp"": 115, ""be_at"": 0, ""partial"": 0, ""trail"": 0, ""entry_mode"": ""close"", ""pb_frac"": 0.5, ""pb_wait"": 15, ""gap"": ""off"", ""gap_min"": 0, ""body_min"": 0, ""volf"": ""off"", ""dow"": ""none""}",367,333,-0.2742,-2.939,-104.49,92,95,-0.2076,-1.156,-36.66,459,428,-0.2608,-3.149,-128.3,23,26,0.0374,0.086,-10.71,201,173,-0.2427,-1.912,-63.1,-0.2427,-0.3099,,,,,,,,-48.8,-83.5,-68.6,-44.1
UK100,LIVE_COMP+MA100,"{""entry_tf"": 1, ""vwap"": true, ""time_stop"": 120, ""legs"": true, ""leg_max"": 6, ""legs_mgmt"": ""fixed"", ""leg_window"": 120, ""ma"": 100, ""dyn"": false, ""big_thr"": 15, ""big_sl"": 35, ""big_tp"": 115, ""std_sl"": 25, ""std_tp"": 42, ""leg_gap"": 15, ""leg_sl"": 35, ""leg_tp"": 115, ""be_at"": 0, ""partial"": 0, ""trail"": 0, ""entry_mode"": ""close"", ""pb_frac"": 0.5, ""pb_wait"": 15, ""gap"": ""off"", ""gap_min"": 0, ""body_min"": 0, ""volf"": ""off"", ""dow"": ""none""}",367,281,-0.2205,-2.554,-86.49,92,75,-0.2575,-1.668,-30.12,459,356,-0.2279,-3.013,-111.04,23,26,0.0374,0.086,-10.71,201,125,-0.1617,-1.473,-45.53,-0.1617,-0.2645,,,,,,,,-32.5,-65.1,-60.8,-41.5
UK100,entry_tf5,"{""entry_tf"": 5, ""vwap"": true, ""time_stop"": 120, ""legs"": true, ""leg_max"": 6, ""legs_mgmt"": ""fixed"", ""leg_window"": 120, ""ma"": 0, ""dyn"": false, ""big_thr"": 15, ""big_sl"": 35, ""big_tp"": 115, ""std_sl"": 25, ""std_tp"": 42, ""leg_gap"": 15, ""leg_sl"": 35, ""leg_tp"": 115, ""be_at"": 0, ""partial"": 0, ""trail"": 0, ""entry_mode"": ""close"", ""pb_frac"": 0.5, ""pb_wait"": 15, ""gap"": ""off"", ""gap_min"": 0, ""body_min"": 0, ""volf"": ""off"", ""dow"": ""none""}",367,341,-0.2014,-2.111,-88.46,92,82,-0.287,-1.709,-35.84,459,423,-0.2186,-2.62,-106.33,23,24,0.7082,1.338,-9.86,201,178,-0.2212,-1.748,-56.12,-0.2212,-0.256,,,,,,,,-44.5,-86.2,-65.4,5.1
UK100,vwap_off,"{""entry_tf"": 1, ""vwap"": false, ""time_stop"": 120, ""legs"": true, ""leg_max"": 6, ""legs_mgmt"": ""fixed"", ""leg_window"": 120, ""ma"": 0, ""dyn"": false, ""big_thr"": 15, ""big_sl"": 35, ""big_tp"": 115, ""std_sl"": 25, ""std_tp"": 42, ""leg_gap"": 15, ""leg_sl"": 35, ""leg_tp"": 115, ""be_at"": 0, ""partial"": 0, ""trail"": 0, ""entry_mode"": ""close"", ""pb_frac"": 0.5, ""pb_wait"": 15, ""gap"": ""off"", ""gap_min"": 0, ""body_min"": 0, ""volf"": ""off"", ""dow"": ""none""}",367,401,-0.2981,-2.897,-124.85,92,107,-0.2821,-1.489,-45.66,459,508,-0.2949,-3.255,-157.23,23,30,-0.1861,-0.413,-13.28,201,211,-0.3584,-2.641,-85.93,-0.3584,-0.3346,,,,,,,,-72.0,-75.4,-83.0,-58.7
UK100,legs_off,"{""entry_tf"": 1, ""vwap"": true, ""time_stop"": 120, ""legs"": false, ""leg_max"": 6, ""legs_mgmt"": ""fixed"", ""leg_window"": 120, ""ma"": 0, ""dyn"": false, ""big_thr"": 15, ""big_sl"": 35, ""big_tp"": 115, ""std_sl"": 25, ""std_tp"": 42, ""leg_gap"": 15, ""leg_sl"": 35, ""leg_tp"": 115, ""be_at"": 0, ""partial"": 0, ""trail"": 0, ""entry_mode"": ""close"", ""pb_frac"": 0.5, ""pb_wait"": 15, ""gap"": ""off"", ""gap_min"": 0, ""body_min"": 0, ""volf"": ""off"", ""dow"": ""none""}",367,299,-0.2883,-3.537,-109.22,92,80,0.002,0.011,-21.24,459,379,-0.2301,-3.057,-116.75,23,19,0.056,0.148,-8.57,201,163,-0.3067,-2.779,-72.53,-0.3067,-0.2715,,,,,,,,-61.6,-66.8,-63.5,-41.1
UK100,dyn_scale,"{""entry_tf"": 1, ""vwap"": true, ""time_stop"": 120, ""legs"": true, ""leg_max"": 6, ""legs_mgmt"": ""fixed"", ""leg_window"": 120, ""ma"": 0, ""dyn"": true, ""big_thr"": 15, ""big_sl"": 35, ""big_tp"": 115, ""std_sl"": 25, ""std_tp"": 42, ""leg_gap"": 15, ""leg_sl"": 35, ""leg_tp"": 115, ""be_at"": 0, ""partial"": 0, ""trail"": 0, ""entry_mode"": ""close"", ""pb_frac"": 0.5, ""pb_wait"": 15, ""gap"": ""off"", ""gap_min"": 0, ""body_min"": 0, ""volf"": ""off"", ""dow"": ""none""}",367,333,-0.289,-3.13,-109.15,92,94,-0.2278,-1.206,-40.92,459,427,-0.2767,-3.335,-133.34,23,25,0.1883,0.376,-8.86,201,173,-0.2334,-1.842,-61.7,-0.2334,-0.3459,,,,,,,,-46.9,-100.4,-80.8,-34.4
UK100,legs_same_mgmt_be1,"{""entry_tf"": 1, ""vwap"": true, ""time_stop"": 120, ""legs"": true, ""leg_max"": 6, ""legs_mgmt"": ""same"", ""leg_window"": 120, ""ma"": 0, ""dyn"": false, ""big_thr"": 15, ""big_sl"": 35, ""big_tp"": 115, ""std_sl"": 25, ""std_tp"": 42, ""leg_gap"": 15, ""leg_sl"": 35, ""leg_tp"": 115, ""be_at"": 1.0, ""partial"": 0, ""trail"": 0, ""entry_mode"": ""close"", ""pb_frac"": 0.5, ""pb_wait"": 15, ""gap"": ""off"", ""gap_min"": 0, ""body_min"": 0, ""volf"": ""off"", ""dow"": ""none""}",367,333,-0.2236,-2.845,-83.76,92,95,-0.2253,-1.594,-29.15,459,428,-0.2239,-3.249,-104.21,23,26,0.4722,1.092,-4.28,201,173,-0.2413,-2.287,-53.1,-0.2413,-0.259,,,,,,,,-48.5,-70.0,-41.3,-42.5
UK100,time_stop_60,"{""entry_tf"": 1, ""vwap"": true, ""time_stop"": 60, ""legs"": true, ""leg_max"": 6, ""legs_mgmt"": ""fixed"", ""leg_window"": 120, ""ma"": 0, ""dyn"": false, ""big_thr"": 15, ""big_sl"": 35, ""big_tp"": 115, ""std_sl"": 25, ""std_tp"": 42, ""leg_gap"": 15, ""leg_sl"": 35, ""leg_tp"": 115, ""be_at"": 0, ""partial"": 0, ""trail"": 0, ""entry_mode"": ""close"", ""pb_frac"": 0.5, ""pb_wait"": 15, ""gap"": ""off"", ""gap_min"": 0, ""body_min"": 0, ""volf"": ""off"", ""dow"": ""none""}",367,333,-0.2544,-2.894,-96.59,92,95,-0.1791,-1.0,-33.07,459,428,-0.2393,-3.032,-116.24,23,26,0.0374,0.086,-10.71,201,173,-0.285,-2.378,-68.84,-0.285,-0.2986,,,,,,,,-57.3,-82.4,-61.5,-45.1
UK100,time_stop_90,"{""entry_tf"": 1, ""vwap"": true, ""time_stop"": 90, ""legs"": true, ""leg_max"": 6, ""legs_mgmt"": ""fixed"", ""leg_window"": 120, ""ma"": 0, ""dyn"": false, ""big_thr"": 15, ""big_sl"": 35, ""big_tp"": 115, ""std_sl"": 25, ""std_tp"": 42, ""leg_gap"": 15, ""leg_sl"": 35, ""leg_tp"": 115, ""be_at"": 0, ""partial"": 0, ""trail"": 0, ""entry_mode"": ""close"", ""pb_frac"": 0.5, ""pb_wait"": 15, ""gap"": ""off"", ""gap_min"": 0, ""body_min"": 0, ""volf"": ""off"", ""dow"": ""none""}",367,333,-0.2651,-2.91,-100.29,92,95,-0.218,-1.218,-37.05,459,428,-0.2556,-3.148,-123.91,23,26,0.0374,0.086,-10.71,201,173,-0.2459,-1.945,-63.1,-0.2459,-0.3072,,,,,,,,-49.4,-84.3,-65.9,-44.3
UK100,time_stop_180,"{""entry_tf"": 1, ""vwap"": true, ""time_stop"": 180, ""legs"": true, ""leg_max"": 6, ""legs_mgmt"": ""fixed"", ""leg_window"": 120, ""ma"": 0, ""dyn"": false, ""big_thr"": 15, ""big_sl"": 35, ""big_tp"": 115, ""std_sl"": 25, ""std_tp"": 42, ""leg_gap"": 15, ""leg_sl"": 35, ""leg_tp"": 115, ""be_at"": 0, ""partial"": 0, ""trail"": 0, ""entry_mode"": ""close"", ""pb_frac"": 0.5, ""pb_wait"": 15, ""gap"": ""off"", ""gap_min"": 0, ""body_min"": 0, ""volf"": ""off"", ""dow"": ""none""}",367,333,-0.2762,-2.913,-105.23,92,95,-0.2341,-1.308,-36.97,459,428,-0.2678,-3.192,-131.49,23,26,0.0374,0.086,-10.71,201,173,-0.2505,-1.972,-63.1,-0.2505,-0.304,,,,,,,,-50.4,-81.6,-67.6,-43.3
UK100,time_stop_240,"{""entry_tf"": 1, ""vwap"": true, ""time_stop"": 240, ""legs"": true, ""leg_max"": 6, ""legs_mgmt"": ""fixed"", ""leg_window"": 120, ""ma"": 0, ""dyn"": false, ""big_thr"": 15, ""big_sl"": 35, ""big_tp"": 115, ""std_sl"": 25, ""std_tp"": 42, ""leg_gap"": 15, ""leg_sl"": 35, ""leg_tp"": 115, ""be_at"": 0, ""partial"": 0, ""trail"": 0, ""entry_mode"": ""close"", ""pb_frac"": 0.5, ""pb_wait"": 15, ""gap"": ""off"", ""gap_min"": 0, ""body_min"": 0, ""volf"": ""off"", ""dow"": ""none""}",367,333,-0.2799,-2.957,-106.57,92,95,-0.2261,-1.253,-36.23,459,428,-0.2691,-3.208,-132.09,23,26,0.0374,0.086,-10.71,201,173,-0.2505,-1.972,-63.1,-0.2505,-0.3005,,,,,,,,-50.4,-78.7,-68.2,-43.3
UK100,time_stop_999,"{""entry_tf"": 1, ""vwap"": true, ""time_stop"": 999, ""legs"": true, ""leg_max"": 6, ""legs_mgmt"": ""fixed"", ""leg_window"": 120, ""ma"": 0, ""dyn"": false, ""big_thr"": 15, ""big_sl"": 35, ""big_tp"": 115, ""std_sl"": 25, ""std_tp"": 42, ""leg_gap"": 15, ""leg_sl"": 35, ""leg_tp"": 115, ""be_at"": 0, ""partial"": 0, ""trail"": 0, ""entry_mode"": ""close"", ""pb_frac"": 0.5, ""pb_wait"": 15, ""gap"": ""off"", ""gap_min"": 0, ""body_min"": 0, ""volf"": ""off"", ""dow"": ""none""}",367,333,-0.2732,-2.852,-104.11,92,95,-0.2015,-1.104,-33.97,459,428,-0.2588,-3.05,-127.37,23,26,0.0374,0.086,-10.71,201,173,-0.2505,-1.972,-63.1,-0.2505,-0.2999,,,,,,,,-50.4,-83.1,-63.1,-43.7
UK100,be_at_0.5,"{""entry_tf"": 1, ""vwap"": true, ""time_stop"": 120, ""legs"": true, ""leg_max"": 6, ""legs_mgmt"": ""fixed"", ""leg_window"": 120, ""ma"": 0, ""dyn"": false, ""big_thr"": 15, ""big_sl"": 35, ""big_tp"": 115, ""std_sl"": 25, ""std_tp"": 42, ""leg_gap"": 15, ""leg_sl"": 35, ""leg_tp"": 115, ""be_at"": 0.5, ""partial"": 0, ""trail"": 0, ""entry_mode"": ""close"", ""pb_frac"": 0.5, ""pb_wait"": 15, ""gap"": ""off"", ""gap_min"": 0, ""body_min"": 0, ""volf"": ""off"", ""dow"": ""none""}",367,333,-0.1981,-2.675,-72.4,92,95,-0.2393,-1.83,-26.44,459,428,-0.2063,-3.186,-93.56,23,26,0.143,0.404,-6.0,201,173,-0.1169,-1.11,-31.96,-0.1169,-0.2386,,,,,,,,-23.5,-76.5,-37.4,-34.5
UK100,be_at_1.0,"{""entry_tf"": 1, ""vwap"": true, ""time_stop"": 120, ""legs"": true, ""leg_max"": 6, ""legs_mgmt"": ""fixed"", ""leg_window"": 120, ""ma"": 0, ""dyn"": false, ""big_thr"": 15, ""big_sl"": 35, ""big_tp"": 115, ""std_sl"": 25, ""std_tp"": 42, ""leg_gap"": 15, ""leg_sl"": 35, ""leg_tp"": 115, ""be_at"": 1.0, ""partial"": 0, ""trail"": 0, ""entry_mode"": ""close"", ""pb_frac"": 0.5, ""pb_wait"": 15, ""gap"": ""off"", ""gap_min"": 0, ""body_min"": 0, ""volf"": ""off"", ""dow"": ""none""}",367,333,-0.2041,-2.505,-76.61,92,95,-0.3014,-2.161,-35.15,459,428,-0.2236,-3.153,-103.05,23,26,0.3853,0.974,-4.28,201,173,-0.1922,-1.712,-46.53,-0.1922,-0.2603,,,,,,,,-38.6,-74.0,-46.3,-36.4
UK100,be_at_1.5,"{""entry_tf"": 1, ""vwap"": true, ""time_stop"": 120, ""legs"": true, ""leg_max"": 6, ""legs_mgmt"": ""fixed"", ""leg_window"": 120, ""ma"": 0, ""dyn"": false, ""big_thr"": 15, ""big_sl"": 35, ""big_tp"": 115, ""std_sl"": 25, ""std_tp"": 42, ""leg_gap"": 15, ""leg_sl"": 35, ""leg_tp"": 115, ""be_at"": 1.5, ""partial"": 0, ""trail"": 0, ""entry_mode"": ""close"", ""pb_frac"": 0.5, ""pb_wait"": 15, ""gap"": ""off"", ""gap_min"": 0, ""body_min"": 0, ""volf"": ""off"", ""dow"": ""none""}",367,333,-0.235,-2.742,-87.95,92,95,-0.3852,-2.602,-41.87,459,428,-0.2651,-3.547,-120.39,23,26,0.2548,0.62,-5.71,201,173,-0.2704,-2.337,-65.1,-0.2704,-0.2989,,,,,,,,-54.4,-82.0,-62.0,-40.3
UK100,be_at_2.0,"{""entry_tf"": 1, ""vwap"": true, ""time_stop"": 120, ""legs"": true, ""leg_max"": 6, ""legs_mgmt"": ""fixed"", ""leg_window"": 120, ""ma"": 0, ""dyn"": false, ""big_thr"": 15, ""big_sl"": 35, ""big_tp"": 115, ""std_sl"": 25, ""std_tp"": 42, ""leg_gap"": 15, ""leg_sl"": 35, ""leg_tp"": 115, ""be_at"": 2.0, ""partial"": 0, ""trail"": 0, ""entry_mode"": ""close"", ""pb_frac"": 0.5, ""pb_wait"": 15, ""gap"": ""off"", ""gap_min"": 0, ""body_min"": 0, ""volf"": ""off"", ""dow"": ""none""}",367,333,-0.2507,-2.813,-96.88,92,95,-0.4008,-2.486,-44.58,459,428,-0.2808,-3.586,-132.61,23,26,0.1244,0.293,-8.71,201,173,-0.2484,-2.04,-61.67,-0.2484,-0.3179,,,,,,,,-49.9,-85.3,-71.3,-42.7
UK100,partial_1.0,"{""entry_tf"": 1, ""vwap"": true, ""time_stop"": 120, ""legs"": true, ""leg_max"": 6, ""legs_mgmt"": ""fixed"", ""leg_window"": 120, ""ma"": 0, ""dyn"": false, ""big_thr"": 15, ""big_sl"": 35, ""big_tp"": 115, ""std_sl"": 25, ""std_tp"": 42, ""leg_gap"": 15, ""leg_sl"": 35, ""leg_tp"": 115, ""be_at"": 0, ""partial"": 1.0, ""trail"": 0, ""entry_mode"": ""close"", ""pb_frac"": 0.5, ""pb_wait"": 15, ""gap"": ""off"", ""gap_min"": 0, ""body_min"": 0, ""volf"": ""off"", ""dow"": ""none""}",367,333,-0.2493,-3.483,-91.93,92,95,-0.2295,-1.841,-31.27,459,428,-0.2453,-3.929,-114.89,23,26,0.0871,0.281,-6.0,201,173,-0.2469,-2.586,-59.01,-0.2469,-0.2792,,,,,,,,-49.6,-77.2,-60.4,-38.0
UK100,partial_1.5,"{""entry_tf"": 1, ""vwap"": true, ""time_stop"": 120, ""legs"": true, ""leg_max"": 6, ""legs_mgmt"": ""fixed"", ""leg_window"": 120, ""ma"": 0, ""dyn"": false, ""big_thr"": 15, ""big_sl"": 35, ""big_tp"": 115, ""std_sl"": 25, ""std_tp"": 42, ""leg_gap"": 15, ""leg_sl"": 35, ""leg_tp"": 115, ""be_at"": 0, ""partial"": 1.5, ""trail"": 0, ""entry_mode"": ""close"", ""pb_frac"": 0.5, ""pb_wait"": 15, ""gap"": ""off"", ""gap_min"": 0, ""body_min"": 0, ""volf"": ""off"", ""dow"": ""none""}",367,333,-0.2407,-3.132,-90.28,92,95,-0.2458,-1.776,-32.52,459,428,-0.2417,-3.586,-112.75,23,26,0.0763,0.225,-6.71,201,173,-0.2755,-2.659,-66.51,-0.2755,-0.2789,,,,,,,,-55.4,-75.7,-58.4,-41.6
UK100,partial_2.0,"{""entry_tf"": 1, ""vwap"": true, ""time_stop"": 120, ""legs"": true, ""leg_max"": 6, ""legs_mgmt"": ""fixed"", ""leg_window"": 120, ""ma"": 0, ""dyn"": false, ""big_thr"": 15, ""big_sl"": 35, ""big_tp"": 115, ""std_sl"": 25, ""std_tp"": 42, ""leg_gap"": 15, ""leg_sl"": 35, ""leg_tp"": 115, ""be_at"": 0, ""partial"": 2.0, ""trail"": 0, ""entry_mode"": ""close"", ""pb_frac"": 0.5, ""pb_wait"": 15, ""gap"": ""off"", ""gap_min"": 0, ""body_min"": 0, ""volf"": ""off"", ""dow"": ""none""}",367,333,-0.2434,-2.971,-91.26,92,95,-0.2677,-1.748,-35.12,459,428,-0.2483,-3.432,-116.32,23,26,0.0281,0.074,-9.43,201,173,-0.252,-2.278,-63.53,-0.252,-0.2846,,,,,,,,-50.6,-77.0,-61.2,-42.2
UK100,partial_3.0,"{""entry_tf"": 1, ""vwap"": true, ""time_stop"": 120, ""legs"": true, ""leg_max"": 6, ""legs_mgmt"": ""fixed"", ""leg_window"": 120, ""ma"": 0, ""dyn"": false, ""big_thr"": 15, ""big_sl"": 35, ""big_tp"": 115, ""std_sl"": 25, ""std_tp"": 42, ""leg_gap"": 15, ""leg_sl"": 35, ""leg_tp"": 115, ""be_at"": 0, ""partial"": 3.0, ""trail"": 0, ""entry_mode"": ""close"", ""pb_frac"": 0.5, ""pb_wait"": 15, ""gap"": ""off"", ""gap_min"": 0, ""body_min"": 0, ""volf"": ""off"", ""dow"": ""none""}",367,333,-0.2814,-3.058,-106.55,92,95,-0.2107,-1.202,-35.52,459,428,-0.2672,-3.277,-130.08,23,26,0.0188,0.044,-10.85,201,173,-0.2431,-1.948,-63.53,-0.2431,-0.3156,,,,,,,,-48.9,-86.1,-69.8,-44.4
UK100,trail_1.0,"{""entry_tf"": 1, ""vwap"": true, ""time_stop"": 120, ""legs"": true, ""leg_max"": 6, ""legs_mgmt"": ""fixed"", ""leg_window"": 120, ""ma"": 0, ""dyn"": false, ""big_thr"": 15, ""big_sl"": 35, ""big_tp"": 115, ""std_sl"": 25, ""std_tp"": 42, ""leg_gap"": 15, ""leg_sl"": 35, ""leg_tp"": 115, ""be_at"": 0, ""partial"": 0, ""trail"": 1.0, ""entry_mode"": ""close"", ""pb_frac"": 0.5, ""pb_wait"": 15, ""gap"": ""off"", ""gap_min"": 0, ""body_min"": 0, ""volf"": ""off"", ""dow"": ""none""}",367,333,-0.2098,-3.108,-77.41,92,95,-0.1579,-1.527,-17.14,459,428,-0.1994,-3.448,-90.58,23,26,-0.0211,-0.079,-6.98,201,173,-0.1898,-2.184,-46.45,-0.1898,-0.2372,,,,,,,,-38.1,-81.1,-41.8,-28.4
UK100,trail_1.5,"{""entry_tf"": 1, ""vwap"": true, ""time_stop"": 120, ""legs"": true, ""leg_max"": 6, ""legs_mgmt"": ""fixed"", ""leg_window"": 120, ""ma"": 0, ""dyn"": false, ""big_thr"": 15, ""big_sl"": 35, ""big_tp"": 115, ""std_sl"": 25, ""std_tp"": 42, ""leg_gap"": 15, ""leg_sl"": 35, ""leg_tp"": 115, ""be_at"": 0, ""partial"": 0, ""trail"": 1.5, ""entry_mode"": ""close"", ""pb_frac"": 0.5, ""pb_wait"": 15, ""gap"": ""off"", ""gap_min"": 0, ""body_min"": 0, ""volf"": ""off"", ""dow"": ""none""}",367,333,-0.1785,-2.264,-65.43,92,95,-0.2678,-2.139,-29.33,459,428,-0.1964,-2.894,-89.03,23,26,0.3483,0.926,-4.59,201,173,-0.2399,-2.367,-60.29,-0.2399,-0.2391,,,,,,,,-48.2,-78.1,-41.1,-24.9
UK100,trail_2.0,"{""entry_tf"": 1, ""vwap"": true, ""time_stop"": 120, ""legs"": true, ""leg_max"": 6, ""legs_mgmt"": ""fixed"", ""leg_window"": 120, ""ma"": 0, ""dyn"": false, ""big_thr"": 15, ""big_sl"": 35, ""big_tp"": 115, ""std_sl"": 25, ""std_tp"": 42, ""leg_gap"": 15, ""leg_sl"": 35, ""leg_tp"": 115, ""be_at"": 0, ""partial"": 0, ""trail"": 2.0, ""entry_mode"": ""close"", ""pb_frac"": 0.5, ""pb_wait"": 15, ""gap"": ""off"", ""gap_min"": 0, ""body_min"": 0, ""volf"": ""off"", ""dow"": ""none""}",367,333,-0.2347,-2.775,-88.42,92,95,-0.3347,-2.271,-42.5,459,428,-0.2547,-3.451,-119.7,23,26,0.1421,0.361,-8.36,201,173,-0.2908,-2.621,-69.55,-0.2908,-0.297,,,,,,,,-58.5,-83.4,-62.6,-39.6
UK100,trail_3.0,"{""entry_tf"": 1, ""vwap"": true, ""time_stop"": 120, ""legs"": true, ""leg_max"": 6, ""legs_mgmt"": ""fixed"", ""leg_window"": 120, ""ma"": 0, ""dyn"": false, ""big_thr"": 15, ""big_sl"": 35, ""big_tp"": 115, ""std_sl"": 25, ""std_tp"": 42, ""leg_gap"": 15, ""leg_sl"": 35, ""leg_tp"": 115, ""be_at"": 0, ""partial"": 0, ""trail"": 3.0, ""entry_mode"": ""close"", ""pb_frac"": 0.5, ""pb_wait"": 15, ""gap"": ""off"", ""gap_min"": 0, ""body_min"": 0, ""volf"": ""off"", ""dow"": ""none""}",367,333,-0.2787,-3.068,-107.05,92,95,-0.3313,-1.961,-44.72,459,428,-0.2893,-3.609,-139.68,23,26,0.0529,0.122,-10.36,201,173,-0.2424,-1.919,-62.75,-0.2424,-0.3255,,,,,,,,-48.7,-77.3,-79.9,-48.6
UK100,runner_noTP_120,"{""entry_tf"": 1, ""vwap"": true, ""time_stop"": 120, ""legs"": true, ""leg_max"": 6, ""legs_mgmt"": ""fixed"", ""leg_window"": 120, ""ma"": 0, ""dyn"": false, ""big_thr"": 15, ""big_sl"": 35, ""big_tp"": 0, ""std_sl"": 25, ""std_tp"": 0, ""leg_gap"": 15, ""leg_sl"": 35, ""leg_tp"": 115, ""be_at"": 0, ""partial"": 0, ""trail"": 0, ""entry_mode"": ""close"", ""pb_frac"": 0.5, ""pb_wait"": 15, ""gap"": ""off"", ""gap_min"": 0, ""body_min"": 0, ""volf"": ""off"", ""dow"": ""none""}",367,333,-0.1397,-0.991,-84.41,92,95,-0.182,-0.698,-43.36,459,428,-0.1482,-1.193,-101.24,23,26,0.9822,0.896,-13.19,201,173,-0.0225,-0.101,-51.74,-0.0225,-0.2285,,,,,,,,-4.5,-82.3,-74.6,34.2
UK100,runner_noTP_trail1.5_close,"{""entry_tf"": 1, ""vwap"": true, ""time_stop"": 999, ""legs"": true, ""leg_max"": 6, ""legs_mgmt"": ""fixed"", ""leg_window"": 120, ""ma"": 0, ""dyn"": false, ""big_thr"": 15, ""big_sl"": 35, ""big_tp"": 0, ""std_sl"": 25, ""std_tp"": 0, ""leg_gap"": 15, ""leg_sl"": 35, ""leg_tp"": 115, ""be_at"": 0, ""partial"": 0, ""trail"": 1.5, ""entry_mode"": ""close"", ""pb_frac"": 0.5, ""pb_wait"": 15, ""gap"": ""off"", ""gap_min"": 0, ""body_min"": 0, ""volf"": ""off"", ""dow"": ""none""}",367,333,-0.1806,-2.16,-66.19,92,95,-0.15,-0.859,-29.24,459,428,-0.1745,-2.312,-83.7,23,26,0.4912,0.962,-6.19,201,173,-0.1946,-1.727,-54.51,-0.1946,-0.2292,,,,,,,,-39.1,-83.0,-36.6,-14.9
UK100,runner_noTP_be1_trail2_close,"{""entry_tf"": 1, ""vwap"": true, ""time_stop"": 999, ""legs"": true, ""leg_max"": 6, ""legs_mgmt"": ""fixed"", ""leg_window"": 120, ""ma"": 0, ""dyn"": false, ""big_thr"": 15, ""big_sl"": 35, ""big_tp"": 0, ""std_sl"": 25, ""std_tp"": 0, ""leg_gap"": 15, ""leg_sl"": 35, ""leg_tp"": 115, ""be_at"": 1.0, ""partial"": 0, ""trail"": 2.0, ""entry_mode"": ""close"", ""pb_frac"": 0.5, ""pb_wait"": 15, ""gap"": ""off"", ""gap_min"": 0, ""body_min"": 0, ""volf"": ""off"", ""dow"": ""none""}",367,333,-0.1932,-2.15,-72.21,92,95,-0.2036,-1.113,-38.73,459,428,-0.1953,-2.422,-96.58,23,26,0.3522,0.727,-7.76,201,173,-0.1594,-1.262,-47.16,-0.1594,-0.2436,,,,,,,,-32.0,-64.4,-48.8,-33.6
UK100,pullback_0.3_5,"{""entry_tf"": 1, ""vwap"": true, ""time_stop"": 120, ""legs"": true, ""leg_max"": 6, ""legs_mgmt"": ""fixed"", ""leg_window"": 120, ""ma"": 0, ""dyn"": false, ""big_thr"": 15, ""big_sl"": 35, ""big_tp"": 115, ""std_sl"": 25, ""std_tp"": 42, ""leg_gap"": 15, ""leg_sl"": 35, ""leg_tp"": 115, ""be_at"": 0, ""partial"": 0, ""trail"": 0, ""entry_mode"": ""pb"", ""pb_frac"": 0.3, ""pb_wait"": 5, ""gap"": ""off"", ""gap_min"": 0, ""body_min"": 0, ""volf"": ""off"", ""dow"": ""none""}",367,244,-0.1436,-1.783,-57.42,92,60,-0.194,-1.315,-29.0,459,304,-0.1537,-2.168,-80.85,23,21,0.1306,0.335,-5.57,201,121,-0.1902,-1.988,-51.52,-0.1902,-0.2059,,,,,,,,-38.2,-69.3,-41.6,-17.1
UK100,pullback_0.3_15,"{""entry_tf"": 1, ""vwap"": true, ""time_stop"": 120, ""legs"": true, ""leg_max"": 6, ""legs_mgmt"": ""fixed"", ""leg_window"": 120, ""ma"": 0, ""dyn"": false, ""big_thr"": 15, ""big_sl"": 35, ""big_tp"": 115, ""std_sl"": 25, ""std_tp"": 42, ""leg_gap"": 15, ""leg_sl"": 35, ""leg_tp"": 115, ""be_at"": 0, ""partial"": 0, ""trail"": 0, ""entry_mode"": ""pb"", ""pb_frac"": 0.3, ""pb_wait"": 15, ""gap"": ""off"", ""gap_min"": 0, ""body_min"": 0, ""volf"": ""off"", ""dow"": ""none""}",367,272,-0.0819,-0.964,-36.91,92,74,-0.231,-1.44,-38.85,459,346,-0.1118,-1.486,-67.19,23,21,0.1306,0.335,-5.57,201,144,-0.2713,-2.68,-69.53,-0.2713,-0.1898,,,,,,,,-54.5,-68.3,-27.2,-22.2
UK100,pullback_0.5_5,"{""entry_tf"": 1, ""vwap"": true, ""time_stop"": 120, ""legs"": true, ""leg_max"": 6, ""legs_mgmt"": ""fixed"", ""leg_window"": 120, ""ma"": 0, ""dyn"": false, ""big_thr"": 15, ""big_sl"": 35, ""big_tp"": 115, ""std_sl"": 25, ""std_tp"": 42, ""leg_gap"": 15, ""leg_sl"": 35, ""leg_tp"": 115, ""be_at"": 0, ""partial"": 0, ""trail"": 0, ""entry_mode"": ""pb"", ""pb_frac"": 0.5, ""pb_wait"": 5, ""gap"": ""off"", ""gap_min"": 0, ""body_min"": 0, ""volf"": ""off"", ""dow"": ""none""}",367,183,-0.0858,-1.216,-38.81,92,46,-0.4506,-4.11,-40.17,459,229,-0.1589,-2.609,-75.07,23,14,0.1492,0.483,-3.86,201,100,-0.0752,-0.84,-29.81,-0.0752,-0.1849,,,,,,,,-15.1,-63.2,-37.3,-13.7
UK100,pullback_0.5_15,"{""entry_tf"": 1, ""vwap"": true, ""time_stop"": 120, ""legs"": true, ""leg_max"": 6, ""legs_mgmt"": ""fixed"", ""leg_window"": 120, ""ma"": 0, ""dyn"": false, ""big_thr"": 15, ""big_sl"": 35, ""big_tp"": 115, ""std_sl"": 25, ""std_tp"": 42, ""leg_gap"": 15, ""leg_sl"": 35, ""leg_tp"": 115, ""be_at"": 0, ""partial"": 0, ""trail"": 0, ""entry_mode"": ""pb"", ""pb_frac"": 0.5, ""pb_wait"": 15, ""gap"": ""off"", ""gap_min"": 0, ""body_min"": 0, ""volf"": ""off"", ""dow"": ""none""}",367,220,-0.1167,-1.552,-46.69,92,61,-0.4554,-3.333,-44.69,459,281,-0.1846,-2.782,-85.38,23,18,0.1119,0.312,-6.43,201,123,-0.1583,-1.633,-45.23,-0.1583,-0.2345,,,,,,,,-31.8,-75.1,-48.0,-23.5
UK100,gap_with_0,"{""entry_tf"": 1, ""vwap"": true, ""time_stop"": 120, ""legs"": true, ""leg_max"": 6, ""legs_mgmt"": ""fixed"", ""leg_window"": 120, ""ma"": 0, ""dyn"": false, ""big_thr"": 15, ""big_sl"": 35, ""big_tp"": 115, ""std_sl"": 25, ""std_tp"": 42, ""leg_gap"": 15, ""leg_sl"": 35, ""leg_tp"": 115, ""be_at"": 0, ""partial"": 0, ""trail"": 0, ""entry_mode"": ""close"", ""pb_frac"": 0.5, ""pb_wait"": 15, ""gap"": ""with"", ""gap_min"": 0, ""body_min"": 0, ""volf"": ""off"", ""dow"": ""none""}",367,158,-0.1511,-2.508,-58.88,92,41,-0.1304,-1.136,-22.28,459,199,-0.1469,-2.753,-73.45,23,10,0.3727,1.121,-2.57,201,77,-0.0965,-1.125,-35.14,-0.0965,-0.1637,,,,,,,,-19.4,-42.7,-26.7,-26.1
UK100,gap_with_50,"{""entry_tf"": 1, ""vwap"": true, ""time_stop"": 120, ""legs"": true, ""leg_max"": 6, ""legs_mgmt"": ""fixed"", ""leg_window"": 120, ""ma"": 0, ""dyn"": false, ""big_thr"": 15, ""big_sl"": 35, ""big_tp"": 115, ""std_sl"": 25, ""std_tp"": 42, ""leg_gap"": 15, ""leg_sl"": 35, ""leg_tp"": 115, ""be_at"": 0, ""partial"": 0, ""trail"": 0, ""entry_mode"": ""close"", ""pb_frac"": 0.5, ""pb_wait"": 15, ""gap"": ""with"", ""gap_min"": 50, ""body_min"": 0, ""volf"": ""off"", ""dow"": ""none""}",367,125,-0.1479,-2.762,-57.72,92,31,-0.0373,-0.363,-13.71,459,156,-0.1258,-2.644,-63.72,23,8,0.2982,0.98,-2.57,201,62,-0.0005,-0.007,-23.14,-0.0005,-0.147,,,,,,,,-0.1,-42.2,-20.1,-24.4
UK100,gap_against_0,"{""entry_tf"": 1, ""vwap"": true, ""time_stop"": 120, ""legs"": true, ""leg_max"": 6, ""legs_mgmt"": ""fixed"", ""leg_window"": 120, ""ma"": 0, ""dyn"": false, ""big_thr"": 15, ""big_sl"": 35, ""big_tp"": 115, ""std_sl"": 25, ""std_tp"": 42, ""leg_gap"": 15, ""leg_sl"": 35, ""leg_tp"": 115, ""be_at"": 0, ""partial"": 0, ""trail"": 0, ""entry_mode"": ""close"", ""pb_frac"": 0.5, ""pb_wait"": 15, ""gap"": ""against"", ""gap_min"": 0, ""body_min"": 0, ""volf"": ""off"", ""dow"": ""none""}",367,175,-0.1231,-1.711,-51.61,92,54,-0.0772,-0.556,-15.67,459,229,-0.1139,-1.782,-62.57,23,16,-0.3353,-1.266,-10.71,201,93,-0.1697,-1.861,-37.39,-0.1697,-0.1462,,,,,,,,-34.1,-40.8,-41.9,-18.0
UK100,gap_against_50,"{""entry_tf"": 1, ""vwap"": true, ""time_stop"": 120, ""legs"": true, ""leg_max"": 6, ""legs_mgmt"": ""fixed"", ""leg_window"": 120, ""ma"": 0, ""dyn"": false, ""big_thr"": 15, ""big_sl"": 35, ""big_tp"": 115, ""std_sl"": 25, ""std_tp"": 42, ""leg_gap"": 15, ""leg_sl"": 35, ""leg_tp"": 115, ""be_at"": 0, ""partial"": 0, ""trail"": 0, ""entry_mode"": ""close"", ""pb_frac"": 0.5, ""pb_wait"": 15, ""gap"": ""against"", ""gap_min"": 50, ""body_min"": 0, ""volf"": ""off"", ""dow"": ""none""}",367,135,-0.1084,-1.763,-53.52,92,41,-0.0632,-0.531,-13.95,459,176,-0.0994,-1.818,-61.9,23,13,-0.354,-1.645,-11.14,201,62,-0.1414,-2.056,-31.71,-0.1414,-0.1175,,,,,,,,-28.4,-27.5,-45.5,-9.8
UK100,body_min_0.3,"{""entry_tf"": 1, ""vwap"": true, ""time_stop"": 120, ""legs"": true, ""leg_max"": 6, ""legs_mgmt"": ""fixed"", ""leg_window"": 120, ""ma"": 0, ""dyn"": false, ""big_thr"": 15, ""big_sl"": 35, ""big_tp"": 115, ""std_sl"": 25, ""std_tp"": 42, ""leg_gap"": 15, ""leg_sl"": 35, ""leg_tp"": 115, ""be_at"": 0, ""partial"": 0, ""trail"": 0, ""entry_mode"": ""close"", ""pb_frac"": 0.5, ""pb_wait"": 15, ""gap"": ""off"", ""gap_min"": 0, ""body_min"": 0.3, ""volf"": ""off"", ""dow"": ""none""}",367,271,-0.2376,-2.815,-94.06,92,76,-0.2521,-1.586,-33.9,459,347,-0.2405,-3.223,-115.81,23,22,0.0747,0.184,-7.28,201,139,-0.1745,-1.5,-44.68,-0.1745,-0.288,,,,,,,,-35.1,-75.5,-77.7,-28.3
UK100,body_min_0.5,"{""entry_tf"": 1, ""vwap"": true, ""time_stop"": 120, ""legs"": true, ""leg_max"": 6, ""legs_mgmt"": ""fixed"", ""leg_window"": 120, ""ma"": 0, ""dyn"": false, ""big_thr"": 15, ""big_sl"": 35, ""big_tp"": 115, ""std_sl"": 25, ""std_tp"": 42, ""leg_gap"": 15, ""leg_sl"": 35, ""leg_tp"": 115, ""be_at"": 0, ""partial"": 0, ""trail"": 0, ""entry_mode"": ""close"", ""pb_frac"": 0.5, ""pb_wait"": 15, ""gap"": ""off"", ""gap_min"": 0, ""body_min"": 0.5, ""volf"": ""off"", ""dow"": ""none""}",367,216,-0.171,-2.168,-71.32,92,56,-0.28,-2.146,-31.76,459,272,-0.1928,-2.823,-96.06,23,14,-0.0372,-0.154,-4.71,201,109,-0.11,-1.035,-32.57,-0.11,-0.2345,,,,,,,,-22.1,-68.5,-61.4,-20.1
UK100,volf_skip_low,"{""entry_tf"": 1, ""vwap"": true, ""time_stop"": 120, ""legs"": true, ""leg_max"": 6, ""legs_mgmt"": ""fixed"", ""leg_window"": 120, ""ma"": 0, ""dyn"": false, ""big_thr"": 15, ""big_sl"": 35, ""big_tp"": 115, ""std_sl"": 25, ""std_tp"": 42, ""leg_gap"": 15, ""leg_sl"": 35, ""leg_tp"": 115, ""be_at"": 0, ""partial"": 0, ""trail"": 0, ""entry_mode"": ""close"", ""pb_frac"": 0.5, ""pb_wait"": 15, ""gap"": ""off"", ""gap_min"": 0, ""body_min"": 0, ""volf"": ""skip_low"", ""dow"": ""none""}",367,269,-0.2369,-2.751,-89.96,92,77,-0.1703,-1.037,-30.24,459,346,-0.2236,-2.929,-109.06,23,25,-0.093,-0.223,-13.28,201,140,-0.1809,-1.603,-45.1,-0.1809,-0.2603,,,,,,,,-36.4,-74.1,-60.2,-33.4
UK100,volf_skip_high,"{""entry_tf"": 1, ""vwap"": true, ""time_stop"": 120, ""legs"": true, ""leg_max"": 6, ""legs_mgmt"": ""fixed"", ""leg_window"": 120, ""ma"": 0, ""dyn"": false, ""big_thr"": 15, ""big_sl"": 35, ""big_tp"": 115, ""std_sl"": 25, ""std_tp"": 42, ""leg_gap"": 15, ""leg_sl"": 35, ""leg_tp"": 115, ""be_at"": 0, ""partial"": 0, ""trail"": 0, ""entry_mode"": ""close"", ""pb_frac"": 0.5, ""pb_wait"": 15, ""gap"": ""off"", ""gap_min"": 0, ""body_min"": 0, ""volf"": ""skip_high"", ""dow"": ""none""}",367,278,-0.2817,-3.48,-109.81,92,75,-0.1377,-0.835,-28.52,459,353,-0.2528,-3.477,-124.63,23,24,0.1492,0.347,-8.14,201,152,-0.291,-2.517,-72.52,-0.291,-0.294,,,,,,,,-58.5,-71.9,-62.4,-49.2
UK100,volf_mid,"{""entry_tf"": 1, ""vwap"": true, ""time_stop"": 120, ""legs"": true, ""leg_max"": 6, ""legs_mgmt"": ""fixed"", ""leg_window"": 120, ""ma"": 0, ""dyn"": false, ""big_thr"": 15, ""big_sl"": 35, ""big_tp"": 115, ""std_sl"": 25, ""std_tp"": 42, ""leg_gap"": 15, ""leg_sl"": 35, ""leg_tp"": 115, ""be_at"": 0, ""partial"": 0, ""trail"": 0, ""entry_mode"": ""close"", ""pb_frac"": 0.5, ""pb_wait"": 15, ""gap"": ""off"", ""gap_min"": 0, ""body_min"": 0, ""volf"": ""mid"", ""dow"": ""none""}",367,214,-0.2444,-3.368,-93.57,92,57,-0.1004,-0.679,-22.1,459,271,-0.2156,-3.306,-104.52,23,23,0.0188,0.046,-10.71,201,119,-0.2292,-2.29,-55.39,-0.2292,-0.2444,,,,,,,,-46.1,-62.5,-54.0,-38.6
UK100,skip_mon,"{""entry_tf"": 1, ""vwap"": true, ""time_stop"": 120, ""legs"": true, ""leg_max"": 6, ""legs_mgmt"": ""fixed"", ""leg_window"": 120, ""ma"": 0, ""dyn"": false, ""big_thr"": 15, ""big_sl"": 35, ""big_tp"": 115, ""std_sl"": 25, ""std_tp"": 42, ""leg_gap"": 15, ""leg_sl"": 35, ""leg_tp"": 115, ""be_at"": 0, ""partial"": 0, ""trail"": 0, ""entry_mode"": ""close"", ""pb_frac"": 0.5, ""pb_wait"": 15, ""gap"": ""off"", ""gap_min"": 0, ""body_min"": 0, ""volf"": ""off"", ""dow"": ""mon""}",367,268,-0.2428,-2.961,-92.98,92,78,-0.1551,-0.977,-30.98,459,346,-0.2252,-3.089,-110.68,23,22,0.261,0.633,-7.28,201,140,-0.2145,-1.891,-59.13,-0.2145,-0.236,,,,,,,,-43.1,-46.4,-60.9,-36.8
UK100,skip_fri,"{""entry_tf"": 1, ""vwap"": true, ""time_stop"": 120, ""legs"": true, ""leg_max"": 6, ""legs_mgmt"": ""fixed"", ""leg_window"": 120, ""ma"": 0, ""dyn"": false, ""big_thr"": 15, ""big_sl"": 35, ""big_tp"": 115, ""std_sl"": 25, ""std_tp"": 42, ""leg_gap"": 15, ""leg_sl"": 35, ""leg_tp"": 115, ""be_at"": 0, ""partial"": 0, ""trail"": 0, ""entry_mode"": ""close"", ""pb_frac"": 0.5, ""pb_wait"": 15, ""gap"": ""off"", ""gap_min"": 0, ""body_min"": 0, ""volf"": ""off"", ""dow"": ""fri""}",367,268,-0.2012,-2.394,-81.11,92,75,-0.1511,-0.932,-28.47,459,343,-0.1911,-2.561,-102.3,23,20,0.0001,0.0,-12.86,201,139,-0.1959,-1.699,-49.39,-0.1959,-0.2632,,,,,,,,-39.4,-85.0,-55.5,-26.9
