session,params,fit,nb_mean,nb_min,robust,n,tpd,R,R_trade,pfR,t,R_h1,R_h2,maxDD
ASIA,"{""offset"": 0, ""window"": 60, ""exit"": ""hard"", ""open_trade"": false, ""vwap"": true, ""legs"": true, ""leg_max"": 4, ""rev_mode"": ""mixed"", ""wait_open"": true, ""maxpos"": 3, ""stack_trig"": ""bos"", ""stack_size"": 0.5, ""ma"": 200, ""big_thr"": 6.0, ""big_sl"": 10.5, ""big_tp"": 34.5, ""std_sl"": 10.5, ""std_tp"": 12.5, ""leg_gap"": 4.5, ""leg_sl"": 13.5, ""leg_tp"": 34.5, ""min_fv"": 60.0, ""min_bos"": 6.0, ""disp_pts"": 4.5, ""stack_gap"": 4.5}",0.577,-0.147,-1.0,-0.147,113,0.32,11.42,0.101,1.167,0.577,0.56,10.86,-8.14
ASIA,"{""offset"": 30, ""window"": 90, ""exit"": ""hard"", ""open_trade"": false, ""vwap"": true, ""legs"": true, ""leg_max"": 6, ""rev_mode"": ""disp_fv"", ""wait_open"": false, ""maxpos"": 1, ""stack_trig"": ""bos"", ""stack_size"": 0.5, ""ma"": 100, ""big_thr"": 3.0, ""big_sl"": 10.5, ""big_tp"": 24.0, ""std_sl"": 6.0, ""std_tp"": 9.0, ""leg_gap"": 4.5, ""leg_sl"": 7.5, ""leg_tp"": 18.0, ""min_fv"": 45.0, ""min_bos"": 0.0, ""disp_pts"": 9.0, ""stack_gap"": 4.5}",0.563,0.09,-1.0,0.09,110,0.31,18.63,0.1694,1.168,0.563,8.74,9.89,-40.01
ASIA,"{""offset"": 0, ""window"": 90, ""exit"": ""run"", ""open_trade"": true, ""vwap"": true, ""legs"": true, ""leg_max"": 2, ""rev_mode"": ""off"", ""wait_open"": true, ""maxpos"": 3, ""stack_trig"": ""both"", ""stack_size"": 0.5, ""ma"": 50, ""big_thr"": 4.5, ""big_sl"": 15.0, ""big_tp"": 39.0, ""std_sl"": 4.5, ""std_tp"": 12.5, ""leg_gap"": 7.5, ""leg_sl"": 13.5, ""leg_tp"": 27.0, ""min_fv"": 45.0, ""min_bos"": 6.0, ""disp_pts"": 9.0, ""stack_gap"": 6.0}",0.393,-0.308,-1.0,-0.308,237,0.67,10.58,0.0446,1.059,0.393,0.91,9.67,-39.04
ASIA,"{""offset"": 0, ""window"": 60, ""exit"": ""hard"", ""open_trade"": false, ""vwap"": true, ""legs"": true, ""leg_max"": 6, ""rev_mode"": ""disp_fv"", ""wait_open"": false, ""maxpos"": 3, ""stack_trig"": ""both"", ""stack_size"": 0.5, ""ma"": 50, ""big_thr"": 7.5, ""big_sl"": 9.0, ""big_tp"": 34.5, ""std_sl"": 7.5, ""std_tp"": 10.5, ""leg_gap"": 6.0, ""leg_sl"": 13.5, ""leg_tp"": 42.0, ""min_fv"": 37.5, ""min_bos"": 6.0, ""disp_pts"": 6.0, ""stack_gap"": 6.0}",0.27,-0.602,-1.0,-0.602,105,0.3,7.38,0.0703,1.088,0.27,0.12,7.26,-17.55
ASIA,"{""offset"": 30, ""window"": 90, ""exit"": ""hard"", ""open_trade"": false, ""vwap"": true, ""legs"": true, ""leg_max"": 6, ""rev_mode"": ""disp_fv"", ""wait_open"": false, ""maxpos"": 3, ""stack_trig"": ""bos"", ""stack_size"": 0.5, ""ma"": 50, ""big_thr"": 7.5, ""big_sl"": 12.0, ""big_tp"": 34.5, ""std_sl"": 9.0, ""std_tp"": 18.0, ""leg_gap"": 4.5, ""leg_sl"": 13.5, ""leg_tp"": 42.0, ""min_fv"": 60.0, ""min_bos"": 4.5, ""disp_pts"": 4.5, ""stack_gap"": 3.0}",0.216,-0.469,-1.0,-0.469,125,0.36,6.76,0.0541,1.079,0.216,0.42,6.34,-22.26
ASIA,"{""offset"": 0, ""window"": 90, ""exit"": ""run"", ""open_trade"": true, ""vwap"": true, ""legs"": true, ""leg_max"": 6, ""rev_mode"": ""off"", ""wait_open"": false, ""maxpos"": 2, ""stack_trig"": ""fvg"", ""stack_size"": 1.0, ""ma"": 200, ""big_thr"": 4.5, ""big_sl"": 15.0, ""big_tp"": 30.0, ""std_sl"": 4.5, ""std_tp"": 10.5, ""leg_gap"": 7.5, ""leg_sl"": 10.5, ""leg_tp"": 27.0, ""min_fv"": 45.0, ""min_bos"": 4.5, ""disp_pts"": 12.0, ""stack_gap"": 3.0}",0.157,-0.421,-1.0,-0.421,268,0.76,3.97,0.0148,1.021,0.157,1.75,2.22,-33.06
LDN,"{""offset"": 0, ""window"": 60, ""exit"": ""hard"", ""open_trade"": false, ""vwap"": true, ""legs"": false, ""leg_max"": 4, ""rev_mode"": ""std"", ""wait_open"": true, ""maxpos"": 3, ""stack_trig"": ""bos"", ""stack_size"": 0.5, ""ma"": 0, ""big_thr"": 4.0, ""big_sl"": 12.0, ""big_tp"": 24.0, ""std_sl"": 10.0, ""std_tp"": 24.0, ""leg_gap"": 4.0, ""leg_sl"": 14.0, ""leg_tp"": 36.0, ""min_fv"": 80.0, ""min_bos"": 0.0, ""disp_pts"": 12.0, ""stack_gap"": 4.0}",1.336,0.309,-1.0,0.309,102,0.29,17.4,0.1706,1.344,1.336,14.59,2.81,-9.12
LDN,"{""offset"": 0, ""window"": 60, ""exit"": ""hard"", ""open_trade"": false, ""vwap"": true, ""legs"": false, ""leg_max"": 2, ""rev_mode"": ""std"", ""wait_open"": true, ""maxpos"": 2, ""stack_trig"": ""bos"", ""stack_size"": 0.5, ""ma"": 100, ""big_thr"": 6.0, ""big_sl"": 12.0, ""big_tp"": 52.0, ""std_sl"": 14.0, ""std_tp"": 24.0, ""leg_gap"": 4.0, ""leg_sl"": 14.0, ""leg_tp"": 36.0, ""min_fv"": 60.0, ""min_bos"": 2.0, ""disp_pts"": 16.0, ""stack_gap"": 4.0}",1.138,0.43,-1.0,0.43,88,0.25,11.21,0.1273,1.356,1.138,3.57,7.63,-5.86
LDN,"{""offset"": 0, ""window"": 90, ""exit"": ""run"", ""open_trade"": false, ""vwap"": true, ""legs"": false, ""leg_max"": 2, ""rev_mode"": ""disp_fv"", ""wait_open"": true, ""maxpos"": 3, ""stack_trig"": ""bos"", ""stack_size"": 1.0, ""ma"": 200, ""big_thr"": 4.0, ""big_sl"": 12.0, ""big_tp"": 40.0, ""std_sl"": 14.0, ""std_tp"": 20.0, ""leg_gap"": 6.0, ""leg_sl"": 14.0, ""leg_tp"": 24.0, ""min_fv"": 60.0, ""min_bos"": 4.0, ""disp_pts"": 6.0, ""stack_gap"": 8.0}",0.907,0.171,-1.0,0.171,145,0.41,40.34,0.2782,1.317,0.907,6.41,33.93,-35.52
LDN,"{""offset"": 0, ""window"": 60, ""exit"": ""run"", ""open_trade"": false, ""vwap"": false, ""legs"": true, ""leg_max"": 1, ""rev_mode"": ""mixed"", ""wait_open"": true, ""maxpos"": 2, ""stack_trig"": ""fvg"", ""stack_size"": 0.5, ""ma"": 200, ""big_thr"": 4.0, ""big_sl"": 12.0, ""big_tp"": 40.0, ""std_sl"": 14.0, ""std_tp"": 14.0, ""leg_gap"": 10.0, ""leg_sl"": 18.0, ""leg_tp"": 36.0, ""min_fv"": 50.0, ""min_bos"": 4.0, ""disp_pts"": 6.0, ""stack_gap"": 4.0}",0.904,0.305,-1.0,0.305,98,0.28,17.71,0.1807,1.26,0.904,2.54,15.17,-14.03
LDN,"{""offset"": 0, ""window"": 90, ""exit"": ""run"", ""open_trade"": false, ""vwap"": true, ""legs"": false, ""leg_max"": 6, ""rev_mode"": ""disp_fv"", ""wait_open"": false, ""maxpos"": 3, ""stack_trig"": ""bos"", ""stack_size"": 0.5, ""ma"": 200, ""big_thr"": 8.0, ""big_sl"": 20.0, ""big_tp"": 52.0, ""std_sl"": 14.0, ""std_tp"": 24.0, ""leg_gap"": 4.0, ""leg_sl"": 14.0, ""leg_tp"": 24.0, ""min_fv"": 60.0, ""min_bos"": 0.0, ""disp_pts"": 8.0, ""stack_gap"": 6.0}",0.812,0.468,-1.0,0.468,162,0.46,30.63,0.1891,1.257,0.812,9.11,21.53,-35.71
LDN,"{""offset"": 0, ""window"": 60, ""exit"": ""run"", ""open_trade"": false, ""vwap"": false, ""legs"": true, ""leg_max"": 1, ""rev_mode"": ""std"", ""wait_open"": true, ""maxpos"": 1, ""stack_trig"": ""both"", ""stack_size"": 0.5, ""ma"": 200, ""big_thr"": 10.0, ""big_sl"": 10.0, ""big_tp"": 46.0, ""std_sl"": 14.0, ""std_tp"": 20.0, ""leg_gap"": 10.0, ""leg_sl"": 14.0, ""leg_tp"": 46.0, ""min_fv"": 40.0, ""min_bos"": 4.0, ""disp_pts"": 8.0, ""stack_gap"": 8.0}",0.757,0.009,-1.0,0.009,127,0.36,9.96,0.0785,1.138,0.757,1.18,8.79,-8.86
LDN,"{""offset"": 0, ""window"": 60, ""exit"": ""run"", ""open_trade"": false, ""vwap"": true, ""legs"": false, ""leg_max"": 2, ""rev_mode"": ""std"", ""wait_open"": false, ""maxpos"": 1, ""stack_trig"": ""fvg"", ""stack_size"": 1.0, ""ma"": 200, ""big_thr"": 10.0, ""big_sl"": 20.0, ""big_tp"": 52.0, ""std_sl"": 14.0, ""std_tp"": 12.0, ""leg_gap"": 6.0, ""leg_sl"": 18.0, ""leg_tp"": 24.0, ""min_fv"": 60.0, ""min_bos"": 0.0, ""disp_pts"": 10.0, ""stack_gap"": 6.0}",0.751,0.053,-1.0,0.053,89,0.25,5.46,0.0614,1.15,0.751,2.46,3.0,-3.93
LDN,"{""offset"": 0, ""window"": 60, ""exit"": ""hard"", ""open_trade"": false, ""vwap"": true, ""legs"": true, ""leg_max"": 1, ""rev_mode"": ""mixed"", ""wait_open"": true, ""maxpos"": 3, ""stack_trig"": ""both"", ""stack_size"": 1.0, ""ma"": 0, ""big_thr"": 8.0, ""big_sl"": 12.0, ""big_tp"": 40.0, ""std_sl"": 14.0, ""std_tp"": 16.75, ""leg_gap"": 4.0, ""leg_sl"": 18.0, ""leg_tp"": 24.0, ""min_fv"": 80.0, ""min_bos"": 0.0, ""disp_pts"": 12.0, ""stack_gap"": 4.0}",0.731,0.013,-1.0,0.013,114,0.32,15.43,0.1354,1.257,0.731,14.15,1.28,-13.37
LDN,"{""offset"": 0, ""window"": 90, ""exit"": ""run"", ""open_trade"": false, ""vwap"": true, ""legs"": false, ""leg_max"": 6, ""rev_mode"": ""disp_fv"", ""wait_open"": true, ""maxpos"": 2, ""stack_trig"": ""bos"", ""stack_size"": 0.5, ""ma"": 100, ""big_thr"": 6.0, ""big_sl"": 16.0, ""big_tp"": 32.0, ""std_sl"": 8.0, ""std_tp"": 14.0, ""leg_gap"": 6.0, ""leg_sl"": 14.0, ""leg_tp"": 46.0, ""min_fv"": 50.0, ""min_bos"": 4.0, ""disp_pts"": 6.0, ""stack_gap"": 4.0}",0.727,0.287,-1.0,0.287,155,0.44,31.47,0.203,1.225,0.727,5.17,26.3,-27.12
LDN,"{""offset"": 0, ""window"": 60, ""exit"": ""hard"", ""open_trade"": false, ""vwap"": false, ""legs"": true, ""leg_max"": 4, ""rev_mode"": ""disp_fv"", ""wait_open"": false, ""maxpos"": 1, ""stack_trig"": ""fvg"", ""stack_size"": 1.0, ""ma"": 200, ""big_thr"": 6.0, ""big_sl"": 12.0, ""big_tp"": 40.0, ""std_sl"": 14.0, ""std_tp"": 20.0, ""leg_gap"": 6.0, ""leg_sl"": 14.0, ""leg_tp"": 36.0, ""min_fv"": 32.0, ""min_bos"": 0.0, ""disp_pts"": 8.0, ""stack_gap"": 6.0}",0.726,0.086,-1.0,0.086,145,0.41,13.18,0.0909,1.143,0.726,6.89,6.29,-15.61
LDN,"{""offset"": 30, ""window"": 60, ""exit"": ""run"", ""open_trade"": false, ""vwap"": true, ""legs"": false, ""leg_max"": 1, ""rev_mode"": ""disp_fv"", ""wait_open"": true, ""maxpos"": 3, ""stack_trig"": ""fvg"", ""stack_size"": 0.5, ""ma"": 0, ""big_thr"": 10.0, ""big_sl"": 16.0, ""big_tp"": 46.0, ""std_sl"": 12.0, ""std_tp"": 20.0, ""leg_gap"": 10.0, ""leg_sl"": 18.0, ""leg_tp"": 56.0, ""min_fv"": 24.0, ""min_bos"": 8.0, ""disp_pts"": 8.0, ""stack_gap"": 8.0}",0.726,0.272,-1.0,0.272,124,0.35,19.46,0.1569,1.194,0.726,9.27,10.19,-12.98
LDN,"{""offset"": 0, ""window"": 150, ""exit"": ""run"", ""open_trade"": false, ""vwap"": true, ""legs"": true, ""leg_max"": 1, ""rev_mode"": ""std"", ""wait_open"": false, ""maxpos"": 2, ""stack_trig"": ""bos"", ""stack_size"": 1.0, ""ma"": 50, ""big_thr"": 8.0, ""big_sl"": 16.0, ""big_tp"": 52.0, ""std_sl"": 14.0, ""std_tp"": 20.0, ""leg_gap"": 8.0, ""leg_sl"": 18.0, ""leg_tp"": 24.0, ""min_fv"": 80.0, ""min_bos"": 8.0, ""disp_pts"": 16.0, ""stack_gap"": 8.0}",0.714,0.047,-1.0,0.047,174,0.49,11.26,0.0647,1.113,0.714,5.52,5.74,-11.05
LDN,"{""offset"": 30, ""window"": 150, ""exit"": ""hard"", ""open_trade"": false, ""vwap"": true, ""legs"": false, ""leg_max"": 4, ""rev_mode"": ""mixed"", ""wait_open"": true, ""maxpos"": 1, ""stack_trig"": ""fvg"", ""stack_size"": 1.0, ""ma"": 50, ""big_thr"": 6.0, ""big_sl"": 20.0, ""big_tp"": 24.0, ""std_sl"": 14.0, ""std_tp"": 24.0, ""leg_gap"": 4.0, ""leg_sl"": 14.0, ""leg_tp"": 56.0, ""min_fv"": 60.0, ""min_bos"": 8.0, ""disp_pts"": 8.0, ""stack_gap"": 8.0}",0.705,0.397,-1.0,0.397,106,0.3,11.91,0.1124,1.173,0.705,5.14,6.77,-9.62
LDN,"{""offset"": 0, ""window"": 60, ""exit"": ""run"", ""open_trade"": false, ""vwap"": false, ""legs"": false, ""leg_max"": 4, ""rev_mode"": ""mixed"", ""wait_open"": false, ""maxpos"": 3, ""stack_trig"": ""both"", ""stack_size"": 0.5, ""ma"": 100, ""big_thr"": 6.0, ""big_sl"": 10.0, ""big_tp"": 24.0, ""std_sl"": 14.0, ""std_tp"": 12.0, ""leg_gap"": 10.0, ""leg_sl"": 14.0, ""leg_tp"": 36.0, ""min_fv"": 50.0, ""min_bos"": 4.0, ""disp_pts"": 12.0, ""stack_gap"": 6.0}",0.682,0.347,-1.0,0.347,129,0.37,10.14,0.0786,1.193,0.682,5.34,4.8,-13.32
LDN,"{""offset"": 0, ""window"": 60, ""exit"": ""hard"", ""open_trade"": false, ""vwap"": true, ""legs"": false, ""leg_max"": 6, ""rev_mode"": ""mixed"", ""wait_open"": false, ""maxpos"": 2, ""stack_trig"": ""both"", ""stack_size"": 1.0, ""ma"": 100, ""big_thr"": 4.0, ""big_sl"": 14.0, ""big_tp"": 40.0, ""std_sl"": 14.0, ""std_tp"": 24.0, ""leg_gap"": 4.0, ""leg_sl"": 18.0, ""leg_tp"": 56.0, ""min_fv"": 50.0, ""min_bos"": 4.0, ""disp_pts"": 8.0, ""stack_gap"": 6.0}",0.675,-0.037,-1.0,-0.037,96,0.27,12.34,0.1285,1.248,0.675,6.41,5.93,-9.32
LDN,"{""offset"": 0, ""window"": 60, ""exit"": ""hard"", ""open_trade"": false, ""vwap"": true, ""legs"": false, ""leg_max"": 1, ""rev_mode"": ""std"", ""wait_open"": false, ""maxpos"": 1, ""stack_trig"": ""bos"", ""stack_size"": 0.5, ""ma"": 200, ""big_thr"": 4.0, ""big_sl"": 14.0, ""big_tp"": 40.0, ""std_sl"": 14.0, ""std_tp"": 16.75, ""leg_gap"": 6.0, ""leg_sl"": 18.0, ""leg_tp"": 24.0, ""min_fv"": 50.0, ""min_bos"": 2.0, ""disp_pts"": 10.0, ""stack_gap"": 6.0}",0.656,0.144,-1.0,0.144,108,0.31,6.7,0.062,1.142,0.656,5.89,0.8,-9.41
LDN,"{""offset"": 0, ""window"": 60, ""exit"": ""hard"", ""open_trade"": false, ""vwap"": true, ""legs"": true, ""leg_max"": 1, ""rev_mode"": ""std"", ""wait_open"": false, ""maxpos"": 2, ""stack_trig"": ""fvg"", ""stack_size"": 1.0, ""ma"": 100, ""big_thr"": 4.0, ""big_sl"": 20.0, ""big_tp"": 40.0, ""std_sl"": 12.0, ""std_tp"": 14.0, ""leg_gap"": 8.0, ""leg_sl"": 18.0, ""leg_tp"": 46.0, ""min_fv"": 50.0, ""min_bos"": 0.0, ""disp_pts"": 16.0, ""stack_gap"": 8.0}",0.626,0.047,-1.0,0.047,142,0.4,7.38,0.0519,1.114,0.626,2.9,4.48,-7.52
LDN,"{""offset"": 0, ""window"": 60, ""exit"": ""run"", ""open_trade"": false, ""vwap"": false, ""legs"": false, ""leg_max"": 4, ""rev_mode"": ""mixed"", ""wait_open"": true, ""maxpos"": 1, ""stack_trig"": ""fvg"", ""stack_size"": 0.5, ""ma"": 200, ""big_thr"": 10.0, ""big_sl"": 20.0, ""big_tp"": 40.0, ""std_sl"": 14.0, ""std_tp"": 14.0, ""leg_gap"": 10.0, ""leg_sl"": 18.0, ""leg_tp"": 56.0, ""min_fv"": 24.0, ""min_bos"": 2.0, ""disp_pts"": 8.0, ""stack_gap"": 6.0}",0.577,-0.059,-1.0,-0.059,283,0.8,14.41,0.0509,1.08,0.577,9.48,4.93,-23.07
LDN,"{""offset"": 0, ""window"": 90, ""exit"": ""run"", ""open_trade"": false, ""vwap"": true, ""legs"": true, ""leg_max"": 2, ""rev_mode"": ""disp_fv"", ""wait_open"": true, ""maxpos"": 2, ""stack_trig"": ""bos"", ""stack_size"": 0.5, ""ma"": 200, ""big_thr"": 4.0, ""big_sl"": 10.0, ""big_tp"": 46.0, ""std_sl"": 8.0, ""std_tp"": 16.75, ""leg_gap"": 6.0, ""leg_sl"": 10.0, ""leg_tp"": 24.0, ""min_fv"": 60.0, ""min_bos"": 0.0, ""disp_pts"": 8.0, ""stack_gap"": 6.0}",0.572,0.072,-1.0,0.072,164,0.47,28.07,0.1711,1.186,0.572,7.57,20.5,-51.17
LDN,"{""offset"": 0, ""window"": 60, ""exit"": ""hard"", ""open_trade"": false, ""vwap"": false, ""legs"": false, ""leg_max"": 1, ""rev_mode"": ""mixed"", ""wait_open"": true, ""maxpos"": 2, ""stack_trig"": ""fvg"", ""stack_size"": 0.5, ""ma"": 200, ""big_thr"": 8.0, ""big_sl"": 14.0, ""big_tp"": 24.0, ""std_sl"": 10.0, ""std_tp"": 24.0, ""leg_gap"": 4.0, ""leg_sl"": 14.0, ""leg_tp"": 24.0, ""min_fv"": 60.0, ""min_bos"": 0.0, ""disp_pts"": 16.0, ""stack_gap"": 4.0}",0.565,-0.02,-1.0,-0.02,95,0.27,7.43,0.0782,1.14,0.565,5.49,1.94,-7.7
LDN,"{""offset"": 0, ""window"": 60, ""exit"": ""run"", ""open_trade"": false, ""vwap"": true, ""legs"": false, ""leg_max"": 6, ""rev_mode"": ""mixed"", ""wait_open"": false, ""maxpos"": 2, ""stack_trig"": ""both"", ""stack_size"": 1.0, ""ma"": 200, ""big_thr"": 4.0, ""big_sl"": 12.0, ""big_tp"": 60.0, ""std_sl"": 12.0, ""std_tp"": 16.75, ""leg_gap"": 4.0, ""leg_sl"": 14.0, ""leg_tp"": 36.0, ""min_fv"": 60.0, ""min_bos"": 2.0, ""disp_pts"": 6.0, ""stack_gap"": 6.0}",0.53,-0.049,-1.0,-0.049,102,0.29,18.04,0.1769,1.217,0.53,8.23,9.81,-20.94
LDN,"{""offset"": 30, ""window"": 150, ""exit"": ""hard"", ""open_trade"": false, ""vwap"": false, ""legs"": false, ""leg_max"": 4, ""rev_mode"": ""disp_fv"", ""wait_open"": false, ""maxpos"": 2, ""stack_trig"": ""bos"", ""stack_size"": 0.5, ""ma"": 50, ""big_thr"": 10.0, ""big_sl"": 14.0, ""big_tp"": 24.0, ""std_sl"": 8.0, ""std_tp"": 20.0, ""leg_gap"": 8.0, ""leg_sl"": 18.0, ""leg_tp"": 24.0, ""min_fv"": 60.0, ""min_bos"": 4.0, ""disp_pts"": 12.0, ""stack_gap"": 4.0}",0.489,-0.176,-1.0,-0.176,95,0.27,10.89,0.1146,1.147,0.489,6.86,4.03,-10.75
LDN,"{""offset"": 0, ""window"": 60, ""exit"": ""run"", ""open_trade"": false, ""vwap"": false, ""legs"": true, ""leg_max"": 1, ""rev_mode"": ""mixed"", ""wait_open"": false, ""maxpos"": 1, ""stack_trig"": ""fvg"", ""stack_size"": 1.0, ""ma"": 200, ""big_thr"": 10.0, ""big_sl"": 14.0, ""big_tp"": 60.0, ""std_sl"": 6.0, ""std_tp"": 20.0, ""leg_gap"": 6.0, ""leg_sl"": 14.0, ""leg_tp"": 24.0, ""min_fv"": 60.0, ""min_bos"": 2.0, ""disp_pts"": 6.0, ""stack_gap"": 8.0}",0.452,-0.184,-1.0,-0.184,89,0.25,16.67,0.1873,1.177,0.452,6.73,9.95,-25.24
LDN,"{""offset"": 0, ""window"": 90, ""exit"": ""run"", ""open_trade"": false, ""vwap"": false, ""legs"": false, ""leg_max"": 1, ""rev_mode"": ""disp_fv"", ""wait_open"": true, ""maxpos"": 1, ""stack_trig"": ""bos"", ""stack_size"": 0.5, ""ma"": 200, ""big_thr"": 8.0, ""big_sl"": 14.0, ""big_tp"": 60.0, ""std_sl"": 14.0, ""std_tp"": 14.0, ""leg_gap"": 6.0, ""leg_sl"": 14.0, ""leg_tp"": 24.0, ""min_fv"": 60.0, ""min_bos"": 2.0, ""disp_pts"": 8.0, ""stack_gap"": 6.0}",0.421,-0.014,-1.0,-0.014,88,0.25,10.37,0.1179,1.13,0.421,7.62,2.75,-30.63
LDN,"{""offset"": 0, ""window"": 60, ""exit"": ""hard"", ""open_trade"": false, ""vwap"": true, ""legs"": false, ""leg_max"": 2, ""rev_mode"": ""std"", ""wait_open"": false, ""maxpos"": 3, ""stack_trig"": ""fvg"", ""stack_size"": 1.0, ""ma"": 100, ""big_thr"": 6.0, ""big_sl"": 12.0, ""big_tp"": 60.0, ""std_sl"": 10.0, ""std_tp"": 16.75, ""leg_gap"": 4.0, ""leg_sl"": 14.0, ""leg_tp"": 36.0, ""min_fv"": 50.0, ""min_bos"": 2.0, ""disp_pts"": 8.0, ""stack_gap"": 4.0}",0.41,-0.196,-1.0,-0.196,119,0.34,6.1,0.0513,1.092,0.41,4.8,1.3,-9.8
LDN,"{""offset"": 0, ""window"": 60, ""exit"": ""run"", ""open_trade"": false, ""vwap"": false, ""legs"": false, ""leg_max"": 6, ""rev_mode"": ""mixed"", ""wait_open"": true, ""maxpos"": 1, ""stack_trig"": ""both"", ""stack_size"": 0.5, ""ma"": 200, ""big_thr"": 6.0, ""big_sl"": 10.0, ""big_tp"": 40.0, ""std_sl"": 14.0, ""std_tp"": 12.0, ""leg_gap"": 10.0, ""leg_sl"": 14.0, ""leg_tp"": 56.0, ""min_fv"": 24.0, ""min_bos"": 2.0, ""disp_pts"": 8.0, ""stack_gap"": 6.0}",0.405,-0.033,-1.0,-0.033,290,0.82,10.04,0.0346,1.056,0.405,5.59,4.45,-28.23
LDN,"{""offset"": 0, ""window"": 60, ""exit"": ""run"", ""open_trade"": false, ""vwap"": false, ""legs"": true, ""leg_max"": 4, ""rev_mode"": ""std"", ""wait_open"": true, ""maxpos"": 2, ""stack_trig"": ""both"", ""stack_size"": 1.0, ""ma"": 100, ""big_thr"": 10.0, ""big_sl"": 16.0, ""big_tp"": 46.0, ""std_sl"": 10.0, ""std_tp"": 14.0, ""leg_gap"": 8.0, ""leg_sl"": 14.0, ""leg_tp"": 36.0, ""min_fv"": 50.0, ""min_bos"": 0.0, ""disp_pts"": 16.0, ""stack_gap"": 8.0}",0.403,-0.103,-1.0,-0.103,186,0.53,8.24,0.0443,1.076,0.403,5.19,3.05,-15.8
LDN,"{""offset"": 0, ""window"": 90, ""exit"": ""run"", ""open_trade"": false, ""vwap"": true, ""legs"": true, ""leg_max"": 6, ""rev_mode"": ""disp_fv"", ""wait_open"": false, ""maxpos"": 1, ""stack_trig"": ""bos"", ""stack_size"": 1.0, ""ma"": 100, ""big_thr"": 8.0, ""big_sl"": 20.0, ""big_tp"": 52.0, ""std_sl"": 10.0, ""std_tp"": 14.0, ""leg_gap"": 4.0, ""leg_sl"": 18.0, ""leg_tp"": 46.0, ""min_fv"": 60.0, ""min_bos"": 2.0, ""disp_pts"": 6.0, ""stack_gap"": 4.0}",0.394,-0.375,-1.0,-0.375,107,0.3,12.23,0.1143,1.118,0.394,0.15,12.08,-31.96
LDN,"{""offset"": 0, ""window"": 60, ""exit"": ""hard"", ""open_trade"": false, ""vwap"": false, ""legs"": true, ""leg_max"": 1, ""rev_mode"": ""mixed"", ""wait_open"": true, ""maxpos"": 1, ""stack_trig"": ""fvg"", ""stack_size"": 1.0, ""ma"": 200, ""big_thr"": 8.0, ""big_sl"": 14.0, ""big_tp"": 52.0, ""std_sl"": 14.0, ""std_tp"": 16.75, ""leg_gap"": 10.0, ""leg_sl"": 14.0, ""leg_tp"": 46.0, ""min_fv"": 50.0, ""min_bos"": 0.0, ""disp_pts"": 10.0, ""stack_gap"": 4.0}",0.37,-0.148,-1.0,-0.148,110,0.31,4.34,0.0394,1.079,0.37,3.21,1.12,-10.45
LDN,"{""offset"": 30, ""window"": 60, ""exit"": ""run"", ""open_trade"": false, ""vwap"": false, ""legs"": false, ""leg_max"": 2, ""rev_mode"": ""disp_fv"", ""wait_open"": true, ""maxpos"": 2, ""stack_trig"": ""fvg"", ""stack_size"": 1.0, ""ma"": 0, ""big_thr"": 6.0, ""big_sl"": 10.0, ""big_tp"": 60.0, ""std_sl"": 14.0, ""std_tp"": 20.0, ""leg_gap"": 4.0, ""leg_sl"": 14.0, ""leg_tp"": 46.0, ""min_fv"": 16.0, ""min_bos"": 8.0, ""disp_pts"": 8.0, ""stack_gap"": 4.0}",0.369,-0.21,-1.0,-0.21,155,0.44,11.32,0.073,1.094,0.369,4.96,6.36,-17.45
LDN,"{""offset"": 0, ""window"": 60, ""exit"": ""run"", ""open_trade"": false, ""vwap"": false, ""legs"": false, ""leg_max"": 4, ""rev_mode"": ""std"", ""wait_open"": true, ""maxpos"": 1, ""stack_trig"": ""both"", ""stack_size"": 0.5, ""ma"": 100, ""big_thr"": 10.0, ""big_sl"": 12.0, ""big_tp"": 52.0, ""std_sl"": 14.0, ""std_tp"": 16.75, ""leg_gap"": 10.0, ""leg_sl"": 10.0, ""leg_tp"": 36.0, ""min_fv"": 32.0, ""min_bos"": 4.0, ""disp_pts"": 6.0, ""stack_gap"": 6.0}",0.33,-0.315,-1.0,-0.315,147,0.42,4.18,0.0284,1.053,0.33,1.68,2.5,-8.18
LDN,"{""offset"": 0, ""window"": 60, ""exit"": ""hard"", ""open_trade"": true, ""vwap"": false, ""legs"": true, ""leg_max"": 2, ""rev_mode"": ""mixed"", ""wait_open"": false, ""maxpos"": 3, ""stack_trig"": ""bos"", ""stack_size"": 1.0, ""ma"": 50, ""big_thr"": 10.0, ""big_sl"": 20.0, ""big_tp"": 52.0, ""std_sl"": 14.0, ""std_tp"": 12.0, ""leg_gap"": 8.0, ""leg_sl"": 10.0, ""leg_tp"": 36.0, ""min_fv"": 60.0, ""min_bos"": 0.0, ""disp_pts"": 6.0, ""stack_gap"": 4.0}",0.304,-0.156,-1.0,-0.156,404,1.15,8.94,0.0221,1.043,0.304,2.06,6.89,-22.51
LDN,"{""offset"": 30, ""window"": 150, ""exit"": ""hard"", ""open_trade"": false, ""vwap"": true, ""legs"": false, ""leg_max"": 6, ""rev_mode"": ""mixed"", ""wait_open"": true, ""maxpos"": 2, ""stack_trig"": ""fvg"", ""stack_size"": 0.5, ""ma"": 50, ""big_thr"": 6.0, ""big_sl"": 10.0, ""big_tp"": 24.0, ""std_sl"": 14.0, ""std_tp"": 24.0, ""leg_gap"": 10.0, ""leg_sl"": 18.0, ""leg_tp"": 24.0, ""min_fv"": 80.0, ""min_bos"": 6.0, ""disp_pts"": 16.0, ""stack_gap"": 4.0}",0.284,-0.438,-1.0,-0.438,123,0.35,4.29,0.0349,1.065,0.284,0.67,3.62,-8.87
LDN,"{""offset"": 0, ""window"": 90, ""exit"": ""run"", ""open_trade"": false, ""vwap"": false, ""legs"": false, ""leg_max"": 4, ""rev_mode"": ""disp_fv"", ""wait_open"": true, ""maxpos"": 2, ""stack_trig"": ""fvg"", ""stack_size"": 0.5, ""ma"": 200, ""big_thr"": 10.0, ""big_sl"": 16.0, ""big_tp"": 32.0, ""std_sl"": 8.0, ""std_tp"": 12.0, ""leg_gap"": 10.0, ""leg_sl"": 10.0, ""leg_tp"": 46.0, ""min_fv"": 60.0, ""min_bos"": 0.0, ""disp_pts"": 8.0, ""stack_gap"": 6.0}",0.282,-0.189,-1.0,-0.189,126,0.36,10.97,0.0871,1.085,0.282,1.31,9.66,-45.28
LDN,"{""offset"": 0, ""window"": 60, ""exit"": ""run"", ""open_trade"": false, ""vwap"": false, ""legs"": false, ""leg_max"": 6, ""rev_mode"": ""mixed"", ""wait_open"": false, ""maxpos"": 1, ""stack_trig"": ""both"", ""stack_size"": 1.0, ""ma"": 200, ""big_thr"": 10.0, ""big_sl"": 14.0, ""big_tp"": 60.0, ""std_sl"": 14.0, ""std_tp"": 14.0, ""leg_gap"": 8.0, ""leg_sl"": 10.0, ""leg_tp"": 56.0, ""min_fv"": 16.0, ""min_bos"": 4.0, ""disp_pts"": 6.0, ""stack_gap"": 8.0}",0.236,-0.061,-1.0,-0.061,306,0.87,6.66,0.0218,1.032,0.236,4.82,1.84,-34.88
LDN,"{""offset"": 0, ""window"": 60, ""exit"": ""run"", ""open_trade"": false, ""vwap"": false, ""legs"": true, ""leg_max"": 2, ""rev_mode"": ""disp_fv"", ""wait_open"": true, ""maxpos"": 3, ""stack_trig"": ""bos"", ""stack_size"": 1.0, ""ma"": 200, ""big_thr"": 6.0, ""big_sl"": 16.0, ""big_tp"": 46.0, ""std_sl"": 8.0, ""std_tp"": 24.0, ""leg_gap"": 4.0, ""leg_sl"": 10.0, ""leg_tp"": 46.0, ""min_fv"": 60.0, ""min_bos"": 2.0, ""disp_pts"": 6.0, ""stack_gap"": 8.0}",0.227,-0.123,-1.0,-0.123,100,0.28,10.16,0.1016,1.098,0.227,8.51,1.65,-33.2
LDN,"{""offset"": 30, ""window"": 150, ""exit"": ""run"", ""open_trade"": false, ""vwap"": true, ""legs"": false, ""leg_max"": 6, ""rev_mode"": ""disp_fv"", ""wait_open"": false, ""maxpos"": 2, ""stack_trig"": ""bos"", ""stack_size"": 1.0, ""ma"": 50, ""big_thr"": 6.0, ""big_sl"": 10.0, ""big_tp"": 52.0, ""std_sl"": 14.0, ""std_tp"": 16.75, ""leg_gap"": 10.0, ""leg_sl"": 14.0, ""leg_tp"": 36.0, ""min_fv"": 60.0, ""min_bos"": 8.0, ""disp_pts"": 8.0, ""stack_gap"": 8.0}",0.209,-0.388,-1.0,-0.388,108,0.31,7.84,0.0726,1.078,0.209,2.45,5.39,-32.61
LDN,"{""offset"": 0, ""window"": 60, ""exit"": ""run"", ""open_trade"": false, ""vwap"": true, ""legs"": false, ""leg_max"": 6, ""rev_mode"": ""disp_fv"", ""wait_open"": false, ""maxpos"": 2, ""stack_trig"": ""both"", ""stack_size"": 1.0, ""ma"": 100, ""big_thr"": 4.0, ""big_sl"": 16.0, ""big_tp"": 52.0, ""std_sl"": 8.0, ""std_tp"": 24.0, ""leg_gap"": 10.0, ""leg_sl"": 18.0, ""leg_tp"": 46.0, ""min_fv"": 40.0, ""min_bos"": 0.0, ""disp_pts"": 8.0, ""stack_gap"": 8.0}",0.195,-0.166,-1.0,-0.166,114,0.32,9.34,0.082,1.079,0.195,4.88,4.47,-33.97
LDN,"{""offset"": 0, ""window"": 60, ""exit"": ""run"", ""open_trade"": false, ""vwap"": false, ""legs"": false, ""leg_max"": 6, ""rev_mode"": ""mixed"", ""wait_open"": true, ""maxpos"": 3, ""stack_trig"": ""both"", ""stack_size"": 0.5, ""ma"": 50, ""big_thr"": 4.0, ""big_sl"": 16.0, ""big_tp"": 52.0, ""std_sl"": 10.0, ""std_tp"": 24.0, ""leg_gap"": 4.0, ""leg_sl"": 18.0, ""leg_tp"": 36.0, ""min_fv"": 60.0, ""min_bos"": 4.0, ""disp_pts"": 8.0, ""stack_gap"": 4.0}",0.187,-0.265,-1.0,-0.265,92,0.26,4.86,0.0529,1.078,0.187,4.36,0.5,-19.65
LDN,"{""offset"": 0, ""window"": 60, ""exit"": ""run"", ""open_trade"": false, ""vwap"": true, ""legs"": false, ""leg_max"": 4, ""rev_mode"": ""mixed"", ""wait_open"": true, ""maxpos"": 2, ""stack_trig"": ""bos"", ""stack_size"": 0.5, ""ma"": 100, ""big_thr"": 4.0, ""big_sl"": 20.0, ""big_tp"": 46.0, ""std_sl"": 8.0, ""std_tp"": 24.0, ""leg_gap"": 6.0, ""leg_sl"": 18.0, ""leg_tp"": 36.0, ""min_fv"": 50.0, ""min_bos"": 2.0, ""disp_pts"": 6.0, ""stack_gap"": 6.0}",0.181,-0.338,-1.0,-0.338,133,0.38,6.69,0.0503,1.062,0.181,1.33,5.36,-26.59
LDN,"{""offset"": 30, ""window"": 90, ""exit"": ""hard"", ""open_trade"": true, ""vwap"": true, ""legs"": false, ""leg_max"": 2, ""rev_mode"": ""disp_fv"", ""wait_open"": true, ""maxpos"": 3, ""stack_trig"": ""bos"", ""stack_size"": 0.5, ""ma"": 0, ""big_thr"": 4.0, ""big_sl"": 12.0, ""big_tp"": 60.0, ""std_sl"": 12.0, ""std_tp"": 14.0, ""leg_gap"": 8.0, ""leg_sl"": 10.0, ""leg_tp"": 56.0, ""min_fv"": 80.0, ""min_bos"": 8.0, ""disp_pts"": 8.0, ""stack_gap"": 4.0}",0.163,-0.477,-1.0,-0.477,398,1.13,6.96,0.0175,1.022,0.163,2.4,4.56,-31.52
LDN,"{""offset"": 30, ""window"": 150, ""exit"": ""run"", ""open_trade"": false, ""vwap"": true, ""legs"": true, ""leg_max"": 1, ""rev_mode"": ""disp_fv"", ""wait_open"": false, ""maxpos"": 1, ""stack_trig"": ""fvg"", ""stack_size"": 1.0, ""ma"": 0, ""big_thr"": 6.0, ""big_sl"": 12.0, ""big_tp"": 52.0, ""std_sl"": 12.0, ""std_tp"": 12.0, ""leg_gap"": 4.0, ""leg_sl"": 10.0, ""leg_tp"": 56.0, ""min_fv"": 60.0, ""min_bos"": 8.0, ""disp_pts"": 6.0, ""stack_gap"": 8.0}",0.153,-0.461,-1.0,-0.461,227,0.64,8.23,0.0363,1.037,0.153,7.98,0.25,-31.5
LDN,"{""offset"": 0, ""window"": 60, ""exit"": ""hard"", ""open_trade"": false, ""vwap"": false, ""legs"": false, ""leg_max"": 6, ""rev_mode"": ""mixed"", ""wait_open"": true, ""maxpos"": 1, ""stack_trig"": ""fvg"", ""stack_size"": 0.5, ""ma"": 200, ""big_thr"": 6.0, ""big_sl"": 10.0, ""big_tp"": 46.0, ""std_sl"": 10.0, ""std_tp"": 16.75, ""leg_gap"": 4.0, ""leg_sl"": 18.0, ""leg_tp"": 36.0, ""min_fv"": 50.0, ""min_bos"": 0.0, ""disp_pts"": 12.0, ""stack_gap"": 6.0}",0.119,-0.504,-1.0,-0.504,124,0.35,1.65,0.0133,1.023,0.119,0.65,1.0,-8.55
LDN,"{""offset"": 30, ""window"": 150, ""exit"": ""run"", ""open_trade"": false, ""vwap"": true, ""legs"": true, ""leg_max"": 6, ""rev_mode"": ""disp_fv"", ""wait_open"": false, ""maxpos"": 1, ""stack_trig"": ""bos"", ""stack_size"": 0.5, ""ma"": 0, ""big_thr"": 6.0, ""big_sl"": 14.0, ""big_tp"": 60.0, ""std_sl"": 14.0, ""std_tp"": 24.0, ""leg_gap"": 4.0, ""leg_sl"": 18.0, ""leg_tp"": 56.0, ""min_fv"": 60.0, ""min_bos"": 8.0, ""disp_pts"": 8.0, ""stack_gap"": 6.0}",0.118,-0.282,-1.0,-0.282,193,0.55,5.65,0.0293,1.031,0.118,0.75,4.9,-26.57
LDN,"{""offset"": 0, ""window"": 150, ""exit"": ""run"", ""open_trade"": false, ""vwap"": false, ""legs"": true, ""leg_max"": 1, ""rev_mode"": ""std"", ""wait_open"": true, ""maxpos"": 1, ""stack_trig"": ""fvg"", ""stack_size"": 1.0, ""ma"": 50, ""big_thr"": 10.0, ""big_sl"": 14.0, ""big_tp"": 24.0, ""std_sl"": 14.0, ""std_tp"": 24.0, ""leg_gap"": 8.0, ""leg_sl"": 18.0, ""leg_tp"": 46.0, ""min_fv"": 60.0, ""min_bos"": 8.0, ""disp_pts"": 16.0, ""stack_gap"": 6.0}",0.034,-0.291,-1.0,-0.291,181,0.51,0.56,0.0031,1.005,0.034,0.13,0.43,-12.12
NY,"{""offset"": 0, ""window"": 150, ""exit"": ""hard"", ""open_trade"": true, ""vwap"": true, ""legs"": true, ""leg_max"": 4, ""rev_mode"": ""off"", ""wait_open"": false, ""maxpos"": 3, ""stack_trig"": ""bos"", ""stack_size"": 1.0, ""ma"": 100, ""big_thr"": 15.0, ""big_sl"": 30.0, ""big_tp"": 115.0, ""std_sl"": 20.0, ""std_tp"": 35.0, ""leg_gap"": 15.0, ""leg_sl"": 25.0, ""leg_tp"": 140.0, ""min_fv"": 200.0, ""min_bos"": 10.0, ""disp_pts"": 40.0, ""stack_gap"": 20.0}",3.605,3.17,-1.0,3.17,253,0.72,147.97,0.5848,1.849,3.605,85.23,62.73,-11.84
NY,"{""offset"": 0, ""window"": 60, ""exit"": ""hard"", ""open_trade"": true, ""vwap"": false, ""legs"": true, ""leg_max"": 4, ""rev_mode"": ""off"", ""wait_open"": true, ""maxpos"": 1, ""stack_trig"": ""fvg"", ""stack_size"": 1.0, ""ma"": 100, ""big_thr"": 10.0, ""big_sl"": 30.0, ""big_tp"": 130.0, ""std_sl"": 15.0, ""std_tp"": 30.0, ""leg_gap"": 10.0, ""leg_sl"": 45.0, ""leg_tp"": 140.0, ""min_fv"": 200.0, ""min_bos"": 10.0, ""disp_pts"": 25.0, ""stack_gap"": 20.0}",3.563,3.478,3.038,3.478,306,0.87,145.9,0.4768,1.721,3.563,92.81,53.09,-16.53
NY,"{""offset"": 0, ""window"": 120, ""exit"": ""hard"", ""open_trade"": true, ""vwap"": false, ""legs"": true, ""leg_max"": 1, ""rev_mode"": ""off"", ""wait_open"": false, ""maxpos"": 2, ""stack_trig"": ""fvg"", ""stack_size"": 1.0, ""ma"": 50, ""big_thr"": 15.0, ""big_sl"": 30.0, ""big_tp"": 115.0, ""std_sl"": 20.0, ""std_tp"": 30.0, ""leg_gap"": 15.0, ""leg_sl"": 45.0, ""leg_tp"": 90.0, ""min_fv"": 200.0, ""min_bos"": 5.0, ""disp_pts"": 30.0, ""stack_gap"": 15.0}",3.557,2.923,-1.0,2.923,285,0.81,136.43,0.4787,1.716,3.557,93.09,43.33,-13.9
NY,"{""offset"": 0, ""window"": 90, ""exit"": ""hard"", ""open_trade"": true, ""vwap"": false, ""legs"": true, ""leg_max"": 1, ""rev_mode"": ""disp_fv"", ""wait_open"": true, ""maxpos"": 3, ""stack_trig"": ""fvg"", ""stack_size"": 0.5, ""ma"": 50, ""big_thr"": 10.0, ""big_sl"": 30.0, ""big_tp"": 115.0, ""std_sl"": 30.0, ""std_tp"": 30.0, ""leg_gap"": 15.0, ""leg_sl"": 25.0, ""leg_tp"": 60.0, ""min_fv"": 80.0, ""min_bos"": 0.0, ""disp_pts"": 40.0, ""stack_gap"": 15.0}",3.544,2.823,-1.0,2.823,336,0.95,145.61,0.4334,1.646,3.544,85.2,60.41,-16.43
NY,"{""offset"": 0, ""window"": 60, ""exit"": ""hard"", ""open_trade"": true, ""vwap"": true, ""legs"": true, ""leg_max"": 2, ""rev_mode"": ""off"", ""wait_open"": true, ""maxpos"": 2, ""stack_trig"": ""fvg"", ""stack_size"": 0.5, ""ma"": 100, ""big_thr"": 10.0, ""big_sl"": 30.0, ""big_tp"": 115.0, ""std_sl"": 35.0, ""std_tp"": 42.0, ""leg_gap"": 10.0, ""leg_sl"": 45.0, ""leg_tp"": 140.0, ""min_fv"": 100.0, ""min_bos"": 0.0, ""disp_pts"": 20.0, ""stack_gap"": 15.0}",3.531,2.952,-1.0,2.952,260,0.74,129.48,0.498,1.775,3.531,77.45,52.03,-11.8
NY,"{""offset"": 0, ""window"": 60, ""exit"": ""hard"", ""open_trade"": true, ""vwap"": false, ""legs"": false, ""leg_max"": 6, ""rev_mode"": ""disp_fv"", ""wait_open"": false, ""maxpos"": 3, ""stack_trig"": ""bos"", ""stack_size"": 0.5, ""ma"": 100, ""big_thr"": 15.0, ""big_sl"": 30.0, ""big_tp"": 130.0, ""std_sl"": 25.0, ""std_tp"": 42.0, ""leg_gap"": 20.0, ""leg_sl"": 25.0, ""leg_tp"": 115.0, ""min_fv"": 200.0, ""min_bos"": 20.0, ""disp_pts"": 30.0, ""stack_gap"": 15.0}",3.477,2.822,-1.0,2.822,293,0.83,135.42,0.4622,1.687,3.477,88.85,46.57,-18.55
NY,"{""offset"": 0, ""window"": 60, ""exit"": ""hard"", ""open_trade"": true, ""vwap"": true, ""legs"": true, ""leg_max"": 2, ""rev_mode"": ""off"", ""wait_open"": true, ""maxpos"": 1, ""stack_trig"": ""fvg"", ""stack_size"": 0.5, ""ma"": 100, ""big_thr"": 20.0, ""big_sl"": 30.0, ""big_tp"": 130.0, ""std_sl"": 25.0, ""std_tp"": 60.0, ""leg_gap"": 15.0, ""leg_sl"": 35.0, ""leg_tp"": 115.0, ""min_fv"": 80.0, ""min_bos"": 5.0, ""disp_pts"": 15.0, ""stack_gap"": 15.0}",3.442,3.114,-1.0,3.114,253,0.72,131.94,0.5215,1.789,3.442,75.36,56.58,-13.08
NY,"{""offset"": 0, ""window"": 60, ""exit"": ""hard"", ""open_trade"": true, ""vwap"": false, ""legs"": true, ""leg_max"": 2, ""rev_mode"": ""disp_fv"", ""wait_open"": false, ""maxpos"": 1, ""stack_trig"": ""both"", ""stack_size"": 0.5, ""ma"": 100, ""big_thr"": 15.0, ""big_sl"": 30.0, ""big_tp"": 130.0, ""std_sl"": 25.0, ""std_tp"": 30.0, ""leg_gap"": 10.0, ""leg_sl"": 25.0, ""leg_tp"": 90.0, ""min_fv"": 200.0, ""min_bos"": 10.0, ""disp_pts"": 30.0, ""stack_gap"": 10.0}",3.44,2.809,-1.0,2.809,320,0.91,147.08,0.4596,1.676,3.44,99.31,47.76,-20.65
NY,"{""offset"": 0, ""window"": 120, ""exit"": ""run"", ""open_trade"": true, ""vwap"": true, ""legs"": true, ""leg_max"": 6, ""rev_mode"": ""off"", ""wait_open"": true, ""maxpos"": 1, ""stack_trig"": ""both"", ""stack_size"": 0.5, ""ma"": 50, ""big_thr"": 15.0, ""big_sl"": 30.0, ""big_tp"": 115.0, ""std_sl"": 20.0, ""std_tp"": 60.0, ""leg_gap"": 15.0, ""leg_sl"": 35.0, ""leg_tp"": 140.0, ""min_fv"": 40.0, ""min_bos"": 5.0, ""disp_pts"": 30.0, ""stack_gap"": 15.0}",3.436,2.844,-1.0,2.844,241,0.68,135.14,0.5608,1.811,3.436,80.43,54.72,-10.78
NY,"{""offset"": 0, ""window"": 60, ""exit"": ""hard"", ""open_trade"": true, ""vwap"": false, ""legs"": false, ""leg_max"": 2, ""rev_mode"": ""off"", ""wait_open"": false, ""maxpos"": 1, ""stack_trig"": ""both"", ""stack_size"": 0.5, ""ma"": 100, ""big_thr"": 10.0, ""big_sl"": 30.0, ""big_tp"": 115.0, ""std_sl"": 20.0, ""std_tp"": 35.0, ""leg_gap"": 25.0, ""leg_sl"": 35.0, ""leg_tp"": 140.0, ""min_fv"": 60.0, ""min_bos"": 20.0, ""disp_pts"": 30.0, ""stack_gap"": 15.0}",3.433,2.74,-1.0,2.74,279,0.79,120.43,0.4316,1.647,3.433,77.56,42.86,-14.95
NY,"{""offset"": 0, ""window"": 90, ""exit"": ""hard"", ""open_trade"": true, ""vwap"": false, ""legs"": true, ""leg_max"": 1, ""rev_mode"": ""off"", ""wait_open"": true, ""maxpos"": 3, ""stack_trig"": ""fvg"", ""stack_size"": 0.5, ""ma"": 50, ""big_thr"": 10.0, ""big_sl"": 30.0, ""big_tp"": 115.0, ""std_sl"": 15.0, ""std_tp"": 35.0, ""leg_gap"": 10.0, ""leg_sl"": 35.0, ""leg_tp"": 115.0, ""min_fv"": 200.0, ""min_bos"": 10.0, ""disp_pts"": 20.0, ""stack_gap"": 20.0}",3.43,3.106,-1.0,3.106,290,0.82,134.17,0.4627,1.686,3.43,90.51,43.66,-13.9
NY,"{""offset"": 0, ""window"": 60, ""exit"": ""hard"", ""open_trade"": true, ""vwap"": false, ""legs"": false, ""leg_max"": 6, ""rev_mode"": ""off"", ""wait_open"": true, ""maxpos"": 3, ""stack_trig"": ""bos"", ""stack_size"": 0.5, ""ma"": 50, ""big_thr"": 15.0, ""big_sl"": 30.0, ""big_tp"": 130.0, ""std_sl"": 25.0, ""std_tp"": 35.0, ""leg_gap"": 10.0, ""leg_sl"": 25.0, ""leg_tp"": 60.0, ""min_fv"": 200.0, ""min_bos"": 15.0, ""disp_pts"": 30.0, ""stack_gap"": 10.0}",3.426,2.808,-1.0,2.808,269,0.76,124.01,0.461,1.686,3.426,85.48,38.54,-12.39
NY,"{""offset"": 0, ""window"": 60, ""exit"": ""hard"", ""open_trade"": true, ""vwap"": false, ""legs"": false, ""leg_max"": 1, ""rev_mode"": ""off"", ""wait_open"": false, ""maxpos"": 3, ""stack_trig"": ""bos"", ""stack_size"": 0.5, ""ma"": 100, ""big_thr"": 20.0, ""big_sl"": 30.0, ""big_tp"": 150.0, ""std_sl"": 15.0, ""std_tp"": 42.0, ""leg_gap"": 20.0, ""leg_sl"": 25.0, ""leg_tp"": 140.0, ""min_fv"": 150.0, ""min_bos"": 0.0, ""disp_pts"": 40.0, ""stack_gap"": 15.0}",3.422,3.266,2.278,3.266,279,0.79,132.81,0.476,1.689,3.422,80.08,52.73,-15.82
NY,"{""offset"": 0, ""window"": 60, ""exit"": ""hard"", ""open_trade"": true, ""vwap"": false, ""legs"": false, ""leg_max"": 1, ""rev_mode"": ""off"", ""wait_open"": true, ""maxpos"": 2, ""stack_trig"": ""fvg"", ""stack_size"": 0.5, ""ma"": 50, ""big_thr"": 10.0, ""big_sl"": 40.0, ""big_tp"": 130.0, ""std_sl"": 25.0, ""std_tp"": 50.0, ""leg_gap"": 10.0, ""leg_sl"": 35.0, ""leg_tp"": 90.0, ""min_fv"": 80.0, ""min_bos"": 15.0, ""disp_pts"": 30.0, ""stack_gap"": 15.0}",3.414,3.058,-1.0,3.058,269,0.76,101.36,0.3768,1.629,3.414,65.18,36.18,-8.12
NY,"{""offset"": 0, ""window"": 60, ""exit"": ""hard"", ""open_trade"": true, ""vwap"": true, ""legs"": true, ""leg_max"": 2, ""rev_mode"": ""off"", ""wait_open"": true, ""maxpos"": 2, ""stack_trig"": ""both"", ""stack_size"": 1.0, ""ma"": 100, ""big_thr"": 10.0, ""big_sl"": 25.0, ""big_tp"": 130.0, ""std_sl"": 25.0, ""std_tp"": 30.0, ""leg_gap"": 15.0, ""leg_sl"": 45.0, ""leg_tp"": 140.0, ""min_fv"": 80.0, ""min_bos"": 5.0, ""disp_pts"": 15.0, ""stack_gap"": 15.0}",3.41,3.239,2.122,3.239,253,0.72,147.65,0.5836,1.835,3.41,79.71,67.95,-12.6
NY,"{""offset"": 0, ""window"": 60, ""exit"": ""hard"", ""open_trade"": true, ""vwap"": false, ""legs"": true, ""leg_max"": 1, ""rev_mode"": ""off"", ""wait_open"": true, ""maxpos"": 2, ""stack_trig"": ""bos"", ""stack_size"": 1.0, ""ma"": 50, ""big_thr"": 10.0, ""big_sl"": 35.0, ""big_tp"": 130.0, ""std_sl"": 30.0, ""std_tp"": 42.0, ""leg_gap"": 10.0, ""leg_sl"": 35.0, ""leg_tp"": 140.0, ""min_fv"": 100.0, ""min_bos"": 0.0, ""disp_pts"": 20.0, ""stack_gap"": 10.0}",3.399,3.074,-1.0,3.074,290,0.82,126.97,0.4378,1.691,3.399,84.41,42.56,-13.92
NY,"{""offset"": 0, ""window"": 90, ""exit"": ""hard"", ""open_trade"": true, ""vwap"": true, ""legs"": true, ""leg_max"": 6, ""rev_mode"": ""off"", ""wait_open"": false, ""maxpos"": 2, ""stack_trig"": ""both"", ""stack_size"": 1.0, ""ma"": 50, ""big_thr"": 15.0, ""big_sl"": 30.0, ""big_tp"": 80.0, ""std_sl"": 30.0, ""std_tp"": 30.0, ""leg_gap"": 15.0, ""leg_sl"": 45.0, ""leg_tp"": 115.0, ""min_fv"": 80.0, ""min_bos"": 15.0, ""disp_pts"": 30.0, ""stack_gap"": 20.0}",3.398,2.678,-1.0,2.678,241,0.68,101.91,0.4228,1.694,3.398,61.65,40.26,-12.53
NY,"{""offset"": 0, ""window"": 60, ""exit"": ""hard"", ""open_trade"": true, ""vwap"": true, ""legs"": false, ""leg_max"": 1, ""rev_mode"": ""off"", ""wait_open"": false, ""maxpos"": 2, ""stack_trig"": ""bos"", ""stack_size"": 1.0, ""ma"": 50, ""big_thr"": 15.0, ""big_sl"": 30.0, ""big_tp"": 130.0, ""std_sl"": 15.0, ""std_tp"": 35.0, ""leg_gap"": 20.0, ""leg_sl"": 45.0, ""leg_tp"": 115.0, ""min_fv"": 40.0, ""min_bos"": 10.0, ""disp_pts"": 30.0, ""stack_gap"": 10.0}",3.393,3.018,-1.0,3.018,224,0.64,113.6,0.5071,1.765,3.393,74.0,39.6,-12.04
NY,"{""offset"": 0, ""window"": 60, ""exit"": ""hard"", ""open_trade"": true, ""vwap"": true, ""legs"": true, ""leg_max"": 4, ""rev_mode"": ""off"", ""wait_open"": true, ""maxpos"": 3, ""stack_trig"": ""fvg"", ""stack_size"": 0.5, ""ma"": 50, ""big_thr"": 10.0, ""big_sl"": 30.0, ""big_tp"": 115.0, ""std_sl"": 20.0, ""std_tp"": 35.0, ""leg_gap"": 25.0, ""leg_sl"": 35.0, ""leg_tp"": 115.0, ""min_fv"": 80.0, ""min_bos"": 10.0, ""disp_pts"": 20.0, ""stack_gap"": 10.0}",3.388,2.775,-1.0,2.775,229,0.65,111.44,0.4867,1.745,3.388,70.25,41.19,-12.04
NY,"{""offset"": 0, ""window"": 90, ""exit"": ""hard"", ""open_trade"": true, ""vwap"": false, ""legs"": true, ""leg_max"": 1, ""rev_mode"": ""off"", ""wait_open"": false, ""maxpos"": 1, ""stack_trig"": ""fvg"", ""stack_size"": 0.5, ""ma"": 50, ""big_thr"": 10.0, ""big_sl"": 30.0, ""big_tp"": 115.0, ""std_sl"": 15.0, ""std_tp"": 30.0, ""leg_gap"": 20.0, ""leg_sl"": 25.0, ""leg_tp"": 90.0, ""min_fv"": 60.0, ""min_bos"": 5.0, ""disp_pts"": 20.0, ""stack_gap"": 15.0}",3.388,3.324,2.763,3.324,277,0.79,125.53,0.4532,1.667,3.388,83.81,41.72,-12.87
NY,"{""offset"": 0, ""window"": 90, ""exit"": ""hard"", ""open_trade"": true, ""vwap"": false, ""legs"": true, ""leg_max"": 6, ""rev_mode"": ""disp_fv"", ""wait_open"": false, ""maxpos"": 1, ""stack_trig"": ""fvg"", ""stack_size"": 1.0, ""ma"": 50, ""big_thr"": 10.0, ""big_sl"": 30.0, ""big_tp"": 115.0, ""std_sl"": 30.0, ""std_tp"": 60.0, ""leg_gap"": 20.0, ""leg_sl"": 25.0, ""leg_tp"": 60.0, ""min_fv"": 200.0, ""min_bos"": 5.0, ""disp_pts"": 40.0, ""stack_gap"": 20.0}",3.376,2.806,-1.0,2.806,290,0.82,126.45,0.436,1.646,3.376,80.62,45.82,-13.29
NY,"{""offset"": 0, ""window"": 60, ""exit"": ""hard"", ""open_trade"": true, ""vwap"": true, ""legs"": true, ""leg_max"": 6, ""rev_mode"": ""off"", ""wait_open"": false, ""maxpos"": 3, ""stack_trig"": ""bos"", ""stack_size"": 1.0, ""ma"": 50, ""big_thr"": 15.0, ""big_sl"": 30.0, ""big_tp"": 130.0, ""std_sl"": 25.0, ""std_tp"": 35.0, ""leg_gap"": 10.0, ""leg_sl"": 35.0, ""leg_tp"": 115.0, ""min_fv"": 200.0, ""min_bos"": 20.0, ""disp_pts"": 40.0, ""stack_gap"": 10.0}",3.376,3.084,-1.0,3.084,248,0.7,126.88,0.5116,1.778,3.376,81.04,45.83,-13.07
NY,"{""offset"": 0, ""window"": 60, ""exit"": ""hard"", ""open_trade"": true, ""vwap"": false, ""legs"": true, ""leg_max"": 4, ""rev_mode"": ""off"", ""wait_open"": false, ""maxpos"": 1, ""stack_trig"": ""both"", ""stack_size"": 0.5, ""ma"": 50, ""big_thr"": 15.0, ""big_sl"": 40.0, ""big_tp"": 150.0, ""std_sl"": 20.0, ""std_tp"": 30.0, ""leg_gap"": 20.0, ""leg_sl"": 25.0, ""leg_tp"": 60.0, ""min_fv"": 40.0, ""min_bos"": 20.0, ""disp_pts"": 30.0, ""stack_gap"": 10.0}",3.373,2.717,-1.0,2.717,277,0.79,108.35,0.3912,1.648,3.373,64.97,43.38,-11.24
NY,"{""offset"": 0, ""window"": 150, ""exit"": ""hard"", ""open_trade"": true, ""vwap"": false, ""legs"": true, ""leg_max"": 2, ""rev_mode"": ""off"", ""wait_open"": true, ""maxpos"": 1, ""stack_trig"": ""fvg"", ""stack_size"": 0.5, ""ma"": 50, ""big_thr"": 15.0, ""big_sl"": 30.0, ""big_tp"": 115.0, ""std_sl"": 15.0, ""std_tp"": 60.0, ""leg_gap"": 20.0, ""leg_sl"": 25.0, ""leg_tp"": 60.0, ""min_fv"": 200.0, ""min_bos"": 5.0, ""disp_pts"": 30.0, ""stack_gap"": 15.0}",3.36,2.766,-1.0,2.766,277,0.79,124.78,0.4505,1.647,3.36,78.63,46.15,-12.87
NY,"{""offset"": 0, ""window"": 120, ""exit"": ""hard"", ""open_trade"": true, ""vwap"": true, ""legs"": true, ""leg_max"": 2, ""rev_mode"": ""off"", ""wait_open"": true, ""maxpos"": 1, ""stack_trig"": ""bos"", ""stack_size"": 0.5, ""ma"": 50, ""big_thr"": 20.0, ""big_sl"": 40.0, ""big_tp"": 115.0, ""std_sl"": 15.0, ""std_tp"": 50.0, ""leg_gap"": 20.0, ""leg_sl"": 45.0, ""leg_tp"": 115.0, ""min_fv"": 125.0, ""min_bos"": 20.0, ""disp_pts"": 40.0, ""stack_gap"": 15.0}",3.357,3.174,2.649,3.174,232,0.66,99.64,0.4295,1.698,3.357,61.43,38.2,-7.47
NY,"{""offset"": 0, ""window"": 90, ""exit"": ""hard"", ""open_trade"": true, ""vwap"": false, ""legs"": true, ""leg_max"": 6, ""rev_mode"": ""std"", ""wait_open"": false, ""maxpos"": 1, ""stack_trig"": ""both"", ""stack_size"": 0.5, ""ma"": 50, ""big_thr"": 15.0, ""big_sl"": 25.0, ""big_tp"": 115.0, ""std_sl"": 20.0, ""std_tp"": 30.0, ""leg_gap"": 25.0, ""leg_sl"": 45.0, ""leg_tp"": 140.0, ""min_fv"": 200.0, ""min_bos"": 0.0, ""disp_pts"": 20.0, ""stack_gap"": 10.0}",3.343,3.283,3.012,3.283,425,1.21,143.13,0.3368,1.502,3.343,105.93,37.19,-17.95
NY,"{""offset"": 0, ""window"": 60, ""exit"": ""hard"", ""open_trade"": true, ""vwap"": false, ""legs"": false, ""leg_max"": 1, ""rev_mode"": ""off"", ""wait_open"": true, ""maxpos"": 1, ""stack_trig"": ""bos"", ""stack_size"": 0.5, ""ma"": 50, ""big_thr"": 15.0, ""big_sl"": 40.0, ""big_tp"": 115.0, ""std_sl"": 20.0, ""std_tp"": 35.0, ""leg_gap"": 20.0, ""leg_sl"": 35.0, ""leg_tp"": 90.0, ""min_fv"": 80.0, ""min_bos"": 5.0, ""disp_pts"": 25.0, ""stack_gap"": 15.0}",3.336,2.897,-1.0,2.897,269,0.76,94.28,0.3505,1.592,3.336,59.65,34.63,-9.55
NY,"{""offset"": 0, ""window"": 60, ""exit"": ""hard"", ""open_trade"": true, ""vwap"": false, ""legs"": false, ""leg_max"": 4, ""rev_mode"": ""off"", ""wait_open"": false, ""maxpos"": 3, ""stack_trig"": ""fvg"", ""stack_size"": 1.0, ""ma"": 50, ""big_thr"": 20.0, ""big_sl"": 30.0, ""big_tp"": 130.0, ""std_sl"": 15.0, ""std_tp"": 42.0, ""leg_gap"": 20.0, ""leg_sl"": 45.0, ""leg_tp"": 90.0, ""min_fv"": 100.0, ""min_bos"": 10.0, ""disp_pts"": 20.0, ""stack_gap"": 20.0}",3.335,2.676,-1.0,2.676,269,0.76,120.66,0.4486,1.658,3.335,78.86,41.81,-12.43
NY,"{""offset"": 0, ""window"": 60, ""exit"": ""hard"", ""open_trade"": true, ""vwap"": false, ""legs"": true, ""leg_max"": 1, ""rev_mode"": ""off"", ""wait_open"": true, ""maxpos"": 3, ""stack_trig"": ""fvg"", ""stack_size"": 1.0, ""ma"": 100, ""big_thr"": 10.0, ""big_sl"": 40.0, ""big_tp"": 130.0, ""std_sl"": 35.0, ""std_tp"": 42.0, ""leg_gap"": 20.0, ""leg_sl"": 45.0, ""leg_tp"": 90.0, ""min_fv"": 125.0, ""min_bos"": 10.0, ""disp_pts"": 40.0, ""stack_gap"": 15.0}",3.335,3.009,-1.0,3.009,289,0.82,106.33,0.3679,1.61,3.335,69.15,37.17,-12.12
NY,"{""offset"": 0, ""window"": 150, ""exit"": ""hard"", ""open_trade"": true, ""vwap"": true, ""legs"": true, ""leg_max"": 1, ""rev_mode"": ""off"", ""wait_open"": true, ""maxpos"": 2, ""stack_trig"": ""both"", ""stack_size"": 1.0, ""ma"": 50, ""big_thr"": 10.0, ""big_sl"": 40.0, ""big_tp"": 150.0, ""std_sl"": 15.0, ""std_tp"": 60.0, ""leg_gap"": 15.0, ""leg_sl"": 35.0, ""leg_tp"": 140.0, ""min_fv"": 125.0, ""min_bos"": 5.0, ""disp_pts"": 25.0, ""stack_gap"": 20.0}",3.335,3.028,-1.0,3.028,240,0.68,122.75,0.5115,1.797,3.335,77.36,45.39,-8.65
NY,"{""offset"": 0, ""window"": 150, ""exit"": ""hard"", ""open_trade"": true, ""vwap"": true, ""legs"": true, ""leg_max"": 6, ""rev_mode"": ""off"", ""wait_open"": false, ""maxpos"": 1, ""stack_trig"": ""fvg"", ""stack_size"": 1.0, ""ma"": 100, ""big_thr"": 10.0, ""big_sl"": 30.0, ""big_tp"": 130.0, ""std_sl"": 30.0, ""std_tp"": 50.0, ""leg_gap"": 20.0, ""leg_sl"": 35.0, ""leg_tp"": 115.0, ""min_fv"": 150.0, ""min_bos"": 15.0, ""disp_pts"": 25.0, ""stack_gap"": 15.0}",3.334,2.609,-1.0,2.609,244,0.69,128.42,0.5263,1.745,3.334,79.08,49.34,-12.24
NY,"{""offset"": 0, ""window"": 60, ""exit"": ""hard"", ""open_trade"": true, ""vwap"": false, ""legs"": true, ""leg_max"": 4, ""rev_mode"": ""off"", ""wait_open"": false, ""maxpos"": 1, ""stack_trig"": ""fvg"", ""stack_size"": 0.5, ""ma"": 200, ""big_thr"": 15.0, ""big_sl"": 30.0, ""big_tp"": 150.0, ""std_sl"": 20.0, ""std_tp"": 50.0, ""leg_gap"": 15.0, ""leg_sl"": 35.0, ""leg_tp"": 60.0, ""min_fv"": 80.0, ""min_bos"": 0.0, ""disp_pts"": 15.0, ""stack_gap"": 15.0}",3.329,2.718,-1.0,2.718,328,0.93,144.29,0.4399,1.649,3.329,80.64,63.65,-19.96
NY,"{""offset"": 0, ""window"": 60, ""exit"": ""hard"", ""open_trade"": true, ""vwap"": true, ""legs"": true, ""leg_max"": 4, ""rev_mode"": ""off"", ""wait_open"": true, ""maxpos"": 3, ""stack_trig"": ""fvg"", ""stack_size"": 1.0, ""ma"": 200, ""big_thr"": 15.0, ""big_sl"": 25.0, ""big_tp"": 115.0, ""std_sl"": 15.0, ""std_tp"": 42.0, ""leg_gap"": 15.0, ""leg_sl"": 45.0, ""leg_tp"": 115.0, ""min_fv"": 40.0, ""min_bos"": 10.0, ""disp_pts"": 15.0, ""stack_gap"": 10.0}",3.327,2.917,-1.0,2.917,279,0.79,142.08,0.5092,1.726,3.327,68.81,73.26,-14.53
NY,"{""offset"": 0, ""window"": 150, ""exit"": ""hard"", ""open_trade"": true, ""vwap"": true, ""legs"": true, ""leg_max"": 4, ""rev_mode"": ""off"", ""wait_open"": false, ""maxpos"": 2, ""stack_trig"": ""bos"", ""stack_size"": 0.5, ""ma"": 50, ""big_thr"": 20.0, ""big_sl"": 30.0, ""big_tp"": 115.0, ""std_sl"": 20.0, ""std_tp"": 42.0, ""leg_gap"": 25.0, ""leg_sl"": 45.0, ""leg_tp"": 140.0, ""min_fv"": 125.0, ""min_bos"": 20.0, ""disp_pts"": 40.0, ""stack_gap"": 10.0}",3.327,3.028,-1.0,3.028,229,0.65,114.67,0.5007,1.728,3.327,67.25,47.41,-9.77
NY,"{""offset"": 0, ""window"": 150, ""exit"": ""hard"", ""open_trade"": true, ""vwap"": false, ""legs"": false, ""leg_max"": 2, ""rev_mode"": ""off"", ""wait_open"": false, ""maxpos"": 1, ""stack_trig"": ""both"", ""stack_size"": 0.5, ""ma"": 50, ""big_thr"": 20.0, ""big_sl"": 30.0, ""big_tp"": 115.0, ""std_sl"": 30.0, ""std_tp"": 60.0, ""leg_gap"": 15.0, ""leg_sl"": 45.0, ""leg_tp"": 115.0, ""min_fv"": 40.0, ""min_bos"": 20.0, ""disp_pts"": 40.0, ""stack_gap"": 20.0}",3.326,2.755,-1.0,2.755,269,0.76,117.9,0.4383,1.632,3.326,75.67,42.23,-12.87
NY,"{""offset"": 0, ""window"": 60, ""exit"": ""hard"", ""open_trade"": true, ""vwap"": false, ""legs"": true, ""leg_max"": 2, ""rev_mode"": ""disp_fv"", ""wait_open"": true, ""maxpos"": 2, ""stack_trig"": ""fvg"", ""stack_size"": 1.0, ""ma"": 50, ""big_thr"": 20.0, ""big_sl"": 30.0, ""big_tp"": 130.0, ""std_sl"": 30.0, ""std_tp"": 60.0, ""leg_gap"": 10.0, ""leg_sl"": 25.0, ""leg_tp"": 115.0, ""min_fv"": 80.0, ""min_bos"": 20.0, ""disp_pts"": 40.0, ""stack_gap"": 20.0}",3.324,3.221,2.702,3.221,320,0.91,141.14,0.4411,1.652,3.324,85.41,55.73,-16.61
NY,"{""offset"": 0, ""window"": 90, ""exit"": ""hard"", ""open_trade"": true, ""vwap"": false, ""legs"": true, ""leg_max"": 6, ""rev_mode"": ""std"", ""wait_open"": false, ""maxpos"": 1, ""stack_trig"": ""fvg"", ""stack_size"": 1.0, ""ma"": 100, ""big_thr"": 10.0, ""big_sl"": 35.0, ""big_tp"": 115.0, ""std_sl"": 20.0, ""std_tp"": 30.0, ""leg_gap"": 20.0, ""leg_sl"": 35.0, ""leg_tp"": 140.0, ""min_fv"": 200.0, ""min_bos"": 10.0, ""disp_pts"": 25.0, ""stack_gap"": 15.0}",3.32,2.973,-1.0,2.973,415,1.18,121.84,0.2936,1.472,3.32,90.89,30.95,-19.92
NY,"{""offset"": 0, ""window"": 60, ""exit"": ""run"", ""open_trade"": true, ""vwap"": true, ""legs"": true, ""leg_max"": 2, ""rev_mode"": ""off"", ""wait_open"": false, ""maxpos"": 2, ""stack_trig"": ""bos"", ""stack_size"": 1.0, ""ma"": 50, ""big_thr"": 10.0, ""big_sl"": 35.0, ""big_tp"": 80.0, ""std_sl"": 15.0, ""std_tp"": 30.0, ""leg_gap"": 15.0, ""leg_sl"": 35.0, ""leg_tp"": 140.0, ""min_fv"": 200.0, ""min_bos"": 10.0, ""disp_pts"": 20.0, ""stack_gap"": 15.0}",3.317,2.729,-1.0,2.729,241,0.68,99.46,0.4127,1.686,3.317,58.29,41.18,-11.71
NY,"{""offset"": 0, ""window"": 60, ""exit"": ""hard"", ""open_trade"": true, ""vwap"": false, ""legs"": true, ""leg_max"": 4, ""rev_mode"": ""off"", ""wait_open"": true, ""maxpos"": 1, ""stack_trig"": ""bos"", ""stack_size"": 0.5, ""ma"": 50, ""big_thr"": 25.0, ""big_sl"": 25.0, ""big_tp"": 100.0, ""std_sl"": 15.0, ""std_tp"": 60.0, ""leg_gap"": 15.0, ""leg_sl"": 45.0, ""leg_tp"": 115.0, ""min_fv"": 40.0, ""min_bos"": 5.0, ""disp_pts"": 20.0, ""stack_gap"": 15.0}",3.316,3.144,1.965,3.144,286,0.81,133.1,0.4654,1.664,3.316,86.02,47.08,-18.99
NY,"{""offset"": 0, ""window"": 60, ""exit"": ""hard"", ""open_trade"": true, ""vwap"": true, ""legs"": true, ""leg_max"": 2, ""rev_mode"": ""off"", ""wait_open"": true, ""maxpos"": 1, ""stack_trig"": ""bos"", ""stack_size"": 1.0, ""ma"": 50, ""big_thr"": 20.0, ""big_sl"": 30.0, ""big_tp"": 115.0, ""std_sl"": 30.0, ""std_tp"": 50.0, ""leg_gap"": 10.0, ""leg_sl"": 25.0, ""leg_tp"": 140.0, ""min_fv"": 40.0, ""min_bos"": 20.0, ""disp_pts"": 25.0, ""stack_gap"": 10.0}",3.315,3.005,-1.0,3.005,248,0.7,125.57,0.5063,1.774,3.315,72.58,52.99,-13.09
NY,"{""offset"": 0, ""window"": 150, ""exit"": ""hard"", ""open_trade"": true, ""vwap"": false, ""legs"": true, ""leg_max"": 1, ""rev_mode"": ""off"", ""wait_open"": true, ""maxpos"": 3, ""stack_trig"": ""fvg"", ""stack_size"": 0.5, ""ma"": 50, ""big_thr"": 25.0, ""big_sl"": 40.0, ""big_tp"": 115.0, ""std_sl"": 20.0, ""std_tp"": 42.0, ""leg_gap"": 15.0, ""leg_sl"": 35.0, ""leg_tp"": 140.0, ""min_fv"": 150.0, ""min_bos"": 15.0, ""disp_pts"": 40.0, ""stack_gap"": 15.0}",3.313,2.694,-1.0,2.694,285,0.81,114.76,0.4027,1.635,3.313,73.15,41.62,-10.84
NY,"{""offset"": 0, ""window"": 60, ""exit"": ""hard"", ""open_trade"": true, ""vwap"": false, ""legs"": true, ""leg_max"": 4, ""rev_mode"": ""disp_fv"", ""wait_open"": true, ""maxpos"": 2, ""stack_trig"": ""both"", ""stack_size"": 0.5, ""ma"": 50, ""big_thr"": 10.0, ""big_sl"": 30.0, ""big_tp"": 115.0, ""std_sl"": 25.0, ""std_tp"": 30.0, ""leg_gap"": 10.0, ""leg_sl"": 35.0, ""leg_tp"": 115.0, ""min_fv"": 200.0, ""min_bos"": 5.0, ""disp_pts"": 40.0, ""stack_gap"": 20.0}",3.308,2.706,-1.0,2.706,302,0.86,134.32,0.4448,1.677,3.308,84.88,49.44,-16.0
NY,"{""offset"": 0, ""window"": 60, ""exit"": ""hard"", ""open_trade"": true, ""vwap"": false, ""legs"": true, ""leg_max"": 1, ""rev_mode"": ""off"", ""wait_open"": true, ""maxpos"": 3, ""stack_trig"": ""fvg"", ""stack_size"": 1.0, ""ma"": 50, ""big_thr"": 15.0, ""big_sl"": 25.0, ""big_tp"": 130.0, ""std_sl"": 20.0, ""std_tp"": 30.0, ""leg_gap"": 25.0, ""leg_sl"": 25.0, ""leg_tp"": 90.0, ""min_fv"": 60.0, ""min_bos"": 15.0, ""disp_pts"": 25.0, ""stack_gap"": 20.0}",3.301,2.883,-1.0,2.883,274,0.78,139.01,0.5073,1.698,3.301,88.66,50.35,-16.04
NY,"{""offset"": 0, ""window"": 150, ""exit"": ""hard"", ""open_trade"": true, ""vwap"": false, ""legs"": true, ""leg_max"": 1, ""rev_mode"": ""off"", ""wait_open"": false, ""maxpos"": 2, ""stack_trig"": ""fvg"", ""stack_size"": 1.0, ""ma"": 50, ""big_thr"": 10.0, ""big_sl"": 35.0, ""big_tp"": 115.0, ""std_sl"": 15.0, ""std_tp"": 50.0, ""leg_gap"": 15.0, ""leg_sl"": 25.0, ""leg_tp"": 90.0, ""min_fv"": 60.0, ""min_bos"": 5.0, ""disp_pts"": 25.0, ""stack_gap"": 10.0}",3.3,2.723,-1.0,2.723,285,0.81,120.23,0.4219,1.637,3.3,77.37,42.86,-14.37
NY,"{""offset"": 0, ""window"": 60, ""exit"": ""hard"", ""open_trade"": true, ""vwap"": false, ""legs"": false, ""leg_max"": 1, ""rev_mode"": ""off"", ""wait_open"": true, ""maxpos"": 2, ""stack_trig"": ""fvg"", ""stack_size"": 1.0, ""ma"": 50, ""big_thr"": 15.0, ""big_sl"": 25.0, ""big_tp"": 130.0, ""std_sl"": 20.0, ""std_tp"": 35.0, ""leg_gap"": 10.0, ""leg_sl"": 45.0, ""leg_tp"": 115.0, ""min_fv"": 100.0, ""min_bos"": 5.0, ""disp_pts"": 25.0, ""stack_gap"": 20.0}",3.3,2.692,-1.0,2.692,269,0.76,135.31,0.503,1.69,3.3,87.2,48.1,-16.04
NY,"{""offset"": 0, ""window"": 60, ""exit"": ""hard"", ""open_trade"": true, ""vwap"": true, ""legs"": false, ""leg_max"": 2, ""rev_mode"": ""disp_fv"", ""wait_open"": true, ""maxpos"": 2, ""stack_trig"": ""both"", ""stack_size"": 1.0, ""ma"": 100, ""big_thr"": 20.0, ""big_sl"": 25.0, ""big_tp"": 130.0, ""std_sl"": 20.0, ""std_tp"": 60.0, ""leg_gap"": 20.0, ""leg_sl"": 45.0, ""leg_tp"": 90.0, ""min_fv"": 200.0, ""min_bos"": 15.0, ""disp_pts"": 20.0, ""stack_gap"": 20.0}",3.298,2.924,-1.0,2.924,262,0.74,133.79,0.5106,1.699,3.298,78.42,55.37,-16.15
NY,"{""offset"": 0, ""window"": 60, ""exit"": ""hard"", ""open_trade"": true, ""vwap"": false, ""legs"": false, ""leg_max"": 2, ""rev_mode"": ""off"", ""wait_open"": true, ""maxpos"": 3, ""stack_trig"": ""both"", ""stack_size"": 1.0, ""ma"": 50, ""big_thr"": 10.0, ""big_sl"": 25.0, ""big_tp"": 130.0, ""std_sl"": 20.0, ""std_tp"": 35.0, ""leg_gap"": 20.0, ""leg_sl"": 45.0, ""leg_tp"": 140.0, ""min_fv"": 80.0, ""min_bos"": 0.0, ""disp_pts"": 15.0, ""stack_gap"": 15.0}",3.298,2.964,-1.0,2.964,269,0.76,135.24,0.5027,1.69,3.298,87.2,48.03,-16.04
NY,"{""offset"": 0, ""window"": 60, ""exit"": ""hard"", ""open_trade"": true, ""vwap"": false, ""legs"": false, ""leg_max"": 6, ""rev_mode"": ""off"", ""wait_open"": false, ""maxpos"": 1, ""stack_trig"": ""fvg"", ""stack_size"": 0.5, ""ma"": 50, ""big_thr"": 10.0, ""big_sl"": 25.0, ""big_tp"": 130.0, ""std_sl"": 15.0, ""std_tp"": 50.0, ""leg_gap"": 15.0, ""leg_sl"": 35.0, ""leg_tp"": 115.0, ""min_fv"": 80.0, ""min_bos"": 5.0, ""disp_pts"": 40.0, ""stack_gap"": 15.0}",3.298,2.167,-1.0,2.167,269,0.76,135.24,0.5027,1.69,3.298,87.2,48.03,-16.04
NY,"{""offset"": 0, ""window"": 150, ""exit"": ""hard"", ""open_trade"": true, ""vwap"": false, ""legs"": false, ""leg_max"": 1, ""rev_mode"": ""off"", ""wait_open"": false, ""maxpos"": 2, ""stack_trig"": ""bos"", ""stack_size"": 1.0, ""ma"": 100, ""big_thr"": 20.0, ""big_sl"": 30.0, ""big_tp"": 150.0, ""std_sl"": 15.0, ""std_tp"": 35.0, ""leg_gap"": 25.0, ""leg_sl"": 25.0, ""leg_tp"": 60.0, ""min_fv"": 80.0, ""min_bos"": 20.0, ""disp_pts"": 40.0, ""stack_gap"": 20.0}",3.296,2.953,-1.0,2.953,279,0.79,135.74,0.4865,1.669,3.296,84.49,51.25,-19.67
NY,"{""offset"": 0, ""window"": 90, ""exit"": ""hard"", ""open_trade"": true, ""vwap"": false, ""legs"": true, ""leg_max"": 1, ""rev_mode"": ""off"", ""wait_open"": true, ""maxpos"": 3, ""stack_trig"": ""both"", ""stack_size"": 1.0, ""ma"": 50, ""big_thr"": 20.0, ""big_sl"": 35.0, ""big_tp"": 115.0, ""std_sl"": 30.0, ""std_tp"": 30.0, ""leg_gap"": 15.0, ""leg_sl"": 45.0, ""leg_tp"": 140.0, ""min_fv"": 60.0, ""min_bos"": 5.0, ""disp_pts"": 40.0, ""stack_gap"": 20.0}",3.296,2.963,-1.0,2.963,285,0.81,116.8,0.4098,1.651,3.296,81.91,34.88,-14.34
NY,"{""offset"": 0, ""window"": 150, ""exit"": ""hard"", ""open_trade"": true, ""vwap"": true, ""legs"": false, ""leg_max"": 1, ""rev_mode"": ""off"", ""wait_open"": true, ""maxpos"": 1, ""stack_trig"": ""fvg"", ""stack_size"": 0.5, ""ma"": 50, ""big_thr"": 20.0, ""big_sl"": 30.0, ""big_tp"": 100.0, ""std_sl"": 20.0, ""std_tp"": 60.0, ""leg_gap"": 20.0, ""leg_sl"": 25.0, ""leg_tp"": 60.0, ""min_fv"": 40.0, ""min_bos"": 5.0, ""disp_pts"": 25.0, ""stack_gap"": 20.0}",3.296,2.935,-1.0,2.935,224,0.64,102.06,0.4556,1.67,3.296,61.04,41.02,-10.27
NY,"{""offset"": 0, ""window"": 60, ""exit"": ""hard"", ""open_trade"": true, ""vwap"": false, ""legs"": false, ""leg_max"": 1, ""rev_mode"": ""off"", ""wait_open"": false, ""maxpos"": 2, ""stack_trig"": ""fvg"", ""stack_size"": 1.0, ""ma"": 50, ""big_thr"": 10.0, ""big_sl"": 25.0, ""big_tp"": 115.0, ""std_sl"": 15.0, ""std_tp"": 42.0, ""leg_gap"": 25.0, ""leg_sl"": 35.0, ""leg_tp"": 90.0, ""min_fv"": 60.0, ""min_bos"": 5.0, ""disp_pts"": 15.0, ""stack_gap"": 10.0}",3.294,2.689,-1.0,2.689,269,0.76,128.63,0.4782,1.663,3.294,80.55,48.07,-17.84
NY,"{""offset"": 0, ""window"": 150, ""exit"": ""run"", ""open_trade"": true, ""vwap"": false, ""legs"": true, ""leg_max"": 1, ""rev_mode"": ""off"", ""wait_open"": false, ""maxpos"": 2, ""stack_trig"": ""bos"", ""stack_size"": 0.5, ""ma"": 50, ""big_thr"": 10.0, ""big_sl"": 40.0, ""big_tp"": 80.0, ""std_sl"": 35.0, ""std_tp"": 30.0, ""leg_gap"": 15.0, ""leg_sl"": 35.0, ""leg_tp"": 140.0, ""min_fv"": 100.0, ""min_bos"": 20.0, ""disp_pts"": 25.0, ""stack_gap"": 10.0}",3.294,2.996,-1.0,2.996,285,0.81,98.09,0.3442,1.591,3.294,57.46,40.63,-10.41
NY,"{""offset"": 0, ""window"": 60, ""exit"": ""hard"", ""open_trade"": true, ""vwap"": false, ""legs"": false, ""leg_max"": 1, ""rev_mode"": ""off"", ""wait_open"": false, ""maxpos"": 3, ""stack_trig"": ""bos"", ""stack_size"": 1.0, ""ma"": 50, ""big_thr"": 15.0, ""big_sl"": 25.0, ""big_tp"": 115.0, ""std_sl"": 35.0, ""std_tp"": 50.0, ""leg_gap"": 20.0, ""leg_sl"": 45.0, ""leg_tp"": 140.0, ""min_fv"": 100.0, ""min_bos"": 10.0, ""disp_pts"": 15.0, ""stack_gap"": 10.0}",3.288,2.965,-1.0,2.965,269,0.76,128.4,0.4773,1.662,3.288,80.55,47.85,-17.84
NY,"{""offset"": 0, ""window"": 60, ""exit"": ""run"", ""open_trade"": true, ""vwap"": true, ""legs"": true, ""leg_max"": 4, ""rev_mode"": ""off"", ""wait_open"": false, ""maxpos"": 2, ""stack_trig"": ""bos"", ""stack_size"": 1.0, ""ma"": 100, ""big_thr"": 15.0, ""big_sl"": 30.0, ""big_tp"": 115.0, ""std_sl"": 20.0, ""std_tp"": 30.0, ""leg_gap"": 15.0, ""leg_sl"": 45.0, ""leg_tp"": 90.0, ""min_fv"": 100.0, ""min_bos"": 0.0, ""disp_pts"": 30.0, ""stack_gap"": 20.0}",3.287,2.982,0.548,2.982,253,0.72,121.82,0.4815,1.701,3.287,72.53,49.29,-11.8
NY,"{""offset"": 0, ""window"": 60, ""exit"": ""hard"", ""open_trade"": true, ""vwap"": false, ""legs"": false, ""leg_max"": 4, ""rev_mode"": ""off"", ""wait_open"": false, ""maxpos"": 2, ""stack_trig"": ""bos"", ""stack_size"": 1.0, ""ma"": 100, ""big_thr"": 10.0, ""big_sl"": 25.0, ""big_tp"": 130.0, ""std_sl"": 20.0, ""std_tp"": 35.0, ""leg_gap"": 10.0, ""leg_sl"": 35.0, ""leg_tp"": 140.0, ""min_fv"": 125.0, ""min_bos"": 10.0, ""disp_pts"": 15.0, ""stack_gap"": 15.0}",3.286,2.96,-1.0,2.96,279,0.79,137.14,0.4915,1.671,3.286,79.95,57.19,-13.74
NY,"{""offset"": 0, ""window"": 90, ""exit"": ""hard"", ""open_trade"": true, ""vwap"": false, ""legs"": true, ""leg_max"": 1, ""rev_mode"": ""off"", ""wait_open"": true, ""maxpos"": 1, ""stack_trig"": ""bos"", ""stack_size"": 1.0, ""ma"": 100, ""big_thr"": 25.0, ""big_sl"": 25.0, ""big_tp"": 115.0, ""std_sl"": 35.0, ""std_tp"": 35.0, ""leg_gap"": 15.0, ""leg_sl"": 35.0, ""leg_tp"": 140.0, ""min_fv"": 80.0, ""min_bos"": 20.0, ""disp_pts"": 40.0, ""stack_gap"": 10.0}",3.283,2.944,-1.0,2.944,297,0.84,140.74,0.4739,1.704,3.283,86.16,54.57,-16.4
NY,"{""offset"": 0, ""window"": 60, ""exit"": ""hard"", ""open_trade"": true, ""vwap"": false, ""legs"": true, ""leg_max"": 2, ""rev_mode"": ""off"", ""wait_open"": false, ""maxpos"": 3, ""stack_trig"": ""both"", ""stack_size"": 1.0, ""ma"": 100, ""big_thr"": 20.0, ""big_sl"": 35.0, ""big_tp"": 150.0, ""std_sl"": 35.0, ""std_tp"": 60.0, ""leg_gap"": 10.0, ""leg_sl"": 45.0, ""leg_tp"": 140.0, ""min_fv"": 40.0, ""min_bos"": 0.0, ""disp_pts"": 25.0, ""stack_gap"": 20.0}",3.282,2.681,-1.0,2.681,306,0.87,127.55,0.4168,1.65,3.282,78.53,49.02,-18.17
NY,"{""offset"": 0, ""window"": 90, ""exit"": ""hard"", ""open_trade"": true, ""vwap"": false, ""legs"": false, ""leg_max"": 1, ""rev_mode"": ""std"", ""wait_open"": true, ""maxpos"": 1, ""stack_trig"": ""both"", ""stack_size"": 1.0, ""ma"": 200, ""big_thr"": 15.0, ""big_sl"": 40.0, ""big_tp"": 150.0, ""std_sl"": 30.0, ""std_tp"": 42.0, ""leg_gap"": 15.0, ""leg_sl"": 25.0, ""leg_tp"": 60.0, ""min_fv"": 125.0, ""min_bos"": 5.0, ""disp_pts"": 20.0, ""stack_gap"": 20.0}",3.28,2.8,0.477,2.8,667,1.89,126.43,0.1896,1.332,3.28,80.41,46.02,-12.89
NY,"{""offset"": 0, ""window"": 150, ""exit"": ""hard"", ""open_trade"": true, ""vwap"": true, ""legs"": false, ""leg_max"": 4, ""rev_mode"": ""off"", ""wait_open"": true, ""maxpos"": 3, ""stack_trig"": ""both"", ""stack_size"": 0.5, ""ma"": 100, ""big_thr"": 10.0, ""big_sl"": 30.0, ""big_tp"": 130.0, ""std_sl"": 35.0, ""std_tp"": 42.0, ""leg_gap"": 20.0, ""leg_sl"": 35.0, ""leg_tp"": 115.0, ""min_fv"": 60.0, ""min_bos"": 5.0, ""disp_pts"": 20.0, ""stack_gap"": 10.0}",3.271,2.981,-1.0,2.981,233,0.66,118.38,0.5081,1.713,3.271,71.4,46.98,-11.2
NY,"{""offset"": 0, ""window"": 150, ""exit"": ""hard"", ""open_trade"": true, ""vwap"": false, ""legs"": false, ""leg_max"": 2, ""rev_mode"": ""off"", ""wait_open"": false, ""maxpos"": 1, ""stack_trig"": ""both"", ""stack_size"": 0.5, ""ma"": 50, ""big_thr"": 15.0, ""big_sl"": 30.0, ""big_tp"": 115.0, ""std_sl"": 35.0, ""std_tp"": 50.0, ""leg_gap"": 10.0, ""leg_sl"": 25.0, ""leg_tp"": 115.0, ""min_fv"": 40.0, ""min_bos"": 15.0, ""disp_pts"": 15.0, ""stack_gap"": 15.0}",3.266,2.198,-1.0,2.198,269,0.76,117.05,0.4351,1.62,3.266,77.08,39.97,-12.87
NY,"{""offset"": 0, ""window"": 60, ""exit"": ""hard"", ""open_trade"": true, ""vwap"": false, ""legs"": true, ""leg_max"": 6, ""rev_mode"": ""off"", ""wait_open"": false, ""maxpos"": 3, ""stack_trig"": ""both"", ""stack_size"": 0.5, ""ma"": 50, ""big_thr"": 10.0, ""big_sl"": 35.0, ""big_tp"": 130.0, ""std_sl"": 35.0, ""std_tp"": 42.0, ""leg_gap"": 25.0, ""leg_sl"": 35.0, ""leg_tp"": 140.0, ""min_fv"": 125.0, ""min_bos"": 15.0, ""disp_pts"": 30.0, ""stack_gap"": 10.0}",3.26,2.693,-1.0,2.693,274,0.78,110.22,0.4023,1.628,3.26,75.04,35.18,-14.52
NY,"{""offset"": 0, ""window"": 90, ""exit"": ""hard"", ""open_trade"": true, ""vwap"": false, ""legs"": true, ""leg_max"": 1, ""rev_mode"": ""off"", ""wait_open"": true, ""maxpos"": 3, ""stack_trig"": ""both"", ""stack_size"": 0.5, ""ma"": 100, ""big_thr"": 10.0, ""big_sl"": 30.0, ""big_tp"": 130.0, ""std_sl"": 30.0, ""std_tp"": 42.0, ""leg_gap"": 20.0, ""leg_sl"": 35.0, ""leg_tp"": 115.0, ""min_fv"": 100.0, ""min_bos"": 10.0, ""disp_pts"": 20.0, ""stack_gap"": 10.0}",3.259,3.227,3.037,3.227,289,0.82,128.97,0.4463,1.648,3.259,85.14,43.83,-16.74
NY,"{""offset"": 0, ""window"": 60, ""exit"": ""hard"", ""open_trade"": true, ""vwap"": true, ""legs"": true, ""leg_max"": 6, ""rev_mode"": ""off"", ""wait_open"": false, ""maxpos"": 2, ""stack_trig"": ""fvg"", ""stack_size"": 0.5, ""ma"": 50, ""big_thr"": 10.0, ""big_sl"": 25.0, ""big_tp"": 115.0, ""std_sl"": 25.0, ""std_tp"": 60.0, ""leg_gap"": 10.0, ""leg_sl"": 25.0, ""leg_tp"": 60.0, ""min_fv"": 40.0, ""min_bos"": 10.0, ""disp_pts"": 15.0, ""stack_gap"": 15.0}",3.257,2.66,-1.0,2.66,248,0.7,128.26,0.5172,1.737,3.257,72.74,55.52,-13.92
NY,"{""offset"": 0, ""window"": 60, ""exit"": ""hard"", ""open_trade"": true, ""vwap"": false, ""legs"": true, ""leg_max"": 1, ""rev_mode"": ""off"", ""wait_open"": true, ""maxpos"": 3, ""stack_trig"": ""bos"", ""stack_size"": 0.5, ""ma"": 100, ""big_thr"": 25.0, ""big_sl"": 25.0, ""big_tp"": 150.0, ""std_sl"": 20.0, ""std_tp"": 42.0, ""leg_gap"": 15.0, ""leg_sl"": 35.0, ""leg_tp"": 140.0, ""min_fv"": 150.0, ""min_bos"": 15.0, ""disp_pts"": 30.0, ""stack_gap"": 20.0}",3.256,2.931,-1.0,2.931,297,0.84,153.36,0.5164,1.723,3.256,81.61,71.75,-17.45
NY,"{""offset"": 0, ""window"": 60, ""exit"": ""hard"", ""open_trade"": true, ""vwap"": false, ""legs"": false, ""leg_max"": 2, ""rev_mode"": ""std"", ""wait_open"": false, ""maxpos"": 1, ""stack_trig"": ""bos"", ""stack_size"": 0.5, ""ma"": 50, ""big_thr"": 15.0, ""big_sl"": 30.0, ""big_tp"": 130.0, ""std_sl"": 15.0, ""std_tp"": 42.0, ""leg_gap"": 15.0, ""leg_sl"": 45.0, ""leg_tp"": 60.0, ""min_fv"": 200.0, ""min_bos"": 15.0, ""disp_pts"": 15.0, ""stack_gap"": 10.0}",3.256,3.162,2.535,3.162,305,0.87,120.81,0.3961,1.58,3.256,96.58,24.22,-20.94
NY,"{""offset"": 0, ""window"": 60, ""exit"": ""hard"", ""open_trade"": true, ""vwap"": false, ""legs"": false, ""leg_max"": 6, ""rev_mode"": ""off"", ""wait_open"": true, ""maxpos"": 2, ""stack_trig"": ""fvg"", ""stack_size"": 1.0, ""ma"": 100, ""big_thr"": 10.0, ""big_sl"": 40.0, ""big_tp"": 130.0, ""std_sl"": 15.0, ""std_tp"": 60.0, ""leg_gap"": 15.0, ""leg_sl"": 45.0, ""leg_tp"": 115.0, ""min_fv"": 125.0, ""min_bos"": 5.0, ""disp_pts"": 30.0, ""stack_gap"": 20.0}",3.255,3.096,1.692,3.096,279,0.79,98.6,0.3534,1.579,3.255,62.29,36.31,-11.87
NY,"{""offset"": 0, ""window"": 60, ""exit"": ""hard"", ""open_trade"": true, ""vwap"": false, ""legs"": true, ""leg_max"": 4, ""rev_mode"": ""off"", ""wait_open"": false, ""maxpos"": 3, ""stack_trig"": ""bos"", ""stack_size"": 0.5, ""ma"": 50, ""big_thr"": 10.0, ""big_sl"": 35.0, ""big_tp"": 115.0, ""std_sl"": 35.0, ""std_tp"": 30.0, ""leg_gap"": 25.0, ""leg_sl"": 45.0, ""leg_tp"": 140.0, ""min_fv"": 60.0, ""min_bos"": 20.0, ""disp_pts"": 20.0, ""stack_gap"": 15.0}",3.246,2.938,-1.0,2.938,274,0.78,104.77,0.3824,1.608,3.246,71.87,32.91,-16.67
NY,"{""offset"": 0, ""window"": 150, ""exit"": ""hard"", ""open_trade"": true, ""vwap"": true, ""legs"": true, ""leg_max"": 1, ""rev_mode"": ""off"", ""wait_open"": true, ""maxpos"": 1, ""stack_trig"": ""fvg"", ""stack_size"": 1.0, ""ma"": 100, ""big_thr"": 15.0, ""big_sl"": 35.0, ""big_tp"": 115.0, ""std_sl"": 20.0, ""std_tp"": 35.0, ""leg_gap"": 20.0, ""leg_sl"": 45.0, ""leg_tp"": 115.0, ""min_fv"": 125.0, ""min_bos"": 5.0, ""disp_pts"": 40.0, ""stack_gap"": 10.0}",3.244,2.682,-1.0,2.682,243,0.69,105.76,0.4352,1.662,3.244,68.12,37.64,-11.24
NY,"{""offset"": 0, ""window"": 60, ""exit"": ""hard"", ""open_trade"": true, ""vwap"": false, ""legs"": true, ""leg_max"": 1, ""rev_mode"": ""disp_fv"", ""wait_open"": true, ""maxpos"": 2, ""stack_trig"": ""fvg"", ""stack_size"": 0.5, ""ma"": 50, ""big_thr"": 10.0, ""big_sl"": 25.0, ""big_tp"": 130.0, ""std_sl"": 35.0, ""std_tp"": 42.0, ""leg_gap"": 10.0, ""leg_sl"": 25.0, ""leg_tp"": 90.0, ""min_fv"": 200.0, ""min_bos"": 20.0, ""disp_pts"": 15.0, ""stack_gap"": 10.0}",3.243,2.927,-1.0,2.927,310,0.88,151.79,0.4896,1.684,3.243,101.52,50.27,-17.95
NY,"{""offset"": 0, ""window"": 60, ""exit"": ""hard"", ""open_trade"": true, ""vwap"": true, ""legs"": false, ""leg_max"": 6, ""rev_mode"": ""std"", ""wait_open"": true, ""maxpos"": 1, ""stack_trig"": ""both"", ""stack_size"": 0.5, ""ma"": 100, ""big_thr"": 15.0, ""big_sl"": 30.0, ""big_tp"": 115.0, ""std_sl"": 20.0, ""std_tp"": 35.0, ""leg_gap"": 25.0, ""leg_sl"": 45.0, ""leg_tp"": 140.0, ""min_fv"": 150.0, ""min_bos"": 15.0, ""disp_pts"": 15.0, ""stack_gap"": 20.0}",3.24,2.911,-1.0,2.911,320,0.91,107.8,0.3369,1.514,3.24,77.69,30.11,-17.14
NY,"{""offset"": 0, ""window"": 120, ""exit"": ""hard"", ""open_trade"": true, ""vwap"": true, ""legs"": true, ""leg_max"": 2, ""rev_mode"": ""off"", ""wait_open"": true, ""maxpos"": 3, ""stack_trig"": ""fvg"", ""stack_size"": 1.0, ""ma"": 100, ""big_thr"": 20.0, ""big_sl"": 30.0, ""big_tp"": 130.0, ""std_sl"": 15.0, ""std_tp"": 30.0, ""leg_gap"": 15.0, ""leg_sl"": 35.0, ""leg_tp"": 90.0, ""min_fv"": 80.0, ""min_bos"": 15.0, ""disp_pts"": 25.0, ""stack_gap"": 15.0}",3.24,2.672,-1.0,2.672,253,0.72,124.49,0.4921,1.714,3.24,75.15,49.33,-13.27
NY,"{""offset"": 0, ""window"": 90, ""exit"": ""hard"", ""open_trade"": true, ""vwap"": false, ""legs"": true, ""leg_max"": 4, ""rev_mode"": ""off"", ""wait_open"": false, ""maxpos"": 2, ""stack_trig"": ""bos"", ""stack_size"": 1.0, ""ma"": 50, ""big_thr"": 15.0, ""big_sl"": 30.0, ""big_tp"": 130.0, ""std_sl"": 20.0, ""std_tp"": 60.0, ""leg_gap"": 20.0, ""leg_sl"": 45.0, ""leg_tp"": 90.0, ""min_fv"": 125.0, ""min_bos"": 5.0, ""disp_pts"": 40.0, ""stack_gap"": 10.0}",3.24,2.702,-1.0,2.702,277,0.79,124.25,0.4486,1.659,3.24,85.37,38.88,-13.62
NY,"{""offset"": 0, ""window"": 120, ""exit"": ""hard"", ""open_trade"": true, ""vwap"": true, ""legs"": true, ""leg_max"": 2, ""rev_mode"": ""off"", ""wait_open"": false, ""maxpos"": 2, ""stack_trig"": ""both"", ""stack_size"": 0.5, ""ma"": 100, ""big_thr"": 20.0, ""big_sl"": 30.0, ""big_tp"": 130.0, ""std_sl"": 35.0, ""std_tp"": 60.0, ""leg_gap"": 20.0, ""leg_sl"": 45.0, ""leg_tp"": 140.0, ""min_fv"": 200.0, ""min_bos"": 20.0, ""disp_pts"": 20.0, ""stack_gap"": 15.0}",3.237,2.669,-1.0,2.669,244,0.69,121.57,0.4982,1.724,3.237,78.11,43.46,-12.23
NY,"{""offset"": 0, ""window"": 150, ""exit"": ""hard"", ""open_trade"": true, ""vwap"": false, ""legs"": true, ""leg_max"": 1, ""rev_mode"": ""off"", ""wait_open"": true, ""maxpos"": 1, ""stack_trig"": ""fvg"", ""stack_size"": 1.0, ""ma"": 200, ""big_thr"": 25.0, ""big_sl"": 30.0, ""big_tp"": 115.0, ""std_sl"": 30.0, ""std_tp"": 60.0, ""leg_gap"": 15.0, ""leg_sl"": 45.0, ""leg_tp"": 140.0, ""min_fv"": 60.0, ""min_bos"": 15.0, ""disp_pts"": 25.0, ""stack_gap"": 20.0}",3.236,2.941,-1.0,2.941,325,0.92,133.65,0.4112,1.599,3.236,81.2,52.45,-19.09
NY,"{""offset"": 0, ""window"": 150, ""exit"": ""hard"", ""open_trade"": true, ""vwap"": true, ""legs"": true, ""leg_max"": 4, ""rev_mode"": ""off"", ""wait_open"": false, ""maxpos"": 1, ""stack_trig"": ""bos"", ""stack_size"": 1.0, ""ma"": 50, ""big_thr"": 15.0, ""big_sl"": 25.0, ""big_tp"": 115.0, ""std_sl"": 15.0, ""std_tp"": 60.0, ""leg_gap"": 15.0, ""leg_sl"": 45.0, ""leg_tp"": 60.0, ""min_fv"": 150.0, ""min_bos"": 0.0, ""disp_pts"": 25.0, ""stack_gap"": 20.0}",3.233,2.643,-1.0,2.643,241,0.68,128.56,0.5334,1.747,3.233,77.23,51.33,-12.6
NY,"{""offset"": 0, ""window"": 60, ""exit"": ""hard"", ""open_trade"": true, ""vwap"": false, ""legs"": false, ""leg_max"": 1, ""rev_mode"": ""off"", ""wait_open"": true, ""maxpos"": 3, ""stack_trig"": ""bos"", ""stack_size"": 1.0, ""ma"": 50, ""big_thr"": 20.0, ""big_sl"": 30.0, ""big_tp"": 115.0, ""std_sl"": 25.0, ""std_tp"": 60.0, ""leg_gap"": 10.0, ""leg_sl"": 35.0, ""leg_tp"": 115.0, ""min_fv"": 40.0, ""min_bos"": 20.0, ""disp_pts"": 40.0, ""stack_gap"": 10.0}",3.233,2.924,-1.0,2.924,269,0.76,110.56,0.411,1.611,3.233,70.92,39.64,-14.11
NY,"{""offset"": 0, ""window"": 150, ""exit"": ""hard"", ""open_trade"": true, ""vwap"": true, ""legs"": false, ""leg_max"": 1, ""rev_mode"": ""off"", ""wait_open"": true, ""maxpos"": 2, ""stack_trig"": ""both"", ""stack_size"": 1.0, ""ma"": 50, ""big_thr"": 15.0, ""big_sl"": 30.0, ""big_tp"": 100.0, ""std_sl"": 20.0, ""std_tp"": 60.0, ""leg_gap"": 10.0, ""leg_sl"": 25.0, ""leg_tp"": 60.0, ""min_fv"": 80.0, ""min_bos"": 20.0, ""disp_pts"": 15.0, ""stack_gap"": 15.0}",3.232,2.44,-1.0,2.44,224,0.64,100.03,0.4466,1.657,3.232,63.01,37.02,-10.25
NY,"{""offset"": 0, ""window"": 90, ""exit"": ""hard"", ""open_trade"": true, ""vwap"": true, ""legs"": true, ""leg_max"": 2, ""rev_mode"": ""off"", ""wait_open"": false, ""maxpos"": 3, ""stack_trig"": ""both"", ""stack_size"": 0.5, ""ma"": 100, ""big_thr"": 15.0, ""big_sl"": 35.0, ""big_tp"": 130.0, ""std_sl"": 25.0, ""std_tp"": 42.0, ""leg_gap"": 15.0, ""leg_sl"": 45.0, ""leg_tp"": 140.0, ""min_fv"": 100.0, ""min_bos"": 10.0, ""disp_pts"": 20.0, ""stack_gap"": 20.0}",3.232,2.7,-1.0,2.7,253,0.72,116.6,0.4609,1.719,3.232,76.36,40.25,-12.31
NY,"{""offset"": 0, ""window"": 60, ""exit"": ""hard"", ""open_trade"": true, ""vwap"": true, ""legs"": false, ""leg_max"": 2, ""rev_mode"": ""std"", ""wait_open"": false, ""maxpos"": 3, ""stack_trig"": ""bos"", ""stack_size"": 0.5, ""ma"": 100, ""big_thr"": 20.0, ""big_sl"": 30.0, ""big_tp"": 115.0, ""std_sl"": 25.0, ""std_tp"": 60.0, ""leg_gap"": 25.0, ""leg_sl"": 35.0, ""leg_tp"": 140.0, ""min_fv"": 200.0, ""min_bos"": 15.0, ""disp_pts"": 25.0, ""stack_gap"": 10.0}",3.226,2.907,-1.0,2.907,296,0.84,112.5,0.3801,1.601,3.226,73.08,39.42,-14.39
NY,"{""offset"": 0, ""window"": 90, ""exit"": ""run"", ""open_trade"": true, ""vwap"": true, ""legs"": true, ""leg_max"": 6, ""rev_mode"": ""off"", ""wait_open"": false, ""maxpos"": 2, ""stack_trig"": ""both"", ""stack_size"": 1.0, ""ma"": 100, ""big_thr"": 10.0, ""big_sl"": 30.0, ""big_tp"": 100.0, ""std_sl"": 25.0, ""std_tp"": 30.0, ""leg_gap"": 25.0, ""leg_sl"": 35.0, ""leg_tp"": 60.0, ""min_fv"": 80.0, ""min_bos"": 5.0, ""disp_pts"": 20.0, ""stack_gap"": 10.0}",3.225,2.663,-1.0,2.663,241,0.68,104.9,0.4353,1.642,3.225,61.85,43.05,-11.28
NY,"{""offset"": 0, ""window"": 60, ""exit"": ""hard"", ""open_trade"": true, ""vwap"": true, ""legs"": false, ""leg_max"": 4, ""rev_mode"": ""off"", ""wait_open"": true, ""maxpos"": 2, ""stack_trig"": ""both"", ""stack_size"": 0.5, ""ma"": 100, ""big_thr"": 10.0, ""big_sl"": 35.0, ""big_tp"": 130.0, ""std_sl"": 30.0, ""std_tp"": 35.0, ""leg_gap"": 20.0, ""leg_sl"": 45.0, ""leg_tp"": 115.0, ""min_fv"": 125.0, ""min_bos"": 0.0, ""disp_pts"": 25.0, ""stack_gap"": 10.0}",3.223,2.897,-1.0,2.897,233,0.66,98.86,0.4243,1.665,3.223,65.02,33.84,-9.78
NY,"{""offset"": 0, ""window"": 60, ""exit"": ""hard"", ""open_trade"": true, ""vwap"": true, ""legs"": false, ""leg_max"": 1, ""rev_mode"": ""off"", ""wait_open"": false, ""maxpos"": 3, ""stack_trig"": ""bos"", ""stack_size"": 0.5, ""ma"": 100, ""big_thr"": 10.0, ""big_sl"": 35.0, ""big_tp"": 130.0, ""std_sl"": 35.0, ""std_tp"": 30.0, ""leg_gap"": 20.0, ""leg_sl"": 25.0, ""leg_tp"": 140.0, ""min_fv"": 40.0, ""min_bos"": 10.0, ""disp_pts"": 20.0, ""stack_gap"": 10.0}",3.223,2.754,-1.0,2.754,233,0.66,98.86,0.4243,1.665,3.223,65.02,33.84,-9.78
NY,"{""offset"": 0, ""window"": 120, ""exit"": ""hard"", ""open_trade"": true, ""vwap"": true, ""legs"": true, ""leg_max"": 4, ""rev_mode"": ""off"", ""wait_open"": true, ""maxpos"": 1, ""stack_trig"": ""both"", ""stack_size"": 0.5, ""ma"": 50, ""big_thr"": 15.0, ""big_sl"": 35.0, ""big_tp"": 115.0, ""std_sl"": 20.0, ""std_tp"": 35.0, ""leg_gap"": 20.0, ""leg_sl"": 35.0, ""leg_tp"": 115.0, ""min_fv"": 100.0, ""min_bos"": 20.0, ""disp_pts"": 15.0, ""stack_gap"": 20.0}",3.222,2.642,-1.0,2.642,232,0.66,102.8,0.4431,1.685,3.222,66.68,36.12,-8.14
NY,"{""offset"": 0, ""window"": 120, ""exit"": ""run"", ""open_trade"": true, ""vwap"": true, ""legs"": true, ""leg_max"": 1, ""rev_mode"": ""off"", ""wait_open"": true, ""maxpos"": 2, ""stack_trig"": ""bos"", ""stack_size"": 0.5, ""ma"": 50, ""big_thr"": 25.0, ""big_sl"": 25.0, ""big_tp"": 115.0, ""std_sl"": 30.0, ""std_tp"": 50.0, ""leg_gap"": 15.0, ""leg_sl"": 35.0, ""leg_tp"": 90.0, ""min_fv"": 40.0, ""min_bos"": 15.0, ""disp_pts"": 40.0, ""stack_gap"": 15.0}",3.219,2.782,-1.0,2.782,240,0.68,126.28,0.5261,1.758,3.219,73.83,52.45,-14.3
NY,"{""offset"": 0, ""window"": 60, ""exit"": ""hard"", ""open_trade"": true, ""vwap"": true, ""legs"": true, ""leg_max"": 6, ""rev_mode"": ""off"", ""wait_open"": true, ""maxpos"": 2, ""stack_trig"": ""both"", ""stack_size"": 0.5, ""ma"": 50, ""big_thr"": 20.0, ""big_sl"": 40.0, ""big_tp"": 115.0, ""std_sl"": 15.0, ""std_tp"": 35.0, ""leg_gap"": 25.0, ""leg_sl"": 45.0, ""leg_tp"": 115.0, ""min_fv"": 40.0, ""min_bos"": 0.0, ""disp_pts"": 20.0, ""stack_gap"": 20.0}",3.214,2.584,-1.0,2.584,229,0.65,88.06,0.3845,1.647,3.214,55.64,32.42,-8.7
NY,"{""offset"": 0, ""window"": 90, ""exit"": ""run"", ""open_trade"": true, ""vwap"": true, ""legs"": true, ""leg_max"": 4, ""rev_mode"": ""disp_fv"", ""wait_open"": true, ""maxpos"": 2, ""stack_trig"": ""fvg"", ""stack_size"": 1.0, ""ma"": 50, ""big_thr"": 10.0, ""big_sl"": 30.0, ""big_tp"": 100.0, ""std_sl"": 15.0, ""std_tp"": 50.0, ""leg_gap"": 10.0, ""leg_sl"": 45.0, ""leg_tp"": 140.0, ""min_fv"": 200.0, ""min_bos"": 15.0, ""disp_pts"": 40.0, ""stack_gap"": 10.0}",3.214,2.895,-1.0,2.895,264,0.75,120.9,0.458,1.666,3.214,91.32,29.57,-12.44
NY,"{""offset"": 0, ""window"": 60, ""exit"": ""hard"", ""open_trade"": true, ""vwap"": false, ""legs"": false, ""leg_max"": 1, ""rev_mode"": ""disp_fv"", ""wait_open"": true, ""maxpos"": 3, ""stack_trig"": ""both"", ""stack_size"": 1.0, ""ma"": 200, ""big_thr"": 10.0, ""big_sl"": 30.0, ""big_tp"": 130.0, ""std_sl"": 30.0, ""std_tp"": 30.0, ""leg_gap"": 10.0, ""leg_sl"": 45.0, ""leg_tp"": 115.0, ""min_fv"": 200.0, ""min_bos"": 10.0, ""disp_pts"": 15.0, ""stack_gap"": 20.0}",3.212,2.779,-1.0,2.779,357,1.01,133.99,0.3753,1.543,3.212,98.76,35.23,-26.54
NY,"{""offset"": 0, ""window"": 120, ""exit"": ""hard"", ""open_trade"": true, ""vwap"": false, ""legs"": true, ""leg_max"": 6, ""rev_mode"": ""off"", ""wait_open"": true, ""maxpos"": 3, ""stack_trig"": ""bos"", ""stack_size"": 0.5, ""ma"": 50, ""big_thr"": 20.0, ""big_sl"": 35.0, ""big_tp"": 115.0, ""std_sl"": 15.0, ""std_tp"": 50.0, ""leg_gap"": 25.0, ""leg_sl"": 45.0, ""leg_tp"": 90.0, ""min_fv"": 200.0, ""min_bos"": 15.0, ""disp_pts"": 15.0, ""stack_gap"": 20.0}",3.211,2.638,-1.0,2.638,274,0.78,106.59,0.389,1.585,3.211,69.01,37.59,-13.63
NY,"{""offset"": 0, ""window"": 120, ""exit"": ""hard"", ""open_trade"": true, ""vwap"": true, ""legs"": true, ""leg_max"": 6, ""rev_mode"": ""off"", ""wait_open"": false, ""maxpos"": 1, ""stack_trig"": ""fvg"", ""stack_size"": 1.0, ""ma"": 200, ""big_thr"": 15.0, ""big_sl"": 25.0, ""big_tp"": 115.0, ""std_sl"": 30.0, ""std_tp"": 30.0, ""leg_gap"": 15.0, ""leg_sl"": 25.0, ""leg_tp"": 140.0, ""min_fv"": 150.0, ""min_bos"": 0.0, ""disp_pts"": 15.0, ""stack_gap"": 15.0}",3.211,2.663,-1.0,2.663,279,0.79,153.29,0.5494,1.745,3.211,73.6,79.69,-13.99
NY,"{""offset"": 0, ""window"": 90, ""exit"": ""run"", ""open_trade"": true, ""vwap"": true, ""legs"": false, ""leg_max"": 2, ""rev_mode"": ""off"", ""wait_open"": false, ""maxpos"": 3, ""stack_trig"": ""fvg"", ""stack_size"": 1.0, ""ma"": 100, ""big_thr"": 15.0, ""big_sl"": 30.0, ""big_tp"": 100.0, ""std_sl"": 15.0, ""std_tp"": 30.0, ""leg_gap"": 20.0, ""leg_sl"": 35.0, ""leg_tp"": 115.0, ""min_fv"": 60.0, ""min_bos"": 20.0, ""disp_pts"": 40.0, ""stack_gap"": 10.0}",3.211,2.634,-1.0,2.634,233,0.66,100.95,0.4333,1.634,3.211,62.25,38.71,-10.25
NY,"{""offset"": 0, ""window"": 150, ""exit"": ""run"", ""open_trade"": true, ""vwap"": true, ""legs"": true, ""leg_max"": 1, ""rev_mode"": ""off"", ""wait_open"": true, ""maxpos"": 3, ""stack_trig"": ""fvg"", ""stack_size"": 0.5, ""ma"": 100, ""big_thr"": 20.0, ""big_sl"": 35.0, ""big_tp"": 80.0, ""std_sl"": 20.0, ""std_tp"": 50.0, ""leg_gap"": 10.0, ""leg_sl"": 45.0, ""leg_tp"": 115.0, ""min_fv"": 80.0, ""min_bos"": 5.0, ""disp_pts"": 25.0, ""stack_gap"": 20.0}",3.208,1.962,-1.0,1.962,256,0.73,90.97,0.3553,1.589,3.208,51.58,39.39,-9.98
NY,"{""offset"": 0, ""window"": 90, ""exit"": ""hard"", ""open_trade"": true, ""vwap"": true, ""legs"": true, ""leg_max"": 1, ""rev_mode"": ""std"", ""wait_open"": true, ""maxpos"": 3, ""stack_trig"": ""fvg"", ""stack_size"": 1.0, ""ma"": 100, ""big_thr"": 25.0, ""big_sl"": 30.0, ""big_tp"": 80.0, ""std_sl"": 30.0, ""std_tp"": 60.0, ""leg_gap"": 20.0, ""leg_sl"": 45.0, ""leg_tp"": 140.0, ""min_fv"": 200.0, ""min_bos"": 5.0, ""disp_pts"": 15.0, ""stack_gap"": 15.0}",3.208,3.112,2.656,3.112,382,1.09,106.29,0.2782,1.466,3.208,75.71,30.58,-11.35
NY,"{""offset"": 0, ""window"": 120, ""exit"": ""run"", ""open_trade"": true, ""vwap"": true, ""legs"": true, ""leg_max"": 4, ""rev_mode"": ""off"", ""wait_open"": false, ""maxpos"": 3, ""stack_trig"": ""fvg"", ""stack_size"": 1.0, ""ma"": 200, ""big_thr"": 20.0, ""big_sl"": 30.0, ""big_tp"": 100.0, ""std_sl"": 15.0, ""std_tp"": 42.0, ""leg_gap"": 20.0, ""leg_sl"": 45.0, ""leg_tp"": 140.0, ""min_fv"": 80.0, ""min_bos"": 5.0, ""disp_pts"": 40.0, ""stack_gap"": 15.0}",3.206,2.505,-1.0,2.505,270,0.77,115.76,0.4288,1.627,3.206,66.29,49.47,-13.36
NY,"{""offset"": 0, ""window"": 90, ""exit"": ""hard"", ""open_trade"": true, ""vwap"": false, ""legs"": true, ""leg_max"": 2, ""rev_mode"": ""std"", ""wait_open"": true, ""maxpos"": 1, ""stack_trig"": ""bos"", ""stack_size"": 1.0, ""ma"": 0, ""big_thr"": 20.0, ""big_sl"": 30.0, ""big_tp"": 150.0, ""std_sl"": 30.0, ""std_tp"": 60.0, ""leg_gap"": 20.0, ""leg_sl"": 45.0, ""leg_tp"": 140.0, ""min_fv"": 200.0, ""min_bos"": 0.0, ""disp_pts"": 20.0, ""stack_gap"": 20.0}",3.205,2.978,1.976,2.978,563,1.6,158.83,0.2821,1.418,3.205,100.46,58.37,-24.15
NY,"{""offset"": 0, ""window"": 90, ""exit"": ""hard"", ""open_trade"": true, ""vwap"": false, ""legs"": true, ""leg_max"": 2, ""rev_mode"": ""mixed"", ""wait_open"": true, ""maxpos"": 2, ""stack_trig"": ""both"", ""stack_size"": 1.0, ""ma"": 200, ""big_thr"": 10.0, ""big_sl"": 30.0, ""big_tp"": 100.0, ""std_sl"": 25.0, ""std_tp"": 60.0, ""leg_gap"": 15.0, ""leg_sl"": 35.0, ""leg_tp"": 115.0, ""min_fv"": 150.0, ""min_bos"": 0.0, ""disp_pts"": 40.0, ""stack_gap"": 20.0}",3.2,2.992,2.07,2.992,839,2.38,189.85,0.2263,1.351,3.2,131.38,58.47,-34.84
NY,"{""offset"": 0, ""window"": 120, ""exit"": ""run"", ""open_trade"": true, ""vwap"": true, ""legs"": true, ""leg_max"": 6, ""rev_mode"": ""off"", ""wait_open"": false, ""maxpos"": 3, ""stack_trig"": ""bos"", ""stack_size"": 0.5, ""ma"": 50, ""big_thr"": 20.0, ""big_sl"": 30.0, ""big_tp"": 115.0, ""std_sl"": 35.0, ""std_tp"": 50.0, ""leg_gap"": 10.0, ""leg_sl"": 25.0, ""leg_tp"": 140.0, ""min_fv"": 150.0, ""min_bos"": 5.0, ""disp_pts"": 40.0, ""stack_gap"": 20.0}",3.199,2.927,-1.0,2.927,248,0.7,130.55,0.5264,1.755,3.199,73.31,57.24,-11.48
NY,"{""offset"": 0, ""window"": 90, ""exit"": ""hard"", ""open_trade"": true, ""vwap"": false, ""legs"": true, ""leg_max"": 4, ""rev_mode"": ""std"", ""wait_open"": true, ""maxpos"": 1, ""stack_trig"": ""both"", ""stack_size"": 0.5, ""ma"": 50, ""big_thr"": 10.0, ""big_sl"": 30.0, ""big_tp"": 150.0, ""std_sl"": 20.0, ""std_tp"": 60.0, ""leg_gap"": 15.0, ""leg_sl"": 45.0, ""leg_tp"": 140.0, ""min_fv"": 150.0, ""min_bos"": 5.0, ""disp_pts"": 30.0, ""stack_gap"": 20.0}",3.198,2.845,-1.0,2.845,490,1.39,153.41,0.3131,1.455,3.198,124.67,28.74,-25.23
NY,"{""offset"": 0, ""window"": 60, ""exit"": ""hard"", ""open_trade"": true, ""vwap"": false, ""legs"": false, ""leg_max"": 6, ""rev_mode"": ""disp_fv"", ""wait_open"": false, ""maxpos"": 2, ""stack_trig"": ""bos"", ""stack_size"": 1.0, ""ma"": 50, ""big_thr"": 10.0, ""big_sl"": 25.0, ""big_tp"": 150.0, ""std_sl"": 20.0, ""std_tp"": 50.0, ""leg_gap"": 15.0, ""leg_sl"": 35.0, ""leg_tp"": 90.0, ""min_fv"": 80.0, ""min_bos"": 15.0, ""disp_pts"": 30.0, ""stack_gap"": 10.0}",3.195,2.875,-1.0,2.875,339,0.96,148.57,0.4382,1.594,3.195,85.69,62.87,-22.37
NY,"{""offset"": 0, ""window"": 150, ""exit"": ""hard"", ""open_trade"": true, ""vwap"": false, ""legs"": true, ""leg_max"": 4, ""rev_mode"": ""off"", ""wait_open"": false, ""maxpos"": 2, ""stack_trig"": ""both"", ""stack_size"": 0.5, ""ma"": 50, ""big_thr"": 20.0, ""big_sl"": 30.0, ""big_tp"": 100.0, ""std_sl"": 20.0, ""std_tp"": 42.0, ""leg_gap"": 10.0, ""leg_sl"": 45.0, ""leg_tp"": 115.0, ""min_fv"": 40.0, ""min_bos"": 10.0, ""disp_pts"": 15.0, ""stack_gap"": 10.0}",3.192,2.894,-1.0,2.894,293,0.83,116.8,0.3986,1.59,3.192,78.78,38.02,-14.4
NY,"{""offset"": 0, ""window"": 120, ""exit"": ""hard"", ""open_trade"": true, ""vwap"": true, ""legs"": true, ""leg_max"": 2, ""rev_mode"": ""off"", ""wait_open"": false, ""maxpos"": 2, ""stack_trig"": ""both"", ""stack_size"": 0.5, ""ma"": 100, ""big_thr"": 25.0, ""big_sl"": 25.0, ""big_tp"": 115.0, ""std_sl"": 20.0, ""std_tp"": 35.0, ""leg_gap"": 20.0, ""leg_sl"": 45.0, ""leg_tp"": 140.0, ""min_fv"": 80.0, ""min_bos"": 15.0, ""disp_pts"": 30.0, ""stack_gap"": 15.0}",3.191,3.047,1.265,3.047,244,0.69,123.4,0.5058,1.72,3.191,74.31,49.09,-12.63
NY,"{""offset"": 0, ""window"": 90, ""exit"": ""hard"", ""open_trade"": true, ""vwap"": true, ""legs"": true, ""leg_max"": 1, ""rev_mode"": ""off"", ""wait_open"": false, ""maxpos"": 2, ""stack_trig"": ""fvg"", ""stack_size"": 1.0, ""ma"": 100, ""big_thr"": 20.0, ""big_sl"": 30.0, ""big_tp"": 130.0, ""std_sl"": 35.0, ""std_tp"": 60.0, ""leg_gap"": 10.0, ""leg_sl"": 35.0, ""leg_tp"": 60.0, ""min_fv"": 80.0, ""min_bos"": 20.0, ""disp_pts"": 40.0, ""stack_gap"": 20.0}",3.19,2.644,-1.0,2.644,256,0.73,118.75,0.4639,1.694,3.19,69.34,49.41,-12.56
NY,"{""offset"": 0, ""window"": 60, ""exit"": ""hard"", ""open_trade"": true, ""vwap"": true, ""legs"": true, ""leg_max"": 6, ""rev_mode"": ""disp_fv"", ""wait_open"": true, ""maxpos"": 1, ""stack_trig"": ""bos"", ""stack_size"": 0.5, ""ma"": 100, ""big_thr"": 15.0, ""big_sl"": 30.0, ""big_tp"": 115.0, ""std_sl"": 30.0, ""std_tp"": 60.0, ""leg_gap"": 20.0, ""leg_sl"": 25.0, ""leg_tp"": 90.0, ""min_fv"": 60.0, ""min_bos"": 20.0, ""disp_pts"": 25.0, ""stack_gap"": 10.0}",3.19,2.633,-1.0,2.633,320,0.91,123.07,0.3846,1.576,3.19,81.73,41.34,-30.92
NY,"{""offset"": 0, ""window"": 120, ""exit"": ""run"", ""open_trade"": true, ""vwap"": true, ""legs"": true, ""leg_max"": 4, ""rev_mode"": ""off"", ""wait_open"": true, ""maxpos"": 2, ""stack_trig"": ""bos"", ""stack_size"": 1.0, ""ma"": 50, ""big_thr"": 25.0, ""big_sl"": 25.0, ""big_tp"": 115.0, ""std_sl"": 30.0, ""std_tp"": 50.0, ""leg_gap"": 20.0, ""leg_sl"": 35.0, ""leg_tp"": 140.0, ""min_fv"": 60.0, ""min_bos"": 20.0, ""disp_pts"": 40.0, ""stack_gap"": 15.0}",3.189,3.129,2.511,3.129,232,0.66,123.84,0.5338,1.758,3.189,72.58,51.27,-13.27
NY,"{""offset"": 0, ""window"": 60, ""exit"": ""hard"", ""open_trade"": true, ""vwap"": false, ""legs"": false, ""leg_max"": 6, ""rev_mode"": ""disp_fv"", ""wait_open"": false, ""maxpos"": 1, ""stack_trig"": ""bos"", ""stack_size"": 1.0, ""ma"": 200, ""big_thr"": 10.0, ""big_sl"": 25.0, ""big_tp"": 150.0, ""std_sl"": 30.0, ""std_tp"": 50.0, ""leg_gap"": 20.0, ""leg_sl"": 25.0, ""leg_tp"": 90.0, ""min_fv"": 80.0, ""min_bos"": 15.0, ""disp_pts"": 30.0, ""stack_gap"": 10.0}",3.188,2.736,-1.0,2.736,389,1.11,153.63,0.3949,1.535,3.188,75.19,78.43,-18.72
NY,"{""offset"": 0, ""window"": 90, ""exit"": ""hard"", ""open_trade"": true, ""vwap"": false, ""legs"": true, ""leg_max"": 4, ""rev_mode"": ""off"", ""wait_open"": false, ""maxpos"": 2, ""stack_trig"": ""bos"", ""stack_size"": 0.5, ""ma"": 100, ""big_thr"": 20.0, ""big_sl"": 30.0, ""big_tp"": 100.0, ""std_sl"": 30.0, ""std_tp"": 35.0, ""leg_gap"": 20.0, ""leg_sl"": 45.0, ""leg_tp"": 140.0, ""min_fv"": 200.0, ""min_bos"": 20.0, ""disp_pts"": 15.0, ""stack_gap"": 10.0}",3.187,2.9,-1.0,2.9,290,0.82,111.4,0.3841,1.58,3.187,80.53,30.87,-16.48
NY,"{""offset"": 0, ""window"": 90, ""exit"": ""hard"", ""open_trade"": true, ""vwap"": false, ""legs"": true, ""leg_max"": 4, ""rev_mode"": ""off"", ""wait_open"": true, ""maxpos"": 1, ""stack_trig"": ""bos"", ""stack_size"": 1.0, ""ma"": 100, ""big_thr"": 15.0, ""big_sl"": 40.0, ""big_tp"": 130.0, ""std_sl"": 20.0, ""std_tp"": 60.0, ""leg_gap"": 15.0, ""leg_sl"": 45.0, ""leg_tp"": 115.0, ""min_fv"": 60.0, ""min_bos"": 20.0, ""disp_pts"": 40.0, ""stack_gap"": 20.0}",3.186,2.604,-1.0,2.604,299,0.85,110.08,0.3682,1.597,3.186,70.42,39.66,-14.05
NY,"{""offset"": 0, ""window"": 60, ""exit"": ""hard"", ""open_trade"": true, ""vwap"": false, ""legs"": true, ""leg_max"": 6, ""rev_mode"": ""off"", ""wait_open"": true, ""maxpos"": 2, ""stack_trig"": ""both"", ""stack_size"": 0.5, ""ma"": 100, ""big_thr"": 20.0, ""big_sl"": 30.0, ""big_tp"": 150.0, ""std_sl"": 20.0, ""std_tp"": 30.0, ""leg_gap"": 10.0, ""leg_sl"": 35.0, ""leg_tp"": 90.0, ""min_fv"": 80.0, ""min_bos"": 20.0, ""disp_pts"": 30.0, ""stack_gap"": 10.0}",3.186,2.624,-1.0,2.624,306,0.87,133.1,0.435,1.637,3.186,81.03,52.07,-17.9
NY,"{""offset"": 0, ""window"": 60, ""exit"": ""hard"", ""open_trade"": true, ""vwap"": false, ""legs"": false, ""leg_max"": 4, ""rev_mode"": ""off"", ""wait_open"": true, ""maxpos"": 2, ""stack_trig"": ""both"", ""stack_size"": 1.0, ""ma"": 100, ""big_thr"": 10.0, ""big_sl"": 35.0, ""big_tp"": 115.0, ""std_sl"": 30.0, ""std_tp"": 60.0, ""leg_gap"": 10.0, ""leg_sl"": 45.0, ""leg_tp"": 90.0, ""min_fv"": 150.0, ""min_bos"": 10.0, ""disp_pts"": 30.0, ""stack_gap"": 20.0}",3.186,2.592,-1.0,2.592,279,0.79,100.37,0.3597,1.565,3.186,65.97,34.39,-16.13
NY,"{""offset"": 0, ""window"": 150, ""exit"": ""hard"", ""open_trade"": true, ""vwap"": true, ""legs"": true, ""leg_max"": 6, ""rev_mode"": ""off"", ""wait_open"": false, ""maxpos"": 1, ""stack_trig"": ""fvg"", ""stack_size"": 0.5, ""ma"": 100, ""big_thr"": 10.0, ""big_sl"": 25.0, ""big_tp"": 100.0, ""std_sl"": 35.0, ""std_tp"": 50.0, ""leg_gap"": 15.0, ""leg_sl"": 25.0, ""leg_tp"": 140.0, ""min_fv"": 80.0, ""min_bos"": 10.0, ""disp_pts"": 40.0, ""stack_gap"": 10.0}",3.181,2.627,-1.0,2.627,253,0.72,133.87,0.5291,1.729,3.181,76.25,57.62,-14.94
NY,"{""offset"": 0, ""window"": 120, ""exit"": ""run"", ""open_trade"": true, ""vwap"": true, ""legs"": false, ""leg_max"": 6, ""rev_mode"": ""off"", ""wait_open"": false, ""maxpos"": 2, ""stack_trig"": ""both"", ""stack_size"": 1.0, ""ma"": 100, ""big_thr"": 10.0, ""big_sl"": 30.0, ""big_tp"": 115.0, ""std_sl"": 20.0, ""std_tp"": 35.0, ""leg_gap"": 25.0, ""leg_sl"": 35.0, ""leg_tp"": 115.0, ""min_fv"": 40.0, ""min_bos"": 20.0, ""disp_pts"": 40.0, ""stack_gap"": 20.0}",3.178,2.38,-1.0,2.38,233,0.66,108.73,0.4666,1.657,3.178,60.78,47.95,-10.2
NY,"{""offset"": 0, ""window"": 60, ""exit"": ""hard"", ""open_trade"": true, ""vwap"": true, ""legs"": true, ""leg_max"": 1, ""rev_mode"": ""off"", ""wait_open"": true, ""maxpos"": 3, ""stack_trig"": ""both"", ""stack_size"": 1.0, ""ma"": 100, ""big_thr"": 10.0, ""big_sl"": 30.0, ""big_tp"": 100.0, ""std_sl"": 25.0, ""std_tp"": 42.0, ""leg_gap"": 10.0, ""leg_sl"": 45.0, ""leg_tp"": 90.0, ""min_fv"": 100.0, ""min_bos"": 10.0, ""disp_pts"": 40.0, ""stack_gap"": 15.0}",3.177,2.97,-1.0,2.97,256,0.73,104.82,0.4094,1.644,3.177,68.78,36.03,-12.3
NY,"{""offset"": 0, ""window"": 60, ""exit"": ""hard"", ""open_trade"": true, ""vwap"": false, ""legs"": true, ""leg_max"": 1, ""rev_mode"": ""mixed"", ""wait_open"": true, ""maxpos"": 3, ""stack_trig"": ""fvg"", ""stack_size"": 0.5, ""ma"": 50, ""big_thr"": 15.0, ""big_sl"": 30.0, ""big_tp"": 130.0, ""std_sl"": 15.0, ""std_tp"": 35.0, ""leg_gap"": 25.0, ""leg_sl"": 45.0, ""leg_tp"": 140.0, ""min_fv"": 200.0, ""min_bos"": 15.0, ""disp_pts"": 15.0, ""stack_gap"": 15.0}",3.175,2.592,-1.0,2.592,315,0.89,129.36,0.4107,1.6,3.175,103.53,25.84,-20.94
NY,"{""offset"": 0, ""window"": 60, ""exit"": ""hard"", ""open_trade"": true, ""vwap"": false, ""legs"": true, ""leg_max"": 6, ""rev_mode"": ""off"", ""wait_open"": true, ""maxpos"": 3, ""stack_trig"": ""fvg"", ""stack_size"": 1.0, ""ma"": 50, ""big_thr"": 20.0, ""big_sl"": 30.0, ""big_tp"": 150.0, ""std_sl"": 30.0, ""std_tp"": 35.0, ""leg_gap"": 10.0, ""leg_sl"": 25.0, ""leg_tp"": 60.0, ""min_fv"": 40.0, ""min_bos"": 15.0, ""disp_pts"": 30.0, ""stack_gap"": 20.0}",3.174,2.571,-1.0,2.571,293,0.83,126.48,0.4317,1.644,3.174,84.47,42.01,-14.79
NY,"{""offset"": 0, ""window"": 120, ""exit"": ""hard"", ""open_trade"": true, ""vwap"": false, ""legs"": true, ""leg_max"": 2, ""rev_mode"": ""off"", ""wait_open"": false, ""maxpos"": 3, ""stack_trig"": ""fvg"", ""stack_size"": 1.0, ""ma"": 100, ""big_thr"": 15.0, ""big_sl"": 30.0, ""big_tp"": 100.0, ""std_sl"": 25.0, ""std_tp"": 42.0, ""leg_gap"": 20.0, ""leg_sl"": 35.0, ""leg_tp"": 90.0, ""min_fv"": 60.0, ""min_bos"": 5.0, ""disp_pts"": 15.0, ""stack_gap"": 10.0}",3.173,2.362,-1.0,2.362,290,0.82,111.02,0.3828,1.564,3.173,77.35,33.67,-16.49
NY,"{""offset"": 0, ""window"": 60, ""exit"": ""hard"", ""open_trade"": true, ""vwap"": false, ""legs"": true, ""leg_max"": 6, ""rev_mode"": ""std"", ""wait_open"": true, ""maxpos"": 2, ""stack_trig"": ""bos"", ""stack_size"": 1.0, ""ma"": 100, ""big_thr"": 20.0, ""big_sl"": 30.0, ""big_tp"": 130.0, ""std_sl"": 25.0, ""std_tp"": 30.0, ""leg_gap"": 20.0, ""leg_sl"": 45.0, ""leg_tp"": 140.0, ""min_fv"": 100.0, ""min_bos"": 20.0, ""disp_pts"": 40.0, ""stack_gap"": 15.0}",3.169,2.607,-1.0,2.607,472,1.34,132.95,0.2817,1.462,3.169,94.6,38.35,-24.94
NY,"{""offset"": 0, ""window"": 150, ""exit"": ""run"", ""open_trade"": true, ""vwap"": true, ""legs"": true, ""leg_max"": 1, ""rev_mode"": ""off"", ""wait_open"": true, ""maxpos"": 3, ""stack_trig"": ""both"", ""stack_size"": 0.5, ""ma"": 100, ""big_thr"": 10.0, ""big_sl"": 30.0, ""big_tp"": 80.0, ""std_sl"": 20.0, ""std_tp"": 35.0, ""leg_gap"": 15.0, ""leg_sl"": 25.0, ""leg_tp"": 90.0, ""min_fv"": 150.0, ""min_bos"": 15.0, ""disp_pts"": 15.0, ""stack_gap"": 15.0}",3.168,2.622,-1.0,2.622,251,0.71,97.94,0.3902,1.606,3.168,46.87,51.08,-12.46
NY,"{""offset"": 0, ""window"": 60, ""exit"": ""hard"", ""open_trade"": true, ""vwap"": false, ""legs"": false, ""leg_max"": 4, ""rev_mode"": ""off"", ""wait_open"": true, ""maxpos"": 2, ""stack_trig"": ""fvg"", ""stack_size"": 1.0, ""ma"": 50, ""big_thr"": 10.0, ""big_sl"": 35.0, ""big_tp"": 115.0, ""std_sl"": 35.0, ""std_tp"": 35.0, ""leg_gap"": 25.0, ""leg_sl"": 35.0, ""leg_tp"": 140.0, ""min_fv"": 60.0, ""min_bos"": 5.0, ""disp_pts"": 15.0, ""stack_gap"": 15.0}",3.168,2.881,-1.0,2.881,269,0.76,97.86,0.3638,1.574,3.168,67.01,30.85,-16.67
NY,"{""offset"": 0, ""window"": 60, ""exit"": ""hard"", ""open_trade"": true, ""vwap"": false, ""legs"": false, ""leg_max"": 4, ""rev_mode"": ""off"", ""wait_open"": false, ""maxpos"": 1, ""stack_trig"": ""bos"", ""stack_size"": 1.0, ""ma"": 50, ""big_thr"": 20.0, ""big_sl"": 25.0, ""big_tp"": 115.0, ""std_sl"": 15.0, ""std_tp"": 30.0, ""leg_gap"": 25.0, ""leg_sl"": 25.0, ""leg_tp"": 115.0, ""min_fv"": 125.0, ""min_bos"": 10.0, ""disp_pts"": 15.0, ""stack_gap"": 20.0}",3.168,2.599,-1.0,2.599,269,0.76,121.63,0.4522,1.629,3.168,74.96,46.67,-17.84
NY,"{""offset"": 0, ""window"": 90, ""exit"": ""hard"", ""open_trade"": true, ""vwap"": true, ""legs"": true, ""leg_max"": 2, ""rev_mode"": ""std"", ""wait_open"": true, ""maxpos"": 3, ""stack_trig"": ""both"", ""stack_size"": 0.5, ""ma"": 200, ""big_thr"": 15.0, ""big_sl"": 40.0, ""big_tp"": 100.0, ""std_sl"": 35.0, ""std_tp"": 35.0, ""leg_gap"": 20.0, ""leg_sl"": 25.0, ""leg_tp"": 60.0, ""min_fv"": 125.0, ""min_bos"": 10.0, ""disp_pts"": 15.0, ""stack_gap"": 20.0}",3.164,2.937,2.258,2.937,884,2.51,106.83,0.1208,1.291,3.164,78.92,27.91,-21.83
NY,"{""offset"": 0, ""window"": 150, ""exit"": ""hard"", ""open_trade"": true, ""vwap"": false, ""legs"": false, ""leg_max"": 2, ""rev_mode"": ""off"", ""wait_open"": false, ""maxpos"": 3, ""stack_trig"": ""bos"", ""stack_size"": 0.5, ""ma"": 100, ""big_thr"": 10.0, ""big_sl"": 30.0, ""big_tp"": 150.0, ""std_sl"": 30.0, ""std_tp"": 35.0, ""leg_gap"": 20.0, ""leg_sl"": 45.0, ""leg_tp"": 115.0, ""min_fv"": 80.0, ""min_bos"": 10.0, ""disp_pts"": 25.0, ""stack_gap"": 10.0}",3.163,2.88,-1.0,2.88,279,0.79,130.47,0.4676,1.64,3.163,82.33,48.14,-19.67
NY,"{""offset"": 0, ""window"": 120, ""exit"": ""hard"", ""open_trade"": true, ""vwap"": false, ""legs"": true, ""leg_max"": 1, ""rev_mode"": ""off"", ""wait_open"": true, ""maxpos"": 2, ""stack_trig"": ""fvg"", ""stack_size"": 1.0, ""ma"": 200, ""big_thr"": 25.0, ""big_sl"": 25.0, ""big_tp"": 115.0, ""std_sl"": 15.0, ""std_tp"": 50.0, ""leg_gap"": 15.0, ""leg_sl"": 45.0, ""leg_tp"": 90.0, ""min_fv"": 200.0, ""min_bos"": 15.0, ""disp_pts"": 40.0, ""stack_gap"": 15.0}",3.16,2.847,-1.0,2.847,325,0.92,141.02,0.4339,1.591,3.16,78.07,62.95,-18.5
NY,"{""offset"": 0, ""window"": 120, ""exit"": ""run"", ""open_trade"": true, ""vwap"": true, ""legs"": true, ""leg_max"": 4, ""rev_mode"": ""off"", ""wait_open"": true, ""maxpos"": 1, ""stack_trig"": ""fvg"", ""stack_size"": 1.0, ""ma"": 50, ""big_thr"": 25.0, ""big_sl"": 35.0, ""big_tp"": 80.0, ""std_sl"": 20.0, ""std_tp"": 50.0, ""leg_gap"": 15.0, ""leg_sl"": 35.0, ""leg_tp"": 115.0, ""min_fv"": 60.0, ""min_bos"": 15.0, ""disp_pts"": 25.0, ""stack_gap"": 15.0}",3.158,3.098,2.682,3.098,241,0.68,91.05,0.3778,1.62,3.158,55.1,35.95,-12.47
NY,"{""offset"": 0, ""window"": 150, ""exit"": ""hard"", ""open_trade"": true, ""vwap"": false, ""legs"": true, ""leg_max"": 1, ""rev_mode"": ""off"", ""wait_open"": true, ""maxpos"": 3, ""stack_trig"": ""bos"", ""stack_size"": 1.0, ""ma"": 100, ""big_thr"": 15.0, ""big_sl"": 30.0, ""big_tp"": 130.0, ""std_sl"": 20.0, ""std_tp"": 35.0, ""leg_gap"": 10.0, ""leg_sl"": 25.0, ""leg_tp"": 60.0, ""min_fv"": 200.0, ""min_bos"": 10.0, ""disp_pts"": 15.0, ""stack_gap"": 15.0}",3.157,2.634,-1.0,2.634,302,0.86,131.07,0.434,1.612,3.157,83.93,47.14,-18.51
NY,"{""offset"": 0, ""window"": 150, ""exit"": ""hard"", ""open_trade"": true, ""vwap"": true, ""legs"": true, ""leg_max"": 6, ""rev_mode"": ""off"", ""wait_open"": true, ""maxpos"": 1, ""stack_trig"": ""fvg"", ""stack_size"": 0.5, ""ma"": 100, ""big_thr"": 15.0, ""big_sl"": 25.0, ""big_tp"": 115.0, ""std_sl"": 25.0, ""std_tp"": 35.0, ""leg_gap"": 20.0, ""leg_sl"": 35.0, ""leg_tp"": 115.0, ""min_fv"": 150.0, ""min_bos"": 5.0, ""disp_pts"": 40.0, ""stack_gap"": 15.0}",3.156,2.871,-1.0,2.871,244,0.69,127.25,0.5215,1.705,3.156,70.92,56.34,-13.29
NY,"{""offset"": 0, ""window"": 60, ""exit"": ""hard"", ""open_trade"": true, ""vwap"": true, ""legs"": true, ""leg_max"": 4, ""rev_mode"": ""std"", ""wait_open"": false, ""maxpos"": 1, ""stack_trig"": ""fvg"", ""stack_size"": 0.5, ""ma"": 100, ""big_thr"": 20.0, ""big_sl"": 25.0, ""big_tp"": 130.0, ""std_sl"": 20.0, ""std_tp"": 30.0, ""leg_gap"": 25.0, ""leg_sl"": 35.0, ""leg_tp"": 140.0, ""min_fv"": 100.0, ""min_bos"": 20.0, ""disp_pts"": 15.0, ""stack_gap"": 10.0}",3.155,2.566,-1.0,2.566,375,1.07,126.86,0.3383,1.509,3.155,75.18,51.67,-16.06
NY,"{""offset"": 0, ""window"": 90, ""exit"": ""hard"", ""open_trade"": true, ""vwap"": false, ""legs"": true, ""leg_max"": 1, ""rev_mode"": ""off"", ""wait_open"": true, ""maxpos"": 1, ""stack_trig"": ""bos"", ""stack_size"": 1.0, ""ma"": 50, ""big_thr"": 20.0, ""big_sl"": 35.0, ""big_tp"": 115.0, ""std_sl"": 25.0, ""std_tp"": 30.0, ""leg_gap"": 15.0, ""leg_sl"": 45.0, ""leg_tp"": 115.0, ""min_fv"": 60.0, ""min_bos"": 15.0, ""disp_pts"": 20.0, ""stack_gap"": 10.0}",3.155,2.855,-1.0,2.855,285,0.81,109.57,0.3845,1.603,3.155,75.61,33.96,-14.34
NY,"{""offset"": 0, ""window"": 150, ""exit"": ""hard"", ""open_trade"": true, ""vwap"": true, ""legs"": true, ""leg_max"": 4, ""rev_mode"": ""off"", ""wait_open"": false, ""maxpos"": 3, ""stack_trig"": ""both"", ""stack_size"": 0.5, ""ma"": 100, ""big_thr"": 15.0, ""big_sl"": 40.0, ""big_tp"": 130.0, ""std_sl"": 15.0, ""std_tp"": 42.0, ""leg_gap"": 20.0, ""leg_sl"": 45.0, ""leg_tp"": 140.0, ""min_fv"": 100.0, ""min_bos"": 20.0, ""disp_pts"": 30.0, ""stack_gap"": 15.0}",3.154,2.34,-1.0,2.34,244,0.69,101.94,0.4178,1.649,3.154,65.79,36.15,-8.63
NY,"{""offset"": 0, ""window"": 120, ""exit"": ""hard"", ""open_trade"": true, ""vwap"": true, ""legs"": true, ""leg_max"": 2, ""rev_mode"": ""off"", ""wait_open"": false, ""maxpos"": 3, ""stack_trig"": ""fvg"", ""stack_size"": 0.5, ""ma"": 50, ""big_thr"": 20.0, ""big_sl"": 40.0, ""big_tp"": 115.0, ""std_sl"": 30.0, ""std_tp"": 35.0, ""leg_gap"": 10.0, ""leg_sl"": 45.0, ""leg_tp"": 115.0, ""min_fv"": 80.0, ""min_bos"": 20.0, ""disp_pts"": 15.0, ""stack_gap"": 20.0}",3.153,2.683,-1.0,2.683,248,0.7,95.94,0.3869,1.641,3.153,65.17,30.77,-9.57
NY,"{""offset"": 0, ""window"": 60, ""exit"": ""run"", ""open_trade"": true, ""vwap"": true, ""legs"": true, ""leg_max"": 2, ""rev_mode"": ""off"", ""wait_open"": true, ""maxpos"": 3, ""stack_trig"": ""fvg"", ""stack_size"": 1.0, ""ma"": 50, ""big_thr"": 15.0, ""big_sl"": 30.0, ""big_tp"": 115.0, ""std_sl"": 35.0, ""std_tp"": 50.0, ""leg_gap"": 20.0, ""leg_sl"": 35.0, ""leg_tp"": 90.0, ""min_fv"": 80.0, ""min_bos"": 5.0, ""disp_pts"": 15.0, ""stack_gap"": 15.0}",3.152,2.779,-1.0,2.779,232,0.66,110.77,0.4775,1.682,3.152,66.32,44.46,-9.75
NY,"{""offset"": 0, ""window"": 90, ""exit"": ""hard"", ""open_trade"": true, ""vwap"": false, ""legs"": true, ""leg_max"": 6, ""rev_mode"": ""off"", ""wait_open"": false, ""maxpos"": 3, ""stack_trig"": ""both"", ""stack_size"": 0.5, ""ma"": 100, ""big_thr"": 10.0, ""big_sl"": 35.0, ""big_tp"": 115.0, ""std_sl"": 15.0, ""std_tp"": 30.0, ""leg_gap"": 15.0, ""leg_sl"": 45.0, ""leg_tp"": 60.0, ""min_fv"": 80.0, ""min_bos"": 10.0, ""disp_pts"": 25.0, ""stack_gap"": 15.0}",3.151,2.871,-1.0,2.871,299,0.85,108.22,0.362,1.569,3.151,72.48,35.74,-17.44
NY,"{""offset"": 0, ""window"": 120, ""exit"": ""run"", ""open_trade"": true, ""vwap"": true, ""legs"": false, ""leg_max"": 6, ""rev_mode"": ""off"", ""wait_open"": false, ""maxpos"": 2, ""stack_trig"": ""both"", ""stack_size"": 0.5, ""ma"": 100, ""big_thr"": 15.0, ""big_sl"": 30.0, ""big_tp"": 115.0, ""std_sl"": 25.0, ""std_tp"": 60.0, ""leg_gap"": 10.0, ""leg_sl"": 25.0, ""leg_tp"": 60.0, ""min_fv"": 80.0, ""min_bos"": 0.0, ""disp_pts"": 40.0, ""stack_gap"": 15.0}",3.146,2.876,-1.0,2.876,233,0.66,107.29,0.4605,1.648,3.146,60.78,46.51,-10.2
NY,"{""offset"": 0, ""window"": 150, ""exit"": ""hard"", ""open_trade"": true, ""vwap"": true, ""legs"": true, ""leg_max"": 6, ""rev_mode"": ""off"", ""wait_open"": true, ""maxpos"": 1, ""stack_trig"": ""both"", ""stack_size"": 1.0, ""ma"": 50, ""big_thr"": 15.0, ""big_sl"": 25.0, ""big_tp"": 100.0, ""std_sl"": 20.0, ""std_tp"": 60.0, ""leg_gap"": 20.0, ""leg_sl"": 35.0, ""leg_tp"": 115.0, ""min_fv"": 100.0, ""min_bos"": 15.0, ""disp_pts"": 15.0, ""stack_gap"": 15.0}",3.146,2.868,-1.0,2.868,232,0.66,116.08,0.5004,1.696,3.146,71.98,44.11,-13.89
NY,"{""offset"": 0, ""window"": 60, ""exit"": ""hard"", ""open_trade"": true, ""vwap"": true, ""legs"": false, ""leg_max"": 4, ""rev_mode"": ""off"", ""wait_open"": true, ""maxpos"": 1, ""stack_trig"": ""both"", ""stack_size"": 1.0, ""ma"": 50, ""big_thr"": 15.0, ""big_sl"": 35.0, ""big_tp"": 115.0, ""std_sl"": 25.0, ""std_tp"": 35.0, ""leg_gap"": 20.0, ""leg_sl"": 25.0, ""leg_tp"": 60.0, ""min_fv"": 60.0, ""min_bos"": 20.0, ""disp_pts"": 15.0, ""stack_gap"": 10.0}",3.144,2.496,-1.0,2.496,224,0.64,89.71,0.4005,1.639,3.144,60.55,29.16,-12.67
NY,"{""offset"": 0, ""window"": 60, ""exit"": ""hard"", ""open_trade"": true, ""vwap"": true, ""legs"": true, ""leg_max"": 1, ""rev_mode"": ""std"", ""wait_open"": true, ""maxpos"": 2, ""stack_trig"": ""fvg"", ""stack_size"": 0.5, ""ma"": 200, ""big_thr"": 20.0, ""big_sl"": 40.0, ""big_tp"": 130.0, ""std_sl"": 35.0, ""std_tp"": 30.0, ""leg_gap"": 15.0, ""leg_sl"": 45.0, ""leg_tp"": 140.0, ""min_fv"": 125.0, ""min_bos"": 5.0, ""disp_pts"": 20.0, ""stack_gap"": 15.0}",3.143,2.822,-1.0,2.822,538,1.53,109.89,0.2043,1.407,3.143,73.19,36.7,-14.91
NY,"{""offset"": 0, ""window"": 90, ""exit"": ""run"", ""open_trade"": true, ""vwap"": true, ""legs"": true, ""leg_max"": 1, ""rev_mode"": ""off"", ""wait_open"": true, ""maxpos"": 1, ""stack_trig"": ""both"", ""stack_size"": 0.5, ""ma"": 100, ""big_thr"": 20.0, ""big_sl"": 35.0, ""big_tp"": 80.0, ""std_sl"": 25.0, ""std_tp"": 60.0, ""leg_gap"": 10.0, ""leg_sl"": 25.0, ""leg_tp"": 140.0, ""min_fv"": 200.0, ""min_bos"": 20.0, ""disp_pts"": 40.0, ""stack_gap"": 10.0}",3.143,2.856,-1.0,2.856,256,0.73,100.11,0.391,1.63,3.143,52.65,47.46,-10.02
NY,"{""offset"": 0, ""window"": 120, ""exit"": ""hard"", ""open_trade"": true, ""vwap"": false, ""legs"": true, ""leg_max"": 1, ""rev_mode"": ""off"", ""wait_open"": false, ""maxpos"": 2, ""stack_trig"": ""both"", ""stack_size"": 1.0, ""ma"": 200, ""big_thr"": 20.0, ""big_sl"": 30.0, ""big_tp"": 150.0, ""std_sl"": 30.0, ""std_tp"": 60.0, ""leg_gap"": 20.0, ""leg_sl"": 35.0, ""leg_tp"": 140.0, ""min_fv"": 60.0, ""min_bos"": 15.0, ""disp_pts"": 25.0, ""stack_gap"": 20.0}",3.141,3.034,1.684,3.034,317,0.9,141.85,0.4475,1.621,3.141,86.32,55.53,-21.6
NY,"{""offset"": 0, ""window"": 120, ""exit"": ""hard"", ""open_trade"": true, ""vwap"": true, ""legs"": true, ""leg_max"": 2, ""rev_mode"": ""off"", ""wait_open"": true, ""maxpos"": 1, ""stack_trig"": ""both"", ""stack_size"": 0.5, ""ma"": 100, ""big_thr"": 15.0, ""big_sl"": 40.0, ""big_tp"": 80.0, ""std_sl"": 30.0, ""std_tp"": 35.0, ""leg_gap"": 15.0, ""leg_sl"": 35.0, ""leg_tp"": 140.0, ""min_fv"": 150.0, ""min_bos"": 15.0, ""disp_pts"": 25.0, ""stack_gap"": 20.0}",3.141,2.772,-1.0,2.772,253,0.72,86.99,0.3438,1.603,3.141,47.0,39.99,-7.5
NY,"{""offset"": 0, ""window"": 60, ""exit"": ""run"", ""open_trade"": true, ""vwap"": true, ""legs"": true, ""leg_max"": 4, ""rev_mode"": ""off"", ""wait_open"": true, ""maxpos"": 2, ""stack_trig"": ""bos"", ""stack_size"": 1.0, ""ma"": 50, ""big_thr"": 15.0, ""big_sl"": 35.0, ""big_tp"": 100.0, ""std_sl"": 35.0, ""std_tp"": 35.0, ""leg_gap"": 15.0, ""leg_sl"": 35.0, ""leg_tp"": 115.0, ""min_fv"": 40.0, ""min_bos"": 0.0, ""disp_pts"": 25.0, ""stack_gap"": 20.0}",3.141,2.279,-1.0,2.279,241,0.68,101.2,0.4199,1.652,3.141,68.64,32.57,-9.6
NY,"{""offset"": 0, ""window"": 60, ""exit"": ""hard"", ""open_trade"": true, ""vwap"": false, ""legs"": false, ""leg_max"": 4, ""rev_mode"": ""off"", ""wait_open"": true, ""maxpos"": 2, ""stack_trig"": ""bos"", ""stack_size"": 0.5, ""ma"": 50, ""big_thr"": 10.0, ""big_sl"": 25.0, ""big_tp"": 150.0, ""std_sl"": 30.0, ""std_tp"": 35.0, ""leg_gap"": 20.0, ""leg_sl"": 35.0, ""leg_tp"": 140.0, ""min_fv"": 80.0, ""min_bos"": 5.0, ""disp_pts"": 30.0, ""stack_gap"": 20.0}",3.137,2.991,2.218,2.991,269,0.76,132.92,0.4941,1.671,3.137,83.52,49.39,-18.02
NY,"{""offset"": 0, ""window"": 90, ""exit"": ""run"", ""open_trade"": true, ""vwap"": true, ""legs"": true, ""leg_max"": 6, ""rev_mode"": ""off"", ""wait_open"": false, ""maxpos"": 1, ""stack_trig"": ""fvg"", ""stack_size"": 0.5, ""ma"": 50, ""big_thr"": 20.0, ""big_sl"": 35.0, ""big_tp"": 115.0, ""std_sl"": 20.0, ""std_tp"": 50.0, ""leg_gap"": 15.0, ""leg_sl"": 35.0, ""leg_tp"": 115.0, ""min_fv"": 150.0, ""min_bos"": 15.0, ""disp_pts"": 15.0, ""stack_gap"": 10.0}",3.137,2.556,-1.0,2.556,241,0.68,108.05,0.4484,1.673,3.137,65.04,43.01,-9.84
NY,"{""offset"": 0, ""window"": 60, ""exit"": ""hard"", ""open_trade"": true, ""vwap"": true, ""legs"": true, ""leg_max"": 4, ""rev_mode"": ""off"", ""wait_open"": false, ""maxpos"": 3, ""stack_trig"": ""fvg"", ""stack_size"": 0.5, ""ma"": 50, ""big_thr"": 20.0, ""big_sl"": 25.0, ""big_tp"": 115.0, ""std_sl"": 25.0, ""std_tp"": 35.0, ""leg_gap"": 20.0, ""leg_sl"": 45.0, ""leg_tp"": 60.0, ""min_fv"": 80.0, ""min_bos"": 5.0, ""disp_pts"": 25.0, ""stack_gap"": 10.0}",3.133,3.086,2.792,3.086,232,0.66,114.46,0.4934,1.714,3.133,65.08,49.38,-12.87
NY,"{""offset"": 0, ""window"": 90, ""exit"": ""hard"", ""open_trade"": true, ""vwap"": false, ""legs"": true, ""leg_max"": 2, ""rev_mode"": ""off"", ""wait_open"": true, ""maxpos"": 1, ""stack_trig"": ""both"", ""stack_size"": 1.0, ""ma"": 100, ""big_thr"": 10.0, ""big_sl"": 25.0, ""big_tp"": 115.0, ""std_sl"": 20.0, ""std_tp"": 35.0, ""leg_gap"": 20.0, ""leg_sl"": 35.0, ""leg_tp"": 140.0, ""min_fv"": 200.0, ""min_bos"": 10.0, ""disp_pts"": 30.0, ""stack_gap"": 10.0}",3.132,3.121,2.893,3.121,290,0.82,134.01,0.4621,1.625,3.132,85.03,48.99,-15.38
NY,"{""offset"": 0, ""window"": 90, ""exit"": ""run"", ""open_trade"": true, ""vwap"": true, ""legs"": true, ""leg_max"": 1, ""rev_mode"": ""off"", ""wait_open"": true, ""maxpos"": 3, ""stack_trig"": ""both"", ""stack_size"": 1.0, ""ma"": 50, ""big_thr"": 20.0, ""big_sl"": 40.0, ""big_tp"": 100.0, ""std_sl"": 30.0, ""std_tp"": 35.0, ""leg_gap"": 15.0, ""leg_sl"": 25.0, ""leg_tp"": 60.0, ""min_fv"": 100.0, ""min_bos"": 5.0, ""disp_pts"": 15.0, ""stack_gap"": 20.0}",3.129,2.529,-1.0,2.529,240,0.68,86.67,0.3611,1.6,3.129,57.15,29.52,-9.12
NY,"{""offset"": 0, ""window"": 60, ""exit"": ""hard"", ""open_trade"": true, ""vwap"": false, ""legs"": true, ""leg_max"": 6, ""rev_mode"": ""disp_fv"", ""wait_open"": false, ""maxpos"": 2, ""stack_trig"": ""bos"", ""stack_size"": 0.5, ""ma"": 100, ""big_thr"": 15.0, ""big_sl"": 35.0, ""big_tp"": 150.0, ""std_sl"": 30.0, ""std_tp"": 50.0, ""leg_gap"": 15.0, ""leg_sl"": 45.0, ""leg_tp"": 140.0, ""min_fv"": 150.0, ""min_bos"": 15.0, ""disp_pts"": 25.0, ""stack_gap"": 20.0}",3.128,2.506,-1.0,2.506,343,0.97,129.8,0.3784,1.585,3.128,92.13,37.67,-20.92
NY,"{""offset"": 0, ""window"": 150, ""exit"": ""hard"", ""open_trade"": true, ""vwap"": true, ""legs"": true, ""leg_max"": 1, ""rev_mode"": ""off"", ""wait_open"": false, ""maxpos"": 3, ""stack_trig"": ""fvg"", ""stack_size"": 0.5, ""ma"": 50, ""big_thr"": 10.0, ""big_sl"": 35.0, ""big_tp"": 115.0, ""std_sl"": 25.0, ""std_tp"": 42.0, ""leg_gap"": 20.0, ""leg_sl"": 45.0, ""leg_tp"": 60.0, ""min_fv"": 80.0, ""min_bos"": 5.0, ""disp_pts"": 20.0, ""stack_gap"": 10.0}",3.125,3.083,2.63,3.083,232,0.66,96.61,0.4164,1.638,3.125,63.24,33.38,-8.33
NY,"{""offset"": 0, ""window"": 120, ""exit"": ""hard"", ""open_trade"": true, ""vwap"": false, ""legs"": true, ""leg_max"": 4, ""rev_mode"": ""std"", ""wait_open"": true, ""maxpos"": 2, ""stack_trig"": ""both"", ""stack_size"": 1.0, ""ma"": 200, ""big_thr"": 20.0, ""big_sl"": 30.0, ""big_tp"": 150.0, ""std_sl"": 30.0, ""std_tp"": 35.0, ""leg_gap"": 15.0, ""leg_sl"": 25.0, ""leg_tp"": 60.0, ""min_fv"": 125.0, ""min_bos"": 5.0, ""disp_pts"": 15.0, ""stack_gap"": 20.0}",3.122,2.94,1.892,2.94,1248,3.55,168.25,0.1348,1.245,3.122,113.44,54.81,-24.6
NY,"{""offset"": 0, ""window"": 150, ""exit"": ""hard"", ""open_trade"": true, ""vwap"": true, ""legs"": false, ""leg_max"": 2, ""rev_mode"": ""off"", ""wait_open"": true, ""maxpos"": 1, ""stack_trig"": ""fvg"", ""stack_size"": 0.5, ""ma"": 200, ""big_thr"": 15.0, ""big_sl"": 30.0, ""big_tp"": 115.0, ""std_sl"": 35.0, ""std_tp"": 30.0, ""leg_gap"": 10.0, ""leg_sl"": 45.0, ""leg_tp"": 115.0, ""min_fv"": 40.0, ""min_bos"": 5.0, ""disp_pts"": 30.0, ""stack_gap"": 20.0}",3.121,2.455,-1.0,2.455,257,0.73,110.02,0.4281,1.603,3.121,63.07,46.95,-11.83
NY,"{""offset"": 0, ""window"": 120, ""exit"": ""run"", ""open_trade"": true, ""vwap"": true, ""legs"": true, ""leg_max"": 4, ""rev_mode"": ""off"", ""wait_open"": true, ""maxpos"": 2, ""stack_trig"": ""fvg"", ""stack_size"": 1.0, ""ma"": 200, ""big_thr"": 10.0, ""big_sl"": 30.0, ""big_tp"": 115.0, ""std_sl"": 25.0, ""std_tp"": 42.0, ""leg_gap"": 10.0, ""leg_sl"": 35.0, ""leg_tp"": 140.0, ""min_fv"": 40.0, ""min_bos"": 0.0, ""disp_pts"": 30.0, ""stack_gap"": 10.0}",3.121,2.842,-1.0,2.842,287,0.82,132.01,0.46,1.644,3.121,65.04,66.96,-13.9
NY,"{""offset"": 0, ""window"": 150, ""exit"": ""hard"", ""open_trade"": true, ""vwap"": true, ""legs"": false, ""leg_max"": 2, ""rev_mode"": ""off"", ""wait_open"": false, ""maxpos"": 2, ""stack_trig"": ""fvg"", ""stack_size"": 0.5, ""ma"": 50, ""big_thr"": 20.0, ""big_sl"": 30.0, ""big_tp"": 130.0, ""std_sl"": 25.0, ""std_tp"": 50.0, ""leg_gap"": 10.0, ""leg_sl"": 35.0, ""leg_tp"": 60.0, ""min_fv"": 40.0, ""min_bos"": 5.0, ""disp_pts"": 20.0, ""stack_gap"": 15.0}",3.12,2.34,-1.0,2.34,224,0.64,109.27,0.4878,1.684,3.12,66.91,42.36,-11.19
NY,"{""offset"": 0, ""window"": 60, ""exit"": ""hard"", ""open_trade"": true, ""vwap"": false, ""legs"": false, ""leg_max"": 2, ""rev_mode"": ""off"", ""wait_open"": true, ""maxpos"": 2, ""stack_trig"": ""fvg"", ""stack_size"": 0.5, ""ma"": 100, ""big_thr"": 10.0, ""big_sl"": 40.0, ""big_tp"": 115.0, ""std_sl"": 20.0, ""std_tp"": 35.0, ""leg_gap"": 25.0, ""leg_sl"": 35.0, ""leg_tp"": 90.0, ""min_fv"": 80.0, ""min_bos"": 15.0, ""disp_pts"": 25.0, ""stack_gap"": 10.0}",3.119,2.841,-1.0,2.841,279,0.79,89.72,0.3216,1.532,3.119,56.76,32.96,-13.37
NY,"{""offset"": 0, ""window"": 90, ""exit"": ""run"", ""open_trade"": true, ""vwap"": false, ""legs"": true, ""leg_max"": 2, ""rev_mode"": ""off"", ""wait_open"": true, ""maxpos"": 1, ""stack_trig"": ""both"", ""stack_size"": 0.5, ""ma"": 50, ""big_thr"": 10.0, ""big_sl"": 25.0, ""big_tp"": 115.0, ""std_sl"": 35.0, ""std_tp"": 42.0, ""leg_gap"": 15.0, ""leg_sl"": 25.0, ""leg_tp"": 115.0, ""min_fv"": 60.0, ""min_bos"": 5.0, ""disp_pts"": 30.0, ""stack_gap"": 10.0}",3.118,3.069,2.782,3.069,286,0.81,144.71,0.506,1.672,3.118,89.32,55.4,-14.34
NY,"{""offset"": 0, ""window"": 60, ""exit"": ""run"", ""open_trade"": true, ""vwap"": true, ""legs"": true, ""leg_max"": 4, ""rev_mode"": ""off"", ""wait_open"": true, ""maxpos"": 3, ""stack_trig"": ""both"", ""stack_size"": 0.5, ""ma"": 50, ""big_thr"": 15.0, ""big_sl"": 30.0, ""big_tp"": 115.0, ""std_sl"": 30.0, ""std_tp"": 30.0, ""leg_gap"": 15.0, ""leg_sl"": 35.0, ""leg_tp"": 60.0, ""min_fv"": 100.0, ""min_bos"": 15.0, ""disp_pts"": 25.0, ""stack_gap"": 10.0}",3.114,2.744,-1.0,2.744,241,0.68,110.31,0.4577,1.662,3.114,66.71,43.6,-10.78
NY,"{""offset"": 0, ""window"": 90, ""exit"": ""hard"", ""open_trade"": true, ""vwap"": true, ""legs"": false, ""leg_max"": 2, ""rev_mode"": ""off"", ""wait_open"": true, ""maxpos"": 1, ""stack_trig"": ""fvg"", ""stack_size"": 0.5, ""ma"": 50, ""big_thr"": 10.0, ""big_sl"": 40.0, ""big_tp"": 115.0, ""std_sl"": 20.0, ""std_tp"": 30.0, ""leg_gap"": 10.0, ""leg_sl"": 25.0, ""leg_tp"": 140.0, ""min_fv"": 100.0, ""min_bos"": 5.0, ""disp_pts"": 40.0, ""stack_gap"": 20.0}",3.113,2.572,-1.0,2.572,224,0.64,82.72,0.3693,1.606,3.113,54.95,27.78,-7.66
NY,"{""offset"": 0, ""window"": 120, ""exit"": ""hard"", ""open_trade"": true, ""vwap"": false, ""legs"": true, ""leg_max"": 1, ""rev_mode"": ""off"", ""wait_open"": false, ""maxpos"": 2, ""stack_trig"": ""fvg"", ""stack_size"": 0.5, ""ma"": 100, ""big_thr"": 15.0, ""big_sl"": 40.0, ""big_tp"": 130.0, ""std_sl"": 20.0, ""std_tp"": 35.0, ""leg_gap"": 15.0, ""leg_sl"": 25.0, ""leg_tp"": 140.0, ""min_fv"": 150.0, ""min_bos"": 15.0, ""disp_pts"": 20.0, ""stack_gap"": 10.0}",3.111,2.699,-1.0,2.699,297,0.84,116.86,0.3935,1.611,3.111,69.75,47.11,-14.29
NY,"{""offset"": 0, ""window"": 150, ""exit"": ""run"", ""open_trade"": true, ""vwap"": false, ""legs"": true, ""leg_max"": 4, ""rev_mode"": ""off"", ""wait_open"": true, ""maxpos"": 3, ""stack_trig"": ""fvg"", ""stack_size"": 0.5, ""ma"": 50, ""big_thr"": 10.0, ""big_sl"": 30.0, ""big_tp"": 100.0, ""std_sl"": 35.0, ""std_tp"": 35.0, ""leg_gap"": 15.0, ""leg_sl"": 25.0, ""leg_tp"": 60.0, ""min_fv"": 100.0, ""min_bos"": 15.0, ""disp_pts"": 15.0, ""stack_gap"": 10.0}",3.109,3.106,2.96,3.106,286,0.81,111.12,0.3885,1.567,3.109,72.78,38.34,-14.42
NY,"{""offset"": 0, ""window"": 60, ""exit"": ""hard"", ""open_trade"": true, ""vwap"": true, ""legs"": true, ""leg_max"": 4, ""rev_mode"": ""mixed"", ""wait_open"": true, ""maxpos"": 3, ""stack_trig"": ""bos"", ""stack_size"": 0.5, ""ma"": 100, ""big_thr"": 10.0, ""big_sl"": 25.0, ""big_tp"": 150.0, ""std_sl"": 35.0, ""std_tp"": 60.0, ""leg_gap"": 15.0, ""leg_sl"": 45.0, ""leg_tp"": 90.0, ""min_fv"": 200.0, ""min_bos"": 20.0, ""disp_pts"": 20.0, ""stack_gap"": 10.0}",3.108,2.833,-1.0,2.833,298,0.85,138.62,0.4652,1.695,3.108,80.53,58.09,-16.86
NY,"{""offset"": 0, ""window"": 90, ""exit"": ""hard"", ""open_trade"": true, ""vwap"": true, ""legs"": false, ""leg_max"": 4, ""rev_mode"": ""off"", ""wait_open"": false, ""maxpos"": 3, ""stack_trig"": ""fvg"", ""stack_size"": 0.5, ""ma"": 50, ""big_thr"": 15.0, ""big_sl"": 30.0, ""big_tp"": 130.0, ""std_sl"": 30.0, ""std_tp"": 50.0, ""leg_gap"": 25.0, ""leg_sl"": 25.0, ""leg_tp"": 115.0, ""min_fv"": 150.0, ""min_bos"": 0.0, ""disp_pts"": 40.0, ""stack_gap"": 10.0}",3.106,2.567,-1.0,2.567,224,0.64,105.89,0.4727,1.688,3.106,68.74,37.15,-9.46
NY,"{""offset"": 0, ""window"": 120, ""exit"": ""hard"", ""open_trade"": true, ""vwap"": true, ""legs"": true, ""leg_max"": 2, ""rev_mode"": ""off"", ""wait_open"": false, ""maxpos"": 2, ""stack_trig"": ""both"", ""stack_size"": 0.5, ""ma"": 200, ""big_thr"": 20.0, ""big_sl"": 30.0, ""big_tp"": 115.0, ""std_sl"": 35.0, ""std_tp"": 60.0, ""leg_gap"": 25.0, ""leg_sl"": 25.0, ""leg_tp"": 60.0, ""min_fv"": 150.0, ""min_bos"": 20.0, ""disp_pts"": 30.0, ""stack_gap"": 20.0}",3.105,2.751,-1.0,2.751,266,0.76,112.03,0.4211,1.611,3.105,60.1,51.92,-12.88
NY,"{""offset"": 0, ""window"": 90, ""exit"": ""hard"", ""open_trade"": true, ""vwap"": true, ""legs"": true, ""leg_max"": 1, ""rev_mode"": ""off"", ""wait_open"": true, ""maxpos"": 1, ""stack_trig"": ""both"", ""stack_size"": 0.5, ""ma"": 100, ""big_thr"": 25.0, ""big_sl"": 25.0, ""big_tp"": 115.0, ""std_sl"": 35.0, ""std_tp"": 42.0, ""leg_gap"": 20.0, ""leg_sl"": 25.0, ""leg_tp"": 115.0, ""min_fv"": 125.0, ""min_bos"": 5.0, ""disp_pts"": 30.0, ""stack_gap"": 10.0}",3.104,2.61,-1.0,2.61,243,0.69,118.45,0.4875,1.707,3.104,66.76,51.7,-12.55
NY,"{""offset"": 0, ""window"": 150, ""exit"": ""hard"", ""open_trade"": true, ""vwap"": false, ""legs"": true, ""leg_max"": 1, ""rev_mode"": ""off"", ""wait_open"": true, ""maxpos"": 1, ""stack_trig"": ""bos"", ""stack_size"": 0.5, ""ma"": 0, ""big_thr"": 15.0, ""big_sl"": 30.0, ""big_tp"": 150.0, ""std_sl"": 35.0, ""std_tp"": 30.0, ""leg_gap"": 15.0, ""leg_sl"": 25.0, ""leg_tp"": 140.0, ""min_fv"": 40.0, ""min_bos"": 20.0, ""disp_pts"": 20.0, ""stack_gap"": 20.0}",3.101,2.62,-1.0,2.62,372,1.06,164.3,0.4417,1.589,3.101,94.22,70.08,-22.56
NY,"{""offset"": 0, ""window"": 150, ""exit"": ""hard"", ""open_trade"": true, ""vwap"": true, ""legs"": true, ""leg_max"": 4, ""rev_mode"": ""off"", ""wait_open"": false, ""maxpos"": 3, ""stack_trig"": ""both"", ""stack_size"": 0.5, ""ma"": 50, ""big_thr"": 15.0, ""big_sl"": 30.0, ""big_tp"": 150.0, ""std_sl"": 15.0, ""std_tp"": 60.0, ""leg_gap"": 10.0, ""leg_sl"": 45.0, ""leg_tp"": 90.0, ""min_fv"": 200.0, ""min_bos"": 10.0, ""disp_pts"": 25.0, ""stack_gap"": 15.0}",3.101,2.049,-1.0,2.049,248,0.7,128.11,0.5166,1.731,3.101,80.12,48.0,-13.4
NY,"{""offset"": 0, ""window"": 120, ""exit"": ""hard"", ""open_trade"": true, ""vwap"": true, ""legs"": true, ""leg_max"": 1, ""rev_mode"": ""off"", ""wait_open"": true, ""maxpos"": 3, ""stack_trig"": ""fvg"", ""stack_size"": 1.0, ""ma"": 100, ""big_thr"": 20.0, ""big_sl"": 30.0, ""big_tp"": 130.0, ""std_sl"": 25.0, ""std_tp"": 42.0, ""leg_gap"": 20.0, ""leg_sl"": 25.0, ""leg_tp"": 140.0, ""min_fv"": 125.0, ""min_bos"": 10.0, ""disp_pts"": 20.0, ""stack_gap"": 15.0}",3.101,2.733,-1.0,2.733,243,0.69,119.54,0.4919,1.699,3.101,70.94,48.6,-12.25
NY,"{""offset"": 0, ""window"": 60, ""exit"": ""hard"", ""open_trade"": true, ""vwap"": false, ""legs"": true, ""leg_max"": 2, ""rev_mode"": ""std"", ""wait_open"": false, ""maxpos"": 2, ""stack_trig"": ""both"", ""stack_size"": 0.5, ""ma"": 50, ""big_thr"": 15.0, ""big_sl"": 40.0, ""big_tp"": 115.0, ""std_sl"": 35.0, ""std_tp"": 35.0, ""leg_gap"": 15.0, ""leg_sl"": 45.0, ""leg_tp"": 140.0, ""min_fv"": 125.0, ""min_bos"": 15.0, ""disp_pts"": 40.0, ""stack_gap"": 15.0}",3.101,2.75,-1.0,2.75,446,1.27,101.11,0.2267,1.431,3.101,77.97,23.14,-16.99
NY,"{""offset"": 0, ""window"": 60, ""exit"": ""hard"", ""open_trade"": true, ""vwap"": true, ""legs"": false, ""leg_max"": 1, ""rev_mode"": ""off"", ""wait_open"": false, ""maxpos"": 3, ""stack_trig"": ""fvg"", ""stack_size"": 1.0, ""ma"": 100, ""big_thr"": 25.0, ""big_sl"": 25.0, ""big_tp"": 130.0, ""std_sl"": 15.0, ""std_tp"": 30.0, ""leg_gap"": 15.0, ""leg_sl"": 35.0, ""leg_tp"": 140.0, ""min_fv"": 40.0, ""min_bos"": 10.0, ""disp_pts"": 20.0, ""stack_gap"": 15.0}",3.098,2.574,-1.0,2.574,233,0.66,115.27,0.4947,1.693,3.098,58.72,56.54,-12.97
NY,"{""offset"": 0, ""window"": 60, ""exit"": ""hard"", ""open_trade"": true, ""vwap"": false, ""legs"": false, ""leg_max"": 4, ""rev_mode"": ""std"", ""wait_open"": false, ""maxpos"": 2, ""stack_trig"": ""both"", ""stack_size"": 1.0, ""ma"": 100, ""big_thr"": 15.0, ""big_sl"": 25.0, ""big_tp"": 130.0, ""std_sl"": 15.0, ""std_tp"": 42.0, ""leg_gap"": 15.0, ""leg_sl"": 45.0, ""leg_tp"": 140.0, ""min_fv"": 200.0, ""min_bos"": 15.0, ""disp_pts"": 15.0, ""stack_gap"": 10.0}",3.096,2.803,-1.0,2.803,336,0.95,132.39,0.394,1.536,3.096,97.37,35.02,-23.74
NY,"{""offset"": 0, ""window"": 150, ""exit"": ""hard"", ""open_trade"": true, ""vwap"": true, ""legs"": true, ""leg_max"": 2, ""rev_mode"": ""off"", ""wait_open"": true, ""maxpos"": 1, ""stack_trig"": ""bos"", ""stack_size"": 0.5, ""ma"": 50, ""big_thr"": 10.0, ""big_sl"": 25.0, ""big_tp"": 150.0, ""std_sl"": 20.0, ""std_tp"": 42.0, ""leg_gap"": 15.0, ""leg_sl"": 35.0, ""leg_tp"": 140.0, ""min_fv"": 200.0, ""min_bos"": 20.0, ""disp_pts"": 20.0, ""stack_gap"": 15.0}",3.091,3.03,2.679,3.03,241,0.68,150.59,0.6248,1.825,3.091,85.4,65.19,-12.93
NY,"{""offset"": 0, ""window"": 120, ""exit"": ""hard"", ""open_trade"": true, ""vwap"": true, ""legs"": true, ""leg_max"": 4, ""rev_mode"": ""off"", ""wait_open"": false, ""maxpos"": 1, ""stack_trig"": ""bos"", ""stack_size"": 1.0, ""ma"": 100, ""big_thr"": 10.0, ""big_sl"": 30.0, ""big_tp"": 80.0, ""std_sl"": 35.0, ""std_tp"": 30.0, ""leg_gap"": 10.0, ""leg_sl"": 35.0, ""leg_tp"": 115.0, ""min_fv"": 125.0, ""min_bos"": 10.0, ""disp_pts"": 30.0, ""stack_gap"": 20.0}",3.091,2.83,-1.0,2.83,260,0.74,94.89,0.3649,1.57,3.091,46.62,48.27,-11.4
NY,"{""offset"": 0, ""window"": 60, ""exit"": ""run"", ""open_trade"": true, ""vwap"": true, ""legs"": true, ""leg_max"": 2, ""rev_mode"": ""off"", ""wait_open"": true, ""maxpos"": 1, ""stack_trig"": ""bos"", ""stack_size"": 0.5, ""ma"": 100, ""big_thr"": 10.0, ""big_sl"": 30.0, ""big_tp"": 115.0, ""std_sl"": 25.0, ""std_tp"": 50.0, ""leg_gap"": 25.0, ""leg_sl"": 35.0, ""leg_tp"": 90.0, ""min_fv"": 200.0, ""min_bos"": 0.0, ""disp_pts"": 25.0, ""stack_gap"": 15.0}",3.088,3.104,2.871,3.088,241,0.68,107.59,0.4464,1.626,3.088,61.25,46.34,-10.78
NY,"{""offset"": 0, ""window"": 90, ""exit"": ""hard"", ""open_trade"": true, ""vwap"": true, ""legs"": true, ""leg_max"": 2, ""rev_mode"": ""off"", ""wait_open"": true, ""maxpos"": 3, ""stack_trig"": ""fvg"", ""stack_size"": 1.0, ""ma"": 50, ""big_thr"": 25.0, ""big_sl"": 25.0, ""big_tp"": 130.0, ""std_sl"": 30.0, ""std_tp"": 30.0, ""leg_gap"": 15.0, ""leg_sl"": 45.0, ""leg_tp"": 115.0, ""min_fv"": 150.0, ""min_bos"": 20.0, ""disp_pts"": 25.0, ""stack_gap"": 15.0}",3.087,2.829,-1.0,2.829,241,0.68,127.09,0.5274,1.788,3.087,81.01,46.09,-12.57
NY,"{""offset"": 0, ""window"": 60, ""exit"": ""hard"", ""open_trade"": true, ""vwap"": false, ""legs"": false, ""leg_max"": 1, ""rev_mode"": ""off"", ""wait_open"": true, ""maxpos"": 1, ""stack_trig"": ""fvg"", ""stack_size"": 1.0, ""ma"": 200, ""big_thr"": 10.0, ""big_sl"": 25.0, ""big_tp"": 130.0, ""std_sl"": 25.0, ""std_tp"": 42.0, ""leg_gap"": 20.0, ""leg_sl"": 25.0, ""leg_tp"": 115.0, ""min_fv"": 100.0, ""min_bos"": 10.0, ""disp_pts"": 40.0, ""stack_gap"": 10.0}",3.085,2.507,-1.0,2.507,306,0.87,133.6,0.4366,1.585,3.085,73.66,59.95,-15.84
NY,"{""offset"": 0, ""window"": 60, ""exit"": ""hard"", ""open_trade"": true, ""vwap"": false, ""legs"": true, ""leg_max"": 1, ""rev_mode"": ""off"", ""wait_open"": true, ""maxpos"": 2, ""stack_trig"": ""bos"", ""stack_size"": 1.0, ""ma"": 50, ""big_thr"": 10.0, ""big_sl"": 30.0, ""big_tp"": 100.0, ""std_sl"": 15.0, ""std_tp"": 50.0, ""leg_gap"": 15.0, ""leg_sl"": 45.0, ""leg_tp"": 60.0, ""min_fv"": 60.0, ""min_bos"": 20.0, ""disp_pts"": 25.0, ""stack_gap"": 20.0}",3.082,2.569,-1.0,2.569,285,0.81,103.02,0.3615,1.564,3.082,76.2,26.81,-16.33
NY,"{""offset"": 0, ""window"": 150, ""exit"": ""run"", ""open_trade"": true, ""vwap"": false, ""legs"": true, ""leg_max"": 1, ""rev_mode"": ""off"", ""wait_open"": false, ""maxpos"": 1, ""stack_trig"": ""fvg"", ""stack_size"": 1.0, ""ma"": 50, ""big_thr"": 15.0, ""big_sl"": 30.0, ""big_tp"": 115.0, ""std_sl"": 15.0, ""std_tp"": 60.0, ""leg_gap"": 20.0, ""leg_sl"": 45.0, ""leg_tp"": 115.0, ""min_fv"": 100.0, ""min_bos"": 5.0, ""disp_pts"": 15.0, ""stack_gap"": 10.0}",3.081,2.327,-1.0,2.327,277,0.79,117.09,0.4227,1.595,3.081,76.4,40.69,-12.87
NY,"{""offset"": 0, ""window"": 60, ""exit"": ""hard"", ""open_trade"": true, ""vwap"": false, ""legs"": true, ""leg_max"": 4, ""rev_mode"": ""std"", ""wait_open"": true, ""maxpos"": 3, ""stack_trig"": ""bos"", ""stack_size"": 1.0, ""ma"": 50, ""big_thr"": 15.0, ""big_sl"": 25.0, ""big_tp"": 150.0, ""std_sl"": 25.0, ""std_tp"": 50.0, ""leg_gap"": 15.0, ""leg_sl"": 25.0, ""leg_tp"": 115.0, ""min_fv"": 150.0, ""min_bos"": 20.0, ""disp_pts"": 15.0, ""stack_gap"": 15.0}",3.08,2.79,-1.0,2.79,383,1.09,154.83,0.4043,1.575,3.08,103.16,51.67,-25.54
NY,"{""offset"": 0, ""window"": 150, ""exit"": ""hard"", ""open_trade"": true, ""vwap"": false, ""legs"": false, ""leg_max"": 4, ""rev_mode"": ""off"", ""wait_open"": true, ""maxpos"": 1, ""stack_trig"": ""both"", ""stack_size"": 1.0, ""ma"": 100, ""big_thr"": 20.0, ""big_sl"": 30.0, ""big_tp"": 130.0, ""std_sl"": 25.0, ""std_tp"": 35.0, ""leg_gap"": 25.0, ""leg_sl"": 35.0, ""leg_tp"": 60.0, ""min_fv"": 60.0, ""min_bos"": 0.0, ""disp_pts"": 30.0, ""stack_gap"": 15.0}",3.08,2.777,-1.0,2.777,279,0.79,117.29,0.4204,1.588,3.08,76.1,41.19,-16.41
NY,"{""offset"": 0, ""window"": 120, ""exit"": ""run"", ""open_trade"": true, ""vwap"": true, ""legs"": true, ""leg_max"": 1, ""rev_mode"": ""off"", ""wait_open"": false, ""maxpos"": 1, ""stack_trig"": ""bos"", ""stack_size"": 0.5, ""ma"": 50, ""big_thr"": 15.0, ""big_sl"": 30.0, ""big_tp"": 115.0, ""std_sl"": 30.0, ""std_tp"": 30.0, ""leg_gap"": 20.0, ""leg_sl"": 35.0, ""leg_tp"": 60.0, ""min_fv"": 150.0, ""min_bos"": 15.0, ""disp_pts"": 40.0, ""stack_gap"": 10.0}",3.079,3.077,2.763,3.077,232,0.66,106.05,0.4571,1.653,3.079,63.75,42.31,-9.75
NY,"{""offset"": 0, ""window"": 120, ""exit"": ""hard"", ""open_trade"": true, ""vwap"": false, ""legs"": true, ""leg_max"": 6, ""rev_mode"": ""off"", ""wait_open"": true, ""maxpos"": 1, ""stack_trig"": ""both"", ""stack_size"": 0.5, ""ma"": 100, ""big_thr"": 20.0, ""big_sl"": 40.0, ""big_tp"": 115.0, ""std_sl"": 15.0, ""std_tp"": 42.0, ""leg_gap"": 15.0, ""leg_sl"": 45.0, ""leg_tp"": 60.0, ""min_fv"": 100.0, ""min_bos"": 15.0, ""disp_pts"": 15.0, ""stack_gap"": 10.0}",3.079,2.524,-1.0,2.524,299,0.85,99.14,0.3316,1.531,3.079,59.87,39.27,-14.12
NY,"{""offset"": 0, ""window"": 90, ""exit"": ""hard"", ""open_trade"": true, ""vwap"": false, ""legs"": true, ""leg_max"": 2, ""rev_mode"": ""off"", ""wait_open"": true, ""maxpos"": 2, ""stack_trig"": ""bos"", ""stack_size"": 0.5, ""ma"": 200, ""big_thr"": 15.0, ""big_sl"": 30.0, ""big_tp"": 115.0, ""std_sl"": 20.0, ""std_tp"": 50.0, ""leg_gap"": 25.0, ""leg_sl"": 45.0, ""leg_tp"": 140.0, ""min_fv"": 40.0, ""min_bos"": 20.0, ""disp_pts"": 30.0, ""stack_gap"": 10.0}",3.076,2.689,-1.0,2.689,315,0.89,118.82,0.3772,1.539,3.076,77.7,41.12,-18.06
NY,"{""offset"": 0, ""window"": 60, ""exit"": ""hard"", ""open_trade"": true, ""vwap"": false, ""legs"": true, ""leg_max"": 2, ""rev_mode"": ""off"", ""wait_open"": true, ""maxpos"": 2, ""stack_trig"": ""both"", ""stack_size"": 1.0, ""ma"": 0, ""big_thr"": 10.0, ""big_sl"": 30.0, ""big_tp"": 115.0, ""std_sl"": 30.0, ""std_tp"": 60.0, ""leg_gap"": 15.0, ""leg_sl"": 35.0, ""leg_tp"": 115.0, ""min_fv"": 80.0, ""min_bos"": 20.0, ""disp_pts"": 15.0, ""stack_gap"": 10.0}",3.075,2.389,-1.0,2.389,375,1.07,134.26,0.358,1.519,3.075,78.17,56.08,-19.11
NY,"{""offset"": 0, ""window"": 60, ""exit"": ""hard"", ""open_trade"": true, ""vwap"": false, ""legs"": false, ""leg_max"": 1, ""rev_mode"": ""off"", ""wait_open"": false, ""maxpos"": 1, ""stack_trig"": ""fvg"", ""stack_size"": 0.5, ""ma"": 200, ""big_thr"": 25.0, ""big_sl"": 25.0, ""big_tp"": 150.0, ""std_sl"": 20.0, ""std_tp"": 60.0, ""leg_gap"": 20.0, ""leg_sl"": 25.0, ""leg_tp"": 90.0, ""min_fv"": 150.0, ""min_bos"": 0.0, ""disp_pts"": 30.0, ""stack_gap"": 20.0}",3.074,2.789,-1.0,2.789,306,0.87,136.38,0.4457,1.593,3.074,67.31,69.08,-19.52
NY,"{""offset"": 0, ""window"": 150, ""exit"": ""hard"", ""open_trade"": true, ""vwap"": false, ""legs"": true, ""leg_max"": 1, ""rev_mode"": ""off"", ""wait_open"": false, ""maxpos"": 2, ""stack_trig"": ""both"", ""stack_size"": 1.0, ""ma"": 50, ""big_thr"": 15.0, ""big_sl"": 25.0, ""big_tp"": 100.0, ""std_sl"": 25.0, ""std_tp"": 35.0, ""leg_gap"": 15.0, ""leg_sl"": 45.0, ""leg_tp"": 90.0, ""min_fv"": 60.0, ""min_bos"": 15.0, ""disp_pts"": 30.0, ""stack_gap"": 10.0}",3.074,2.765,-1.0,2.765,285,0.81,122.84,0.431,1.604,3.074,86.19,36.65,-18.94
NY,"{""offset"": 0, ""window"": 60, ""exit"": ""hard"", ""open_trade"": true, ""vwap"": false, ""legs"": true, ""leg_max"": 6, ""rev_mode"": ""std"", ""wait_open"": false, ""maxpos"": 3, ""stack_trig"": ""bos"", ""stack_size"": 0.5, ""ma"": 200, ""big_thr"": 25.0, ""big_sl"": 25.0, ""big_tp"": 130.0, ""std_sl"": 25.0, ""std_tp"": 50.0, ""leg_gap"": 20.0, ""leg_sl"": 45.0, ""leg_tp"": 140.0, ""min_fv"": 200.0, ""min_bos"": 15.0, ""disp_pts"": 40.0, ""stack_gap"": 20.0}",3.073,3.023,2.783,3.023,389,1.11,144.75,0.3721,1.547,3.073,87.01,57.75,-20.77
NY,"{""offset"": 0, ""window"": 60, ""exit"": ""hard"", ""open_trade"": true, ""vwap"": false, ""legs"": true, ""leg_max"": 1, ""rev_mode"": ""off"", ""wait_open"": false, ""maxpos"": 2, ""stack_trig"": ""both"", ""stack_size"": 1.0, ""ma"": 100, ""big_thr"": 15.0, ""big_sl"": 50.0, ""big_tp"": 130.0, ""std_sl"": 25.0, ""std_tp"": 60.0, ""leg_gap"": 10.0, ""leg_sl"": 35.0, ""leg_tp"": 140.0, ""min_fv"": 125.0, ""min_bos"": 10.0, ""disp_pts"": 15.0, ""stack_gap"": 15.0}",3.073,2.809,-1.0,2.809,302,0.86,95.22,0.3153,1.56,3.073,51.27,43.95,-9.73
NY,"{""offset"": 0, ""window"": 60, ""exit"": ""hard"", ""open_trade"": true, ""vwap"": false, ""legs"": true, ""leg_max"": 4, ""rev_mode"": ""mixed"", ""wait_open"": false, ""maxpos"": 3, ""stack_trig"": ""fvg"", ""stack_size"": 0.5, ""ma"": 50, ""big_thr"": 10.0, ""big_sl"": 40.0, ""big_tp"": 130.0, ""std_sl"": 25.0, ""std_tp"": 50.0, ""leg_gap"": 15.0, ""leg_sl"": 45.0, ""leg_tp"": 115.0, ""min_fv"": 150.0, ""min_bos"": 20.0, ""disp_pts"": 20.0, ""stack_gap"": 15.0}",3.072,2.411,-1.0,2.411,351,1.0,111.57,0.3179,1.526,3.072,87.51,24.07,-14.98
NY,"{""offset"": 0, ""window"": 120, ""exit"": ""hard"", ""open_trade"": true, ""vwap"": false, ""legs"": true, ""leg_max"": 2, ""rev_mode"": ""std"", ""wait_open"": false, ""maxpos"": 1, ""stack_trig"": ""both"", ""stack_size"": 1.0, ""ma"": 100, ""big_thr"": 20.0, ""big_sl"": 30.0, ""big_tp"": 115.0, ""std_sl"": 35.0, ""std_tp"": 50.0, ""leg_gap"": 25.0, ""leg_sl"": 45.0, ""leg_tp"": 115.0, ""min_fv"": 200.0, ""min_bos"": 5.0, ""disp_pts"": 25.0, ""stack_gap"": 15.0}",3.072,2.468,-1.0,2.468,476,1.35,117.67,0.2472,1.389,3.072,90.73,26.94,-15.28
NY,"{""offset"": 0, ""window"": 60, ""exit"": ""hard"", ""open_trade"": true, ""vwap"": false, ""legs"": true, ""leg_max"": 6, ""rev_mode"": ""disp_fv"", ""wait_open"": false, ""maxpos"": 3, ""stack_trig"": ""both"", ""stack_size"": 1.0, ""ma"": 100, ""big_thr"": 20.0, ""big_sl"": 35.0, ""big_tp"": 115.0, ""std_sl"": 15.0, ""std_tp"": 35.0, ""leg_gap"": 25.0, ""leg_sl"": 25.0, ""leg_tp"": 60.0, ""min_fv"": 200.0, ""min_bos"": 10.0, ""disp_pts"": 30.0, ""stack_gap"": 20.0}",3.07,2.39,-1.0,2.39,307,0.87,108.07,0.352,1.538,3.07,81.44,26.64,-20.43
NY,"{""offset"": 0, ""window"": 120, ""exit"": ""hard"", ""open_trade"": true, ""vwap"": false, ""legs"": true, ""leg_max"": 1, ""rev_mode"": ""off"", ""wait_open"": false, ""maxpos"": 1, ""stack_trig"": ""bos"", ""stack_size"": 1.0, ""ma"": 200, ""big_thr"": 20.0, ""big_sl"": 30.0, ""big_tp"": 100.0, ""std_sl"": 20.0, ""std_tp"": 60.0, ""leg_gap"": 10.0, ""leg_sl"": 35.0, ""leg_tp"": 140.0, ""min_fv"": 60.0, ""min_bos"": 20.0, ""disp_pts"": 40.0, ""stack_gap"": 10.0}",3.07,2.814,-1.0,2.814,331,0.94,123.2,0.3722,1.535,3.07,74.07,49.13,-19.61
NY,"{""offset"": 0, ""window"": 120, ""exit"": ""hard"", ""open_trade"": true, ""vwap"": false, ""legs"": true, ""leg_max"": 4, ""rev_mode"": ""off"", ""wait_open"": true, ""maxpos"": 3, ""stack_trig"": ""fvg"", ""stack_size"": 1.0, ""ma"": 50, ""big_thr"": 10.0, ""big_sl"": 40.0, ""big_tp"": 100.0, ""std_sl"": 20.0, ""std_tp"": 60.0, ""leg_gap"": 10.0, ""leg_sl"": 35.0, ""leg_tp"": 115.0, ""min_fv"": 150.0, ""min_bos"": 5.0, ""disp_pts"": 25.0, ""stack_gap"": 10.0}",3.07,2.427,-1.0,2.427,293,0.83,95.96,0.3275,1.537,3.07,62.93,33.03,-9.91
NY,"{""offset"": 0, ""window"": 90, ""exit"": ""hard"", ""open_trade"": true, ""vwap"": true, ""legs"": true, ""leg_max"": 6, ""rev_mode"": ""off"", ""wait_open"": true, ""maxpos"": 2, ""stack_trig"": ""fvg"", ""stack_size"": 1.0, ""ma"": 200, ""big_thr"": 15.0, ""big_sl"": 30.0, ""big_tp"": 150.0, ""std_sl"": 30.0, ""std_tp"": 35.0, ""leg_gap"": 20.0, ""leg_sl"": 25.0, ""leg_tp"": 115.0, ""min_fv"": 80.0, ""min_bos"": 5.0, ""disp_pts"": 25.0, ""stack_gap"": 10.0}",3.068,2.692,-1.0,2.692,270,0.77,130.85,0.4846,1.687,3.068,67.76,63.09,-14.19
NY,"{""offset"": 0, ""window"": 60, ""exit"": ""hard"", ""open_trade"": true, ""vwap"": true, ""legs"": true, ""leg_max"": 2, ""rev_mode"": ""disp_fv"", ""wait_open"": false, ""maxpos"": 2, ""stack_trig"": ""fvg"", ""stack_size"": 0.5, ""ma"": 50, ""big_thr"": 10.0, ""big_sl"": 35.0, ""big_tp"": 150.0, ""std_sl"": 35.0, ""std_tp"": 30.0, ""leg_gap"": 15.0, ""leg_sl"": 35.0, ""leg_tp"": 90.0, ""min_fv"": 200.0, ""min_bos"": 10.0, ""disp_pts"": 30.0, ""stack_gap"": 20.0}",3.068,2.493,-1.0,2.493,254,0.72,109.94,0.4328,1.685,3.068,76.37,33.57,-13.63
NY,"{""offset"": 0, ""window"": 120, ""exit"": ""run"", ""open_trade"": true, ""vwap"": true, ""legs"": true, ""leg_max"": 1, ""rev_mode"": ""off"", ""wait_open"": false, ""maxpos"": 1, ""stack_trig"": ""bos"", ""stack_size"": 1.0, ""ma"": 200, ""big_thr"": 20.0, ""big_sl"": 25.0, ""big_tp"": 130.0, ""std_sl"": 15.0, ""std_tp"": 50.0, ""leg_gap"": 20.0, ""leg_sl"": 25.0, ""leg_tp"": 115.0, ""min_fv"": 40.0, ""min_bos"": 5.0, ""disp_pts"": 25.0, ""stack_gap"": 10.0}",3.067,2.544,-1.0,2.544,268,0.76,140.49,0.5242,1.678,3.067,60.04,80.45,-15.94
NY,"{""offset"": 0, ""window"": 90, ""exit"": ""hard"", ""open_trade"": true, ""vwap"": false, ""legs"": true, ""leg_max"": 4, ""rev_mode"": ""off"", ""wait_open"": true, ""maxpos"": 2, ""stack_trig"": ""both"", ""stack_size"": 1.0, ""ma"": 200, ""big_thr"": 15.0, ""big_sl"": 30.0, ""big_tp"": 130.0, ""std_sl"": 35.0, ""std_tp"": 60.0, ""leg_gap"": 10.0, ""leg_sl"": 45.0, ""leg_tp"": 140.0, ""min_fv"": 40.0, ""min_bos"": 0.0, ""disp_pts"": 25.0, ""stack_gap"": 10.0}",3.066,2.802,-1.0,2.802,336,0.95,135.13,0.4022,1.577,3.066,82.07,53.05,-18.59
NY,"{""offset"": 0, ""window"": 90, ""exit"": ""hard"", ""open_trade"": true, ""vwap"": true, ""legs"": false, ""leg_max"": 2, ""rev_mode"": ""disp_fv"", ""wait_open"": false, ""maxpos"": 3, ""stack_trig"": ""fvg"", ""stack_size"": 1.0, ""ma"": 50, ""big_thr"": 20.0, ""big_sl"": 30.0, ""big_tp"": 115.0, ""std_sl"": 35.0, ""std_tp"": 50.0, ""leg_gap"": 15.0, ""leg_sl"": 35.0, ""leg_tp"": 115.0, ""min_fv"": 200.0, ""min_bos"": 10.0, ""disp_pts"": 25.0, ""stack_gap"": 20.0}",3.065,2.521,-1.0,2.521,260,0.74,101.62,0.3908,1.581,3.065,67.97,33.65,-11.74
NY,"{""offset"": 0, ""window"": 60, ""exit"": ""hard"", ""open_trade"": true, ""vwap"": true, ""legs"": true, ""leg_max"": 1, ""rev_mode"": ""off"", ""wait_open"": false, ""maxpos"": 1, ""stack_trig"": ""bos"", ""stack_size"": 1.0, ""ma"": 100, ""big_thr"": 15.0, ""big_sl"": 25.0, ""big_tp"": 150.0, ""std_sl"": 15.0, ""std_tp"": 35.0, ""leg_gap"": 10.0, ""leg_sl"": 35.0, ""leg_tp"": 60.0, ""min_fv"": 125.0, ""min_bos"": 10.0, ""disp_pts"": 40.0, ""stack_gap"": 20.0}",3.064,2.52,-1.0,2.52,256,0.73,130.91,0.5114,1.718,3.064,63.44,67.47,-13.91
NY,"{""offset"": 0, ""window"": 120, ""exit"": ""hard"", ""open_trade"": true, ""vwap"": false, ""legs"": true, ""leg_max"": 6, ""rev_mode"": ""off"", ""wait_open"": false, ""maxpos"": 1, ""stack_trig"": ""fvg"", ""stack_size"": 0.5, ""ma"": 100, ""big_thr"": 10.0, ""big_sl"": 25.0, ""big_tp"": 115.0, ""std_sl"": 25.0, ""std_tp"": 35.0, ""leg_gap"": 25.0, ""leg_sl"": 25.0, ""leg_tp"": 140.0, ""min_fv"": 40.0, ""min_bos"": 15.0, ""disp_pts"": 15.0, ""stack_gap"": 10.0}",3.064,2.726,-1.0,2.726,287,0.82,129.47,0.4511,1.602,3.064,80.13,49.35,-15.39
NY,"{""offset"": 0, ""window"": 120, ""exit"": ""run"", ""open_trade"": true, ""vwap"": false, ""legs"": true, ""leg_max"": 1, ""rev_mode"": ""off"", ""wait_open"": false, ""maxpos"": 1, ""stack_trig"": ""bos"", ""stack_size"": 0.5, ""ma"": 100, ""big_thr"": 10.0, ""big_sl"": 30.0, ""big_tp"": 100.0, ""std_sl"": 20.0, ""std_tp"": 35.0, ""leg_gap"": 20.0, ""leg_sl"": 45.0, ""leg_tp"": 60.0, ""min_fv"": 125.0, ""min_bos"": 15.0, ""disp_pts"": 20.0, ""stack_gap"": 20.0}",3.062,2.567,-1.0,2.567,289,0.82,107.01,0.3703,1.54,3.062,69.43,37.58,-16.48
NY,"{""offset"": 0, ""window"": 60, ""exit"": ""hard"", ""open_trade"": true, ""vwap"": false, ""legs"": true, ""leg_max"": 4, ""rev_mode"": ""mixed"", ""wait_open"": false, ""maxpos"": 1, ""stack_trig"": ""fvg"", ""stack_size"": 1.0, ""ma"": 50, ""big_thr"": 25.0, ""big_sl"": 30.0, ""big_tp"": 150.0, ""std_sl"": 15.0, ""std_tp"": 60.0, ""leg_gap"": 10.0, ""leg_sl"": 45.0, ""leg_tp"": 115.0, ""min_fv"": 200.0, ""min_bos"": 10.0, ""disp_pts"": 20.0, ""stack_gap"": 15.0}",3.057,2.712,-1.0,2.712,337,0.96,137.5,0.408,1.579,3.057,95.68,41.82,-23.78
NY,"{""offset"": 0, ""window"": 150, ""exit"": ""hard"", ""open_trade"": true, ""vwap"": true, ""legs"": true, ""leg_max"": 4, ""rev_mode"": ""off"", ""wait_open"": false, ""maxpos"": 3, ""stack_trig"": ""both"", ""stack_size"": 0.5, ""ma"": 100, ""big_thr"": 10.0, ""big_sl"": 35.0, ""big_tp"": 80.0, ""std_sl"": 15.0, ""std_tp"": 30.0, ""leg_gap"": 15.0, ""leg_sl"": 35.0, ""leg_tp"": 60.0, ""min_fv"": 125.0, ""min_bos"": 10.0, ""disp_pts"": 20.0, ""stack_gap"": 10.0}",3.056,2.764,-1.0,2.764,253,0.72,81.88,0.3236,1.544,3.056,42.91,38.97,-10.74
NY,"{""offset"": 0, ""window"": 150, ""exit"": ""run"", ""open_trade"": true, ""vwap"": false, ""legs"": true, ""leg_max"": 2, ""rev_mode"": ""off"", ""wait_open"": false, ""maxpos"": 2, ""stack_trig"": ""bos"", ""stack_size"": 1.0, ""ma"": 50, ""big_thr"": 20.0, ""big_sl"": 30.0, ""big_tp"": 115.0, ""std_sl"": 20.0, ""std_tp"": 30.0, ""leg_gap"": 10.0, ""leg_sl"": 25.0, ""leg_tp"": 140.0, ""min_fv"": 60.0, ""min_bos"": 5.0, ""disp_pts"": 30.0, ""stack_gap"": 15.0}",3.055,2.686,-1.0,2.686,293,0.83,130.9,0.4468,1.628,3.055,79.85,51.05,-13.92
NY,"{""offset"": 0, ""window"": 150, ""exit"": ""hard"", ""open_trade"": true, ""vwap"": true, ""legs"": true, ""leg_max"": 6, ""rev_mode"": ""off"", ""wait_open"": true, ""maxpos"": 3, ""stack_trig"": ""bos"", ""stack_size"": 1.0, ""ma"": 200, ""big_thr"": 20.0, ""big_sl"": 35.0, ""big_tp"": 130.0, ""std_sl"": 20.0, ""std_tp"": 60.0, ""leg_gap"": 20.0, ""leg_sl"": 35.0, ""leg_tp"": 115.0, ""min_fv"": 150.0, ""min_bos"": 10.0, ""disp_pts"": 40.0, ""stack_gap"": 10.0}",3.055,2.765,-1.0,2.765,270,0.77,113.81,0.4215,1.609,3.055,64.43,49.38,-12.89
NY,"{""offset"": 0, ""window"": 150, ""exit"": ""hard"", ""open_trade"": true, ""vwap"": false, ""legs"": true, ""leg_max"": 6, ""rev_mode"": ""off"", ""wait_open"": true, ""maxpos"": 3, ""stack_trig"": ""fvg"", ""stack_size"": 1.0, ""ma"": 50, ""big_thr"": 10.0, ""big_sl"": 30.0, ""big_tp"": 100.0, ""std_sl"": 15.0, ""std_tp"": 30.0, ""leg_gap"": 10.0, ""leg_sl"": 25.0, ""leg_tp"": 60.0, ""min_fv"": 80.0, ""min_bos"": 0.0, ""disp_pts"": 15.0, ""stack_gap"": 10.0}",3.053,2.526,-1.0,2.526,293,0.83,109.42,0.3734,1.546,3.053,73.96,35.46,-14.42
NY,"{""offset"": 0, ""window"": 60, ""exit"": ""hard"", ""open_trade"": true, ""vwap"": true, ""legs"": false, ""leg_max"": 1, ""rev_mode"": ""mixed"", ""wait_open"": false, ""maxpos"": 3, ""stack_trig"": ""both"", ""stack_size"": 1.0, ""ma"": 100, ""big_thr"": 15.0, ""big_sl"": 30.0, ""big_tp"": 100.0, ""std_sl"": 30.0, ""std_tp"": 60.0, ""leg_gap"": 15.0, ""leg_sl"": 45.0, ""leg_tp"": 140.0, ""min_fv"": 200.0, ""min_bos"": 15.0, ""disp_pts"": 15.0, ""stack_gap"": 20.0}",3.053,2.48,-1.0,2.48,286,0.81,106.87,0.3737,1.578,3.053,81.48,25.39,-17.54
NY,"{""offset"": 0, ""window"": 150, ""exit"": ""hard"", ""open_trade"": true, ""vwap"": true, ""legs"": true, ""leg_max"": 4, ""rev_mode"": ""off"", ""wait_open"": false, ""maxpos"": 2, ""stack_trig"": ""bos"", ""stack_size"": 1.0, ""ma"": 200, ""big_thr"": 20.0, ""big_sl"": 30.0, ""big_tp"": 130.0, ""std_sl"": 20.0, ""std_tp"": 50.0, ""leg_gap"": 25.0, ""leg_sl"": 35.0, ""leg_tp"": 90.0, ""min_fv"": 100.0, ""min_bos"": 5.0, ""disp_pts"": 20.0, ""stack_gap"": 15.0}",3.052,2.782,-1.0,2.782,266,0.76,116.9,0.4395,1.605,3.052,63.52,53.38,-12.36
NY,"{""offset"": 0, ""window"": 90, ""exit"": ""hard"", ""open_trade"": true, ""vwap"": true, ""legs"": false, ""leg_max"": 1, ""rev_mode"": ""off"", ""wait_open"": true, ""maxpos"": 3, ""stack_trig"": ""fvg"", ""stack_size"": 0.5, ""ma"": 50, ""big_thr"": 15.0, ""big_sl"": 40.0, ""big_tp"": 80.0, ""std_sl"": 25.0, ""std_tp"": 50.0, ""leg_gap"": 10.0, ""leg_sl"": 25.0, ""leg_tp"": 90.0, ""min_fv"": 125.0, ""min_bos"": 0.0, ""disp_pts"": 15.0, ""stack_gap"": 10.0}",3.052,2.746,-1.0,2.746,224,0.64,67.45,0.3011,1.541,3.052,39.79,27.66,-7.77
NY,"{""offset"": 0, ""window"": 60, ""exit"": ""hard"", ""open_trade"": true, ""vwap"": true, ""legs"": true, ""leg_max"": 1, ""rev_mode"": ""off"", ""wait_open"": true, ""maxpos"": 3, ""stack_trig"": ""both"", ""stack_size"": 1.0, ""ma"": 50, ""big_thr"": 20.0, ""big_sl"": 35.0, ""big_tp"": 130.0, ""std_sl"": 20.0, ""std_tp"": 42.0, ""leg_gap"": 10.0, ""leg_sl"": 45.0, ""leg_tp"": 60.0, ""min_fv"": 150.0, ""min_bos"": 15.0, ""disp_pts"": 40.0, ""stack_gap"": 20.0}",3.052,2.768,-1.0,2.768,245,0.7,98.06,0.4002,1.645,3.052,64.44,33.62,-10.68
NY,"{""offset"": 0, ""window"": 150, ""exit"": ""hard"", ""open_trade"": true, ""vwap"": true, ""legs"": false, ""leg_max"": 4, ""rev_mode"": ""disp_fv"", ""wait_open"": false, ""maxpos"": 1, ""stack_trig"": ""fvg"", ""stack_size"": 0.5, ""ma"": 50, ""big_thr"": 10.0, ""big_sl"": 40.0, ""big_tp"": 115.0, ""std_sl"": 30.0, ""std_tp"": 42.0, ""leg_gap"": 20.0, ""leg_sl"": 45.0, ""leg_tp"": 115.0, ""min_fv"": 200.0, ""min_bos"": 15.0, ""disp_pts"": 40.0, ""stack_gap"": 20.0}",3.052,2.462,-1.0,2.462,236,0.67,90.7,0.3843,1.601,3.052,52.05,38.66,-8.24
NY,"{""offset"": 0, ""window"": 120, ""exit"": ""hard"", ""open_trade"": true, ""vwap"": false, ""legs"": true, ""leg_max"": 2, ""rev_mode"": ""off"", ""wait_open"": false, ""maxpos"": 2, ""stack_trig"": ""fvg"", ""stack_size"": 1.0, ""ma"": 50, ""big_thr"": 10.0, ""big_sl"": 35.0, ""big_tp"": 100.0, ""std_sl"": 30.0, ""std_tp"": 60.0, ""leg_gap"": 20.0, ""leg_sl"": 45.0, ""leg_tp"": 140.0, ""min_fv"": 40.0, ""min_bos"": 20.0, ""disp_pts"": 20.0, ""stack_gap"": 10.0}",3.05,2.516,-1.0,2.516,277,0.79,97.47,0.3519,1.55,3.05,71.46,26.01,-13.77
NY,"{""offset"": 0, ""window"": 150, ""exit"": ""hard"", ""open_trade"": true, ""vwap"": false, ""legs"": false, ""leg_max"": 2, ""rev_mode"": ""off"", ""wait_open"": true, ""maxpos"": 1, ""stack_trig"": ""both"", ""stack_size"": 0.5, ""ma"": 100, ""big_thr"": 25.0, ""big_sl"": 25.0, ""big_tp"": 115.0, ""std_sl"": 35.0, ""std_tp"": 50.0, ""leg_gap"": 25.0, ""leg_sl"": 25.0, ""leg_tp"": 140.0, ""min_fv"": 80.0, ""min_bos"": 5.0, ""disp_pts"": 20.0, ""stack_gap"": 15.0}",3.049,2.779,-1.0,2.779,279,0.79,117.13,0.4198,1.591,3.049,72.7,44.44,-14.33
NY,"{""offset"": 0, ""window"": 90, ""exit"": ""run"", ""open_trade"": true, ""vwap"": true, ""legs"": false, ""leg_max"": 2, ""rev_mode"": ""off"", ""wait_open"": true, ""maxpos"": 1, ""stack_trig"": ""bos"", ""stack_size"": 1.0, ""ma"": 50, ""big_thr"": 15.0, ""big_sl"": 30.0, ""big_tp"": 115.0, ""std_sl"": 30.0, ""std_tp"": 60.0, ""leg_gap"": 20.0, ""leg_sl"": 35.0, ""leg_tp"": 90.0, ""min_fv"": 150.0, ""min_bos"": 5.0, ""disp_pts"": 20.0, ""stack_gap"": 15.0}",3.048,2.805,-1.0,2.805,224,0.64,101.77,0.4543,1.639,3.048,60.78,40.99,-10.2
NY,"{""offset"": 0, ""window"": 90, ""exit"": ""run"", ""open_trade"": true, ""vwap"": true, ""legs"": true, ""leg_max"": 4, ""rev_mode"": ""off"", ""wait_open"": true, ""maxpos"": 2, ""stack_trig"": ""fvg"", ""stack_size"": 1.0, ""ma"": 200, ""big_thr"": 20.0, ""big_sl"": 30.0, ""big_tp"": 80.0, ""std_sl"": 35.0, ""std_tp"": 35.0, ""leg_gap"": 15.0, ""leg_sl"": 35.0, ""leg_tp"": 140.0, ""min_fv"": 40.0, ""min_bos"": 15.0, ""disp_pts"": 25.0, ""stack_gap"": 20.0}",3.047,2.341,-1.0,2.341,279,0.79,105.04,0.3765,1.59,3.047,53.12,51.92,-12.44
NY,"{""offset"": 0, ""window"": 60, ""exit"": ""hard"", ""open_trade"": true, ""vwap"": true, ""legs"": false, ""leg_max"": 1, ""rev_mode"": ""off"", ""wait_open"": false, ""maxpos"": 3, ""stack_trig"": ""both"", ""stack_size"": 1.0, ""ma"": 100, ""big_thr"": 10.0, ""big_sl"": 25.0, ""big_tp"": 150.0, ""std_sl"": 25.0, ""std_tp"": 30.0, ""leg_gap"": 20.0, ""leg_sl"": 45.0, ""leg_tp"": 90.0, ""min_fv"": 150.0, ""min_bos"": 5.0, ""disp_pts"": 25.0, ""stack_gap"": 15.0}",3.046,3.065,2.987,3.046,233,0.66,121.52,0.5216,1.711,3.046,59.58,61.95,-12.87
NY,"{""offset"": 0, ""window"": 60, ""exit"": ""hard"", ""open_trade"": true, ""vwap"": true, ""legs"": false, ""leg_max"": 6, ""rev_mode"": ""off"", ""wait_open"": false, ""maxpos"": 2, ""stack_trig"": ""bos"", ""stack_size"": 0.5, ""ma"": 100, ""big_thr"": 15.0, ""big_sl"": 25.0, ""big_tp"": 150.0, ""std_sl"": 20.0, ""std_tp"": 30.0, ""leg_gap"": 15.0, ""leg_sl"": 35.0, ""leg_tp"": 115.0, ""min_fv"": 80.0, ""min_bos"": 0.0, ""disp_pts"": 30.0, ""stack_gap"": 15.0}",3.042,2.803,-1.0,2.803,233,0.66,121.34,0.5208,1.71,3.042,59.58,61.76,-12.87
NY,"{""offset"": 0, ""window"": 120, ""exit"": ""hard"", ""open_trade"": true, ""vwap"": true, ""legs"": true, ""leg_max"": 6, ""rev_mode"": ""off"", ""wait_open"": false, ""maxpos"": 1, ""stack_trig"": ""fvg"", ""stack_size"": 0.5, ""ma"": 50, ""big_thr"": 20.0, ""big_sl"": 40.0, ""big_tp"": 80.0, ""std_sl"": 15.0, ""std_tp"": 42.0, ""leg_gap"": 15.0, ""leg_sl"": 35.0, ""leg_tp"": 60.0, ""min_fv"": 80.0, ""min_bos"": 15.0, ""disp_pts"": 25.0, ""stack_gap"": 10.0}",3.042,2.237,-1.0,2.237,241,0.68,74.42,0.3088,1.544,3.042,42.36,32.07,-9.61
NY,"{""offset"": 0, ""window"": 120, ""exit"": ""hard"", ""open_trade"": true, ""vwap"": false, ""legs"": false, ""leg_max"": 4, ""rev_mode"": ""std"", ""wait_open"": false, ""maxpos"": 1, ""stack_trig"": ""both"", ""stack_size"": 1.0, ""ma"": 200, ""big_thr"": 10.0, ""big_sl"": 30.0, ""big_tp"": 130.0, ""std_sl"": 35.0, ""std_tp"": 42.0, ""leg_gap"": 25.0, ""leg_sl"": 35.0, ""leg_tp"": 90.0, ""min_fv"": 125.0, ""min_bos"": 5.0, ""disp_pts"": 40.0, ""stack_gap"": 10.0}",3.042,2.896,2.448,2.896,846,2.4,128.45,0.1518,1.264,3.042,85.21,43.23,-18.02
NY,"{""offset"": 0, ""window"": 90, ""exit"": ""run"", ""open_trade"": true, ""vwap"": true, ""legs"": true, ""leg_max"": 2, ""rev_mode"": ""off"", ""wait_open"": true, ""maxpos"": 3, ""stack_trig"": ""fvg"", ""stack_size"": 1.0, ""ma"": 200, ""big_thr"": 25.0, ""big_sl"": 25.0, ""big_tp"": 130.0, ""std_sl"": 15.0, ""std_tp"": 50.0, ""leg_gap"": 15.0, ""leg_sl"": 35.0, ""leg_tp"": 115.0, ""min_fv"": 200.0, ""min_bos"": 20.0, ""disp_pts"": 15.0, ""stack_gap"": 15.0}",3.041,2.999,2.773,2.999,279,0.79,144.11,0.5165,1.68,3.041,59.83,84.28,-16.03
NY,"{""offset"": 0, ""window"": 90, ""exit"": ""run"", ""open_trade"": true, ""vwap"": true, ""legs"": true, ""leg_max"": 1, ""rev_mode"": ""off"", ""wait_open"": true, ""maxpos"": 3, ""stack_trig"": ""both"", ""stack_size"": 0.5, ""ma"": 200, ""big_thr"": 10.0, ""big_sl"": 25.0, ""big_tp"": 130.0, ""std_sl"": 35.0, ""std_tp"": 60.0, ""leg_gap"": 20.0, ""leg_sl"": 25.0, ""leg_tp"": 140.0, ""min_fv"": 40.0, ""min_bos"": 5.0, ""disp_pts"": 30.0, ""stack_gap"": 15.0}",3.036,2.775,-1.0,2.775,268,0.76,143.5,0.5354,1.687,3.036,61.8,81.7,-15.84
NY,"{""offset"": 0, ""window"": 120, ""exit"": ""hard"", ""open_trade"": true, ""vwap"": true, ""legs"": true, ""leg_max"": 2, ""rev_mode"": ""off"", ""wait_open"": true, ""maxpos"": 3, ""stack_trig"": ""both"", ""stack_size"": 0.5, ""ma"": 50, ""big_thr"": 25.0, ""big_sl"": 40.0, ""big_tp"": 80.0, ""std_sl"": 30.0, ""std_tp"": 42.0, ""leg_gap"": 10.0, ""leg_sl"": 45.0, ""leg_tp"": 140.0, ""min_fv"": 60.0, ""min_bos"": 10.0, ""disp_pts"": 25.0, ""stack_gap"": 15.0}",3.034,2.472,-1.0,2.472,248,0.7,78.85,0.3179,1.569,3.034,51.03,27.82,-6.49
NY,"{""offset"": 0, ""window"": 60, ""exit"": ""hard"", ""open_trade"": true, ""vwap"": true, ""legs"": true, ""leg_max"": 1, ""rev_mode"": ""mixed"", ""wait_open"": true, ""maxpos"": 2, ""stack_trig"": ""both"", ""stack_size"": 0.5, ""ma"": 100, ""big_thr"": 20.0, ""big_sl"": 35.0, ""big_tp"": 130.0, ""std_sl"": 30.0, ""std_tp"": 30.0, ""leg_gap"": 20.0, ""leg_sl"": 25.0, ""leg_tp"": 90.0, ""min_fv"": 200.0, ""min_bos"": 15.0, ""disp_pts"": 25.0, ""stack_gap"": 15.0}",3.034,2.908,2.271,2.908,288,0.82,106.64,0.3703,1.609,3.034,74.42,32.22,-16.11
NY,"{""offset"": 0, ""window"": 150, ""exit"": ""hard"", ""open_trade"": true, ""vwap"": false, ""legs"": true, ""leg_max"": 2, ""rev_mode"": ""off"", ""wait_open"": false, ""maxpos"": 1, ""stack_trig"": ""fvg"", ""stack_size"": 1.0, ""ma"": 100, ""big_thr"": 15.0, ""big_sl"": 35.0, ""big_tp"": 80.0, ""std_sl"": 15.0, ""std_tp"": 30.0, ""leg_gap"": 15.0, ""leg_sl"": 45.0, ""leg_tp"": 115.0, ""min_fv"": 100.0, ""min_bos"": 0.0, ""disp_pts"": 25.0, ""stack_gap"": 15.0}",3.033,2.743,-1.0,2.743,299,0.85,91.11,0.3047,1.499,3.033,55.6,35.5,-15.38
NY,"{""offset"": 0, ""window"": 150, ""exit"": ""hard"", ""open_trade"": true, ""vwap"": false, ""legs"": true, ""leg_max"": 1, ""rev_mode"": ""off"", ""wait_open"": false, ""maxpos"": 3, ""stack_trig"": ""fvg"", ""stack_size"": 0.5, ""ma"": 50, ""big_thr"": 15.0, ""big_sl"": 35.0, ""big_tp"": 100.0, ""std_sl"": 20.0, ""std_tp"": 35.0, ""leg_gap"": 10.0, ""leg_sl"": 25.0, ""leg_tp"": 115.0, ""min_fv"": 100.0, ""min_bos"": 15.0, ""disp_pts"": 25.0, ""stack_gap"": 15.0}",3.032,3.063,2.702,3.032,290,0.82,108.77,0.3751,1.57,3.032,71.99,36.79,-14.79
NY,"{""offset"": 0, ""window"": 150, ""exit"": ""run"", ""open_trade"": true, ""vwap"": true, ""legs"": true, ""leg_max"": 6, ""rev_mode"": ""off"", ""wait_open"": false, ""maxpos"": 2, ""stack_trig"": ""both"", ""stack_size"": 1.0, ""ma"": 100, ""big_thr"": 20.0, ""big_sl"": 30.0, ""big_tp"": 80.0, ""std_sl"": 30.0, ""std_tp"": 60.0, ""leg_gap"": 20.0, ""leg_sl"": 25.0, ""leg_tp"": 60.0, ""min_fv"": 40.0, ""min_bos"": 5.0, ""disp_pts"": 30.0, ""stack_gap"": 10.0}",3.032,2.315,-1.0,2.315,244,0.69,87.22,0.3575,1.562,3.032,40.47,46.76,-11.41
NY,"{""offset"": 0, ""window"": 120, ""exit"": ""hard"", ""open_trade"": true, ""vwap"": true, ""legs"": true, ""leg_max"": 1, ""rev_mode"": ""off"", ""wait_open"": false, ""maxpos"": 3, ""stack_trig"": ""fvg"", ""stack_size"": 1.0, ""ma"": 50, ""big_thr"": 20.0, ""big_sl"": 30.0, ""big_tp"": 130.0, ""std_sl"": 15.0, ""std_tp"": 30.0, ""leg_gap"": 25.0, ""leg_sl"": 35.0, ""leg_tp"": 140.0, ""min_fv"": 150.0, ""min_bos"": 0.0, ""disp_pts"": 40.0, ""stack_gap"": 20.0}",3.031,2.235,-1.0,2.235,229,0.65,107.68,0.4702,1.669,3.031,68.51,39.17,-11.1
NY,"{""offset"": 0, ""window"": 150, ""exit"": ""run"", ""open_trade"": true, ""vwap"": false, ""legs"": true, ""leg_max"": 6, ""rev_mode"": ""off"", ""wait_open"": true, ""maxpos"": 3, ""stack_trig"": ""bos"", ""stack_size"": 0.5, ""ma"": 100, ""big_thr"": 25.0, ""big_sl"": 30.0, ""big_tp"": 115.0, ""std_sl"": 15.0, ""std_tp"": 50.0, ""leg_gap"": 20.0, ""leg_sl"": 25.0, ""leg_tp"": 140.0, ""min_fv"": 150.0, ""min_bos"": 0.0, ""disp_pts"": 30.0, ""stack_gap"": 10.0}",3.031,2.678,-1.0,2.678,290,0.82,120.79,0.4165,1.573,3.031,69.05,51.75,-16.04
NY,"{""offset"": 0, ""window"": 90, ""exit"": ""hard"", ""open_trade"": true, ""vwap"": true, ""legs"": false, ""leg_max"": 4, ""rev_mode"": ""disp_fv"", ""wait_open"": true, ""maxpos"": 3, ""stack_trig"": ""fvg"", ""stack_size"": 1.0, ""ma"": 100, ""big_thr"": 20.0, ""big_sl"": 30.0, ""big_tp"": 100.0, ""std_sl"": 25.0, ""std_tp"": 42.0, ""leg_gap"": 25.0, ""leg_sl"": 25.0, ""leg_tp"": 90.0, ""min_fv"": 200.0, ""min_bos"": 0.0, ""disp_pts"": 20.0, ""stack_gap"": 20.0}",3.03,2.545,-1.0,2.545,313,0.89,108.79,0.3476,1.51,3.03,74.64,34.15,-19.34
NY,"{""offset"": 0, ""window"": 90, ""exit"": ""hard"", ""open_trade"": true, ""vwap"": false, ""legs"": true, ""leg_max"": 4, ""rev_mode"": ""off"", ""wait_open"": false, ""maxpos"": 2, ""stack_trig"": ""both"", ""stack_size"": 0.5, ""ma"": 0, ""big_thr"": 15.0, ""big_sl"": 40.0, ""big_tp"": 130.0, ""std_sl"": 20.0, ""std_tp"": 50.0, ""leg_gap"": 15.0, ""leg_sl"": 35.0, ""leg_tp"": 140.0, ""min_fv"": 100.0, ""min_bos"": 15.0, ""disp_pts"": 15.0, ""stack_gap"": 20.0}",3.03,2.738,-1.0,2.738,375,1.07,124.69,0.3325,1.512,3.03,69.83,54.86,-15.22
NY,"{""offset"": 0, ""window"": 60, ""exit"": ""hard"", ""open_trade"": true, ""vwap"": false, ""legs"": true, ""leg_max"": 4, ""rev_mode"": ""std"", ""wait_open"": true, ""maxpos"": 1, ""stack_trig"": ""both"", ""stack_size"": 1.0, ""ma"": 50, ""big_thr"": 15.0, ""big_sl"": 40.0, ""big_tp"": 130.0, ""std_sl"": 15.0, ""std_tp"": 42.0, ""leg_gap"": 15.0, ""leg_sl"": 25.0, ""leg_tp"": 60.0, ""min_fv"": 100.0, ""min_bos"": 20.0, ""disp_pts"": 40.0, ""stack_gap"": 20.0}",3.028,2.919,2.32,2.919,395,1.12,109.1,0.2762,1.43,3.028,85.04,24.05,-14.9
NY,"{""offset"": 0, ""window"": 150, ""exit"": ""run"", ""open_trade"": true, ""vwap"": true, ""legs"": true, ""leg_max"": 1, ""rev_mode"": ""off"", ""wait_open"": false, ""maxpos"": 1, ""stack_trig"": ""both"", ""stack_size"": 1.0, ""ma"": 100, ""big_thr"": 15.0, ""big_sl"": 25.0, ""big_tp"": 80.0, ""std_sl"": 30.0, ""std_tp"": 42.0, ""leg_gap"": 15.0, ""leg_sl"": 35.0, ""leg_tp"": 140.0, ""min_fv"": 40.0, ""min_bos"": 0.0, ""disp_pts"": 15.0, ""stack_gap"": 10.0}",3.028,2.493,-1.0,2.493,251,0.71,108.41,0.4319,1.63,3.028,50.38,58.04,-15.73
NY,"{""offset"": 0, ""window"": 150, ""exit"": ""hard"", ""open_trade"": true, ""vwap"": false, ""legs"": true, ""leg_max"": 1, ""rev_mode"": ""off"", ""wait_open"": true, ""maxpos"": 3, ""stack_trig"": ""fvg"", ""stack_size"": 0.5, ""ma"": 100, ""big_thr"": 10.0, ""big_sl"": 30.0, ""big_tp"": 100.0, ""std_sl"": 15.0, ""std_tp"": 35.0, ""leg_gap"": 25.0, ""leg_sl"": 25.0, ""leg_tp"": 90.0, ""min_fv"": 40.0, ""min_bos"": 20.0, ""disp_pts"": 15.0, ""stack_gap"": 10.0}",3.028,2.554,-1.0,2.554,286,0.81,105.05,0.3673,1.53,3.028,69.71,35.33,-17.21
NY,"{""offset"": 0, ""window"": 150, ""exit"": ""hard"", ""open_trade"": true, ""vwap"": false, ""legs"": true, ""leg_max"": 2, ""rev_mode"": ""off"", ""wait_open"": true, ""maxpos"": 1, ""stack_trig"": ""fvg"", ""stack_size"": 1.0, ""ma"": 100, ""big_thr"": 20.0, ""big_sl"": 40.0, ""big_tp"": 130.0, ""std_sl"": 15.0, ""std_tp"": 30.0, ""leg_gap"": 15.0, ""leg_sl"": 35.0, ""leg_tp"": 90.0, ""min_fv"": 80.0, ""min_bos"": 0.0, ""disp_pts"": 40.0, ""stack_gap"": 10.0}",3.027,2.953,2.586,2.953,299,0.85,105.3,0.3522,1.54,3.027,67.41,37.89,-14.83
NY,"{""offset"": 0, ""window"": 150, ""exit"": ""hard"", ""open_trade"": true, ""vwap"": false, ""legs"": true, ""leg_max"": 6, ""rev_mode"": ""off"", ""wait_open"": true, ""maxpos"": 1, ""stack_trig"": ""both"", ""stack_size"": 1.0, ""ma"": 50, ""big_thr"": 15.0, ""big_sl"": 30.0, ""big_tp"": 80.0, ""std_sl"": 35.0, ""std_tp"": 50.0, ""leg_gap"": 10.0, ""leg_sl"": 25.0, ""leg_tp"": 140.0, ""min_fv"": 100.0, ""min_bos"": 20.0, ""disp_pts"": 40.0, ""stack_gap"": 20.0}",3.027,2.735,-1.0,2.735,293,0.83,108.78,0.3713,1.563,3.027,60.65,48.13,-16.58
NY,"{""offset"": 0, ""window"": 60, ""exit"": ""hard"", ""open_trade"": true, ""vwap"": false, ""legs"": false, ""leg_max"": 6, ""rev_mode"": ""std"", ""wait_open"": false, ""maxpos"": 3, ""stack_trig"": ""fvg"", ""stack_size"": 0.5, ""ma"": 50, ""big_thr"": 15.0, ""big_sl"": 30.0, ""big_tp"": 130.0, ""std_sl"": 15.0, ""std_tp"": 42.0, ""leg_gap"": 25.0, ""leg_sl"": 35.0, ""leg_tp"": 60.0, ""min_fv"": 125.0, ""min_bos"": 20.0, ""disp_pts"": 40.0, ""stack_gap"": 10.0}",3.027,2.409,-1.0,2.409,381,1.08,118.54,0.3111,1.456,3.027,97.59,20.95,-24.46
NY,"{""offset"": 0, ""window"": 120, ""exit"": ""hard"", ""open_trade"": true, ""vwap"": false, ""legs"": false, ""leg_max"": 4, ""rev_mode"": ""off"", ""wait_open"": true, ""maxpos"": 2, ""stack_trig"": ""both"", ""stack_size"": 0.5, ""ma"": 100, ""big_thr"": 15.0, ""big_sl"": 30.0, ""big_tp"": 130.0, ""std_sl"": 25.0, ""std_tp"": 35.0, ""leg_gap"": 15.0, ""leg_sl"": 35.0, ""leg_tp"": 140.0, ""min_fv"": 60.0, ""min_bos"": 20.0, ""disp_pts"": 20.0, ""stack_gap"": 15.0}",3.026,2.585,-1.0,2.585,279,0.79,114.33,0.4098,1.577,3.026,76.75,37.59,-16.41
NY,"{""offset"": 0, ""window"": 90, ""exit"": ""hard"", ""open_trade"": false, ""vwap"": true, ""legs"": true, ""leg_max"": 1, ""rev_mode"": ""std"", ""wait_open"": false, ""maxpos"": 1, ""stack_trig"": ""fvg"", ""stack_size"": 1.0, ""ma"": 100, ""big_thr"": 15.0, ""big_sl"": 50.0, ""big_tp"": 150.0, ""std_sl"": 30.0, ""std_tp"": 30.0, ""leg_gap"": 15.0, ""leg_sl"": 25.0, ""leg_tp"": 140.0, ""min_fv"": 125.0, ""min_bos"": 10.0, ""disp_pts"": 15.0, ""stack_gap"": 10.0}",3.026,2.61,0.479,2.61,311,0.88,57.04,0.1834,1.427,3.026,30.02,27.01,-7.24
NY,"{""offset"": 0, ""window"": 60, ""exit"": ""run"", ""open_trade"": true, ""vwap"": true, ""legs"": true, ""leg_max"": 2, ""rev_mode"": ""off"", ""wait_open"": true, ""maxpos"": 2, ""stack_trig"": ""bos"", ""stack_size"": 0.5, ""ma"": 50, ""big_thr"": 20.0, ""big_sl"": 25.0, ""big_tp"": 115.0, ""std_sl"": 30.0, ""std_tp"": 42.0, ""leg_gap"": 10.0, ""leg_sl"": 45.0, ""leg_tp"": 140.0, ""min_fv"": 100.0, ""min_bos"": 15.0, ""disp_pts"": 30.0, ""stack_gap"": 20.0}",3.025,2.927,1.904,2.927,248,0.7,126.94,0.5119,1.709,3.025,74.45,52.49,-12.59
NY,"{""offset"": 0, ""window"": 90, ""exit"": ""hard"", ""open_trade"": true, ""vwap"": false, ""legs"": false, ""leg_max"": 4, ""rev_mode"": ""disp_fv"", ""wait_open"": false, ""maxpos"": 2, ""stack_trig"": ""fvg"", ""stack_size"": 1.0, ""ma"": 50, ""big_thr"": 20.0, ""big_sl"": 35.0, ""big_tp"": 115.0, ""std_sl"": 35.0, ""std_tp"": 60.0, ""leg_gap"": 25.0, ""leg_sl"": 25.0, ""leg_tp"": 140.0, ""min_fv"": 200.0, ""min_bos"": 20.0, ""disp_pts"": 40.0, ""stack_gap"": 10.0}",3.023,2.774,-1.0,2.774,278,0.79,97.0,0.3489,1.534,3.023,62.1,34.9,-15.35
NY,"{""offset"": 0, ""window"": 120, ""exit"": ""hard"", ""open_trade"": true, ""vwap"": true, ""legs"": true, ""leg_max"": 1, ""rev_mode"": ""off"", ""wait_open"": false, ""maxpos"": 2, ""stack_trig"": ""both"", ""stack_size"": 0.5, ""ma"": 200, ""big_thr"": 10.0, ""big_sl"": 25.0, ""big_tp"": 115.0, ""std_sl"": 35.0, ""std_tp"": 30.0, ""leg_gap"": 20.0, ""leg_sl"": 35.0, ""leg_tp"": 90.0, ""min_fv"": 40.0, ""min_bos"": 20.0, ""disp_pts"": 20.0, ""stack_gap"": 10.0}",3.023,2.688,-1.0,2.688,268,0.76,124.16,0.4633,1.626,3.023,64.31,59.86,-13.98
NY,"{""offset"": 0, ""window"": 120, ""exit"": ""hard"", ""open_trade"": true, ""vwap"": true, ""legs"": true, ""leg_max"": 4, ""rev_mode"": ""off"", ""wait_open"": true, ""maxpos"": 1, ""stack_trig"": ""fvg"", ""stack_size"": 1.0, ""ma"": 50, ""big_thr"": 10.0, ""big_sl"": 40.0, ""big_tp"": 80.0, ""std_sl"": 25.0, ""std_tp"": 42.0, ""leg_gap"": 20.0, ""leg_sl"": 25.0, ""leg_tp"": 90.0, ""min_fv"": 60.0, ""min_bos"": 10.0, ""disp_pts"": 40.0, ""stack_gap"": 15.0}",3.022,2.978,2.414,2.978,232,0.66,73.09,0.315,1.559,3.022,39.79,33.3,-7.1
NY,"{""offset"": 0, ""window"": 60, ""exit"": ""hard"", ""open_trade"": true, ""vwap"": true, ""legs"": false, ""leg_max"": 4, ""rev_mode"": ""disp_fv"", ""wait_open"": true, ""maxpos"": 1, ""stack_trig"": ""both"", ""stack_size"": 0.5, ""ma"": 100, ""big_thr"": 10.0, ""big_sl"": 30.0, ""big_tp"": 115.0, ""std_sl"": 30.0, ""std_tp"": 42.0, ""leg_gap"": 15.0, ""leg_sl"": 35.0, ""leg_tp"": 115.0, ""min_fv"": 100.0, ""min_bos"": 0.0, ""disp_pts"": 30.0, ""stack_gap"": 20.0}",3.022,2.705,-1.0,2.705,300,0.85,113.33,0.3778,1.559,3.022,75.17,38.17,-17.05
NY,"{""offset"": 0, ""window"": 90, ""exit"": ""hard"", ""open_trade"": true, ""vwap"": false, ""legs"": true, ""leg_max"": 2, ""rev_mode"": ""off"", ""wait_open"": false, ""maxpos"": 1, ""stack_trig"": ""both"", ""stack_size"": 0.5, ""ma"": 50, ""big_thr"": 20.0, ""big_sl"": 35.0, ""big_tp"": 100.0, ""std_sl"": 25.0, ""std_tp"": 50.0, ""leg_gap"": 15.0, ""leg_sl"": 25.0, ""leg_tp"": 90.0, ""min_fv"": 125.0, ""min_bos"": 15.0, ""disp_pts"": 25.0, ""stack_gap"": 20.0}",3.021,2.428,-1.0,2.428,286,0.81,101.56,0.3551,1.552,3.021,68.09,33.48,-14.79
NY,"{""offset"": 0, ""window"": 90, ""exit"": ""run"", ""open_trade"": true, ""vwap"": true, ""legs"": true, ""leg_max"": 1, ""rev_mode"": ""off"", ""wait_open"": true, ""maxpos"": 2, ""stack_trig"": ""both"", ""stack_size"": 1.0, ""ma"": 50, ""big_thr"": 10.0, ""big_sl"": 40.0, ""big_tp"": 80.0, ""std_sl"": 20.0, ""std_tp"": 30.0, ""leg_gap"": 20.0, ""leg_sl"": 35.0, ""leg_tp"": 90.0, ""min_fv"": 60.0, ""min_bos"": 20.0, ""disp_pts"": 25.0, ""stack_gap"": 20.0}",3.021,2.547,-1.0,2.547,232,0.66,72.63,0.3131,1.546,3.021,39.97,32.66,-7.5
NY,"{""offset"": 0, ""window"": 150, ""exit"": ""run"", ""open_trade"": true, ""vwap"": true, ""legs"": true, ""leg_max"": 4, ""rev_mode"": ""off"", ""wait_open"": true, ""maxpos"": 3, ""stack_trig"": ""both"", ""stack_size"": 1.0, ""ma"": 200, ""big_thr"": 10.0, ""big_sl"": 30.0, ""big_tp"": 130.0, ""std_sl"": 15.0, ""std_tp"": 42.0, ""leg_gap"": 10.0, ""leg_sl"": 45.0, ""leg_tp"": 115.0, ""min_fv"": 80.0, ""min_bos"": 10.0, ""disp_pts"": 40.0, ""stack_gap"": 20.0}",3.021,2.522,-1.0,2.522,287,0.82,128.77,0.4487,1.619,3.021,71.32,57.45,-13.38
NY,"{""offset"": 0, ""window"": 120, ""exit"": ""run"", ""open_trade"": true, ""vwap"": false, ""legs"": true, ""leg_max"": 1, ""rev_mode"": ""off"", ""wait_open"": true, ""maxpos"": 3, ""stack_trig"": ""fvg"", ""stack_size"": 0.5, ""ma"": 50, ""big_thr"": 25.0, ""big_sl"": 50.0, ""big_tp"": 150.0, ""std_sl"": 15.0, ""std_tp"": 60.0, ""leg_gap"": 15.0, ""leg_sl"": 35.0, ""leg_tp"": 90.0, ""min_fv"": 60.0, ""min_bos"": 0.0, ""disp_pts"": 20.0, ""stack_gap"": 15.0}",3.02,2.46,-1.0,2.46,285,0.81,105.65,0.3707,1.555,3.02,61.32,44.33,-10.58
NY,"{""offset"": 0, ""window"": 150, ""exit"": ""hard"", ""open_trade"": true, ""vwap"": true, ""legs"": true, ""leg_max"": 4, ""rev_mode"": ""off"", ""wait_open"": true, ""maxpos"": 1, ""stack_trig"": ""bos"", ""stack_size"": 1.0, ""ma"": 100, ""big_thr"": 25.0, ""big_sl"": 35.0, ""big_tp"": 130.0, ""std_sl"": 30.0, ""std_tp"": 30.0, ""leg_gap"": 15.0, ""leg_sl"": 35.0, ""leg_tp"": 140.0, ""min_fv"": 100.0, ""min_bos"": 20.0, ""disp_pts"": 15.0, ""stack_gap"": 15.0}",3.018,2.731,-1.0,2.731,253,0.72,110.24,0.4358,1.677,3.018,70.43,39.82,-13.06
NY,"{""offset"": 0, ""window"": 150, ""exit"": ""hard"", ""open_trade"": true, ""vwap"": true, ""legs"": true, ""leg_max"": 6, ""rev_mode"": ""off"", ""wait_open"": true, ""maxpos"": 3, ""stack_trig"": ""fvg"", ""stack_size"": 0.5, ""ma"": 200, ""big_thr"": 10.0, ""big_sl"": 25.0, ""big_tp"": 100.0, ""std_sl"": 20.0, ""std_tp"": 50.0, ""leg_gap"": 15.0, ""leg_sl"": 35.0, ""leg_tp"": 115.0, ""min_fv"": 100.0, ""min_bos"": 0.0, ""disp_pts"": 15.0, ""stack_gap"": 20.0}",3.017,2.467,-1.0,2.467,279,0.79,125.91,0.4513,1.622,3.017,66.16,59.75,-14.93
NY,"{""offset"": 0, ""window"": 60, ""exit"": ""run"", ""open_trade"": true, ""vwap"": true, ""legs"": false, ""leg_max"": 1, ""rev_mode"": ""off"", ""wait_open"": false, ""maxpos"": 3, ""stack_trig"": ""both"", ""stack_size"": 0.5, ""ma"": 100, ""big_thr"": 20.0, ""big_sl"": 25.0, ""big_tp"": 130.0, ""std_sl"": 20.0, ""std_tp"": 60.0, ""leg_gap"": 10.0, ""leg_sl"": 25.0, ""leg_tp"": 90.0, ""min_fv"": 200.0, ""min_bos"": 0.0, ""disp_pts"": 15.0, ""stack_gap"": 15.0}",3.015,2.498,-1.0,2.498,233,0.66,122.47,0.5256,1.682,3.015,58.57,63.9,-12.71
NY,"{""offset"": 0, ""window"": 120, ""exit"": ""run"", ""open_trade"": true, ""vwap"": false, ""legs"": true, ""leg_max"": 1, ""rev_mode"": ""off"", ""wait_open"": true, ""maxpos"": 2, ""stack_trig"": ""bos"", ""stack_size"": 0.5, ""ma"": 100, ""big_thr"": 20.0, ""big_sl"": 30.0, ""big_tp"": 100.0, ""std_sl"": 25.0, ""std_tp"": 50.0, ""leg_gap"": 10.0, ""leg_sl"": 35.0, ""leg_tp"": 90.0, ""min_fv"": 100.0, ""min_bos"": 10.0, ""disp_pts"": 15.0, ""stack_gap"": 15.0}",3.014,2.721,-1.0,2.721,302,0.86,109.95,0.3641,1.53,3.014,67.12,42.83,-17.52
NY,"{""offset"": 0, ""window"": 150, ""exit"": ""hard"", ""open_trade"": true, ""vwap"": true, ""legs"": true, ""leg_max"": 1, ""rev_mode"": ""off"", ""wait_open"": false, ""maxpos"": 1, ""stack_trig"": ""both"", ""stack_size"": 0.5, ""ma"": 50, ""big_thr"": 15.0, ""big_sl"": 40.0, ""big_tp"": 150.0, ""std_sl"": 25.0, ""std_tp"": 60.0, ""leg_gap"": 25.0, ""leg_sl"": 45.0, ""leg_tp"": 115.0, ""min_fv"": 150.0, ""min_bos"": 15.0, ""disp_pts"": 15.0, ""stack_gap"": 20.0}",3.012,2.715,-1.0,2.715,229,0.65,96.29,0.4205,1.642,3.012,61.74,34.55,-9.06
NY,"{""offset"": 0, ""window"": 90, ""exit"": ""run"", ""open_trade"": true, ""vwap"": false, ""legs"": true, ""leg_max"": 2, ""rev_mode"": ""off"", ""wait_open"": true, ""maxpos"": 3, ""stack_trig"": ""fvg"", ""stack_size"": 0.5, ""ma"": 50, ""big_thr"": 10.0, ""big_sl"": 40.0, ""big_tp"": 115.0, ""std_sl"": 35.0, ""std_tp"": 30.0, ""leg_gap"": 15.0, ""leg_sl"": 45.0, ""leg_tp"": 115.0, ""min_fv"": 60.0, ""min_bos"": 10.0, ""disp_pts"": 20.0, ""stack_gap"": 10.0}",3.012,2.928,1.658,2.928,286,0.81,101.4,0.3545,1.548,3.012,67.47,33.93,-11.01
NY,"{""offset"": 0, ""window"": 60, ""exit"": ""hard"", ""open_trade"": true, ""vwap"": true, ""legs"": true, ""leg_max"": 4, ""rev_mode"": ""off"", ""wait_open"": false, ""maxpos"": 2, ""stack_trig"": ""fvg"", ""stack_size"": 0.5, ""ma"": 100, ""big_thr"": 10.0, ""big_sl"": 25.0, ""big_tp"": 150.0, ""std_sl"": 20.0, ""std_tp"": 42.0, ""leg_gap"": 25.0, ""leg_sl"": 25.0, ""leg_tp"": 140.0, ""min_fv"": 100.0, ""min_bos"": 20.0, ""disp_pts"": 30.0, ""stack_gap"": 10.0}",3.011,2.527,-1.0,2.527,241,0.68,126.33,0.5242,1.713,3.011,63.03,63.3,-12.87
NY,"{""offset"": 0, ""window"": 120, ""exit"": ""run"", ""open_trade"": true, ""vwap"": false, ""legs"": true, ""leg_max"": 1, ""rev_mode"": ""off"", ""wait_open"": true, ""maxpos"": 3, ""stack_trig"": ""both"", ""stack_size"": 0.5, ""ma"": 100, ""big_thr"": 10.0, ""big_sl"": 30.0, ""big_tp"": 115.0, ""std_sl"": 20.0, ""std_tp"": 30.0, ""leg_gap"": 20.0, ""leg_sl"": 35.0, ""leg_tp"": 60.0, ""min_fv"": 40.0, ""min_bos"": 10.0, ""disp_pts"": 15.0, ""stack_gap"": 15.0}",3.009,2.46,-1.0,2.46,289,0.82,113.87,0.394,1.553,3.009,69.24,44.63,-15.99
NY,"{""offset"": 0, ""window"": 90, ""exit"": ""hard"", ""open_trade"": true, ""vwap"": true, ""legs"": true, ""leg_max"": 6, ""rev_mode"": ""std"", ""wait_open"": true, ""maxpos"": 3, ""stack_trig"": ""fvg"", ""stack_size"": 0.5, ""ma"": 100, ""big_thr"": 15.0, ""big_sl"": 40.0, ""big_tp"": 100.0, ""std_sl"": 35.0, ""std_tp"": 30.0, ""leg_gap"": 15.0, ""leg_sl"": 25.0, ""leg_tp"": 115.0, ""min_fv"": 100.0, ""min_bos"": 10.0, ""disp_pts"": 30.0, ""stack_gap"": 15.0}",3.009,2.576,-1.0,2.576,742,2.11,108.41,0.1461,1.313,3.009,69.69,38.72,-20.53
NY,"{""offset"": 0, ""window"": 150, ""exit"": ""hard"", ""open_trade"": true, ""vwap"": false, ""legs"": true, ""leg_max"": 4, ""rev_mode"": ""off"", ""wait_open"": false, ""maxpos"": 1, ""stack_trig"": ""both"", ""stack_size"": 0.5, ""ma"": 100, ""big_thr"": 10.0, ""big_sl"": 35.0, ""big_tp"": 150.0, ""std_sl"": 25.0, ""std_tp"": 30.0, ""leg_gap"": 20.0, ""leg_sl"": 25.0, ""leg_tp"": 140.0, ""min_fv"": 60.0, ""min_bos"": 0.0, ""disp_pts"": 15.0, ""stack_gap"": 20.0}",3.009,2.233,-1.0,2.233,290,0.82,121.77,0.4199,1.598,3.009,77.7,44.07,-20.0
NY,"{""offset"": 0, ""window"": 60, ""exit"": ""hard"", ""open_trade"": true, ""vwap"": false, ""legs"": false, ""leg_max"": 2, ""rev_mode"": ""std"", ""wait_open"": true, ""maxpos"": 1, ""stack_trig"": ""bos"", ""stack_size"": 1.0, ""ma"": 100, ""big_thr"": 15.0, ""big_sl"": 35.0, ""big_tp"": 115.0, ""std_sl"": 30.0, ""std_tp"": 30.0, ""leg_gap"": 20.0, ""leg_sl"": 45.0, ""leg_tp"": 115.0, ""min_fv"": 200.0, ""min_bos"": 5.0, ""disp_pts"": 25.0, ""stack_gap"": 20.0}",3.008,2.454,-1.0,2.454,346,0.98,97.22,0.281,1.464,3.008,70.22,27.01,-19.19
NY,"{""offset"": 0, ""window"": 60, ""exit"": ""hard"", ""open_trade"": true, ""vwap"": true, ""legs"": true, ""leg_max"": 4, ""rev_mode"": ""std"", ""wait_open"": true, ""maxpos"": 3, ""stack_trig"": ""fvg"", ""stack_size"": 1.0, ""ma"": 200, ""big_thr"": 10.0, ""big_sl"": 30.0, ""big_tp"": 150.0, ""std_sl"": 30.0, ""std_tp"": 60.0, ""leg_gap"": 15.0, ""leg_sl"": 35.0, ""leg_tp"": 115.0, ""min_fv"": 125.0, ""min_bos"": 15.0, ""disp_pts"": 30.0, ""stack_gap"": 10.0}",3.007,2.689,-1.0,2.689,446,1.27,131.6,0.2951,1.446,3.007,77.25,54.35,-21.03
NY,"{""offset"": 0, ""window"": 60, ""exit"": ""run"", ""open_trade"": true, ""vwap"": true, ""legs"": true, ""leg_max"": 4, ""rev_mode"": ""off"", ""wait_open"": false, ""maxpos"": 2, ""stack_trig"": ""both"", ""stack_size"": 0.5, ""ma"": 200, ""big_thr"": 15.0, ""big_sl"": 30.0, ""big_tp"": 100.0, ""std_sl"": 20.0, ""std_tp"": 30.0, ""leg_gap"": 20.0, ""leg_sl"": 45.0, ""leg_tp"": 60.0, ""min_fv"": 100.0, ""min_bos"": 0.0, ""disp_pts"": 25.0, ""stack_gap"": 10.0}",3.005,2.41,-1.0,2.41,270,0.77,102.79,0.3807,1.561,3.005,61.24,41.55,-13.36
NY,"{""offset"": 0, ""window"": 120, ""exit"": ""hard"", ""open_trade"": true, ""vwap"": false, ""legs"": true, ""leg_max"": 4, ""rev_mode"": ""off"", ""wait_open"": true, ""maxpos"": 3, ""stack_trig"": ""bos"", ""stack_size"": 0.5, ""ma"": 50, ""big_thr"": 10.0, ""big_sl"": 40.0, ""big_tp"": 80.0, ""std_sl"": 30.0, ""std_tp"": 42.0, ""leg_gap"": 20.0, ""leg_sl"": 35.0, ""leg_tp"": 140.0, ""min_fv"": 40.0, ""min_bos"": 0.0, ""disp_pts"": 40.0, ""stack_gap"": 10.0}",3.003,2.713,-1.0,2.713,277,0.79,80.08,0.2891,1.507,3.003,47.94,32.14,-9.89
NY,"{""offset"": 0, ""window"": 60, ""exit"": ""hard"", ""open_trade"": true, ""vwap"": true, ""legs"": true, ""leg_max"": 2, ""rev_mode"": ""std"", ""wait_open"": true, ""maxpos"": 3, ""stack_trig"": ""fvg"", ""stack_size"": 1.0, ""ma"": 100, ""big_thr"": 15.0, ""big_sl"": 25.0, ""big_tp"": 115.0, ""std_sl"": 30.0, ""std_tp"": 60.0, ""leg_gap"": 25.0, ""leg_sl"": 45.0, ""leg_tp"": 60.0, ""min_fv"": 150.0, ""min_bos"": 20.0, ""disp_pts"": 20.0, ""stack_gap"": 20.0}",3.003,2.686,-1.0,2.686,320,0.91,116.44,0.3639,1.52,3.003,68.74,47.7,-15.6
NY,"{""offset"": 0, ""window"": 60, ""exit"": ""hard"", ""open_trade"": true, ""vwap"": true, ""legs"": true, ""leg_max"": 2, ""rev_mode"": ""off"", ""wait_open"": true, ""maxpos"": 2, ""stack_trig"": ""fvg"", ""stack_size"": 0.5, ""ma"": 50, ""big_thr"": 20.0, ""big_sl"": 40.0, ""big_tp"": 130.0, ""std_sl"": 30.0, ""std_tp"": 35.0, ""leg_gap"": 25.0, ""leg_sl"": 35.0, ""leg_tp"": 60.0, ""min_fv"": 40.0, ""min_bos"": 20.0, ""disp_pts"": 25.0, ""stack_gap"": 10.0}",3.002,2.455,-1.0,2.455,229,0.65,82.2,0.359,1.603,3.002,54.34,27.86,-8.7
NY,"{""offset"": 0, ""window"": 150, ""exit"": ""run"", ""open_trade"": true, ""vwap"": false, ""legs"": true, ""leg_max"": 2, ""rev_mode"": ""off"", ""wait_open"": true, ""maxpos"": 2, ""stack_trig"": ""both"", ""stack_size"": 1.0, ""ma"": 50, ""big_thr"": 15.0, ""big_sl"": 40.0, ""big_tp"": 100.0, ""std_sl"": 25.0, ""std_tp"": 42.0, ""leg_gap"": 15.0, ""leg_sl"": 25.0, ""leg_tp"": 90.0, ""min_fv"": 100.0, ""min_bos"": 0.0, ""disp_pts"": 25.0, ""stack_gap"": 20.0}",3.001,2.423,-1.0,2.423,286,0.81,95.81,0.335,1.53,3.001,60.53,35.28,-9.92
NY,"{""offset"": 0, ""window"": 60, ""exit"": ""hard"", ""open_trade"": true, ""vwap"": true, ""legs"": true, ""leg_max"": 6, ""rev_mode"": ""mixed"", ""wait_open"": false, ""maxpos"": 3, ""stack_trig"": ""fvg"", ""stack_size"": 0.5, ""ma"": 100, ""big_thr"": 15.0, ""big_sl"": 30.0, ""big_tp"": 100.0, ""std_sl"": 25.0, ""std_tp"": 50.0, ""leg_gap"": 20.0, ""leg_sl"": 45.0, ""leg_tp"": 140.0, ""min_fv"": 200.0, ""min_bos"": 10.0, ""disp_pts"": 30.0, ""stack_gap"": 15.0}",2.999,2.935,2.665,2.935,295,0.84,106.26,0.3602,1.558,2.999,83.34,22.92,-19.95
NY,"{""offset"": 0, ""window"": 60, ""exit"": ""hard"", ""open_trade"": true, ""vwap"": true, ""legs"": true, ""leg_max"": 1, ""rev_mode"": ""off"", ""wait_open"": false, ""maxpos"": 3, ""stack_trig"": ""both"", ""stack_size"": 0.5, ""ma"": 200, ""big_thr"": 20.0, ""big_sl"": 25.0, ""big_tp"": 115.0, ""std_sl"": 20.0, ""std_tp"": 42.0, ""leg_gap"": 20.0, ""leg_sl"": 25.0, ""leg_tp"": 60.0, ""min_fv"": 150.0, ""min_bos"": 0.0, ""disp_pts"": 25.0, ""stack_gap"": 10.0}",2.999,2.446,-1.0,2.446,268,0.76,118.77,0.4432,1.615,2.999,51.15,67.62,-14.59
NY,"{""offset"": 0, ""window"": 90, ""exit"": ""hard"", ""open_trade"": true, ""vwap"": true, ""legs"": false, ""leg_max"": 6, ""rev_mode"": ""disp_fv"", ""wait_open"": true, ""maxpos"": 2, ""stack_trig"": ""both"", ""stack_size"": 0.5, ""ma"": 100, ""big_thr"": 10.0, ""big_sl"": 30.0, ""big_tp"": 80.0, ""std_sl"": 35.0, ""std_tp"": 35.0, ""leg_gap"": 20.0, ""leg_sl"": 35.0, ""leg_tp"": 115.0, ""min_fv"": 200.0, ""min_bos"": 5.0, ""disp_pts"": 20.0, ""stack_gap"": 10.0}",2.998,2.858,1.954,2.858,320,0.91,93.85,0.2933,1.494,2.998,56.78,37.07,-14.5
NY,"{""offset"": 0, ""window"": 90, ""exit"": ""hard"", ""open_trade"": true, ""vwap"": true, ""legs"": false, ""leg_max"": 4, ""rev_mode"": ""off"", ""wait_open"": false, ""maxpos"": 2, ""stack_trig"": ""both"", ""stack_size"": 1.0, ""ma"": 100, ""big_thr"": 10.0, ""big_sl"": 35.0, ""big_tp"": 80.0, ""std_sl"": 15.0, ""std_tp"": 42.0, ""leg_gap"": 20.0, ""leg_sl"": 35.0, ""leg_tp"": 90.0, ""min_fv"": 100.0, ""min_bos"": 20.0, ""disp_pts"": 30.0, ""stack_gap"": 15.0}",2.997,2.475,-1.0,2.475,233,0.66,73.36,0.3148,1.529,2.997,43.03,30.33,-12.03
NY,"{""offset"": 0, ""window"": 150, ""exit"": ""hard"", ""open_trade"": true, ""vwap"": true, ""legs"": false, ""leg_max"": 1, ""rev_mode"": ""off"", ""wait_open"": false, ""maxpos"": 2, ""stack_trig"": ""bos"", ""stack_size"": 0.5, ""ma"": 50, ""big_thr"": 10.0, ""big_sl"": 40.0, ""big_tp"": 130.0, ""std_sl"": 20.0, ""std_tp"": 42.0, ""leg_gap"": 15.0, ""leg_sl"": 25.0, ""leg_tp"": 115.0, ""min_fv"": 150.0, ""min_bos"": 20.0, ""disp_pts"": 20.0, ""stack_gap"": 10.0}",2.996,2.464,-1.0,2.464,224,0.64,86.72,0.3871,1.599,2.996,57.41,29.31,-7.09
NY,"{""offset"": 0, ""window"": 60, ""exit"": ""run"", ""open_trade"": true, ""vwap"": false, ""legs"": true, ""leg_max"": 2, ""rev_mode"": ""off"", ""wait_open"": false, ""maxpos"": 2, ""stack_trig"": ""bos"", ""stack_size"": 0.5, ""ma"": 100, ""big_thr"": 10.0, ""big_sl"": 30.0, ""big_tp"": 100.0, ""std_sl"": 25.0, ""std_tp"": 50.0, ""leg_gap"": 25.0, ""leg_sl"": 45.0, ""leg_tp"": 140.0, ""min_fv"": 40.0, ""min_bos"": 20.0, ""disp_pts"": 30.0, ""stack_gap"": 10.0}",2.996,2.98,2.667,2.98,287,0.82,105.06,0.3661,1.525,2.996,70.38,34.69,-17.18
NY,"{""offset"": 0, ""window"": 120, ""exit"": ""hard"", ""open_trade"": true, ""vwap"": true, ""legs"": false, ""leg_max"": 4, ""rev_mode"": ""off"", ""wait_open"": false, ""maxpos"": 2, ""stack_trig"": ""fvg"", ""stack_size"": 0.5, ""ma"": 50, ""big_thr"": 10.0, ""big_sl"": 40.0, ""big_tp"": 100.0, ""std_sl"": 25.0, ""std_tp"": 35.0, ""leg_gap"": 10.0, ""leg_sl"": 35.0, ""leg_tp"": 90.0, ""min_fv"": 100.0, ""min_bos"": 15.0, ""disp_pts"": 40.0, ""stack_gap"": 10.0}",2.995,2.951,2.604,2.951,224,0.64,75.03,0.335,1.556,2.995,49.15,25.88,-7.84
NY,"{""offset"": 0, ""window"": 90, ""exit"": ""hard"", ""open_trade"": true, ""vwap"": true, ""legs"": true, ""leg_max"": 4, ""rev_mode"": ""off"", ""wait_open"": false, ""maxpos"": 3, ""stack_trig"": ""bos"", ""stack_size"": 0.5, ""ma"": 50, ""big_thr"": 15.0, ""big_sl"": 30.0, ""big_tp"": 80.0, ""std_sl"": 35.0, ""std_tp"": 30.0, ""leg_gap"": 25.0, ""leg_sl"": 35.0, ""leg_tp"": 115.0, ""min_fv"": 150.0, ""min_bos"": 0.0, ""disp_pts"": 40.0, ""stack_gap"": 10.0}",2.994,2.719,-1.0,2.719,229,0.65,81.88,0.3576,1.566,2.994,45.9,35.98,-13.36
NY,"{""offset"": 0, ""window"": 120, ""exit"": ""run"", ""open_trade"": true, ""vwap"": false, ""legs"": false, ""leg_max"": 1, ""rev_mode"": ""off"", ""wait_open"": false, ""maxpos"": 3, ""stack_trig"": ""both"", ""stack_size"": 1.0, ""ma"": 50, ""big_thr"": 25.0, ""big_sl"": 25.0, ""big_tp"": 115.0, ""std_sl"": 15.0, ""std_tp"": 50.0, ""leg_gap"": 20.0, ""leg_sl"": 35.0, ""leg_tp"": 140.0, ""min_fv"": 150.0, ""min_bos"": 20.0, ""disp_pts"": 25.0, ""stack_gap"": 10.0}",2.992,2.767,-1.0,2.767,269,0.76,118.44,0.4403,1.581,2.992,73.88,44.56,-17.9
NY,"{""offset"": 0, ""window"": 90, ""exit"": ""hard"", ""open_trade"": true, ""vwap"": false, ""legs"": true, ""leg_max"": 2, ""rev_mode"": ""off"", ""wait_open"": false, ""maxpos"": 3, ""stack_trig"": ""both"", ""stack_size"": 0.5, ""ma"": 50, ""big_thr"": 15.0, ""big_sl"": 35.0, ""big_tp"": 100.0, ""std_sl"": 25.0, ""std_tp"": 60.0, ""leg_gap"": 20.0, ""leg_sl"": 35.0, ""leg_tp"": 115.0, ""min_fv"": 40.0, ""min_bos"": 15.0, ""disp_pts"": 20.0, ""stack_gap"": 15.0}",2.992,2.437,-1.0,2.437,277,0.79,94.14,0.3398,1.533,2.992,68.72,25.42,-14.45
NY,"{""offset"": 0, ""window"": 150, ""exit"": ""hard"", ""open_trade"": true, ""vwap"": false, ""legs"": true, ""leg_max"": 4, ""rev_mode"": ""off"", ""wait_open"": true, ""maxpos"": 2, ""stack_trig"": ""both"", ""stack_size"": 1.0, ""ma"": 100, ""big_thr"": 20.0, ""big_sl"": 25.0, ""big_tp"": 130.0, ""std_sl"": 15.0, ""std_tp"": 35.0, ""leg_gap"": 10.0, ""leg_sl"": 25.0, ""leg_tp"": 115.0, ""min_fv"": 80.0, ""min_bos"": 15.0, ""disp_pts"": 15.0, ""stack_gap"": 15.0}",2.991,2.497,-1.0,2.497,306,0.87,143.44,0.4688,1.614,2.991,82.18,61.25,-16.99
NY,"{""offset"": 0, ""window"": 90, ""exit"": ""hard"", ""open_trade"": true, ""vwap"": true, ""legs"": false, ""leg_max"": 2, ""rev_mode"": ""off"", ""wait_open"": true, ""maxpos"": 2, ""stack_trig"": ""both"", ""stack_size"": 0.5, ""ma"": 100, ""big_thr"": 20.0, ""big_sl"": 25.0, ""big_tp"": 115.0, ""std_sl"": 20.0, ""std_tp"": 35.0, ""leg_gap"": 25.0, ""leg_sl"": 35.0, ""leg_tp"": 115.0, ""min_fv"": 200.0, ""min_bos"": 5.0, ""disp_pts"": 40.0, ""stack_gap"": 20.0}",2.989,2.755,-1.0,2.755,233,0.66,109.65,0.4706,1.644,2.989,57.81,51.84,-12.61
NY,"{""offset"": 0, ""window"": 120, ""exit"": ""run"", ""open_trade"": true, ""vwap"": true, ""legs"": false, ""leg_max"": 2, ""rev_mode"": ""off"", ""wait_open"": true, ""maxpos"": 2, ""stack_trig"": ""fvg"", ""stack_size"": 1.0, ""ma"": 50, ""big_thr"": 15.0, ""big_sl"": 25.0, ""big_tp"": 115.0, ""std_sl"": 15.0, ""std_tp"": 42.0, ""leg_gap"": 20.0, ""leg_sl"": 45.0, ""leg_tp"": 140.0, ""min_fv"": 60.0, ""min_bos"": 15.0, ""disp_pts"": 25.0, ""stack_gap"": 20.0}",2.988,2.441,-1.0,2.441,224,0.64,112.05,0.5002,1.663,2.988,64.1,47.95,-13.29
NY,"{""offset"": 0, ""window"": 90, ""exit"": ""run"", ""open_trade"": true, ""vwap"": false, ""legs"": true, ""leg_max"": 2, ""rev_mode"": ""off"", ""wait_open"": true, ""maxpos"": 1, ""stack_trig"": ""both"", ""stack_size"": 0.5, ""ma"": 50, ""big_thr"": 15.0, ""big_sl"": 30.0, ""big_tp"": 115.0, ""std_sl"": 25.0, ""std_tp"": 60.0, ""leg_gap"": 20.0, ""leg_sl"": 35.0, ""leg_tp"": 90.0, ""min_fv"": 60.0, ""min_bos"": 5.0, ""disp_pts"": 20.0, ""stack_gap"": 15.0}",2.987,2.27,-1.0,2.27,277,0.79,111.98,0.4043,1.566,2.987,72.85,39.13,-12.87
NY,"{""offset"": 0, ""window"": 60, ""exit"": ""hard"", ""open_trade"": true, ""vwap"": true, ""legs"": false, ""leg_max"": 4, ""rev_mode"": ""off"", ""wait_open"": true, ""maxpos"": 3, ""stack_trig"": ""bos"", ""stack_size"": 1.0, ""ma"": 200, ""big_thr"": 25.0, ""big_sl"": 25.0, ""big_tp"": 130.0, ""std_sl"": 15.0, ""std_tp"": 50.0, ""leg_gap"": 10.0, ""leg_sl"": 45.0, ""leg_tp"": 90.0, ""min_fv"": 200.0, ""min_bos"": 15.0, ""disp_pts"": 15.0, ""stack_gap"": 20.0}",2.987,2.733,-1.0,2.733,257,0.73,118.85,0.4624,1.62,2.987,49.44,69.4,-13.1
NY,"{""offset"": 0, ""window"": 150, ""exit"": ""hard"", ""open_trade"": true, ""vwap"": true, ""legs"": false, ""leg_max"": 1, ""rev_mode"": ""off"", ""wait_open"": true, ""maxpos"": 1, ""stack_trig"": ""both"", ""stack_size"": 0.5, ""ma"": 50, ""big_thr"": 20.0, ""big_sl"": 25.0, ""big_tp"": 130.0, ""std_sl"": 30.0, ""std_tp"": 50.0, ""leg_gap"": 15.0, ""leg_sl"": 25.0, ""leg_tp"": 140.0, ""min_fv"": 60.0, ""min_bos"": 0.0, ""disp_pts"": 25.0, ""stack_gap"": 15.0}",2.987,2.207,-1.0,2.207,224,0.64,117.15,0.523,1.697,2.987,67.5,49.65,-12.68
NY,"{""offset"": 0, ""window"": 90, ""exit"": ""hard"", ""open_trade"": true, ""vwap"": true, ""legs"": false, ""leg_max"": 1, ""rev_mode"": ""off"", ""wait_open"": true, ""maxpos"": 1, ""stack_trig"": ""both"", ""stack_size"": 0.5, ""ma"": 200, ""big_thr"": 15.0, ""big_sl"": 30.0, ""big_tp"": 130.0, ""std_sl"": 30.0, ""std_tp"": 35.0, ""leg_gap"": 15.0, ""leg_sl"": 25.0, ""leg_tp"": 60.0, ""min_fv"": 40.0, ""min_bos"": 20.0, ""disp_pts"": 15.0, ""stack_gap"": 20.0}",2.987,2.742,-1.0,2.742,257,0.73,108.36,0.4216,1.599,2.987,63.53,44.83,-11.33
NY,"{""offset"": 0, ""window"": 150, ""exit"": ""hard"", ""open_trade"": true, ""vwap"": false, ""legs"": false, ""leg_max"": 2, ""rev_mode"": ""off"", ""wait_open"": false, ""maxpos"": 2, ""stack_trig"": ""fvg"", ""stack_size"": 0.5, ""ma"": 50, ""big_thr"": 25.0, ""big_sl"": 25.0, ""big_tp"": 150.0, ""std_sl"": 20.0, ""std_tp"": 60.0, ""leg_gap"": 10.0, ""leg_sl"": 25.0, ""leg_tp"": 115.0, ""min_fv"": 60.0, ""min_bos"": 10.0, ""disp_pts"": 40.0, ""stack_gap"": 15.0}",2.986,2.458,-1.0,2.458,269,0.76,131.74,0.4897,1.635,2.986,81.18,50.57,-19.52
NY,"{""offset"": 0, ""window"": 120, ""exit"": ""hard"", ""open_trade"": true, ""vwap"": false, ""legs"": true, ""leg_max"": 4, ""rev_mode"": ""std"", ""wait_open"": false, ""maxpos"": 2, ""stack_trig"": ""fvg"", ""stack_size"": 0.5, ""ma"": 200, ""big_thr"": 15.0, ""big_sl"": 25.0, ""big_tp"": 150.0, ""std_sl"": 30.0, ""std_tp"": 35.0, ""leg_gap"": 25.0, ""leg_sl"": 25.0, ""leg_tp"": 140.0, ""min_fv"": 125.0, ""min_bos"": 0.0, ""disp_pts"": 20.0, ""stack_gap"": 20.0}",2.984,2.84,1.866,2.84,1136,3.23,151.99,0.1338,1.233,2.984,82.72,69.27,-28.39
NY,"{""offset"": 0, ""window"": 150, ""exit"": ""hard"", ""open_trade"": true, ""vwap"": false, ""legs"": false, ""leg_max"": 2, ""rev_mode"": ""off"", ""wait_open"": true, ""maxpos"": 1, ""stack_trig"": ""fvg"", ""stack_size"": 0.5, ""ma"": 50, ""big_thr"": 15.0, ""big_sl"": 40.0, ""big_tp"": 130.0, ""std_sl"": 25.0, ""std_tp"": 50.0, ""leg_gap"": 20.0, ""leg_sl"": 35.0, ""leg_tp"": 115.0, ""min_fv"": 150.0, ""min_bos"": 5.0, ""disp_pts"": 25.0, ""stack_gap"": 20.0}",2.983,2.906,2.36,2.906,269,0.76,92.92,0.3454,1.532,2.983,63.4,29.52,-10.7
NY,"{""offset"": 0, ""window"": 150, ""exit"": ""run"", ""open_trade"": true, ""vwap"": true, ""legs"": false, ""leg_max"": 4, ""rev_mode"": ""off"", ""wait_open"": true, ""maxpos"": 1, ""stack_trig"": ""both"", ""stack_size"": 1.0, ""ma"": 50, ""big_thr"": 10.0, ""big_sl"": 30.0, ""big_tp"": 130.0, ""std_sl"": 25.0, ""std_tp"": 60.0, ""leg_gap"": 20.0, ""leg_sl"": 35.0, ""leg_tp"": 140.0, ""min_fv"": 125.0, ""min_bos"": 10.0, ""disp_pts"": 40.0, ""stack_gap"": 15.0}",2.982,2.463,-1.0,2.463,224,0.64,106.85,0.477,1.649,2.982,67.05,39.79,-11.99
NY,"{""offset"": 0, ""window"": 120, ""exit"": ""run"", ""open_trade"": true, ""vwap"": true, ""legs"": false, ""leg_max"": 1, ""rev_mode"": ""off"", ""wait_open"": false, ""maxpos"": 3, ""stack_trig"": ""both"", ""stack_size"": 1.0, ""ma"": 50, ""big_thr"": 10.0, ""big_sl"": 30.0, ""big_tp"": 130.0, ""std_sl"": 30.0, ""std_tp"": 50.0, ""leg_gap"": 25.0, ""leg_sl"": 35.0, ""leg_tp"": 140.0, ""min_fv"": 40.0, ""min_bos"": 15.0, ""disp_pts"": 40.0, ""stack_gap"": 15.0}",2.982,2.688,-1.0,2.688,224,0.64,106.85,0.477,1.649,2.982,67.05,39.79,-11.99
NY,"{""offset"": 0, ""window"": 150, ""exit"": ""hard"", ""open_trade"": true, ""vwap"": true, ""legs"": false, ""leg_max"": 6, ""rev_mode"": ""off"", ""wait_open"": false, ""maxpos"": 1, ""stack_trig"": ""bos"", ""stack_size"": 0.5, ""ma"": 50, ""big_thr"": 10.0, ""big_sl"": 40.0, ""big_tp"": 100.0, ""std_sl"": 20.0, ""std_tp"": 60.0, ""leg_gap"": 10.0, ""leg_sl"": 35.0, ""leg_tp"": 60.0, ""min_fv"": 60.0, ""min_bos"": 20.0, ""disp_pts"": 40.0, ""stack_gap"": 15.0}",2.98,2.471,-1.0,2.471,224,0.64,75.54,0.3372,1.55,2.98,48.5,27.05,-7.84
NY,"{""offset"": 0, ""window"": 150, ""exit"": ""run"", ""open_trade"": true, ""vwap"": true, ""legs"": false, ""leg_max"": 6, ""rev_mode"": ""off"", ""wait_open"": true, ""maxpos"": 2, ""stack_trig"": ""fvg"", ""stack_size"": 0.5, ""ma"": 50, ""big_thr"": 10.0, ""big_sl"": 25.0, ""big_tp"": 100.0, ""std_sl"": 25.0, ""std_tp"": 50.0, ""leg_gap"": 10.0, ""leg_sl"": 45.0, ""leg_tp"": 60.0, ""min_fv"": 60.0, ""min_bos"": 15.0, ""disp_pts"": 30.0, ""stack_gap"": 10.0}",2.98,2.701,-1.0,2.701,224,0.64,102.84,0.4591,1.628,2.98,64.3,38.54,-13.89
NY,"{""offset"": 0, ""window"": 60, ""exit"": ""hard"", ""open_trade"": true, ""vwap"": false, ""legs"": false, ""leg_max"": 4, ""rev_mode"": ""disp_fv"", ""wait_open"": false, ""maxpos"": 1, ""stack_trig"": ""bos"", ""stack_size"": 0.5, ""ma"": 100, ""big_thr"": 10.0, ""big_sl"": 30.0, ""big_tp"": 100.0, ""std_sl"": 25.0, ""std_tp"": 50.0, ""leg_gap"": 20.0, ""leg_sl"": 25.0, ""leg_tp"": 90.0, ""min_fv"": 200.0, ""min_bos"": 10.0, ""disp_pts"": 20.0, ""stack_gap"": 15.0}",2.98,2.481,-1.0,2.481,309,0.88,105.37,0.341,1.509,2.98,77.7,27.66,-21.76
NY,"{""offset"": 0, ""window"": 150, ""exit"": ""run"", ""open_trade"": true, ""vwap"": true, ""legs"": false, ""leg_max"": 2, ""rev_mode"": ""off"", ""wait_open"": false, ""maxpos"": 1, ""stack_trig"": ""bos"", ""stack_size"": 0.5, ""ma"": 50, ""big_thr"": 10.0, ""big_sl"": 25.0, ""big_tp"": 100.0, ""std_sl"": 25.0, ""std_tp"": 42.0, ""leg_gap"": 10.0, ""leg_sl"": 25.0, ""leg_tp"": 115.0, ""min_fv"": 200.0, ""min_bos"": 5.0, ""disp_pts"": 30.0, ""stack_gap"": 20.0}",2.98,2.151,-1.0,2.151,224,0.64,102.84,0.4591,1.628,2.98,64.3,38.54,-13.89
NY,"{""offset"": 0, ""window"": 120, ""exit"": ""hard"", ""open_trade"": true, ""vwap"": false, ""legs"": false, ""leg_max"": 6, ""rev_mode"": ""off"", ""wait_open"": true, ""maxpos"": 1, ""stack_trig"": ""fvg"", ""stack_size"": 0.5, ""ma"": 50, ""big_thr"": 20.0, ""big_sl"": 30.0, ""big_tp"": 150.0, ""std_sl"": 20.0, ""std_tp"": 42.0, ""leg_gap"": 10.0, ""leg_sl"": 25.0, ""leg_tp"": 90.0, ""min_fv"": 150.0, ""min_bos"": 5.0, ""disp_pts"": 20.0, ""stack_gap"": 10.0}",2.978,2.696,-1.0,2.696,269,0.76,117.14,0.4355,1.603,2.978,80.06,37.08,-17.68
NY,"{""offset"": 0, ""window"": 60, ""exit"": ""hard"", ""open_trade"": true, ""vwap"": false, ""legs"": true, ""leg_max"": 1, ""rev_mode"": ""off"", ""wait_open"": false, ""maxpos"": 3, ""stack_trig"": ""fvg"", ""stack_size"": 0.5, ""ma"": 200, ""big_thr"": 10.0, ""big_sl"": 40.0, ""big_tp"": 150.0, ""std_sl"": 30.0, ""std_tp"": 50.0, ""leg_gap"": 25.0, ""leg_sl"": 25.0, ""leg_tp"": 115.0, ""min_fv"": 80.0, ""min_bos"": 0.0, ""disp_pts"": 30.0, ""stack_gap"": 10.0}",2.978,2.569,-1.0,2.569,314,0.89,105.03,0.3345,1.524,2.978,57.46,47.57,-16.37
NY,"{""offset"": 0, ""window"": 150, ""exit"": ""run"", ""open_trade"": true, ""vwap"": true, ""legs"": true, ""leg_max"": 2, ""rev_mode"": ""off"", ""wait_open"": true, ""maxpos"": 2, ""stack_trig"": ""bos"", ""stack_size"": 1.0, ""ma"": 100, ""big_thr"": 20.0, ""big_sl"": 25.0, ""big_tp"": 115.0, ""std_sl"": 20.0, ""std_tp"": 50.0, ""leg_gap"": 20.0, ""leg_sl"": 35.0, ""leg_tp"": 60.0, ""min_fv"": 80.0, ""min_bos"": 10.0, ""disp_pts"": 40.0, ""stack_gap"": 10.0}",2.977,2.26,-1.0,2.26,244,0.69,116.58,0.4778,1.649,2.977,55.04,61.54,-13.31
NY,"{""offset"": 0, ""window"": 150, ""exit"": ""run"", ""open_trade"": true, ""vwap"": false, ""legs"": true, ""leg_max"": 2, ""rev_mode"": ""off"", ""wait_open"": true, ""maxpos"": 1, ""stack_trig"": ""bos"", ""stack_size"": 1.0, ""ma"": 200, ""big_thr"": 15.0, ""big_sl"": 30.0, ""big_tp"": 130.0, ""std_sl"": 30.0, ""std_tp"": 35.0, ""leg_gap"": 15.0, ""leg_sl"": 45.0, ""leg_tp"": 140.0, ""min_fv"": 150.0, ""min_bos"": 0.0, ""disp_pts"": 40.0, ""stack_gap"": 10.0}",2.976,2.419,-1.0,2.419,328,0.93,136.85,0.4172,1.569,2.976,88.33,48.52,-18.59
NY,"{""offset"": 0, ""window"": 90, ""exit"": ""hard"", ""open_trade"": true, ""vwap"": true, ""legs"": true, ""leg_max"": 6, ""rev_mode"": ""off"", ""wait_open"": true, ""maxpos"": 2, ""stack_trig"": ""bos"", ""stack_size"": 0.5, ""ma"": 50, ""big_thr"": 25.0, ""big_sl"": 30.0, ""big_tp"": 100.0, ""std_sl"": 15.0, ""std_tp"": 50.0, ""leg_gap"": 20.0, ""leg_sl"": 45.0, ""leg_tp"": 115.0, ""min_fv"": 125.0, ""min_bos"": 0.0, ""disp_pts"": 30.0, ""stack_gap"": 10.0}",2.975,2.695,-1.0,2.695,232,0.66,96.35,0.4153,1.612,2.975,58.27,38.07,-9.59
NY,"{""offset"": 0, ""window"": 120, ""exit"": ""run"", ""open_trade"": true, ""vwap"": true, ""legs"": true, ""leg_max"": 4, ""rev_mode"": ""off"", ""wait_open"": true, ""maxpos"": 1, ""stack_trig"": ""both"", ""stack_size"": 0.5, ""ma"": 100, ""big_thr"": 25.0, ""big_sl"": 30.0, ""big_tp"": 80.0, ""std_sl"": 20.0, ""std_tp"": 50.0, ""leg_gap"": 15.0, ""leg_sl"": 25.0, ""leg_tp"": 140.0, ""min_fv"": 100.0, ""min_bos"": 0.0, ""disp_pts"": 40.0, ""stack_gap"": 15.0}",2.974,2.209,-1.0,2.209,253,0.72,101.04,0.3994,1.607,2.974,49.02,52.02,-12.52
NY,"{""offset"": 0, ""window"": 120, ""exit"": ""hard"", ""open_trade"": true, ""vwap"": true, ""legs"": true, ""leg_max"": 2, ""rev_mode"": ""std"", ""wait_open"": true, ""maxpos"": 3, ""stack_trig"": ""both"", ""stack_size"": 0.5, ""ma"": 100, ""big_thr"": 10.0, ""big_sl"": 25.0, ""big_tp"": 100.0, ""std_sl"": 25.0, ""std_tp"": 60.0, ""leg_gap"": 15.0, ""leg_sl"": 25.0, ""leg_tp"": 115.0, ""min_fv"": 200.0, ""min_bos"": 20.0, ""disp_pts"": 40.0, ""stack_gap"": 20.0}",2.972,2.951,2.42,2.951,443,1.26,138.61,0.3129,1.496,2.972,99.77,38.84,-16.01
NY,"{""offset"": 0, ""window"": 150, ""exit"": ""hard"", ""open_trade"": true, ""vwap"": true, ""legs"": true, ""leg_max"": 6, ""rev_mode"": ""off"", ""wait_open"": true, ""maxpos"": 3, ""stack_trig"": ""both"", ""stack_size"": 1.0, ""ma"": 200, ""big_thr"": 10.0, ""big_sl"": 25.0, ""big_tp"": 130.0, ""std_sl"": 15.0, ""std_tp"": 42.0, ""leg_gap"": 20.0, ""leg_sl"": 45.0, ""leg_tp"": 90.0, ""min_fv"": 125.0, ""min_bos"": 10.0, ""disp_pts"": 20.0, ""stack_gap"": 20.0}",2.97,2.471,-1.0,2.471,270,0.77,131.84,0.4883,1.641,2.97,63.81,68.03,-13.92
NY,"{""offset"": 0, ""window"": 120, ""exit"": ""run"", ""open_trade"": true, ""vwap"": true, ""legs"": false, ""leg_max"": 4, ""rev_mode"": ""off"", ""wait_open"": true, ""maxpos"": 3, ""stack_trig"": ""fvg"", ""stack_size"": 0.5, ""ma"": 100, ""big_thr"": 10.0, ""big_sl"": 25.0, ""big_tp"": 130.0, ""std_sl"": 35.0, ""std_tp"": 35.0, ""leg_gap"": 15.0, ""leg_sl"": 25.0, ""leg_tp"": 140.0, ""min_fv"": 150.0, ""min_bos"": 10.0, ""disp_pts"": 30.0, ""stack_gap"": 10.0}",2.968,2.663,-1.0,2.663,233,0.66,122.43,0.5255,1.674,2.968,59.1,63.34,-12.69
NY,"{""offset"": 0, ""window"": 150, ""exit"": ""hard"", ""open_trade"": true, ""vwap"": false, ""legs"": false, ""leg_max"": 4, ""rev_mode"": ""off"", ""wait_open"": false, ""maxpos"": 2, ""stack_trig"": ""both"", ""stack_size"": 1.0, ""ma"": 50, ""big_thr"": 15.0, ""big_sl"": 40.0, ""big_tp"": 130.0, ""std_sl"": 35.0, ""std_tp"": 50.0, ""leg_gap"": 15.0, ""leg_sl"": 35.0, ""leg_tp"": 60.0, ""min_fv"": 60.0, ""min_bos"": 15.0, ""disp_pts"": 40.0, ""stack_gap"": 20.0}",2.968,2.445,-1.0,2.445,269,0.76,92.37,0.3434,1.528,2.968,63.4,28.96,-10.7
NY,"{""offset"": 0, ""window"": 150, ""exit"": ""hard"", ""open_trade"": true, ""vwap"": true, ""legs"": true, ""leg_max"": 4, ""rev_mode"": ""off"", ""wait_open"": true, ""maxpos"": 3, ""stack_trig"": ""fvg"", ""stack_size"": 0.5, ""ma"": 200, ""big_thr"": 20.0, ""big_sl"": 30.0, ""big_tp"": 100.0, ""std_sl"": 25.0, ""std_tp"": 35.0, ""leg_gap"": 20.0, ""leg_sl"": 25.0, ""leg_tp"": 60.0, ""min_fv"": 80.0, ""min_bos"": 10.0, ""disp_pts"": 15.0, ""stack_gap"": 20.0}",2.968,2.215,-1.0,2.215,270,0.77,102.98,0.3814,1.562,2.968,55.1,47.88,-13.38
NY,"{""offset"": 0, ""window"": 150, ""exit"": ""hard"", ""open_trade"": true, ""vwap"": true, ""legs"": false, ""leg_max"": 4, ""rev_mode"": ""off"", ""wait_open"": false, ""maxpos"": 3, ""stack_trig"": ""fvg"", ""stack_size"": 1.0, ""ma"": 100, ""big_thr"": 20.0, ""big_sl"": 25.0, ""big_tp"": 115.0, ""std_sl"": 35.0, ""std_tp"": 35.0, ""leg_gap"": 25.0, ""leg_sl"": 45.0, ""leg_tp"": 140.0, ""min_fv"": 125.0, ""min_bos"": 5.0, ""disp_pts"": 15.0, ""stack_gap"": 10.0}",2.967,2.713,-1.0,2.713,233,0.66,109.88,0.4716,1.647,2.967,58.58,51.31,-14.76
NY,"{""offset"": 0, ""window"": 90, ""exit"": ""run"", ""open_trade"": true, ""vwap"": true, ""legs"": false, ""leg_max"": 1, ""rev_mode"": ""off"", ""wait_open"": false, ""maxpos"": 2, ""stack_trig"": ""fvg"", ""stack_size"": 1.0, ""ma"": 100, ""big_thr"": 15.0, ""big_sl"": 25.0, ""big_tp"": 115.0, ""std_sl"": 25.0, ""std_tp"": 50.0, ""leg_gap"": 15.0, ""leg_sl"": 45.0, ""leg_tp"": 60.0, ""min_fv"": 125.0, ""min_bos"": 20.0, ""disp_pts"": 40.0, ""stack_gap"": 20.0}",2.967,2.485,-1.0,2.485,233,0.66,113.03,0.4851,1.641,2.967,58.5,54.54,-13.29
NY,"{""offset"": 0, ""window"": 90, ""exit"": ""hard"", ""open_trade"": true, ""vwap"": true, ""legs"": true, ""leg_max"": 2, ""rev_mode"": ""off"", ""wait_open"": true, ""maxpos"": 2, ""stack_trig"": ""both"", ""stack_size"": 0.5, ""ma"": 50, ""big_thr"": 10.0, ""big_sl"": 40.0, ""big_tp"": 130.0, ""std_sl"": 15.0, ""std_tp"": 60.0, ""leg_gap"": 25.0, ""leg_sl"": 25.0, ""leg_tp"": 90.0, ""min_fv"": 150.0, ""min_bos"": 20.0, ""disp_pts"": 20.0, ""stack_gap"": 20.0}",2.965,2.564,-1.0,2.564,229,0.65,86.31,0.3769,1.608,2.965,56.0,30.3,-7.09
NY,"{""offset"": 0, ""window"": 120, ""exit"": ""run"", ""open_trade"": true, ""vwap"": false, ""legs"": true, ""leg_max"": 6, ""rev_mode"": ""std"", ""wait_open"": true, ""maxpos"": 1, ""stack_trig"": ""both"", ""stack_size"": 1.0, ""ma"": 50, ""big_thr"": 15.0, ""big_sl"": 30.0, ""big_tp"": 115.0, ""std_sl"": 20.0, ""std_tp"": 30.0, ""leg_gap"": 10.0, ""leg_sl"": 25.0, ""leg_tp"": 140.0, ""min_fv"": 150.0, ""min_bos"": 5.0, ""disp_pts"": 40.0, ""stack_gap"": 15.0}",2.965,2.56,-1.0,2.56,667,1.89,136.02,0.2039,1.31,2.965,94.27,41.74,-17.15
