session,params,fit,nb_mean,nb_min,robust,n,tpd,R,R_trade,pfR,t,R_h1,R_h2,maxDD
ASIA,"{""offset"": 30, ""window"": 90, ""exit"": ""hard"", ""open_trade"": false, ""vwap"": true, ""legs"": true, ""leg_max"": 6, ""rev_mode"": ""disp_fv"", ""wait_open"": false, ""maxpos"": 1, ""stack_trig"": ""bos"", ""stack_size"": 0.5, ""ma"": 100, ""big_thr"": 3.0, ""big_sl"": 10.5, ""big_tp"": 24.0, ""std_sl"": 6.0, ""std_tp"": 9.0, ""leg_gap"": 4.5, ""leg_sl"": 7.5, ""leg_tp"": 18.0, ""min_fv"": 45.0, ""min_bos"": 0.0, ""disp_pts"": 9.0, ""stack_gap"": 4.5}",0.389,-0.296,-1.0,-0.296,105,0.3,13.11,0.1249,1.112,0.389,8.71,4.4,-43.15
ASIA,"{""offset"": 30, ""window"": 90, ""exit"": ""hard"", ""open_trade"": false, ""vwap"": true, ""legs"": false, ""leg_max"": 4, ""rev_mode"": ""disp_fv"", ""wait_open"": false, ""maxpos"": 1, ""stack_trig"": ""both"", ""stack_size"": 1.0, ""ma"": 200, ""big_thr"": 3.0, ""big_sl"": 9.0, ""big_tp"": 34.5, ""std_sl"": 6.0, ""std_tp"": 18.0, ""leg_gap"": 6.0, ""leg_sl"": 10.5, ""leg_tp"": 42.0, ""min_fv"": 45.0, ""min_bos"": 1.5, ""disp_pts"": 9.0, ""stack_gap"": 6.0}",0.292,-0.179,-1.0,-0.179,104,0.3,10.01,0.0963,1.085,0.292,8.11,1.9,-46.55
ASIA,"{""offset"": 30, ""window"": 90, ""exit"": ""hard"", ""open_trade"": false, ""vwap"": true, ""legs"": true, ""leg_max"": 6, ""rev_mode"": ""disp_fv"", ""wait_open"": false, ""maxpos"": 3, ""stack_trig"": ""bos"", ""stack_size"": 0.5, ""ma"": 50, ""big_thr"": 7.5, ""big_sl"": 12.0, ""big_tp"": 34.5, ""std_sl"": 9.0, ""std_tp"": 18.0, ""leg_gap"": 4.5, ""leg_sl"": 13.5, ""leg_tp"": 42.0, ""min_fv"": 60.0, ""min_bos"": 4.5, ""disp_pts"": 4.5, ""stack_gap"": 3.0}",0.241,-0.391,-1.0,-0.391,133,0.38,8.01,0.0602,1.083,0.241,1.4,6.61,-29.52
ASIA,"{""offset"": 0, ""window"": 60, ""exit"": ""hard"", ""open_trade"": false, ""vwap"": false, ""legs"": true, ""leg_max"": 1, ""rev_mode"": ""mixed"", ""wait_open"": true, ""maxpos"": 1, ""stack_trig"": ""fvg"", ""stack_size"": 0.5, ""ma"": 50, ""big_thr"": 4.5, ""big_sl"": 9.0, ""big_tp"": 34.5, ""std_sl"": 9.0, ""std_tp"": 18.0, ""leg_gap"": 6.0, ""leg_sl"": 7.5, ""leg_tp"": 42.0, ""min_fv"": 60.0, ""min_bos"": 1.5, ""disp_pts"": 7.5, ""stack_gap"": 4.5}",0.113,-0.723,-1.0,-0.723,91,0.26,2.44,0.0268,1.031,0.113,1.46,0.98,-14.6
LDN,"{""offset"": 0, ""window"": 90, ""exit"": ""run"", ""open_trade"": false, ""vwap"": true, ""legs"": false, ""leg_max"": 6, ""rev_mode"": ""disp_fv"", ""wait_open"": false, ""maxpos"": 3, ""stack_trig"": ""bos"", ""stack_size"": 0.5, ""ma"": 200, ""big_thr"": 8.0, ""big_sl"": 20.0, ""big_tp"": 52.0, ""std_sl"": 14.0, ""std_tp"": 24.0, ""leg_gap"": 4.0, ""leg_sl"": 14.0, ""leg_tp"": 24.0, ""min_fv"": 60.0, ""min_bos"": 0.0, ""disp_pts"": 8.0, ""stack_gap"": 6.0}",1.054,0.152,-1.0,0.152,153,0.44,40.89,0.2672,1.35,1.054,4.53,36.35,-32.86
LDN,"{""offset"": 0, ""window"": 90, ""exit"": ""run"", ""open_trade"": false, ""vwap"": true, ""legs"": false, ""leg_max"": 2, ""rev_mode"": ""disp_fv"", ""wait_open"": true, ""maxpos"": 3, ""stack_trig"": ""bos"", ""stack_size"": 1.0, ""ma"": 200, ""big_thr"": 4.0, ""big_sl"": 12.0, ""big_tp"": 40.0, ""std_sl"": 14.0, ""std_tp"": 20.0, ""leg_gap"": 6.0, ""leg_sl"": 14.0, ""leg_tp"": 24.0, ""min_fv"": 60.0, ""min_bos"": 4.0, ""disp_pts"": 6.0, ""stack_gap"": 8.0}",0.976,0.692,-1.0,0.692,147,0.42,45.26,0.3079,1.337,0.976,4.88,40.39,-29.91
LDN,"{""offset"": 0, ""window"": 90, ""exit"": ""run"", ""open_trade"": false, ""vwap"": false, ""legs"": false, ""leg_max"": 1, ""rev_mode"": ""disp_fv"", ""wait_open"": true, ""maxpos"": 1, ""stack_trig"": ""bos"", ""stack_size"": 0.5, ""ma"": 200, ""big_thr"": 8.0, ""big_sl"": 14.0, ""big_tp"": 60.0, ""std_sl"": 14.0, ""std_tp"": 14.0, ""leg_gap"": 6.0, ""leg_sl"": 14.0, ""leg_tp"": 24.0, ""min_fv"": 60.0, ""min_bos"": 2.0, ""disp_pts"": 8.0, ""stack_gap"": 6.0}",0.603,-0.069,-1.0,-0.069,95,0.27,16.52,0.1739,1.187,0.603,0.44,16.08,-25.2
LDN,"{""offset"": 0, ""window"": 90, ""exit"": ""run"", ""open_trade"": false, ""vwap"": true, ""legs"": false, ""leg_max"": 6, ""rev_mode"": ""disp_fv"", ""wait_open"": false, ""maxpos"": 2, ""stack_trig"": ""fvg"", ""stack_size"": 1.0, ""ma"": 100, ""big_thr"": 8.0, ""big_sl"": 12.0, ""big_tp"": 46.0, ""std_sl"": 10.0, ""std_tp"": 20.0, ""leg_gap"": 4.0, ""leg_sl"": 14.0, ""leg_tp"": 36.0, ""min_fv"": 60.0, ""min_bos"": 4.0, ""disp_pts"": 6.0, ""stack_gap"": 6.0}",0.536,-0.239,-1.0,-0.239,88,0.25,15.65,0.1778,1.169,0.536,4.12,11.52,-25.92
LDN,"{""offset"": 0, ""window"": 60, ""exit"": ""run"", ""open_trade"": false, ""vwap"": false, ""legs"": true, ""leg_max"": 2, ""rev_mode"": ""disp_fv"", ""wait_open"": true, ""maxpos"": 3, ""stack_trig"": ""bos"", ""stack_size"": 1.0, ""ma"": 200, ""big_thr"": 6.0, ""big_sl"": 16.0, ""big_tp"": 46.0, ""std_sl"": 8.0, ""std_tp"": 24.0, ""leg_gap"": 4.0, ""leg_sl"": 10.0, ""leg_tp"": 46.0, ""min_fv"": 60.0, ""min_bos"": 2.0, ""disp_pts"": 6.0, ""stack_gap"": 8.0}",0.484,0.114,-1.0,0.114,95,0.27,22.71,0.2391,1.216,0.484,5.66,17.05,-24.81
LDN,"{""offset"": 0, ""window"": 90, ""exit"": ""run"", ""open_trade"": false, ""vwap"": true, ""legs"": false, ""leg_max"": 6, ""rev_mode"": ""disp_fv"", ""wait_open"": true, ""maxpos"": 2, ""stack_trig"": ""bos"", ""stack_size"": 0.5, ""ma"": 100, ""big_thr"": 6.0, ""big_sl"": 16.0, ""big_tp"": 32.0, ""std_sl"": 8.0, ""std_tp"": 14.0, ""leg_gap"": 6.0, ""leg_sl"": 14.0, ""leg_tp"": 46.0, ""min_fv"": 50.0, ""min_bos"": 4.0, ""disp_pts"": 6.0, ""stack_gap"": 4.0}",0.395,-0.197,-1.0,-0.197,161,0.46,17.59,0.1092,1.112,0.395,4.55,13.03,-39.99
LDN,"{""offset"": 0, ""window"": 120, ""exit"": ""run"", ""open_trade"": false, ""vwap"": true, ""legs"": false, ""leg_max"": 6, ""rev_mode"": ""disp_fv"", ""wait_open"": false, ""maxpos"": 2, ""stack_trig"": ""bos"", ""stack_size"": 1.0, ""ma"": 100, ""big_thr"": 8.0, ""big_sl"": 12.0, ""big_tp"": 32.0, ""std_sl"": 14.0, ""std_tp"": 14.0, ""leg_gap"": 4.0, ""leg_sl"": 14.0, ""leg_tp"": 24.0, ""min_fv"": 60.0, ""min_bos"": 8.0, ""disp_pts"": 10.0, ""stack_gap"": 4.0}",0.115,-0.634,-1.0,-0.634,87,0.25,3.35,0.0385,1.04,0.115,1.29,2.05,-24.21
LDN,"{""offset"": 0, ""window"": 120, ""exit"": ""hard"", ""open_trade"": false, ""vwap"": false, ""legs"": false, ""leg_max"": 6, ""rev_mode"": ""disp_fv"", ""wait_open"": true, ""maxpos"": 3, ""stack_trig"": ""both"", ""stack_size"": 0.5, ""ma"": 100, ""big_thr"": 4.0, ""big_sl"": 16.0, ""big_tp"": 46.0, ""std_sl"": 14.0, ""std_tp"": 12.0, ""leg_gap"": 8.0, ""leg_sl"": 10.0, ""leg_tp"": 56.0, ""min_fv"": 60.0, ""min_bos"": 4.0, ""disp_pts"": 12.0, ""stack_gap"": 4.0}",0.024,-0.408,-1.0,-0.408,95,0.27,0.38,0.004,1.007,0.024,0.17,0.21,-15.11
NY,"{""offset"": 0, ""window"": 60, ""exit"": ""hard"", ""open_trade"": true, ""vwap"": true, ""legs"": true, ""leg_max"": 4, ""rev_mode"": ""off"", ""wait_open"": true, ""maxpos"": 3, ""stack_trig"": ""fvg"", ""stack_size"": 0.5, ""ma"": 50, ""big_thr"": 10.0, ""big_sl"": 30.0, ""big_tp"": 115.0, ""std_sl"": 20.0, ""std_tp"": 35.0, ""leg_gap"": 25.0, ""leg_sl"": 35.0, ""leg_tp"": 115.0, ""min_fv"": 80.0, ""min_bos"": 10.0, ""disp_pts"": 20.0, ""stack_gap"": 10.0}",3.437,2.782,-1.0,2.782,229,0.65,115.26,0.5033,1.761,3.437,68.86,46.4,-12.29
NY,"{""offset"": 0, ""window"": 60, ""exit"": ""hard"", ""open_trade"": true, ""vwap"": true, ""legs"": true, ""leg_max"": 2, ""rev_mode"": ""off"", ""wait_open"": true, ""maxpos"": 2, ""stack_trig"": ""fvg"", ""stack_size"": 0.5, ""ma"": 100, ""big_thr"": 10.0, ""big_sl"": 30.0, ""big_tp"": 115.0, ""std_sl"": 35.0, ""std_tp"": 42.0, ""leg_gap"": 10.0, ""leg_sl"": 45.0, ""leg_tp"": 140.0, ""min_fv"": 100.0, ""min_bos"": 0.0, ""disp_pts"": 20.0, ""stack_gap"": 15.0}",3.431,3.063,-1.0,3.063,260,0.74,125.65,0.4833,1.741,3.431,72.47,53.18,-12.1
NY,"{""offset"": 0, ""window"": 120, ""exit"": ""hard"", ""open_trade"": true, ""vwap"": true, ""legs"": true, ""leg_max"": 2, ""rev_mode"": ""std"", ""wait_open"": true, ""maxpos"": 3, ""stack_trig"": ""both"", ""stack_size"": 0.5, ""ma"": 100, ""big_thr"": 10.0, ""big_sl"": 25.0, ""big_tp"": 100.0, ""std_sl"": 25.0, ""std_tp"": 60.0, ""leg_gap"": 15.0, ""leg_sl"": 25.0, ""leg_tp"": 115.0, ""min_fv"": 200.0, ""min_bos"": 20.0, ""disp_pts"": 40.0, ""stack_gap"": 20.0}",3.429,2.959,-1.0,2.959,447,1.27,152.14,0.3404,1.551,3.429,103.97,48.17,-12.29
NY,"{""offset"": 0, ""window"": 150, ""exit"": ""hard"", ""open_trade"": true, ""vwap"": true, ""legs"": true, ""leg_max"": 4, ""rev_mode"": ""off"", ""wait_open"": false, ""maxpos"": 3, ""stack_trig"": ""bos"", ""stack_size"": 1.0, ""ma"": 100, ""big_thr"": 15.0, ""big_sl"": 30.0, ""big_tp"": 115.0, ""std_sl"": 20.0, ""std_tp"": 35.0, ""leg_gap"": 15.0, ""leg_sl"": 25.0, ""leg_tp"": 140.0, ""min_fv"": 200.0, ""min_bos"": 10.0, ""disp_pts"": 40.0, ""stack_gap"": 20.0}",3.388,2.818,-1.0,2.818,250,0.71,134.15,0.5366,1.76,3.388,78.54,55.61,-12.17
NY,"{""offset"": 0, ""window"": 60, ""exit"": ""hard"", ""open_trade"": true, ""vwap"": true, ""legs"": true, ""leg_max"": 4, ""rev_mode"": ""off"", ""wait_open"": true, ""maxpos"": 3, ""stack_trig"": ""fvg"", ""stack_size"": 1.0, ""ma"": 200, ""big_thr"": 15.0, ""big_sl"": 25.0, ""big_tp"": 115.0, ""std_sl"": 15.0, ""std_tp"": 42.0, ""leg_gap"": 15.0, ""leg_sl"": 45.0, ""leg_tp"": 115.0, ""min_fv"": 40.0, ""min_bos"": 10.0, ""disp_pts"": 15.0, ""stack_gap"": 10.0}",3.379,2.822,-1.0,2.822,275,0.78,141.94,0.5162,1.728,3.379,71.36,70.58,-13.65
NY,"{""offset"": 0, ""window"": 120, ""exit"": ""run"", ""open_trade"": true, ""vwap"": true, ""legs"": true, ""leg_max"": 4, ""rev_mode"": ""off"", ""wait_open"": true, ""maxpos"": 2, ""stack_trig"": ""bos"", ""stack_size"": 1.0, ""ma"": 50, ""big_thr"": 25.0, ""big_sl"": 25.0, ""big_tp"": 115.0, ""std_sl"": 30.0, ""std_tp"": 50.0, ""leg_gap"": 20.0, ""leg_sl"": 35.0, ""leg_tp"": 140.0, ""min_fv"": 60.0, ""min_bos"": 20.0, ""disp_pts"": 40.0, ""stack_gap"": 15.0}",3.363,2.865,-1.0,2.865,233,0.66,133.84,0.5744,1.812,3.363,76.02,57.83,-9.65
NY,"{""offset"": 0, ""window"": 150, ""exit"": ""hard"", ""open_trade"": true, ""vwap"": true, ""legs"": true, ""leg_max"": 4, ""rev_mode"": ""off"", ""wait_open"": false, ""maxpos"": 1, ""stack_trig"": ""bos"", ""stack_size"": 1.0, ""ma"": 50, ""big_thr"": 15.0, ""big_sl"": 25.0, ""big_tp"": 115.0, ""std_sl"": 15.0, ""std_tp"": 60.0, ""leg_gap"": 15.0, ""leg_sl"": 45.0, ""leg_tp"": 60.0, ""min_fv"": 150.0, ""min_bos"": 0.0, ""disp_pts"": 25.0, ""stack_gap"": 20.0}",3.355,2.764,-1.0,2.764,240,0.68,133.04,0.5543,1.766,3.355,75.53,57.51,-9.66
NY,"{""offset"": 0, ""window"": 60, ""exit"": ""hard"", ""open_trade"": true, ""vwap"": true, ""legs"": false, ""leg_max"": 2, ""rev_mode"": ""disp_fv"", ""wait_open"": true, ""maxpos"": 2, ""stack_trig"": ""both"", ""stack_size"": 1.0, ""ma"": 100, ""big_thr"": 20.0, ""big_sl"": 25.0, ""big_tp"": 130.0, ""std_sl"": 20.0, ""std_tp"": 60.0, ""leg_gap"": 20.0, ""leg_sl"": 45.0, ""leg_tp"": 90.0, ""min_fv"": 200.0, ""min_bos"": 15.0, ""disp_pts"": 20.0, ""stack_gap"": 20.0}",3.351,2.665,-1.0,2.665,261,0.74,137.5,0.5268,1.717,3.351,75.01,62.49,-17.88
NY,"{""offset"": 0, ""window"": 120, ""exit"": ""run"", ""open_trade"": true, ""vwap"": true, ""legs"": true, ""leg_max"": 1, ""rev_mode"": ""off"", ""wait_open"": true, ""maxpos"": 2, ""stack_trig"": ""bos"", ""stack_size"": 0.5, ""ma"": 50, ""big_thr"": 25.0, ""big_sl"": 25.0, ""big_tp"": 115.0, ""std_sl"": 30.0, ""std_tp"": 50.0, ""leg_gap"": 15.0, ""leg_sl"": 35.0, ""leg_tp"": 90.0, ""min_fv"": 40.0, ""min_bos"": 15.0, ""disp_pts"": 40.0, ""stack_gap"": 15.0}",3.349,3.035,-1.0,3.035,238,0.68,130.72,0.5493,1.783,3.349,73.24,57.49,-10.43
NY,"{""offset"": 0, ""window"": 60, ""exit"": ""hard"", ""open_trade"": true, ""vwap"": true, ""legs"": true, ""leg_max"": 2, ""rev_mode"": ""off"", ""wait_open"": true, ""maxpos"": 2, ""stack_trig"": ""both"", ""stack_size"": 1.0, ""ma"": 100, ""big_thr"": 10.0, ""big_sl"": 25.0, ""big_tp"": 130.0, ""std_sl"": 25.0, ""std_tp"": 30.0, ""leg_gap"": 15.0, ""leg_sl"": 45.0, ""leg_tp"": 140.0, ""min_fv"": 80.0, ""min_bos"": 5.0, ""disp_pts"": 15.0, ""stack_gap"": 15.0}",3.328,2.652,-1.0,2.652,250,0.71,140.62,0.5625,1.792,3.328,76.59,64.04,-11.76
NY,"{""offset"": 0, ""window"": 150, ""exit"": ""hard"", ""open_trade"": true, ""vwap"": true, ""legs"": true, ""leg_max"": 6, ""rev_mode"": ""off"", ""wait_open"": true, ""maxpos"": 1, ""stack_trig"": ""fvg"", ""stack_size"": 0.5, ""ma"": 100, ""big_thr"": 15.0, ""big_sl"": 25.0, ""big_tp"": 115.0, ""std_sl"": 25.0, ""std_tp"": 35.0, ""leg_gap"": 20.0, ""leg_sl"": 35.0, ""leg_tp"": 115.0, ""min_fv"": 150.0, ""min_bos"": 5.0, ""disp_pts"": 40.0, ""stack_gap"": 15.0}",3.326,2.986,-1.0,2.986,242,0.69,135.1,0.5583,1.75,3.326,75.96,59.15,-11.53
NY,"{""offset"": 0, ""window"": 60, ""exit"": ""hard"", ""open_trade"": true, ""vwap"": true, ""legs"": true, ""leg_max"": 4, ""rev_mode"": ""mixed"", ""wait_open"": true, ""maxpos"": 3, ""stack_trig"": ""bos"", ""stack_size"": 0.5, ""ma"": 100, ""big_thr"": 10.0, ""big_sl"": 25.0, ""big_tp"": 150.0, ""std_sl"": 35.0, ""std_tp"": 60.0, ""leg_gap"": 15.0, ""leg_sl"": 45.0, ""leg_tp"": 90.0, ""min_fv"": 200.0, ""min_bos"": 20.0, ""disp_pts"": 20.0, ""stack_gap"": 10.0}",3.322,2.986,-1.0,2.986,294,0.84,144.71,0.4922,1.73,3.322,82.65,62.06,-14.85
NY,"{""offset"": 0, ""window"": 90, ""exit"": ""hard"", ""open_trade"": true, ""vwap"": true, ""legs"": true, ""leg_max"": 4, ""rev_mode"": ""mixed"", ""wait_open"": true, ""maxpos"": 1, ""stack_trig"": ""fvg"", ""stack_size"": 0.5, ""ma"": 50, ""big_thr"": 10.0, ""big_sl"": 25.0, ""big_tp"": 100.0, ""std_sl"": 25.0, ""std_tp"": 50.0, ""leg_gap"": 25.0, ""leg_sl"": 25.0, ""leg_tp"": 115.0, ""min_fv"": 200.0, ""min_bos"": 20.0, ""disp_pts"": 40.0, ""stack_gap"": 15.0}",3.302,3.226,2.856,3.226,287,0.82,125.52,0.4374,1.626,3.302,81.47,44.05,-12.15
NY,"{""offset"": 0, ""window"": 120, ""exit"": ""hard"", ""open_trade"": true, ""vwap"": true, ""legs"": true, ""leg_max"": 6, ""rev_mode"": ""off"", ""wait_open"": false, ""maxpos"": 1, ""stack_trig"": ""fvg"", ""stack_size"": 1.0, ""ma"": 200, ""big_thr"": 15.0, ""big_sl"": 25.0, ""big_tp"": 115.0, ""std_sl"": 30.0, ""std_tp"": 30.0, ""leg_gap"": 15.0, ""leg_sl"": 25.0, ""leg_tp"": 140.0, ""min_fv"": 150.0, ""min_bos"": 0.0, ""disp_pts"": 15.0, ""stack_gap"": 15.0}",3.292,2.93,-1.0,2.93,275,0.78,153.38,0.5577,1.748,3.292,77.35,76.03,-13.72
NY,"{""offset"": 0, ""window"": 150, ""exit"": ""hard"", ""open_trade"": true, ""vwap"": true, ""legs"": true, ""leg_max"": 6, ""rev_mode"": ""off"", ""wait_open"": true, ""maxpos"": 1, ""stack_trig"": ""both"", ""stack_size"": 1.0, ""ma"": 50, ""big_thr"": 15.0, ""big_sl"": 25.0, ""big_tp"": 100.0, ""std_sl"": 20.0, ""std_tp"": 60.0, ""leg_gap"": 20.0, ""leg_sl"": 35.0, ""leg_tp"": 115.0, ""min_fv"": 100.0, ""min_bos"": 15.0, ""disp_pts"": 15.0, ""stack_gap"": 15.0}",3.292,2.724,-1.0,2.724,233,0.66,123.76,0.5312,1.735,3.292,74.54,49.22,-10.04
NY,"{""offset"": 0, ""window"": 120, ""exit"": ""run"", ""open_trade"": true, ""vwap"": true, ""legs"": true, ""leg_max"": 2, ""rev_mode"": ""std"", ""wait_open"": false, ""maxpos"": 1, ""stack_trig"": ""fvg"", ""stack_size"": 0.5, ""ma"": 100, ""big_thr"": 10.0, ""big_sl"": 25.0, ""big_tp"": 115.0, ""std_sl"": 35.0, ""std_tp"": 30.0, ""leg_gap"": 20.0, ""leg_sl"": 45.0, ""leg_tp"": 90.0, ""min_fv"": 200.0, ""min_bos"": 5.0, ""disp_pts"": 20.0, ""stack_gap"": 20.0}",3.291,2.616,-1.0,2.616,447,1.27,137.03,0.3066,1.506,3.291,76.91,60.13,-11.52
NY,"{""offset"": 0, ""window"": 120, ""exit"": ""hard"", ""open_trade"": true, ""vwap"": true, ""legs"": true, ""leg_max"": 4, ""rev_mode"": ""off"", ""wait_open"": true, ""maxpos"": 1, ""stack_trig"": ""both"", ""stack_size"": 0.5, ""ma"": 50, ""big_thr"": 15.0, ""big_sl"": 35.0, ""big_tp"": 115.0, ""std_sl"": 20.0, ""std_tp"": 35.0, ""leg_gap"": 20.0, ""leg_sl"": 35.0, ""leg_tp"": 115.0, ""min_fv"": 100.0, ""min_bos"": 20.0, ""disp_pts"": 15.0, ""stack_gap"": 20.0}",3.282,2.65,-1.0,2.65,233,0.66,106.49,0.457,1.703,3.282,65.76,40.72,-8.03
NY,"{""offset"": 0, ""window"": 120, ""exit"": ""run"", ""open_trade"": true, ""vwap"": true, ""legs"": true, ""leg_max"": 6, ""rev_mode"": ""off"", ""wait_open"": true, ""maxpos"": 1, ""stack_trig"": ""both"", ""stack_size"": 0.5, ""ma"": 50, ""big_thr"": 15.0, ""big_sl"": 30.0, ""big_tp"": 115.0, ""std_sl"": 20.0, ""std_tp"": 60.0, ""leg_gap"": 15.0, ""leg_sl"": 35.0, ""leg_tp"": 140.0, ""min_fv"": 40.0, ""min_bos"": 5.0, ""disp_pts"": 30.0, ""stack_gap"": 15.0}",3.279,2.427,-1.0,2.427,240,0.68,126.3,0.5262,1.744,3.279,74.28,52.02,-11.1
NY,"{""offset"": 0, ""window"": 150, ""exit"": ""hard"", ""open_trade"": true, ""vwap"": true, ""legs"": true, ""leg_max"": 6, ""rev_mode"": ""off"", ""wait_open"": false, ""maxpos"": 1, ""stack_trig"": ""fvg"", ""stack_size"": 0.5, ""ma"": 100, ""big_thr"": 10.0, ""big_sl"": 25.0, ""big_tp"": 100.0, ""std_sl"": 35.0, ""std_tp"": 50.0, ""leg_gap"": 15.0, ""leg_sl"": 25.0, ""leg_tp"": 140.0, ""min_fv"": 80.0, ""min_bos"": 10.0, ""disp_pts"": 40.0, ""stack_gap"": 10.0}",3.276,2.713,-1.0,2.713,250,0.71,133.92,0.5357,1.73,3.276,78.97,54.95,-12.17
NY,"{""offset"": 0, ""window"": 60, ""exit"": ""hard"", ""open_trade"": true, ""vwap"": true, ""legs"": false, ""leg_max"": 4, ""rev_mode"": ""off"", ""wait_open"": true, ""maxpos"": 1, ""stack_trig"": ""both"", ""stack_size"": 1.0, ""ma"": 50, ""big_thr"": 15.0, ""big_sl"": 35.0, ""big_tp"": 115.0, ""std_sl"": 25.0, ""std_tp"": 35.0, ""leg_gap"": 20.0, ""leg_sl"": 25.0, ""leg_tp"": 60.0, ""min_fv"": 60.0, ""min_bos"": 20.0, ""disp_pts"": 15.0, ""stack_gap"": 10.0}",3.273,3.151,2.741,3.151,223,0.64,94.04,0.4217,1.669,3.273,56.72,37.32,-8.24
NY,"{""offset"": 0, ""window"": 60, ""exit"": ""hard"", ""open_trade"": true, ""vwap"": true, ""legs"": true, ""leg_max"": 6, ""rev_mode"": ""off"", ""wait_open"": false, ""maxpos"": 2, ""stack_trig"": ""fvg"", ""stack_size"": 0.5, ""ma"": 50, ""big_thr"": 10.0, ""big_sl"": 25.0, ""big_tp"": 115.0, ""std_sl"": 25.0, ""std_tp"": 60.0, ""leg_gap"": 10.0, ""leg_sl"": 25.0, ""leg_tp"": 60.0, ""min_fv"": 40.0, ""min_bos"": 10.0, ""disp_pts"": 15.0, ""stack_gap"": 15.0}",3.269,2.543,-1.0,2.543,250,0.71,129.35,0.5174,1.731,3.269,71.89,57.46,-12.99
NY,"{""offset"": 0, ""window"": 60, ""exit"": ""hard"", ""open_trade"": true, ""vwap"": true, ""legs"": true, ""leg_max"": 2, ""rev_mode"": ""std"", ""wait_open"": true, ""maxpos"": 3, ""stack_trig"": ""fvg"", ""stack_size"": 1.0, ""ma"": 100, ""big_thr"": 15.0, ""big_sl"": 25.0, ""big_tp"": 115.0, ""std_sl"": 30.0, ""std_tp"": 60.0, ""leg_gap"": 25.0, ""leg_sl"": 45.0, ""leg_tp"": 60.0, ""min_fv"": 150.0, ""min_bos"": 20.0, ""disp_pts"": 20.0, ""stack_gap"": 20.0}",3.259,2.686,-1.0,2.686,317,0.9,126.58,0.3993,1.574,3.259,75.37,51.21,-14.22
NY,"{""offset"": 0, ""window"": 150, ""exit"": ""hard"", ""open_trade"": true, ""vwap"": true, ""legs"": false, ""leg_max"": 4, ""rev_mode"": ""off"", ""wait_open"": false, ""maxpos"": 3, ""stack_trig"": ""fvg"", ""stack_size"": 1.0, ""ma"": 100, ""big_thr"": 20.0, ""big_sl"": 25.0, ""big_tp"": 115.0, ""std_sl"": 35.0, ""std_tp"": 35.0, ""leg_gap"": 25.0, ""leg_sl"": 45.0, ""leg_tp"": 140.0, ""min_fv"": 125.0, ""min_bos"": 5.0, ""disp_pts"": 15.0, ""stack_gap"": 10.0}",3.244,2.663,-1.0,2.663,230,0.66,121.11,0.5266,1.724,3.244,63.83,57.28,-10.09
NY,"{""offset"": 0, ""window"": 60, ""exit"": ""hard"", ""open_trade"": true, ""vwap"": true, ""legs"": false, ""leg_max"": 1, ""rev_mode"": ""off"", ""wait_open"": false, ""maxpos"": 2, ""stack_trig"": ""bos"", ""stack_size"": 1.0, ""ma"": 50, ""big_thr"": 15.0, ""big_sl"": 30.0, ""big_tp"": 130.0, ""std_sl"": 15.0, ""std_tp"": 35.0, ""leg_gap"": 20.0, ""leg_sl"": 45.0, ""leg_tp"": 115.0, ""min_fv"": 40.0, ""min_bos"": 10.0, ""disp_pts"": 30.0, ""stack_gap"": 10.0}",3.23,2.572,-1.0,2.572,223,0.64,107.72,0.4831,1.711,3.23,62.19,45.54,-12.32
NY,"{""offset"": 0, ""window"": 150, ""exit"": ""hard"", ""open_trade"": true, ""vwap"": true, ""legs"": true, ""leg_max"": 2, ""rev_mode"": ""off"", ""wait_open"": true, ""maxpos"": 1, ""stack_trig"": ""bos"", ""stack_size"": 0.5, ""ma"": 50, ""big_thr"": 10.0, ""big_sl"": 25.0, ""big_tp"": 150.0, ""std_sl"": 20.0, ""std_tp"": 42.0, ""leg_gap"": 15.0, ""leg_sl"": 35.0, ""leg_tp"": 140.0, ""min_fv"": 200.0, ""min_bos"": 20.0, ""disp_pts"": 20.0, ""stack_gap"": 15.0}",3.222,2.893,-1.0,2.893,240,0.68,155.39,0.6474,1.842,3.222,86.99,68.4,-13.43
NY,"{""offset"": 0, ""window"": 90, ""exit"": ""run"", ""open_trade"": true, ""vwap"": true, ""legs"": false, ""leg_max"": 1, ""rev_mode"": ""off"", ""wait_open"": false, ""maxpos"": 2, ""stack_trig"": ""fvg"", ""stack_size"": 1.0, ""ma"": 100, ""big_thr"": 15.0, ""big_sl"": 25.0, ""big_tp"": 115.0, ""std_sl"": 25.0, ""std_tp"": 50.0, ""leg_gap"": 15.0, ""leg_sl"": 45.0, ""leg_tp"": 60.0, ""min_fv"": 125.0, ""min_bos"": 20.0, ""disp_pts"": 40.0, ""stack_gap"": 20.0}",3.221,3.129,2.57,3.129,230,0.66,123.62,0.5375,1.711,3.221,65.46,58.16,-9.66
NY,"{""offset"": 0, ""window"": 120, ""exit"": ""hard"", ""open_trade"": true, ""vwap"": true, ""legs"": false, ""leg_max"": 2, ""rev_mode"": ""mixed"", ""wait_open"": true, ""maxpos"": 1, ""stack_trig"": ""fvg"", ""stack_size"": 1.0, ""ma"": 200, ""big_thr"": 10.0, ""big_sl"": 25.0, ""big_tp"": 100.0, ""std_sl"": 35.0, ""std_tp"": 50.0, ""leg_gap"": 15.0, ""leg_sl"": 35.0, ""leg_tp"": 90.0, ""min_fv"": 200.0, ""min_bos"": 20.0, ""disp_pts"": 30.0, ""stack_gap"": 10.0}",3.216,3.141,2.472,3.141,359,1.02,125.98,0.3509,1.52,3.216,77.94,48.05,-20.21
NY,"{""offset"": 0, ""window"": 150, ""exit"": ""hard"", ""open_trade"": true, ""vwap"": true, ""legs"": true, ""leg_max"": 1, ""rev_mode"": ""off"", ""wait_open"": true, ""maxpos"": 2, ""stack_trig"": ""both"", ""stack_size"": 1.0, ""ma"": 50, ""big_thr"": 10.0, ""big_sl"": 40.0, ""big_tp"": 150.0, ""std_sl"": 15.0, ""std_tp"": 60.0, ""leg_gap"": 15.0, ""leg_sl"": 35.0, ""leg_tp"": 140.0, ""min_fv"": 125.0, ""min_bos"": 5.0, ""disp_pts"": 25.0, ""stack_gap"": 20.0}",3.211,2.63,-1.0,2.63,238,0.68,115.82,0.4867,1.745,3.211,72.63,43.19,-8.74
NY,"{""offset"": 0, ""window"": 60, ""exit"": ""hard"", ""open_trade"": true, ""vwap"": true, ""legs"": false, ""leg_max"": 2, ""rev_mode"": ""std"", ""wait_open"": false, ""maxpos"": 3, ""stack_trig"": ""bos"", ""stack_size"": 0.5, ""ma"": 100, ""big_thr"": 20.0, ""big_sl"": 30.0, ""big_tp"": 115.0, ""std_sl"": 25.0, ""std_tp"": 60.0, ""leg_gap"": 25.0, ""leg_sl"": 35.0, ""leg_tp"": 140.0, ""min_fv"": 200.0, ""min_bos"": 15.0, ""disp_pts"": 25.0, ""stack_gap"": 10.0}",3.208,2.84,-1.0,2.84,297,0.85,112.17,0.3777,1.591,3.208,69.8,42.37,-15.89
NY,"{""offset"": 0, ""window"": 60, ""exit"": ""hard"", ""open_trade"": true, ""vwap"": true, ""legs"": true, ""leg_max"": 6, ""rev_mode"": ""mixed"", ""wait_open"": false, ""maxpos"": 3, ""stack_trig"": ""fvg"", ""stack_size"": 0.5, ""ma"": 100, ""big_thr"": 15.0, ""big_sl"": 30.0, ""big_tp"": 100.0, ""std_sl"": 25.0, ""std_tp"": 50.0, ""leg_gap"": 20.0, ""leg_sl"": 45.0, ""leg_tp"": 140.0, ""min_fv"": 200.0, ""min_bos"": 10.0, ""disp_pts"": 30.0, ""stack_gap"": 15.0}",3.204,2.854,-1.0,2.854,292,0.83,112.41,0.385,1.594,3.204,82.44,29.97,-19.08
NY,"{""offset"": 0, ""window"": 60, ""exit"": ""run"", ""open_trade"": true, ""vwap"": true, ""legs"": true, ""leg_max"": 2, ""rev_mode"": ""off"", ""wait_open"": true, ""maxpos"": 2, ""stack_trig"": ""bos"", ""stack_size"": 0.5, ""ma"": 50, ""big_thr"": 20.0, ""big_sl"": 25.0, ""big_tp"": 115.0, ""std_sl"": 30.0, ""std_tp"": 42.0, ""leg_gap"": 10.0, ""leg_sl"": 45.0, ""leg_tp"": 140.0, ""min_fv"": 100.0, ""min_bos"": 15.0, ""disp_pts"": 30.0, ""stack_gap"": 20.0}",3.199,2.578,-1.0,2.578,250,0.71,134.86,0.5394,1.746,3.199,73.62,61.24,-10.7
NY,"{""offset"": 0, ""window"": 150, ""exit"": ""run"", ""open_trade"": true, ""vwap"": true, ""legs"": true, ""leg_max"": 2, ""rev_mode"": ""off"", ""wait_open"": true, ""maxpos"": 2, ""stack_trig"": ""bos"", ""stack_size"": 1.0, ""ma"": 100, ""big_thr"": 20.0, ""big_sl"": 25.0, ""big_tp"": 115.0, ""std_sl"": 20.0, ""std_tp"": 50.0, ""leg_gap"": 20.0, ""leg_sl"": 35.0, ""leg_tp"": 60.0, ""min_fv"": 80.0, ""min_bos"": 10.0, ""disp_pts"": 40.0, ""stack_gap"": 10.0}",3.193,2.624,-1.0,2.624,242,0.69,125.91,0.5203,1.706,3.193,61.8,64.11,-11.55
NY,"{""offset"": 0, ""window"": 60, ""exit"": ""hard"", ""open_trade"": true, ""vwap"": true, ""legs"": true, ""leg_max"": 6, ""rev_mode"": ""disp_fv"", ""wait_open"": true, ""maxpos"": 1, ""stack_trig"": ""bos"", ""stack_size"": 0.5, ""ma"": 100, ""big_thr"": 15.0, ""big_sl"": 30.0, ""big_tp"": 115.0, ""std_sl"": 30.0, ""std_tp"": 60.0, ""leg_gap"": 20.0, ""leg_sl"": 25.0, ""leg_tp"": 90.0, ""min_fv"": 60.0, ""min_bos"": 20.0, ""disp_pts"": 25.0, ""stack_gap"": 10.0}",3.192,2.949,0.658,2.949,318,0.91,122.92,0.3865,1.573,3.192,73.48,49.44,-26.37
NY,"{""offset"": 0, ""window"": 60, ""exit"": ""hard"", ""open_trade"": true, ""vwap"": true, ""legs"": true, ""leg_max"": 2, ""rev_mode"": ""disp_fv"", ""wait_open"": false, ""maxpos"": 2, ""stack_trig"": ""fvg"", ""stack_size"": 0.5, ""ma"": 50, ""big_thr"": 10.0, ""big_sl"": 35.0, ""big_tp"": 150.0, ""std_sl"": 35.0, ""std_tp"": 30.0, ""leg_gap"": 15.0, ""leg_sl"": 35.0, ""leg_tp"": 90.0, ""min_fv"": 200.0, ""min_bos"": 10.0, ""disp_pts"": 30.0, ""stack_gap"": 20.0}",3.19,2.871,-1.0,2.871,255,0.73,112.83,0.4425,1.692,3.19,69.85,42.98,-12.23
NY,"{""offset"": 0, ""window"": 120, ""exit"": ""run"", ""open_trade"": true, ""vwap"": true, ""legs"": false, ""leg_max"": 2, ""rev_mode"": ""off"", ""wait_open"": true, ""maxpos"": 2, ""stack_trig"": ""fvg"", ""stack_size"": 1.0, ""ma"": 50, ""big_thr"": 15.0, ""big_sl"": 25.0, ""big_tp"": 115.0, ""std_sl"": 15.0, ""std_tp"": 42.0, ""leg_gap"": 20.0, ""leg_sl"": 45.0, ""leg_tp"": 140.0, ""min_fv"": 60.0, ""min_bos"": 15.0, ""disp_pts"": 25.0, ""stack_gap"": 20.0}",3.187,2.907,-1.0,2.907,223,0.64,120.59,0.5407,1.715,3.187,65.41,55.18,-9.66
NY,"{""offset"": 0, ""window"": 120, ""exit"": ""hard"", ""open_trade"": true, ""vwap"": true, ""legs"": true, ""leg_max"": 2, ""rev_mode"": ""off"", ""wait_open"": false, ""maxpos"": 2, ""stack_trig"": ""both"", ""stack_size"": 0.5, ""ma"": 100, ""big_thr"": 25.0, ""big_sl"": 25.0, ""big_tp"": 115.0, ""std_sl"": 20.0, ""std_tp"": 35.0, ""leg_gap"": 20.0, ""leg_sl"": 45.0, ""leg_tp"": 140.0, ""min_fv"": 80.0, ""min_bos"": 15.0, ""disp_pts"": 30.0, ""stack_gap"": 15.0}",3.184,3.155,2.795,3.155,242,0.69,122.95,0.5081,1.714,3.184,70.91,52.04,-11.52
NY,"{""offset"": 0, ""window"": 90, ""exit"": ""hard"", ""open_trade"": true, ""vwap"": true, ""legs"": false, ""leg_max"": 2, ""rev_mode"": ""disp_fv"", ""wait_open"": false, ""maxpos"": 3, ""stack_trig"": ""fvg"", ""stack_size"": 1.0, ""ma"": 50, ""big_thr"": 20.0, ""big_sl"": 30.0, ""big_tp"": 115.0, ""std_sl"": 35.0, ""std_tp"": 50.0, ""leg_gap"": 15.0, ""leg_sl"": 35.0, ""leg_tp"": 115.0, ""min_fv"": 200.0, ""min_bos"": 10.0, ""disp_pts"": 25.0, ""stack_gap"": 20.0}",3.176,2.615,-1.0,2.615,262,0.75,106.61,0.4069,1.606,3.176,64.96,41.65,-11.62
NY,"{""offset"": 0, ""window"": 60, ""exit"": ""hard"", ""open_trade"": true, ""vwap"": true, ""legs"": true, ""leg_max"": 2, ""rev_mode"": ""off"", ""wait_open"": true, ""maxpos"": 1, ""stack_trig"": ""bos"", ""stack_size"": 1.0, ""ma"": 50, ""big_thr"": 20.0, ""big_sl"": 30.0, ""big_tp"": 115.0, ""std_sl"": 30.0, ""std_tp"": 50.0, ""leg_gap"": 10.0, ""leg_sl"": 25.0, ""leg_tp"": 140.0, ""min_fv"": 40.0, ""min_bos"": 20.0, ""disp_pts"": 25.0, ""stack_gap"": 10.0}",3.174,2.875,-1.0,2.875,250,0.71,120.16,0.4807,1.717,3.174,65.64,54.52,-13.5
NY,"{""offset"": 0, ""window"": 120, ""exit"": ""hard"", ""open_trade"": true, ""vwap"": true, ""legs"": true, ""leg_max"": 1, ""rev_mode"": ""off"", ""wait_open"": false, ""maxpos"": 2, ""stack_trig"": ""both"", ""stack_size"": 0.5, ""ma"": 200, ""big_thr"": 10.0, ""big_sl"": 25.0, ""big_tp"": 115.0, ""std_sl"": 35.0, ""std_tp"": 30.0, ""leg_gap"": 20.0, ""leg_sl"": 35.0, ""leg_tp"": 90.0, ""min_fv"": 40.0, ""min_bos"": 20.0, ""disp_pts"": 20.0, ""stack_gap"": 10.0}",3.165,3.062,1.768,3.062,265,0.75,130.42,0.4921,1.661,3.165,69.38,61.04,-13.68
NY,"{""offset"": 0, ""window"": 150, ""exit"": ""hard"", ""open_trade"": true, ""vwap"": true, ""legs"": true, ""leg_max"": 1, ""rev_mode"": ""off"", ""wait_open"": false, ""maxpos"": 3, ""stack_trig"": ""fvg"", ""stack_size"": 0.5, ""ma"": 50, ""big_thr"": 10.0, ""big_sl"": 35.0, ""big_tp"": 115.0, ""std_sl"": 25.0, ""std_tp"": 42.0, ""leg_gap"": 20.0, ""leg_sl"": 45.0, ""leg_tp"": 60.0, ""min_fv"": 80.0, ""min_bos"": 5.0, ""disp_pts"": 20.0, ""stack_gap"": 10.0}",3.162,3.035,2.634,3.035,233,0.66,98.51,0.4228,1.645,3.162,60.36,38.15,-8.33
NY,"{""offset"": 0, ""window"": 90, ""exit"": ""hard"", ""open_trade"": true, ""vwap"": true, ""legs"": false, ""leg_max"": 2, ""rev_mode"": ""off"", ""wait_open"": true, ""maxpos"": 2, ""stack_trig"": ""both"", ""stack_size"": 0.5, ""ma"": 100, ""big_thr"": 20.0, ""big_sl"": 25.0, ""big_tp"": 115.0, ""std_sl"": 20.0, ""std_tp"": 35.0, ""leg_gap"": 25.0, ""leg_sl"": 35.0, ""leg_tp"": 115.0, ""min_fv"": 200.0, ""min_bos"": 5.0, ""disp_pts"": 40.0, ""stack_gap"": 20.0}",3.16,2.84,-1.0,2.84,230,0.66,116.39,0.5061,1.69,3.16,63.11,53.28,-9.66
NY,"{""offset"": 0, ""window"": 60, ""exit"": ""hard"", ""open_trade"": true, ""vwap"": true, ""legs"": true, ""leg_max"": 4, ""rev_mode"": ""off"", ""wait_open"": false, ""maxpos"": 3, ""stack_trig"": ""fvg"", ""stack_size"": 0.5, ""ma"": 50, ""big_thr"": 20.0, ""big_sl"": 25.0, ""big_tp"": 115.0, ""std_sl"": 25.0, ""std_tp"": 35.0, ""leg_gap"": 20.0, ""leg_sl"": 45.0, ""leg_tp"": 60.0, ""min_fv"": 80.0, ""min_bos"": 5.0, ""disp_pts"": 25.0, ""stack_gap"": 10.0}",3.154,2.623,-1.0,2.623,233,0.66,115.82,0.4971,1.716,3.154,64.55,51.27,-11.91
NY,"{""offset"": 0, ""window"": 60, ""exit"": ""hard"", ""open_trade"": true, ""vwap"": true, ""legs"": true, ""leg_max"": 6, ""rev_mode"": ""off"", ""wait_open"": false, ""maxpos"": 3, ""stack_trig"": ""bos"", ""stack_size"": 1.0, ""ma"": 50, ""big_thr"": 15.0, ""big_sl"": 30.0, ""big_tp"": 130.0, ""std_sl"": 25.0, ""std_tp"": 35.0, ""leg_gap"": 10.0, ""leg_sl"": 35.0, ""leg_tp"": 115.0, ""min_fv"": 200.0, ""min_bos"": 20.0, ""disp_pts"": 40.0, ""stack_gap"": 10.0}",3.154,2.83,-1.0,2.83,250,0.71,119.24,0.4769,1.709,3.154,68.65,50.58,-13.33
NY,"{""offset"": 0, ""window"": 60, ""exit"": ""hard"", ""open_trade"": true, ""vwap"": true, ""legs"": true, ""leg_max"": 1, ""rev_mode"": ""off"", ""wait_open"": false, ""maxpos"": 1, ""stack_trig"": ""bos"", ""stack_size"": 1.0, ""ma"": 100, ""big_thr"": 15.0, ""big_sl"": 25.0, ""big_tp"": 150.0, ""std_sl"": 15.0, ""std_tp"": 35.0, ""leg_gap"": 10.0, ""leg_sl"": 35.0, ""leg_tp"": 60.0, ""min_fv"": 125.0, ""min_bos"": 10.0, ""disp_pts"": 40.0, ""stack_gap"": 20.0}",3.153,2.87,-1.0,2.87,256,0.73,134.36,0.5248,1.738,3.153,68.7,65.66,-13.01
NY,"{""offset"": 0, ""window"": 150, ""exit"": ""hard"", ""open_trade"": true, ""vwap"": true, ""legs"": true, ""leg_max"": 4, ""rev_mode"": ""off"", ""wait_open"": false, ""maxpos"": 2, ""stack_trig"": ""bos"", ""stack_size"": 0.5, ""ma"": 50, ""big_thr"": 20.0, ""big_sl"": 30.0, ""big_tp"": 115.0, ""std_sl"": 20.0, ""std_tp"": 42.0, ""leg_gap"": 25.0, ""leg_sl"": 45.0, ""leg_tp"": 140.0, ""min_fv"": 125.0, ""min_bos"": 20.0, ""disp_pts"": 40.0, ""stack_gap"": 10.0}",3.147,2.545,-1.0,2.545,229,0.65,109.23,0.477,1.68,3.147,65.11,44.12,-10.11
NY,"{""offset"": 0, ""window"": 150, ""exit"": ""hard"", ""open_trade"": true, ""vwap"": true, ""legs"": true, ""leg_max"": 6, ""rev_mode"": ""off"", ""wait_open"": true, ""maxpos"": 3, ""stack_trig"": ""fvg"", ""stack_size"": 0.5, ""ma"": 200, ""big_thr"": 10.0, ""big_sl"": 25.0, ""big_tp"": 100.0, ""std_sl"": 20.0, ""std_tp"": 50.0, ""leg_gap"": 15.0, ""leg_sl"": 35.0, ""leg_tp"": 115.0, ""min_fv"": 100.0, ""min_bos"": 0.0, ""disp_pts"": 15.0, ""stack_gap"": 20.0}",3.145,2.848,-1.0,2.848,275,0.78,129.43,0.4707,1.642,3.145,69.27,60.16,-14.28
NY,"{""offset"": 0, ""window"": 60, ""exit"": ""hard"", ""open_trade"": true, ""vwap"": true, ""legs"": false, ""leg_max"": 1, ""rev_mode"": ""off"", ""wait_open"": false, ""maxpos"": 3, ""stack_trig"": ""fvg"", ""stack_size"": 1.0, ""ma"": 100, ""big_thr"": 25.0, ""big_sl"": 25.0, ""big_tp"": 130.0, ""std_sl"": 15.0, ""std_tp"": 30.0, ""leg_gap"": 15.0, ""leg_sl"": 35.0, ""leg_tp"": 140.0, ""min_fv"": 40.0, ""min_bos"": 10.0, ""disp_pts"": 20.0, ""stack_gap"": 15.0}",3.144,2.6,-1.0,2.6,230,0.66,115.79,0.5034,1.705,3.144,57.3,58.49,-12.21
NY,"{""offset"": 0, ""window"": 60, ""exit"": ""hard"", ""open_trade"": true, ""vwap"": true, ""legs"": true, ""leg_max"": 4, ""rev_mode"": ""std"", ""wait_open"": false, ""maxpos"": 1, ""stack_trig"": ""fvg"", ""stack_size"": 0.5, ""ma"": 100, ""big_thr"": 20.0, ""big_sl"": 25.0, ""big_tp"": 130.0, ""std_sl"": 20.0, ""std_tp"": 30.0, ""leg_gap"": 25.0, ""leg_sl"": 35.0, ""leg_tp"": 140.0, ""min_fv"": 100.0, ""min_bos"": 20.0, ""disp_pts"": 15.0, ""stack_gap"": 10.0}",3.143,2.436,-1.0,2.436,377,1.07,126.54,0.3357,1.501,3.143,79.22,47.33,-18.62
NY,"{""offset"": 0, ""window"": 60, ""exit"": ""hard"", ""open_trade"": true, ""vwap"": true, ""legs"": false, ""leg_max"": 1, ""rev_mode"": ""mixed"", ""wait_open"": false, ""maxpos"": 3, ""stack_trig"": ""both"", ""stack_size"": 1.0, ""ma"": 100, ""big_thr"": 15.0, ""big_sl"": 30.0, ""big_tp"": 100.0, ""std_sl"": 30.0, ""std_tp"": 60.0, ""leg_gap"": 15.0, ""leg_sl"": 45.0, ""leg_tp"": 140.0, ""min_fv"": 200.0, ""min_bos"": 15.0, ""disp_pts"": 15.0, ""stack_gap"": 20.0}",3.141,3.037,2.369,3.037,287,0.82,110.69,0.3857,1.591,3.141,77.69,33.0,-17.94
NY,"{""offset"": 0, ""window"": 120, ""exit"": ""hard"", ""open_trade"": true, ""vwap"": true, ""legs"": true, ""leg_max"": 2, ""rev_mode"": ""off"", ""wait_open"": true, ""maxpos"": 1, ""stack_trig"": ""bos"", ""stack_size"": 0.5, ""ma"": 50, ""big_thr"": 20.0, ""big_sl"": 40.0, ""big_tp"": 115.0, ""std_sl"": 15.0, ""std_tp"": 50.0, ""leg_gap"": 20.0, ""leg_sl"": 45.0, ""leg_tp"": 115.0, ""min_fv"": 125.0, ""min_bos"": 20.0, ""disp_pts"": 40.0, ""stack_gap"": 15.0}",3.138,2.854,-1.0,2.854,233,0.66,93.88,0.4029,1.64,3.138,60.31,33.56,-7.85
NY,"{""offset"": 0, ""window"": 120, ""exit"": ""hard"", ""open_trade"": true, ""vwap"": true, ""legs"": false, ""leg_max"": 4, ""rev_mode"": ""std"", ""wait_open"": false, ""maxpos"": 1, ""stack_trig"": ""fvg"", ""stack_size"": 1.0, ""ma"": 50, ""big_thr"": 10.0, ""big_sl"": 30.0, ""big_tp"": 115.0, ""std_sl"": 30.0, ""std_tp"": 42.0, ""leg_gap"": 10.0, ""leg_sl"": 45.0, ""leg_tp"": 60.0, ""min_fv"": 200.0, ""min_bos"": 15.0, ""disp_pts"": 30.0, ""stack_gap"": 10.0}",3.138,3.022,2.524,3.022,349,0.99,112.21,0.3215,1.502,3.138,74.74,37.48,-15.03
NY,"{""offset"": 0, ""window"": 90, ""exit"": ""hard"", ""open_trade"": true, ""vwap"": true, ""legs"": true, ""leg_max"": 2, ""rev_mode"": ""off"", ""wait_open"": true, ""maxpos"": 3, ""stack_trig"": ""fvg"", ""stack_size"": 1.0, ""ma"": 50, ""big_thr"": 25.0, ""big_sl"": 25.0, ""big_tp"": 130.0, ""std_sl"": 30.0, ""std_tp"": 30.0, ""leg_gap"": 15.0, ""leg_sl"": 45.0, ""leg_tp"": 115.0, ""min_fv"": 150.0, ""min_bos"": 20.0, ""disp_pts"": 25.0, ""stack_gap"": 15.0}",3.137,2.796,-1.0,2.796,240,0.68,127.47,0.5311,1.784,3.137,76.58,50.89,-9.59
NY,"{""offset"": 0, ""window"": 150, ""exit"": ""run"", ""open_trade"": true, ""vwap"": true, ""legs"": false, ""leg_max"": 1, ""rev_mode"": ""off"", ""wait_open"": false, ""maxpos"": 2, ""stack_trig"": ""fvg"", ""stack_size"": 1.0, ""ma"": 100, ""big_thr"": 20.0, ""big_sl"": 25.0, ""big_tp"": 100.0, ""std_sl"": 35.0, ""std_tp"": 60.0, ""leg_gap"": 25.0, ""leg_sl"": 25.0, ""leg_tp"": 90.0, ""min_fv"": 150.0, ""min_bos"": 10.0, ""disp_pts"": 30.0, ""stack_gap"": 20.0}",3.136,3.047,2.431,3.047,230,0.66,108.05,0.4698,1.651,3.136,59.86,48.2,-10.0
NY,"{""offset"": 0, ""window"": 120, ""exit"": ""hard"", ""open_trade"": true, ""vwap"": true, ""legs"": true, ""leg_max"": 1, ""rev_mode"": ""std"", ""wait_open"": false, ""maxpos"": 2, ""stack_trig"": ""fvg"", ""stack_size"": 0.5, ""ma"": 50, ""big_thr"": 10.0, ""big_sl"": 25.0, ""big_tp"": 115.0, ""std_sl"": 30.0, ""std_tp"": 42.0, ""leg_gap"": 10.0, ""leg_sl"": 25.0, ""leg_tp"": 115.0, ""min_fv"": 125.0, ""min_bos"": 20.0, ""disp_pts"": 30.0, ""stack_gap"": 10.0}",3.133,2.748,-1.0,2.748,534,1.52,149.39,0.2798,1.466,3.133,101.76,47.64,-18.06
NY,"{""offset"": 0, ""window"": 60, ""exit"": ""hard"", ""open_trade"": true, ""vwap"": true, ""legs"": false, ""leg_max"": 1, ""rev_mode"": ""off"", ""wait_open"": false, ""maxpos"": 3, ""stack_trig"": ""both"", ""stack_size"": 1.0, ""ma"": 100, ""big_thr"": 10.0, ""big_sl"": 25.0, ""big_tp"": 150.0, ""std_sl"": 25.0, ""std_tp"": 30.0, ""leg_gap"": 20.0, ""leg_sl"": 45.0, ""leg_tp"": 90.0, ""min_fv"": 150.0, ""min_bos"": 5.0, ""disp_pts"": 25.0, ""stack_gap"": 15.0}",3.13,3.077,2.593,3.077,230,0.66,124.77,0.5425,1.737,3.13,63.25,61.52,-11.91
NY,"{""offset"": 0, ""window"": 60, ""exit"": ""hard"", ""open_trade"": true, ""vwap"": true, ""legs"": true, ""leg_max"": 1, ""rev_mode"": ""off"", ""wait_open"": true, ""maxpos"": 3, ""stack_trig"": ""both"", ""stack_size"": 1.0, ""ma"": 100, ""big_thr"": 10.0, ""big_sl"": 30.0, ""big_tp"": 100.0, ""std_sl"": 25.0, ""std_tp"": 42.0, ""leg_gap"": 10.0, ""leg_sl"": 45.0, ""leg_tp"": 90.0, ""min_fv"": 100.0, ""min_bos"": 10.0, ""disp_pts"": 40.0, ""stack_gap"": 15.0}",3.127,2.766,-1.0,2.766,256,0.73,104.04,0.4064,1.631,3.127,67.36,36.68,-12.6
NY,"{""offset"": 0, ""window"": 150, ""exit"": ""hard"", ""open_trade"": true, ""vwap"": true, ""legs"": false, ""leg_max"": 1, ""rev_mode"": ""off"", ""wait_open"": true, ""maxpos"": 2, ""stack_trig"": ""both"", ""stack_size"": 1.0, ""ma"": 50, ""big_thr"": 15.0, ""big_sl"": 30.0, ""big_tp"": 100.0, ""std_sl"": 20.0, ""std_tp"": 60.0, ""leg_gap"": 10.0, ""leg_sl"": 25.0, ""leg_tp"": 60.0, ""min_fv"": 80.0, ""min_bos"": 20.0, ""disp_pts"": 15.0, ""stack_gap"": 15.0}",3.126,2.259,-1.0,2.259,223,0.64,96.55,0.433,1.626,3.126,58.53,38.02,-11.22
NY,"{""offset"": 0, ""window"": 60, ""exit"": ""hard"", ""open_trade"": true, ""vwap"": true, ""legs"": false, ""leg_max"": 6, ""rev_mode"": ""off"", ""wait_open"": false, ""maxpos"": 2, ""stack_trig"": ""bos"", ""stack_size"": 0.5, ""ma"": 100, ""big_thr"": 15.0, ""big_sl"": 25.0, ""big_tp"": 150.0, ""std_sl"": 20.0, ""std_tp"": 30.0, ""leg_gap"": 15.0, ""leg_sl"": 35.0, ""leg_tp"": 115.0, ""min_fv"": 80.0, ""min_bos"": 0.0, ""disp_pts"": 30.0, ""stack_gap"": 15.0}",3.123,2.815,-1.0,2.815,230,0.66,124.46,0.5411,1.735,3.123,63.23,61.23,-11.93
NY,"{""offset"": 0, ""window"": 150, ""exit"": ""run"", ""open_trade"": true, ""vwap"": true, ""legs"": false, ""leg_max"": 2, ""rev_mode"": ""off"", ""wait_open"": false, ""maxpos"": 1, ""stack_trig"": ""bos"", ""stack_size"": 0.5, ""ma"": 50, ""big_thr"": 10.0, ""big_sl"": 25.0, ""big_tp"": 100.0, ""std_sl"": 25.0, ""std_tp"": 42.0, ""leg_gap"": 10.0, ""leg_sl"": 25.0, ""leg_tp"": 115.0, ""min_fv"": 200.0, ""min_bos"": 5.0, ""disp_pts"": 30.0, ""stack_gap"": 20.0}",3.118,2.402,-1.0,2.402,223,0.64,108.45,0.4863,1.66,3.118,63.73,44.73,-10.02
NY,"{""offset"": 0, ""window"": 150, ""exit"": ""run"", ""open_trade"": true, ""vwap"": true, ""legs"": false, ""leg_max"": 6, ""rev_mode"": ""off"", ""wait_open"": true, ""maxpos"": 2, ""stack_trig"": ""fvg"", ""stack_size"": 0.5, ""ma"": 50, ""big_thr"": 10.0, ""big_sl"": 25.0, ""big_tp"": 100.0, ""std_sl"": 25.0, ""std_tp"": 50.0, ""leg_gap"": 10.0, ""leg_sl"": 45.0, ""leg_tp"": 60.0, ""min_fv"": 60.0, ""min_bos"": 15.0, ""disp_pts"": 30.0, ""stack_gap"": 10.0}",3.118,2.991,2.113,2.991,223,0.64,108.45,0.4863,1.66,3.118,63.73,44.73,-10.02
NY,"{""offset"": 0, ""window"": 60, ""exit"": ""hard"", ""open_trade"": true, ""vwap"": true, ""legs"": true, ""leg_max"": 1, ""rev_mode"": ""mixed"", ""wait_open"": true, ""maxpos"": 1, ""stack_trig"": ""bos"", ""stack_size"": 0.5, ""ma"": 200, ""big_thr"": 10.0, ""big_sl"": 35.0, ""big_tp"": 115.0, ""std_sl"": 25.0, ""std_tp"": 60.0, ""leg_gap"": 20.0, ""leg_sl"": 45.0, ""leg_tp"": 140.0, ""min_fv"": 200.0, ""min_bos"": 15.0, ""disp_pts"": 20.0, ""stack_gap"": 15.0}",3.115,2.501,-1.0,2.501,305,0.87,114.23,0.3745,1.573,3.115,70.36,43.87,-17.64
NY,"{""offset"": 0, ""window"": 120, ""exit"": ""hard"", ""open_trade"": true, ""vwap"": true, ""legs"": true, ""leg_max"": 6, ""rev_mode"": ""mixed"", ""wait_open"": false, ""maxpos"": 1, ""stack_trig"": ""fvg"", ""stack_size"": 1.0, ""ma"": 50, ""big_thr"": 20.0, ""big_sl"": 25.0, ""big_tp"": 100.0, ""std_sl"": 35.0, ""std_tp"": 35.0, ""leg_gap"": 10.0, ""leg_sl"": 25.0, ""leg_tp"": 90.0, ""min_fv"": 200.0, ""min_bos"": 15.0, ""disp_pts"": 20.0, ""stack_gap"": 15.0}",3.115,2.643,-1.0,2.643,346,0.99,128.62,0.3717,1.556,3.115,82.87,45.75,-12.96
NY,"{""offset"": 0, ""window"": 120, ""exit"": ""hard"", ""open_trade"": true, ""vwap"": true, ""legs"": true, ""leg_max"": 1, ""rev_mode"": ""disp_fv"", ""wait_open"": true, ""maxpos"": 1, ""stack_trig"": ""bos"", ""stack_size"": 1.0, ""ma"": 200, ""big_thr"": 25.0, ""big_sl"": 25.0, ""big_tp"": 115.0, ""std_sl"": 15.0, ""std_tp"": 60.0, ""leg_gap"": 15.0, ""leg_sl"": 25.0, ""leg_tp"": 90.0, ""min_fv"": 200.0, ""min_bos"": 20.0, ""disp_pts"": 15.0, ""stack_gap"": 20.0}",3.114,2.652,-1.0,2.652,361,1.03,157.95,0.4375,1.553,3.114,78.53,79.42,-20.83
NY,"{""offset"": 0, ""window"": 90, ""exit"": ""run"", ""open_trade"": true, ""vwap"": true, ""legs"": false, ""leg_max"": 4, ""rev_mode"": ""off"", ""wait_open"": false, ""maxpos"": 3, ""stack_trig"": ""both"", ""stack_size"": 0.5, ""ma"": 100, ""big_thr"": 15.0, ""big_sl"": 25.0, ""big_tp"": 100.0, ""std_sl"": 20.0, ""std_tp"": 50.0, ""leg_gap"": 10.0, ""leg_sl"": 25.0, ""leg_tp"": 140.0, ""min_fv"": 125.0, ""min_bos"": 20.0, ""disp_pts"": 15.0, ""stack_gap"": 20.0}",3.111,2.561,-1.0,2.561,230,0.66,109.39,0.4756,1.645,3.111,63.71,45.68,-10.04
NY,"{""offset"": 0, ""window"": 120, ""exit"": ""hard"", ""open_trade"": true, ""vwap"": true, ""legs"": false, ""leg_max"": 4, ""rev_mode"": ""off"", ""wait_open"": false, ""maxpos"": 1, ""stack_trig"": ""bos"", ""stack_size"": 1.0, ""ma"": 50, ""big_thr"": 25.0, ""big_sl"": 25.0, ""big_tp"": 115.0, ""std_sl"": 15.0, ""std_tp"": 42.0, ""leg_gap"": 20.0, ""leg_sl"": 25.0, ""leg_tp"": 60.0, ""min_fv"": 60.0, ""min_bos"": 20.0, ""disp_pts"": 20.0, ""stack_gap"": 15.0}",3.108,2.631,-1.0,2.631,223,0.64,112.81,0.5059,1.68,3.108,61.7,51.11,-9.87
NY,"{""offset"": 0, ""window"": 120, ""exit"": ""run"", ""open_trade"": true, ""vwap"": true, ""legs"": true, ""leg_max"": 1, ""rev_mode"": ""off"", ""wait_open"": false, ""maxpos"": 1, ""stack_trig"": ""bos"", ""stack_size"": 1.0, ""ma"": 200, ""big_thr"": 20.0, ""big_sl"": 25.0, ""big_tp"": 130.0, ""std_sl"": 15.0, ""std_tp"": 50.0, ""leg_gap"": 20.0, ""leg_sl"": 25.0, ""leg_tp"": 115.0, ""min_fv"": 40.0, ""min_bos"": 5.0, ""disp_pts"": 25.0, ""stack_gap"": 10.0}",3.104,2.454,-1.0,2.454,265,0.75,141.75,0.5349,1.685,3.104,60.84,80.91,-16.87
NY,"{""offset"": 0, ""window"": 120, ""exit"": ""run"", ""open_trade"": true, ""vwap"": true, ""legs"": false, ""leg_max"": 6, ""rev_mode"": ""off"", ""wait_open"": false, ""maxpos"": 2, ""stack_trig"": ""both"", ""stack_size"": 0.5, ""ma"": 50, ""big_thr"": 25.0, ""big_sl"": 25.0, ""big_tp"": 115.0, ""std_sl"": 20.0, ""std_tp"": 35.0, ""leg_gap"": 25.0, ""leg_sl"": 45.0, ""leg_tp"": 115.0, ""min_fv"": 200.0, ""min_bos"": 15.0, ""disp_pts"": 20.0, ""stack_gap"": 20.0}",3.101,2.998,2.378,2.998,223,0.64,111.64,0.5006,1.686,3.101,59.57,52.07,-9.57
NY,"{""offset"": 0, ""window"": 120, ""exit"": ""hard"", ""open_trade"": true, ""vwap"": true, ""legs"": true, ""leg_max"": 4, ""rev_mode"": ""off"", ""wait_open"": true, ""maxpos"": 3, ""stack_trig"": ""bos"", ""stack_size"": 1.0, ""ma"": 200, ""big_thr"": 10.0, ""big_sl"": 25.0, ""big_tp"": 115.0, ""std_sl"": 35.0, ""std_tp"": 30.0, ""leg_gap"": 25.0, ""leg_sl"": 35.0, ""leg_tp"": 90.0, ""min_fv"": 125.0, ""min_bos"": 15.0, ""disp_pts"": 40.0, ""stack_gap"": 10.0}",3.1,2.824,-1.0,2.824,263,0.75,125.38,0.4767,1.635,3.1,66.86,58.52,-12.62
NY,"{""offset"": 0, ""window"": 150, ""exit"": ""hard"", ""open_trade"": true, ""vwap"": true, ""legs"": false, ""leg_max"": 6, ""rev_mode"": ""off"", ""wait_open"": true, ""maxpos"": 3, ""stack_trig"": ""both"", ""stack_size"": 1.0, ""ma"": 100, ""big_thr"": 10.0, ""big_sl"": 25.0, ""big_tp"": 150.0, ""std_sl"": 30.0, ""std_tp"": 50.0, ""leg_gap"": 25.0, ""leg_sl"": 25.0, ""leg_tp"": 60.0, ""min_fv"": 150.0, ""min_bos"": 5.0, ""disp_pts"": 25.0, ""stack_gap"": 20.0}",3.1,2.555,-1.0,2.555,230,0.66,135.49,0.5891,1.747,3.1,68.87,66.63,-15.22
NY,"{""offset"": 0, ""window"": 90, ""exit"": ""hard"", ""open_trade"": true, ""vwap"": true, ""legs"": true, ""leg_max"": 6, ""rev_mode"": ""off"", ""wait_open"": false, ""maxpos"": 2, ""stack_trig"": ""both"", ""stack_size"": 1.0, ""ma"": 50, ""big_thr"": 15.0, ""big_sl"": 30.0, ""big_tp"": 80.0, ""std_sl"": 30.0, ""std_tp"": 30.0, ""leg_gap"": 15.0, ""leg_sl"": 45.0, ""leg_tp"": 115.0, ""min_fv"": 80.0, ""min_bos"": 15.0, ""disp_pts"": 30.0, ""stack_gap"": 20.0}",3.097,2.898,1.849,2.898,240,0.68,90.95,0.3789,1.604,3.097,56.63,34.31,-13.77
NY,"{""offset"": 0, ""window"": 60, ""exit"": ""hard"", ""open_trade"": true, ""vwap"": true, ""legs"": false, ""leg_max"": 6, ""rev_mode"": ""mixed"", ""wait_open"": true, ""maxpos"": 2, ""stack_trig"": ""fvg"", ""stack_size"": 1.0, ""ma"": 50, ""big_thr"": 10.0, ""big_sl"": 25.0, ""big_tp"": 150.0, ""std_sl"": 30.0, ""std_tp"": 60.0, ""leg_gap"": 25.0, ""leg_sl"": 25.0, ""leg_tp"": 60.0, ""min_fv"": 200.0, ""min_bos"": 15.0, ""disp_pts"": 15.0, ""stack_gap"": 10.0}",3.097,2.997,2.328,2.997,262,0.75,124.87,0.4766,1.661,3.097,72.41,52.46,-16.28
NY,"{""offset"": 0, ""window"": 90, ""exit"": ""run"", ""open_trade"": true, ""vwap"": true, ""legs"": true, ""leg_max"": 6, ""rev_mode"": ""off"", ""wait_open"": false, ""maxpos"": 2, ""stack_trig"": ""both"", ""stack_size"": 1.0, ""ma"": 100, ""big_thr"": 10.0, ""big_sl"": 30.0, ""big_tp"": 100.0, ""std_sl"": 25.0, ""std_tp"": 30.0, ""leg_gap"": 25.0, ""leg_sl"": 35.0, ""leg_tp"": 60.0, ""min_fv"": 80.0, ""min_bos"": 5.0, ""disp_pts"": 20.0, ""stack_gap"": 10.0}",3.093,2.827,-1.0,2.827,239,0.68,100.54,0.4207,1.611,3.093,58.99,41.55,-13.25
NY,"{""offset"": 0, ""window"": 60, ""exit"": ""run"", ""open_trade"": true, ""vwap"": true, ""legs"": true, ""leg_max"": 4, ""rev_mode"": ""off"", ""wait_open"": true, ""maxpos"": 2, ""stack_trig"": ""bos"", ""stack_size"": 1.0, ""ma"": 50, ""big_thr"": 15.0, ""big_sl"": 35.0, ""big_tp"": 100.0, ""std_sl"": 35.0, ""std_tp"": 35.0, ""leg_gap"": 15.0, ""leg_sl"": 35.0, ""leg_tp"": 115.0, ""min_fv"": 40.0, ""min_bos"": 0.0, ""disp_pts"": 25.0, ""stack_gap"": 20.0}",3.087,2.542,-1.0,2.542,240,0.68,97.63,0.4068,1.623,3.087,63.72,33.92,-8.77
NY,"{""offset"": 0, ""window"": 60, ""exit"": ""hard"", ""open_trade"": true, ""vwap"": true, ""legs"": false, ""leg_max"": 6, ""rev_mode"": ""std"", ""wait_open"": true, ""maxpos"": 2, ""stack_trig"": ""bos"", ""stack_size"": 0.5, ""ma"": 100, ""big_thr"": 15.0, ""big_sl"": 40.0, ""big_tp"": 130.0, ""std_sl"": 15.0, ""std_tp"": 50.0, ""leg_gap"": 15.0, ""leg_sl"": 25.0, ""leg_tp"": 60.0, ""min_fv"": 200.0, ""min_bos"": 20.0, ""disp_pts"": 20.0, ""stack_gap"": 20.0}",3.085,2.486,-1.0,2.486,279,0.79,93.57,0.3354,1.543,3.085,66.45,27.12,-15.45
NY,"{""offset"": 0, ""window"": 60, ""exit"": ""run"", ""open_trade"": true, ""vwap"": true, ""legs"": false, ""leg_max"": 1, ""rev_mode"": ""off"", ""wait_open"": false, ""maxpos"": 3, ""stack_trig"": ""both"", ""stack_size"": 0.5, ""ma"": 100, ""big_thr"": 20.0, ""big_sl"": 25.0, ""big_tp"": 130.0, ""std_sl"": 20.0, ""std_tp"": 60.0, ""leg_gap"": 10.0, ""leg_sl"": 25.0, ""leg_tp"": 90.0, ""min_fv"": 200.0, ""min_bos"": 0.0, ""disp_pts"": 15.0, ""stack_gap"": 15.0}",3.083,2.764,-1.0,2.764,230,0.66,124.9,0.543,1.7,3.083,59.82,65.08,-10.75
NY,"{""offset"": 0, ""window"": 90, ""exit"": ""run"", ""open_trade"": true, ""vwap"": true, ""legs"": true, ""leg_max"": 1, ""rev_mode"": ""off"", ""wait_open"": true, ""maxpos"": 3, ""stack_trig"": ""both"", ""stack_size"": 0.5, ""ma"": 200, ""big_thr"": 10.0, ""big_sl"": 25.0, ""big_tp"": 130.0, ""std_sl"": 35.0, ""std_tp"": 60.0, ""leg_gap"": 20.0, ""leg_sl"": 25.0, ""leg_tp"": 140.0, ""min_fv"": 40.0, ""min_bos"": 5.0, ""disp_pts"": 30.0, ""stack_gap"": 15.0}",3.08,2.808,-1.0,2.808,265,0.75,145.14,0.5477,1.697,3.08,62.93,82.21,-15.74
NY,"{""offset"": 0, ""window"": 150, ""exit"": ""hard"", ""open_trade"": true, ""vwap"": true, ""legs"": true, ""leg_max"": 6, ""rev_mode"": ""off"", ""wait_open"": false, ""maxpos"": 1, ""stack_trig"": ""fvg"", ""stack_size"": 1.0, ""ma"": 100, ""big_thr"": 10.0, ""big_sl"": 30.0, ""big_tp"": 130.0, ""std_sl"": 30.0, ""std_tp"": 50.0, ""leg_gap"": 20.0, ""leg_sl"": 35.0, ""leg_tp"": 115.0, ""min_fv"": 150.0, ""min_bos"": 15.0, ""disp_pts"": 25.0, ""stack_gap"": 15.0}",3.078,2.733,-1.0,2.733,242,0.69,117.9,0.4872,1.669,3.078,66.35,51.55,-12.66
NY,"{""offset"": 0, ""window"": 120, ""exit"": ""run"", ""open_trade"": true, ""vwap"": true, ""legs"": true, ""leg_max"": 2, ""rev_mode"": ""off"", ""wait_open"": false, ""maxpos"": 3, ""stack_trig"": ""bos"", ""stack_size"": 1.0, ""ma"": 100, ""big_thr"": 20.0, ""big_sl"": 25.0, ""big_tp"": 115.0, ""std_sl"": 25.0, ""std_tp"": 42.0, ""leg_gap"": 20.0, ""leg_sl"": 35.0, ""leg_tp"": 60.0, ""min_fv"": 200.0, ""min_bos"": 10.0, ""disp_pts"": 30.0, ""stack_gap"": 15.0}",3.077,2.649,-1.0,2.649,242,0.69,120.58,0.4982,1.677,3.077,59.58,60.99,-11.53
NY,"{""offset"": 0, ""window"": 60, ""exit"": ""hard"", ""open_trade"": true, ""vwap"": false, ""legs"": false, ""leg_max"": 6, ""rev_mode"": ""disp_fv"", ""wait_open"": false, ""maxpos"": 3, ""stack_trig"": ""bos"", ""stack_size"": 0.5, ""ma"": 100, ""big_thr"": 15.0, ""big_sl"": 30.0, ""big_tp"": 130.0, ""std_sl"": 25.0, ""std_tp"": 42.0, ""leg_gap"": 20.0, ""leg_sl"": 25.0, ""leg_tp"": 115.0, ""min_fv"": 200.0, ""min_bos"": 20.0, ""disp_pts"": 30.0, ""stack_gap"": 15.0}",3.077,2.439,-1.0,2.439,294,0.84,118.14,0.4019,1.573,3.077,66.16,51.99,-18.23
NY,"{""offset"": 0, ""window"": 60, ""exit"": ""run"", ""open_trade"": true, ""vwap"": true, ""legs"": true, ""leg_max"": 4, ""rev_mode"": ""off"", ""wait_open"": false, ""maxpos"": 2, ""stack_trig"": ""bos"", ""stack_size"": 1.0, ""ma"": 100, ""big_thr"": 15.0, ""big_sl"": 30.0, ""big_tp"": 115.0, ""std_sl"": 20.0, ""std_tp"": 30.0, ""leg_gap"": 15.0, ""leg_sl"": 45.0, ""leg_tp"": 90.0, ""min_fv"": 100.0, ""min_bos"": 0.0, ""disp_pts"": 30.0, ""stack_gap"": 20.0}",3.077,2.804,-1.0,2.804,250,0.71,112.11,0.4484,1.637,3.077,66.45,45.67,-12.1
NY,"{""offset"": 0, ""window"": 60, ""exit"": ""hard"", ""open_trade"": true, ""vwap"": true, ""legs"": false, ""leg_max"": 1, ""rev_mode"": ""off"", ""wait_open"": false, ""maxpos"": 2, ""stack_trig"": ""fvg"", ""stack_size"": 1.0, ""ma"": 50, ""big_thr"": 10.0, ""big_sl"": 35.0, ""big_tp"": 150.0, ""std_sl"": 15.0, ""std_tp"": 30.0, ""leg_gap"": 15.0, ""leg_sl"": 25.0, ""leg_tp"": 60.0, ""min_fv"": 200.0, ""min_bos"": 0.0, ""disp_pts"": 25.0, ""stack_gap"": 10.0}",3.076,2.735,-1.0,2.735,223,0.64,95.47,0.4281,1.66,3.076,55.58,39.89,-8.46
NY,"{""offset"": 0, ""window"": 90, ""exit"": ""hard"", ""open_trade"": true, ""vwap"": true, ""legs"": false, ""leg_max"": 1, ""rev_mode"": ""off"", ""wait_open"": true, ""maxpos"": 2, ""stack_trig"": ""bos"", ""stack_size"": 0.5, ""ma"": 50, ""big_thr"": 10.0, ""big_sl"": 25.0, ""big_tp"": 100.0, ""std_sl"": 15.0, ""std_tp"": 42.0, ""leg_gap"": 20.0, ""leg_sl"": 45.0, ""leg_tp"": 140.0, ""min_fv"": 60.0, ""min_bos"": 10.0, ""disp_pts"": 40.0, ""stack_gap"": 20.0}",3.074,2.487,-1.0,2.487,223,0.64,104.84,0.4701,1.649,3.074,65.11,39.73,-9.66
NY,"{""offset"": 0, ""window"": 150, ""exit"": ""hard"", ""open_trade"": true, ""vwap"": true, ""legs"": true, ""leg_max"": 1, ""rev_mode"": ""off"", ""wait_open"": true, ""maxpos"": 1, ""stack_trig"": ""fvg"", ""stack_size"": 1.0, ""ma"": 100, ""big_thr"": 15.0, ""big_sl"": 35.0, ""big_tp"": 115.0, ""std_sl"": 20.0, ""std_tp"": 35.0, ""leg_gap"": 20.0, ""leg_sl"": 45.0, ""leg_tp"": 115.0, ""min_fv"": 125.0, ""min_bos"": 5.0, ""disp_pts"": 40.0, ""stack_gap"": 10.0}",3.072,2.463,-1.0,2.463,241,0.69,99.59,0.4133,1.618,3.072,63.91,35.68,-12.53
NY,"{""offset"": 0, ""window"": 60, ""exit"": ""hard"", ""open_trade"": true, ""vwap"": true, ""legs"": true, ""leg_max"": 4, ""rev_mode"": ""off"", ""wait_open"": false, ""maxpos"": 2, ""stack_trig"": ""fvg"", ""stack_size"": 0.5, ""ma"": 100, ""big_thr"": 10.0, ""big_sl"": 25.0, ""big_tp"": 150.0, ""std_sl"": 20.0, ""std_tp"": 42.0, ""leg_gap"": 25.0, ""leg_sl"": 25.0, ""leg_tp"": 140.0, ""min_fv"": 100.0, ""min_bos"": 20.0, ""disp_pts"": 30.0, ""stack_gap"": 10.0}",3.072,2.544,-1.0,2.544,239,0.68,128.29,0.5368,1.725,3.072,65.56,62.73,-11.93
NY,"{""offset"": 0, ""window"": 60, ""exit"": ""hard"", ""open_trade"": true, ""vwap"": true, ""legs"": false, ""leg_max"": 6, ""rev_mode"": ""std"", ""wait_open"": true, ""maxpos"": 1, ""stack_trig"": ""both"", ""stack_size"": 0.5, ""ma"": 100, ""big_thr"": 15.0, ""big_sl"": 30.0, ""big_tp"": 115.0, ""std_sl"": 20.0, ""std_tp"": 35.0, ""leg_gap"": 25.0, ""leg_sl"": 45.0, ""leg_tp"": 140.0, ""min_fv"": 150.0, ""min_bos"": 15.0, ""disp_pts"": 15.0, ""stack_gap"": 20.0}",3.072,2.42,-1.0,2.42,321,0.91,104.25,0.3248,1.487,3.072,70.13,34.11,-18.18
NY,"{""offset"": 0, ""window"": 60, ""exit"": ""hard"", ""open_trade"": true, ""vwap"": true, ""legs"": true, ""leg_max"": 6, ""rev_mode"": ""off"", ""wait_open"": true, ""maxpos"": 2, ""stack_trig"": ""both"", ""stack_size"": 0.5, ""ma"": 50, ""big_thr"": 20.0, ""big_sl"": 40.0, ""big_tp"": 115.0, ""std_sl"": 15.0, ""std_tp"": 35.0, ""leg_gap"": 25.0, ""leg_sl"": 45.0, ""leg_tp"": 115.0, ""min_fv"": 40.0, ""min_bos"": 0.0, ""disp_pts"": 20.0, ""stack_gap"": 20.0}",3.071,2.455,-1.0,2.455,229,0.65,84.92,0.3708,1.613,3.071,54.82,30.1,-9.05
NY,"{""offset"": 0, ""window"": 60, ""exit"": ""run"", ""open_trade"": true, ""vwap"": true, ""legs"": true, ""leg_max"": 2, ""rev_mode"": ""off"", ""wait_open"": true, ""maxpos"": 3, ""stack_trig"": ""fvg"", ""stack_size"": 1.0, ""ma"": 50, ""big_thr"": 15.0, ""big_sl"": 30.0, ""big_tp"": 115.0, ""std_sl"": 35.0, ""std_tp"": 50.0, ""leg_gap"": 20.0, ""leg_sl"": 35.0, ""leg_tp"": 90.0, ""min_fv"": 80.0, ""min_bos"": 5.0, ""disp_pts"": 15.0, ""stack_gap"": 15.0}",3.066,2.51,-1.0,2.51,233,0.66,108.64,0.4663,1.657,3.066,63.86,44.77,-10.01
NY,"{""offset"": 0, ""window"": 90, ""exit"": ""hard"", ""open_trade"": true, ""vwap"": true, ""legs"": true, ""leg_max"": 6, ""rev_mode"": ""off"", ""wait_open"": false, ""maxpos"": 1, ""stack_trig"": ""both"", ""stack_size"": 0.5, ""ma"": 100, ""big_thr"": 20.0, ""big_sl"": 25.0, ""big_tp"": 150.0, ""std_sl"": 15.0, ""std_tp"": 42.0, ""leg_gap"": 15.0, ""leg_sl"": 35.0, ""leg_tp"": 115.0, ""min_fv"": 60.0, ""min_bos"": 20.0, ""disp_pts"": 20.0, ""stack_gap"": 10.0}",3.066,2.802,-1.0,2.802,250,0.71,137.11,0.5484,1.732,3.066,71.89,65.22,-14.57
NY,"{""offset"": 0, ""window"": 60, ""exit"": ""hard"", ""open_trade"": true, ""vwap"": true, ""legs"": true, ""leg_max"": 1, ""rev_mode"": ""off"", ""wait_open"": false, ""maxpos"": 3, ""stack_trig"": ""both"", ""stack_size"": 0.5, ""ma"": 200, ""big_thr"": 20.0, ""big_sl"": 25.0, ""big_tp"": 115.0, ""std_sl"": 20.0, ""std_tp"": 42.0, ""leg_gap"": 20.0, ""leg_sl"": 25.0, ""leg_tp"": 60.0, ""min_fv"": 150.0, ""min_bos"": 0.0, ""disp_pts"": 25.0, ""stack_gap"": 10.0}",3.057,2.963,2.304,2.963,265,0.75,120.9,0.4562,1.629,3.057,54.64,66.26,-13.72
NY,"{""offset"": 0, ""window"": 90, ""exit"": ""hard"", ""open_trade"": true, ""vwap"": true, ""legs"": false, ""leg_max"": 2, ""rev_mode"": ""off"", ""wait_open"": true, ""maxpos"": 1, ""stack_trig"": ""fvg"", ""stack_size"": 0.5, ""ma"": 50, ""big_thr"": 10.0, ""big_sl"": 40.0, ""big_tp"": 115.0, ""std_sl"": 20.0, ""std_tp"": 30.0, ""leg_gap"": 10.0, ""leg_sl"": 25.0, ""leg_tp"": 140.0, ""min_fv"": 100.0, ""min_bos"": 5.0, ""disp_pts"": 40.0, ""stack_gap"": 20.0}",3.056,2.718,-1.0,2.718,223,0.64,81.35,0.3648,1.592,3.056,51.93,29.42,-6.93
NY,"{""offset"": 0, ""window"": 90, ""exit"": ""run"", ""open_trade"": true, ""vwap"": true, ""legs"": false, ""leg_max"": 1, ""rev_mode"": ""mixed"", ""wait_open"": true, ""maxpos"": 1, ""stack_trig"": ""bos"", ""stack_size"": 1.0, ""ma"": 100, ""big_thr"": 10.0, ""big_sl"": 30.0, ""big_tp"": 100.0, ""std_sl"": 30.0, ""std_tp"": 60.0, ""leg_gap"": 20.0, ""leg_sl"": 25.0, ""leg_tp"": 140.0, ""min_fv"": 200.0, ""min_bos"": 5.0, ""disp_pts"": 40.0, ""stack_gap"": 10.0}",3.055,2.525,-1.0,2.525,339,0.97,111.54,0.329,1.474,3.055,69.29,42.25,-16.86
NY,"{""offset"": 0, ""window"": 150, ""exit"": ""hard"", ""open_trade"": true, ""vwap"": true, ""legs"": false, ""leg_max"": 1, ""rev_mode"": ""off"", ""wait_open"": true, ""maxpos"": 1, ""stack_trig"": ""both"", ""stack_size"": 0.5, ""ma"": 50, ""big_thr"": 20.0, ""big_sl"": 25.0, ""big_tp"": 130.0, ""std_sl"": 30.0, ""std_tp"": 50.0, ""leg_gap"": 15.0, ""leg_sl"": 25.0, ""leg_tp"": 140.0, ""min_fv"": 60.0, ""min_bos"": 0.0, ""disp_pts"": 25.0, ""stack_gap"": 15.0}",3.054,2.008,-1.0,2.008,223,0.64,119.83,0.5373,1.711,3.054,61.08,58.74,-10.44
NY,"{""offset"": 0, ""window"": 120, ""exit"": ""hard"", ""open_trade"": true, ""vwap"": true, ""legs"": false, ""leg_max"": 6, ""rev_mode"": ""off"", ""wait_open"": false, ""maxpos"": 2, ""stack_trig"": ""fvg"", ""stack_size"": 0.5, ""ma"": 50, ""big_thr"": 25.0, ""big_sl"": 25.0, ""big_tp"": 115.0, ""std_sl"": 25.0, ""std_tp"": 60.0, ""leg_gap"": 15.0, ""leg_sl"": 35.0, ""leg_tp"": 115.0, ""min_fv"": 40.0, ""min_bos"": 10.0, ""disp_pts"": 40.0, ""stack_gap"": 20.0}",3.054,2.755,-1.0,2.755,223,0.64,109.7,0.4919,1.668,3.054,60.11,49.59,-9.66
NY,"{""offset"": 0, ""window"": 150, ""exit"": ""hard"", ""open_trade"": true, ""vwap"": true, ""legs"": false, ""leg_max"": 1, ""rev_mode"": ""off"", ""wait_open"": true, ""maxpos"": 1, ""stack_trig"": ""fvg"", ""stack_size"": 0.5, ""ma"": 50, ""big_thr"": 20.0, ""big_sl"": 30.0, ""big_tp"": 100.0, ""std_sl"": 20.0, ""std_tp"": 60.0, ""leg_gap"": 20.0, ""leg_sl"": 25.0, ""leg_tp"": 60.0, ""min_fv"": 40.0, ""min_bos"": 5.0, ""disp_pts"": 25.0, ""stack_gap"": 20.0}",3.053,1.931,-1.0,1.931,223,0.64,94.06,0.4218,1.605,3.053,56.38,37.68,-11.25
NY,"{""offset"": 0, ""window"": 150, ""exit"": ""hard"", ""open_trade"": true, ""vwap"": true, ""legs"": true, ""leg_max"": 4, ""rev_mode"": ""off"", ""wait_open"": false, ""maxpos"": 3, ""stack_trig"": ""both"", ""stack_size"": 0.5, ""ma"": 50, ""big_thr"": 15.0, ""big_sl"": 30.0, ""big_tp"": 150.0, ""std_sl"": 15.0, ""std_tp"": 60.0, ""leg_gap"": 10.0, ""leg_sl"": 45.0, ""leg_tp"": 90.0, ""min_fv"": 200.0, ""min_bos"": 10.0, ""disp_pts"": 25.0, ""stack_gap"": 15.0}",3.052,2.462,-1.0,2.462,250,0.71,127.4,0.5096,1.706,3.052,72.55,54.85,-13.72
NY,"{""offset"": 0, ""window"": 90, ""exit"": ""run"", ""open_trade"": true, ""vwap"": true, ""legs"": true, ""leg_max"": 4, ""rev_mode"": ""off"", ""wait_open"": true, ""maxpos"": 2, ""stack_trig"": ""bos"", ""stack_size"": 0.5, ""ma"": 200, ""big_thr"": 10.0, ""big_sl"": 25.0, ""big_tp"": 100.0, ""std_sl"": 30.0, ""std_tp"": 35.0, ""leg_gap"": 20.0, ""leg_sl"": 25.0, ""leg_tp"": 115.0, ""min_fv"": 60.0, ""min_bos"": 5.0, ""disp_pts"": 30.0, ""stack_gap"": 20.0}",3.045,2.623,-1.0,2.623,267,0.76,124.85,0.4676,1.629,3.045,64.2,60.65,-14.32
NY,"{""offset"": 0, ""window"": 90, ""exit"": ""run"", ""open_trade"": true, ""vwap"": true, ""legs"": false, ""leg_max"": 2, ""rev_mode"": ""off"", ""wait_open"": false, ""maxpos"": 3, ""stack_trig"": ""fvg"", ""stack_size"": 1.0, ""ma"": 100, ""big_thr"": 15.0, ""big_sl"": 30.0, ""big_tp"": 100.0, ""std_sl"": 15.0, ""std_tp"": 30.0, ""leg_gap"": 20.0, ""leg_sl"": 35.0, ""leg_tp"": 115.0, ""min_fv"": 60.0, ""min_bos"": 20.0, ""disp_pts"": 40.0, ""stack_gap"": 10.0}",3.041,2.68,-1.0,2.68,230,0.66,94.93,0.4128,1.592,3.041,57.71,37.22,-12.2
NY,"{""offset"": 0, ""window"": 150, ""exit"": ""hard"", ""open_trade"": true, ""vwap"": true, ""legs"": true, ""leg_max"": 1, ""rev_mode"": ""off"", ""wait_open"": false, ""maxpos"": 2, ""stack_trig"": ""bos"", ""stack_size"": 0.5, ""ma"": 200, ""big_thr"": 20.0, ""big_sl"": 25.0, ""big_tp"": 100.0, ""std_sl"": 35.0, ""std_tp"": 42.0, ""leg_gap"": 15.0, ""leg_sl"": 45.0, ""leg_tp"": 90.0, ""min_fv"": 200.0, ""min_bos"": 20.0, ""disp_pts"": 15.0, ""stack_gap"": 20.0}",3.039,2.719,-1.0,2.719,271,0.77,116.85,0.4312,1.609,3.039,64.91,51.94,-14.25
NY,"{""offset"": 0, ""window"": 150, ""exit"": ""run"", ""open_trade"": true, ""vwap"": true, ""legs"": true, ""leg_max"": 2, ""rev_mode"": ""std"", ""wait_open"": true, ""maxpos"": 2, ""stack_trig"": ""fvg"", ""stack_size"": 1.0, ""ma"": 100, ""big_thr"": 10.0, ""big_sl"": 25.0, ""big_tp"": 115.0, ""std_sl"": 25.0, ""std_tp"": 60.0, ""leg_gap"": 20.0, ""leg_sl"": 35.0, ""leg_tp"": 60.0, ""min_fv"": 200.0, ""min_bos"": 20.0, ""disp_pts"": 30.0, ""stack_gap"": 15.0}",3.038,2.71,-1.0,2.71,414,1.18,138.4,0.3343,1.456,3.038,96.1,42.3,-17.8
NY,"{""offset"": 0, ""window"": 120, ""exit"": ""run"", ""open_trade"": true, ""vwap"": true, ""legs"": false, ""leg_max"": 4, ""rev_mode"": ""off"", ""wait_open"": true, ""maxpos"": 3, ""stack_trig"": ""fvg"", ""stack_size"": 0.5, ""ma"": 100, ""big_thr"": 10.0, ""big_sl"": 25.0, ""big_tp"": 130.0, ""std_sl"": 35.0, ""std_tp"": 35.0, ""leg_gap"": 15.0, ""leg_sl"": 25.0, ""leg_tp"": 140.0, ""min_fv"": 150.0, ""min_bos"": 10.0, ""disp_pts"": 30.0, ""stack_gap"": 10.0}",3.037,2.757,-1.0,2.757,230,0.66,124.9,0.543,1.693,3.037,60.46,64.44,-10.73
NY,"{""offset"": 0, ""window"": 60, ""exit"": ""hard"", ""open_trade"": true, ""vwap"": true, ""legs"": true, ""leg_max"": 2, ""rev_mode"": ""off"", ""wait_open"": true, ""maxpos"": 1, ""stack_trig"": ""fvg"", ""stack_size"": 0.5, ""ma"": 100, ""big_thr"": 20.0, ""big_sl"": 30.0, ""big_tp"": 130.0, ""std_sl"": 25.0, ""std_tp"": 60.0, ""leg_gap"": 15.0, ""leg_sl"": 35.0, ""leg_tp"": 115.0, ""min_fv"": 80.0, ""min_bos"": 5.0, ""disp_pts"": 15.0, ""stack_gap"": 15.0}",3.035,2.695,-1.0,2.695,250,0.71,112.65,0.4506,1.656,3.035,62.44,50.21,-13.35
NY,"{""offset"": 0, ""window"": 150, ""exit"": ""hard"", ""open_trade"": true, ""vwap"": true, ""legs"": false, ""leg_max"": 4, ""rev_mode"": ""off"", ""wait_open"": true, ""maxpos"": 3, ""stack_trig"": ""both"", ""stack_size"": 0.5, ""ma"": 100, ""big_thr"": 10.0, ""big_sl"": 30.0, ""big_tp"": 130.0, ""std_sl"": 35.0, ""std_tp"": 42.0, ""leg_gap"": 20.0, ""leg_sl"": 35.0, ""leg_tp"": 115.0, ""min_fv"": 60.0, ""min_bos"": 5.0, ""disp_pts"": 20.0, ""stack_gap"": 10.0}",3.035,2.525,-1.0,2.525,230,0.66,109.11,0.4744,1.646,3.035,58.75,50.36,-10.55
NY,"{""offset"": 0, ""window"": 90, ""exit"": ""run"", ""open_trade"": true, ""vwap"": true, ""legs"": true, ""leg_max"": 1, ""rev_mode"": ""off"", ""wait_open"": true, ""maxpos"": 3, ""stack_trig"": ""bos"", ""stack_size"": 1.0, ""ma"": 100, ""big_thr"": 10.0, ""big_sl"": 25.0, ""big_tp"": 150.0, ""std_sl"": 30.0, ""std_tp"": 50.0, ""leg_gap"": 15.0, ""leg_sl"": 45.0, ""leg_tp"": 90.0, ""min_fv"": 60.0, ""min_bos"": 0.0, ""disp_pts"": 20.0, ""stack_gap"": 20.0}",3.035,2.482,-1.0,2.482,247,0.7,143.89,0.5826,1.75,3.035,71.78,72.11,-19.83
NY,"{""offset"": 0, ""window"": 120, ""exit"": ""hard"", ""open_trade"": true, ""vwap"": true, ""legs"": false, ""leg_max"": 1, ""rev_mode"": ""off"", ""wait_open"": false, ""maxpos"": 3, ""stack_trig"": ""both"", ""stack_size"": 0.5, ""ma"": 50, ""big_thr"": 25.0, ""big_sl"": 25.0, ""big_tp"": 150.0, ""std_sl"": 20.0, ""std_tp"": 60.0, ""leg_gap"": 25.0, ""leg_sl"": 25.0, ""leg_tp"": 90.0, ""min_fv"": 200.0, ""min_bos"": 20.0, ""disp_pts"": 25.0, ""stack_gap"": 15.0}",3.031,2.967,2.384,2.967,223,0.64,125.19,0.5614,1.726,3.031,65.86,59.33,-12.54
NY,"{""offset"": 0, ""window"": 90, ""exit"": ""run"", ""open_trade"": true, ""vwap"": true, ""legs"": true, ""leg_max"": 4, ""rev_mode"": ""disp_fv"", ""wait_open"": true, ""maxpos"": 2, ""stack_trig"": ""fvg"", ""stack_size"": 1.0, ""ma"": 50, ""big_thr"": 10.0, ""big_sl"": 30.0, ""big_tp"": 100.0, ""std_sl"": 15.0, ""std_tp"": 50.0, ""leg_gap"": 10.0, ""leg_sl"": 45.0, ""leg_tp"": 140.0, ""min_fv"": 200.0, ""min_bos"": 15.0, ""disp_pts"": 40.0, ""stack_gap"": 10.0}",3.03,2.699,-1.0,2.699,266,0.76,113.22,0.4256,1.604,3.03,84.39,28.83,-13.87
NY,"{""offset"": 0, ""window"": 90, ""exit"": ""hard"", ""open_trade"": true, ""vwap"": true, ""legs"": true, ""leg_max"": 1, ""rev_mode"": ""off"", ""wait_open"": true, ""maxpos"": 1, ""stack_trig"": ""both"", ""stack_size"": 0.5, ""ma"": 100, ""big_thr"": 25.0, ""big_sl"": 25.0, ""big_tp"": 115.0, ""std_sl"": 35.0, ""std_tp"": 42.0, ""leg_gap"": 20.0, ""leg_sl"": 25.0, ""leg_tp"": 115.0, ""min_fv"": 125.0, ""min_bos"": 5.0, ""disp_pts"": 30.0, ""stack_gap"": 10.0}",3.03,2.777,-1.0,2.777,241,0.69,115.23,0.4781,1.682,3.03,62.92,52.31,-11.55
NY,"{""offset"": 0, ""window"": 120, ""exit"": ""run"", ""open_trade"": true, ""vwap"": true, ""legs"": true, ""leg_max"": 2, ""rev_mode"": ""std"", ""wait_open"": false, ""maxpos"": 1, ""stack_trig"": ""bos"", ""stack_size"": 1.0, ""ma"": 100, ""big_thr"": 10.0, ""big_sl"": 30.0, ""big_tp"": 115.0, ""std_sl"": 30.0, ""std_tp"": 50.0, ""leg_gap"": 20.0, ""leg_sl"": 45.0, ""leg_tp"": 115.0, ""min_fv"": 200.0, ""min_bos"": 5.0, ""disp_pts"": 20.0, ""stack_gap"": 20.0}",3.024,2.478,-1.0,2.478,432,1.23,120.27,0.2784,1.414,3.024,81.3,38.97,-14.79
NY,"{""offset"": 0, ""window"": 60, ""exit"": ""hard"", ""open_trade"": true, ""vwap"": true, ""legs"": true, ""leg_max"": 2, ""rev_mode"": ""off"", ""wait_open"": true, ""maxpos"": 1, ""stack_trig"": ""bos"", ""stack_size"": 1.0, ""ma"": 0, ""big_thr"": 10.0, ""big_sl"": 35.0, ""big_tp"": 130.0, ""std_sl"": 20.0, ""std_tp"": 35.0, ""leg_gap"": 20.0, ""leg_sl"": 35.0, ""leg_tp"": 140.0, ""min_fv"": 200.0, ""min_bos"": 20.0, ""disp_pts"": 25.0, ""stack_gap"": 15.0}",3.023,2.488,-1.0,2.488,306,0.87,117.55,0.3842,1.572,3.023,62.15,55.41,-14.77
NY,"{""offset"": 0, ""window"": 120, ""exit"": ""hard"", ""open_trade"": true, ""vwap"": true, ""legs"": true, ""leg_max"": 4, ""rev_mode"": ""off"", ""wait_open"": true, ""maxpos"": 2, ""stack_trig"": ""fvg"", ""stack_size"": 1.0, ""ma"": 50, ""big_thr"": 25.0, ""big_sl"": 35.0, ""big_tp"": 115.0, ""std_sl"": 15.0, ""std_tp"": 42.0, ""leg_gap"": 15.0, ""leg_sl"": 25.0, ""leg_tp"": 90.0, ""min_fv"": 200.0, ""min_bos"": 5.0, ""disp_pts"": 40.0, ""stack_gap"": 10.0}",3.016,2.409,-1.0,2.409,240,0.68,100.85,0.4202,1.62,3.016,57.66,43.18,-9.1
NY,"{""offset"": 0, ""window"": 150, ""exit"": ""run"", ""open_trade"": true, ""vwap"": true, ""legs"": true, ""leg_max"": 1, ""rev_mode"": ""off"", ""wait_open"": false, ""maxpos"": 1, ""stack_trig"": ""both"", ""stack_size"": 1.0, ""ma"": 100, ""big_thr"": 15.0, ""big_sl"": 25.0, ""big_tp"": 80.0, ""std_sl"": 30.0, ""std_tp"": 42.0, ""leg_gap"": 15.0, ""leg_sl"": 35.0, ""leg_tp"": 140.0, ""min_fv"": 40.0, ""min_bos"": 0.0, ""disp_pts"": 15.0, ""stack_gap"": 10.0}",3.013,2.199,-1.0,2.199,247,0.7,106.11,0.4296,1.619,3.013,53.87,52.24,-12.93
NY,"{""offset"": 0, ""window"": 90, ""exit"": ""hard"", ""open_trade"": true, ""vwap"": true, ""legs"": true, ""leg_max"": 2, ""rev_mode"": ""off"", ""wait_open"": false, ""maxpos"": 2, ""stack_trig"": ""bos"", ""stack_size"": 1.0, ""ma"": 200, ""big_thr"": 20.0, ""big_sl"": 25.0, ""big_tp"": 150.0, ""std_sl"": 30.0, ""std_tp"": 60.0, ""leg_gap"": 25.0, ""leg_sl"": 45.0, ""leg_tp"": 60.0, ""min_fv"": 200.0, ""min_bos"": 0.0, ""disp_pts"": 30.0, ""stack_gap"": 20.0}",3.013,2.496,-1.0,2.496,263,0.75,132.2,0.5026,1.678,3.013,63.28,68.92,-14.2
NY,"{""offset"": 0, ""window"": 120, ""exit"": ""run"", ""open_trade"": true, ""vwap"": true, ""legs"": false, ""leg_max"": 6, ""rev_mode"": ""off"", ""wait_open"": false, ""maxpos"": 2, ""stack_trig"": ""both"", ""stack_size"": 1.0, ""ma"": 100, ""big_thr"": 10.0, ""big_sl"": 30.0, ""big_tp"": 115.0, ""std_sl"": 20.0, ""std_tp"": 35.0, ""leg_gap"": 25.0, ""leg_sl"": 35.0, ""leg_tp"": 115.0, ""min_fv"": 40.0, ""min_bos"": 20.0, ""disp_pts"": 40.0, ""stack_gap"": 20.0}",3.013,3.012,2.831,3.012,230,0.66,102.32,0.4449,1.614,3.013,55.88,46.44,-10.05
NY,"{""offset"": 0, ""window"": 150, ""exit"": ""run"", ""open_trade"": true, ""vwap"": true, ""legs"": true, ""leg_max"": 6, ""rev_mode"": ""disp_fv"", ""wait_open"": true, ""maxpos"": 1, ""stack_trig"": ""bos"", ""stack_size"": 1.0, ""ma"": 50, ""big_thr"": 20.0, ""big_sl"": 25.0, ""big_tp"": 150.0, ""std_sl"": 25.0, ""std_tp"": 30.0, ""leg_gap"": 20.0, ""leg_sl"": 45.0, ""leg_tp"": 60.0, ""min_fv"": 200.0, ""min_bos"": 0.0, ""disp_pts"": 40.0, ""stack_gap"": 20.0}",3.011,2.401,-1.0,2.401,251,0.72,143.49,0.5717,1.739,3.011,71.28,72.21,-18.21
NY,"{""offset"": 0, ""window"": 60, ""exit"": ""hard"", ""open_trade"": true, ""vwap"": true, ""legs"": false, ""leg_max"": 1, ""rev_mode"": ""off"", ""wait_open"": false, ""maxpos"": 3, ""stack_trig"": ""bos"", ""stack_size"": 0.5, ""ma"": 100, ""big_thr"": 10.0, ""big_sl"": 35.0, ""big_tp"": 130.0, ""std_sl"": 35.0, ""std_tp"": 30.0, ""leg_gap"": 20.0, ""leg_sl"": 25.0, ""leg_tp"": 140.0, ""min_fv"": 40.0, ""min_bos"": 10.0, ""disp_pts"": 20.0, ""stack_gap"": 10.0}",3.01,2.644,-1.0,2.644,230,0.66,91.3,0.397,1.609,3.01,55.0,36.3,-10.02
NY,"{""offset"": 0, ""window"": 60, ""exit"": ""hard"", ""open_trade"": true, ""vwap"": true, ""legs"": false, ""leg_max"": 4, ""rev_mode"": ""off"", ""wait_open"": true, ""maxpos"": 2, ""stack_trig"": ""both"", ""stack_size"": 0.5, ""ma"": 100, ""big_thr"": 10.0, ""big_sl"": 35.0, ""big_tp"": 130.0, ""std_sl"": 30.0, ""std_tp"": 35.0, ""leg_gap"": 20.0, ""leg_sl"": 45.0, ""leg_tp"": 115.0, ""min_fv"": 125.0, ""min_bos"": 0.0, ""disp_pts"": 25.0, ""stack_gap"": 10.0}",3.01,2.475,-1.0,2.475,230,0.66,91.29,0.3969,1.609,3.01,55.0,36.3,-10.02
NY,"{""offset"": 0, ""window"": 150, ""exit"": ""run"", ""open_trade"": true, ""vwap"": true, ""legs"": true, ""leg_max"": 1, ""rev_mode"": ""std"", ""wait_open"": true, ""maxpos"": 1, ""stack_trig"": ""bos"", ""stack_size"": 1.0, ""ma"": 50, ""big_thr"": 15.0, ""big_sl"": 30.0, ""big_tp"": 100.0, ""std_sl"": 25.0, ""std_tp"": 60.0, ""leg_gap"": 20.0, ""leg_sl"": 35.0, ""leg_tp"": 140.0, ""min_fv"": 200.0, ""min_bos"": 20.0, ""disp_pts"": 40.0, ""stack_gap"": 15.0}",3.005,2.333,-1.0,2.333,360,1.03,116.82,0.3245,1.465,3.005,88.11,28.72,-25.0
NY,"{""offset"": 0, ""window"": 60, ""exit"": ""run"", ""open_trade"": true, ""vwap"": true, ""legs"": true, ""leg_max"": 2, ""rev_mode"": ""off"", ""wait_open"": false, ""maxpos"": 2, ""stack_trig"": ""bos"", ""stack_size"": 1.0, ""ma"": 50, ""big_thr"": 10.0, ""big_sl"": 35.0, ""big_tp"": 80.0, ""std_sl"": 15.0, ""std_tp"": 30.0, ""leg_gap"": 15.0, ""leg_sl"": 35.0, ""leg_tp"": 140.0, ""min_fv"": 200.0, ""min_bos"": 10.0, ""disp_pts"": 20.0, ""stack_gap"": 15.0}",3.003,2.43,-1.0,2.43,240,0.68,87.44,0.3643,1.589,3.003,53.29,34.15,-10.21
NY,"{""offset"": 0, ""window"": 150, ""exit"": ""hard"", ""open_trade"": true, ""vwap"": true, ""legs"": true, ""leg_max"": 6, ""rev_mode"": ""off"", ""wait_open"": true, ""maxpos"": 3, ""stack_trig"": ""both"", ""stack_size"": 1.0, ""ma"": 200, ""big_thr"": 10.0, ""big_sl"": 25.0, ""big_tp"": 130.0, ""std_sl"": 15.0, ""std_tp"": 42.0, ""leg_gap"": 20.0, ""leg_sl"": 45.0, ""leg_tp"": 90.0, ""min_fv"": 125.0, ""min_bos"": 10.0, ""disp_pts"": 20.0, ""stack_gap"": 20.0}",2.999,2.964,2.432,2.964,267,0.76,133.03,0.4982,1.646,2.999,63.3,69.73,-13.05
NY,"{""offset"": 0, ""window"": 120, ""exit"": ""run"", ""open_trade"": true, ""vwap"": true, ""legs"": true, ""leg_max"": 2, ""rev_mode"": ""off"", ""wait_open"": true, ""maxpos"": 3, ""stack_trig"": ""both"", ""stack_size"": 0.5, ""ma"": 50, ""big_thr"": 10.0, ""big_sl"": 35.0, ""big_tp"": 115.0, ""std_sl"": 15.0, ""std_tp"": 42.0, ""leg_gap"": 20.0, ""leg_sl"": 25.0, ""leg_tp"": 115.0, ""min_fv"": 40.0, ""min_bos"": 20.0, ""disp_pts"": 40.0, ""stack_gap"": 15.0}",2.998,2.228,-1.0,2.228,233,0.66,101.26,0.4346,1.633,2.998,58.6,42.66,-8.42
NY,"{""offset"": 0, ""window"": 90, ""exit"": ""hard"", ""open_trade"": true, ""vwap"": true, ""legs"": true, ""leg_max"": 2, ""rev_mode"": ""off"", ""wait_open"": true, ""maxpos"": 1, ""stack_trig"": ""bos"", ""stack_size"": 0.5, ""ma"": 200, ""big_thr"": 15.0, ""big_sl"": 25.0, ""big_tp"": 100.0, ""std_sl"": 20.0, ""std_tp"": 50.0, ""leg_gap"": 20.0, ""leg_sl"": 25.0, ""leg_tp"": 115.0, ""min_fv"": 150.0, ""min_bos"": 15.0, ""disp_pts"": 20.0, ""stack_gap"": 20.0}",2.992,2.721,-1.0,2.721,267,0.76,120.33,0.4507,1.614,2.992,65.56,54.77,-14.32
NY,"{""offset"": 0, ""window"": 60, ""exit"": ""hard"", ""open_trade"": true, ""vwap"": true, ""legs"": true, ""leg_max"": 6, ""rev_mode"": ""mixed"", ""wait_open"": false, ""maxpos"": 2, ""stack_trig"": ""bos"", ""stack_size"": 1.0, ""ma"": 100, ""big_thr"": 15.0, ""big_sl"": 25.0, ""big_tp"": 80.0, ""std_sl"": 25.0, ""std_tp"": 60.0, ""leg_gap"": 15.0, ""leg_sl"": 25.0, ""leg_tp"": 140.0, ""min_fv"": 200.0, ""min_bos"": 15.0, ""disp_pts"": 30.0, ""stack_gap"": 20.0}",2.989,2.842,2.242,2.842,299,0.85,116.05,0.3881,1.571,2.989,65.31,50.75,-21.22
NY,"{""offset"": 0, ""window"": 150, ""exit"": ""hard"", ""open_trade"": true, ""vwap"": true, ""legs"": false, ""leg_max"": 1, ""rev_mode"": ""std"", ""wait_open"": false, ""maxpos"": 2, ""stack_trig"": ""both"", ""stack_size"": 0.5, ""ma"": 50, ""big_thr"": 15.0, ""big_sl"": 30.0, ""big_tp"": 115.0, ""std_sl"": 15.0, ""std_tp"": 30.0, ""leg_gap"": 15.0, ""leg_sl"": 25.0, ""leg_tp"": 115.0, ""min_fv"": 200.0, ""min_bos"": 20.0, ""disp_pts"": 15.0, ""stack_gap"": 15.0}",2.989,2.957,2.325,2.957,440,1.25,113.01,0.2568,1.392,2.989,87.98,25.03,-14.4
NY,"{""offset"": 0, ""window"": 150, ""exit"": ""hard"", ""open_trade"": true, ""vwap"": true, ""legs"": false, ""leg_max"": 2, ""rev_mode"": ""off"", ""wait_open"": true, ""maxpos"": 1, ""stack_trig"": ""fvg"", ""stack_size"": 0.5, ""ma"": 200, ""big_thr"": 15.0, ""big_sl"": 30.0, ""big_tp"": 115.0, ""std_sl"": 35.0, ""std_tp"": 30.0, ""leg_gap"": 10.0, ""leg_sl"": 45.0, ""leg_tp"": 115.0, ""min_fv"": 40.0, ""min_bos"": 5.0, ""disp_pts"": 30.0, ""stack_gap"": 20.0}",2.988,2.712,-1.0,2.712,253,0.72,104.55,0.4133,1.572,2.988,58.03,46.52,-12.14
NY,"{""offset"": 0, ""window"": 150, ""exit"": ""hard"", ""open_trade"": true, ""vwap"": true, ""legs"": true, ""leg_max"": 1, ""rev_mode"": ""off"", ""wait_open"": false, ""maxpos"": 1, ""stack_trig"": ""both"", ""stack_size"": 0.5, ""ma"": 50, ""big_thr"": 15.0, ""big_sl"": 40.0, ""big_tp"": 150.0, ""std_sl"": 25.0, ""std_tp"": 60.0, ""leg_gap"": 25.0, ""leg_sl"": 45.0, ""leg_tp"": 115.0, ""min_fv"": 150.0, ""min_bos"": 15.0, ""disp_pts"": 15.0, ""stack_gap"": 20.0}",2.986,2.933,2.391,2.933,229,0.65,96.42,0.421,1.638,2.986,59.94,36.48,-7.8
NY,"{""offset"": 0, ""window"": 60, ""exit"": ""hard"", ""open_trade"": true, ""vwap"": false, ""legs"": false, ""leg_max"": 1, ""rev_mode"": ""off"", ""wait_open"": false, ""maxpos"": 2, ""stack_trig"": ""fvg"", ""stack_size"": 1.0, ""ma"": 50, ""big_thr"": 10.0, ""big_sl"": 25.0, ""big_tp"": 115.0, ""std_sl"": 15.0, ""std_tp"": 42.0, ""leg_gap"": 25.0, ""leg_sl"": 35.0, ""leg_tp"": 90.0, ""min_fv"": 60.0, ""min_bos"": 5.0, ""disp_pts"": 15.0, ""stack_gap"": 10.0}",2.983,2.604,-1.0,2.604,270,0.77,115.49,0.4278,1.579,2.983,64.92,50.57,-13.85
NY,"{""offset"": 0, ""window"": 120, ""exit"": ""hard"", ""open_trade"": true, ""vwap"": true, ""legs"": true, ""leg_max"": 2, ""rev_mode"": ""off"", ""wait_open"": false, ""maxpos"": 3, ""stack_trig"": ""fvg"", ""stack_size"": 0.5, ""ma"": 50, ""big_thr"": 20.0, ""big_sl"": 40.0, ""big_tp"": 115.0, ""std_sl"": 30.0, ""std_tp"": 35.0, ""leg_gap"": 10.0, ""leg_sl"": 45.0, ""leg_tp"": 115.0, ""min_fv"": 80.0, ""min_bos"": 20.0, ""disp_pts"": 15.0, ""stack_gap"": 20.0}",2.983,2.338,-1.0,2.338,250,0.71,90.49,0.362,1.597,2.983,61.39,29.09,-8.87
NY,"{""offset"": 0, ""window"": 60, ""exit"": ""hard"", ""open_trade"": true, ""vwap"": true, ""legs"": true, ""leg_max"": 6, ""rev_mode"": ""disp_fv"", ""wait_open"": false, ""maxpos"": 2, ""stack_trig"": ""bos"", ""stack_size"": 1.0, ""ma"": 200, ""big_thr"": 10.0, ""big_sl"": 30.0, ""big_tp"": 150.0, ""std_sl"": 15.0, ""std_tp"": 60.0, ""leg_gap"": 25.0, ""leg_sl"": 45.0, ""leg_tp"": 140.0, ""min_fv"": 200.0, ""min_bos"": 5.0, ""disp_pts"": 25.0, ""stack_gap"": 15.0}",2.983,2.653,-1.0,2.653,298,0.85,124.62,0.4182,1.583,2.983,83.28,41.34,-17.82
NY,"{""offset"": 0, ""window"": 120, ""exit"": ""run"", ""open_trade"": true, ""vwap"": true, ""legs"": false, ""leg_max"": 6, ""rev_mode"": ""off"", ""wait_open"": false, ""maxpos"": 2, ""stack_trig"": ""both"", ""stack_size"": 0.5, ""ma"": 100, ""big_thr"": 15.0, ""big_sl"": 30.0, ""big_tp"": 115.0, ""std_sl"": 25.0, ""std_tp"": 60.0, ""leg_gap"": 10.0, ""leg_sl"": 25.0, ""leg_tp"": 60.0, ""min_fv"": 80.0, ""min_bos"": 0.0, ""disp_pts"": 40.0, ""stack_gap"": 15.0}",2.981,2.429,-1.0,2.429,230,0.66,100.88,0.4386,1.606,2.981,55.87,45.01,-10.03
NY,"{""offset"": 0, ""window"": 150, ""exit"": ""hard"", ""open_trade"": true, ""vwap"": true, ""legs"": false, ""leg_max"": 4, ""rev_mode"": ""disp_fv"", ""wait_open"": false, ""maxpos"": 1, ""stack_trig"": ""fvg"", ""stack_size"": 0.5, ""ma"": 50, ""big_thr"": 10.0, ""big_sl"": 40.0, ""big_tp"": 115.0, ""std_sl"": 30.0, ""std_tp"": 42.0, ""leg_gap"": 20.0, ""leg_sl"": 45.0, ""leg_tp"": 115.0, ""min_fv"": 200.0, ""min_bos"": 15.0, ""disp_pts"": 40.0, ""stack_gap"": 20.0}",2.981,2.642,-1.0,2.642,236,0.67,88.77,0.3762,1.583,2.981,48.77,40.0,-6.6
NY,"{""offset"": 0, ""window"": 60, ""exit"": ""run"", ""open_trade"": true, ""vwap"": true, ""legs"": false, ""leg_max"": 4, ""rev_mode"": ""off"", ""wait_open"": true, ""maxpos"": 3, ""stack_trig"": ""bos"", ""stack_size"": 1.0, ""ma"": 100, ""big_thr"": 20.0, ""big_sl"": 25.0, ""big_tp"": 150.0, ""std_sl"": 30.0, ""std_tp"": 35.0, ""leg_gap"": 25.0, ""leg_sl"": 45.0, ""leg_tp"": 90.0, ""min_fv"": 150.0, ""min_bos"": 15.0, ""disp_pts"": 20.0, ""stack_gap"": 20.0}",2.98,2.625,-1.0,2.625,230,0.66,128.9,0.5604,1.724,2.98,66.3,62.59,-16.55
NY,"{""offset"": 0, ""window"": 60, ""exit"": ""hard"", ""open_trade"": true, ""vwap"": false, ""legs"": false, ""leg_max"": 1, ""rev_mode"": ""off"", ""wait_open"": false, ""maxpos"": 3, ""stack_trig"": ""bos"", ""stack_size"": 1.0, ""ma"": 50, ""big_thr"": 15.0, ""big_sl"": 25.0, ""big_tp"": 115.0, ""std_sl"": 35.0, ""std_tp"": 50.0, ""leg_gap"": 20.0, ""leg_sl"": 45.0, ""leg_tp"": 140.0, ""min_fv"": 100.0, ""min_bos"": 10.0, ""disp_pts"": 15.0, ""stack_gap"": 10.0}",2.979,2.74,-1.0,2.74,270,0.77,115.3,0.427,1.578,2.979,64.94,50.35,-13.85
NY,"{""offset"": 0, ""window"": 120, ""exit"": ""run"", ""open_trade"": true, ""vwap"": true, ""legs"": true, ""leg_max"": 6, ""rev_mode"": ""off"", ""wait_open"": false, ""maxpos"": 3, ""stack_trig"": ""bos"", ""stack_size"": 0.5, ""ma"": 50, ""big_thr"": 20.0, ""big_sl"": 30.0, ""big_tp"": 115.0, ""std_sl"": 35.0, ""std_tp"": 50.0, ""leg_gap"": 10.0, ""leg_sl"": 25.0, ""leg_tp"": 140.0, ""min_fv"": 150.0, ""min_bos"": 5.0, ""disp_pts"": 40.0, ""stack_gap"": 20.0}",2.978,2.709,-1.0,2.709,250,0.71,121.1,0.4844,1.679,2.978,65.97,55.14,-12.14
NY,"{""offset"": 0, ""window"": 120, ""exit"": ""run"", ""open_trade"": true, ""vwap"": true, ""legs"": true, ""leg_max"": 1, ""rev_mode"": ""off"", ""wait_open"": false, ""maxpos"": 1, ""stack_trig"": ""bos"", ""stack_size"": 0.5, ""ma"": 50, ""big_thr"": 15.0, ""big_sl"": 30.0, ""big_tp"": 115.0, ""std_sl"": 30.0, ""std_tp"": 30.0, ""leg_gap"": 20.0, ""leg_sl"": 35.0, ""leg_tp"": 60.0, ""min_fv"": 150.0, ""min_bos"": 15.0, ""disp_pts"": 40.0, ""stack_gap"": 10.0}",2.977,2.733,-1.0,2.733,233,0.66,103.04,0.4422,1.623,2.977,60.43,42.61,-10.02
NY,"{""offset"": 0, ""window"": 90, ""exit"": ""run"", ""open_trade"": true, ""vwap"": true, ""legs"": true, ""leg_max"": 6, ""rev_mode"": ""off"", ""wait_open"": true, ""maxpos"": 3, ""stack_trig"": ""both"", ""stack_size"": 0.5, ""ma"": 50, ""big_thr"": 15.0, ""big_sl"": 35.0, ""big_tp"": 115.0, ""std_sl"": 30.0, ""std_tp"": 42.0, ""leg_gap"": 20.0, ""leg_sl"": 45.0, ""leg_tp"": 115.0, ""min_fv"": 125.0, ""min_bos"": 10.0, ""disp_pts"": 25.0, ""stack_gap"": 20.0}",2.974,2.378,-1.0,2.378,233,0.66,96.63,0.4147,1.613,2.974,59.77,36.87,-8.42
NY,"{""offset"": 0, ""window"": 90, ""exit"": ""run"", ""open_trade"": true, ""vwap"": true, ""legs"": true, ""leg_max"": 6, ""rev_mode"": ""off"", ""wait_open"": false, ""maxpos"": 1, ""stack_trig"": ""fvg"", ""stack_size"": 0.5, ""ma"": 50, ""big_thr"": 20.0, ""big_sl"": 35.0, ""big_tp"": 115.0, ""std_sl"": 20.0, ""std_tp"": 50.0, ""leg_gap"": 15.0, ""leg_sl"": 35.0, ""leg_tp"": 115.0, ""min_fv"": 150.0, ""min_bos"": 15.0, ""disp_pts"": 15.0, ""stack_gap"": 10.0}",2.974,2.696,-1.0,2.696,240,0.68,100.4,0.4183,1.614,2.974,59.51,40.88,-9.09
NY,"{""offset"": 0, ""window"": 120, ""exit"": ""hard"", ""open_trade"": true, ""vwap"": false, ""legs"": true, ""leg_max"": 1, ""rev_mode"": ""off"", ""wait_open"": false, ""maxpos"": 2, ""stack_trig"": ""fvg"", ""stack_size"": 1.0, ""ma"": 50, ""big_thr"": 15.0, ""big_sl"": 30.0, ""big_tp"": 115.0, ""std_sl"": 20.0, ""std_tp"": 30.0, ""leg_gap"": 15.0, ""leg_sl"": 45.0, ""leg_tp"": 90.0, ""min_fv"": 200.0, ""min_bos"": 5.0, ""disp_pts"": 30.0, ""stack_gap"": 15.0}",2.974,2.677,-1.0,2.677,285,0.81,112.29,0.394,1.564,2.974,74.35,37.94,-16.29
NY,"{""offset"": 0, ""window"": 60, ""exit"": ""hard"", ""open_trade"": true, ""vwap"": true, ""legs"": true, ""leg_max"": 1, ""rev_mode"": ""off"", ""wait_open"": false, ""maxpos"": 3, ""stack_trig"": ""bos"", ""stack_size"": 1.0, ""ma"": 50, ""big_thr"": 15.0, ""big_sl"": 50.0, ""big_tp"": 130.0, ""std_sl"": 35.0, ""std_tp"": 50.0, ""leg_gap"": 20.0, ""leg_sl"": 25.0, ""leg_tp"": 140.0, ""min_fv"": 100.0, ""min_bos"": 20.0, ""disp_pts"": 40.0, ""stack_gap"": 10.0}",2.973,2.688,-1.0,2.688,233,0.66,82.35,0.3534,1.639,2.973,47.12,35.23,-10.01
NY,"{""offset"": 0, ""window"": 120, ""exit"": ""hard"", ""open_trade"": true, ""vwap"": true, ""legs"": true, ""leg_max"": 4, ""rev_mode"": ""off"", ""wait_open"": true, ""maxpos"": 2, ""stack_trig"": ""both"", ""stack_size"": 1.0, ""ma"": 200, ""big_thr"": 10.0, ""big_sl"": 25.0, ""big_tp"": 150.0, ""std_sl"": 30.0, ""std_tp"": 30.0, ""leg_gap"": 20.0, ""leg_sl"": 35.0, ""leg_tp"": 115.0, ""min_fv"": 150.0, ""min_bos"": 15.0, ""disp_pts"": 30.0, ""stack_gap"": 10.0}",2.973,2.662,-1.0,2.662,267,0.76,142.15,0.5324,1.687,2.973,67.35,74.8,-17.84
NY,"{""offset"": 0, ""window"": 60, ""exit"": ""run"", ""open_trade"": true, ""vwap"": true, ""legs"": true, ""leg_max"": 6, ""rev_mode"": ""std"", ""wait_open"": true, ""maxpos"": 3, ""stack_trig"": ""both"", ""stack_size"": 0.5, ""ma"": 100, ""big_thr"": 10.0, ""big_sl"": 25.0, ""big_tp"": 150.0, ""std_sl"": 20.0, ""std_tp"": 50.0, ""leg_gap"": 15.0, ""leg_sl"": 45.0, ""leg_tp"": 140.0, ""min_fv"": 80.0, ""min_bos"": 20.0, ""disp_pts"": 15.0, ""stack_gap"": 15.0}",2.972,2.56,-1.0,2.56,492,1.4,158.64,0.3224,1.47,2.972,95.39,63.25,-31.83
NY,"{""offset"": 0, ""window"": 90, ""exit"": ""run"", ""open_trade"": true, ""vwap"": true, ""legs"": true, ""leg_max"": 2, ""rev_mode"": ""off"", ""wait_open"": true, ""maxpos"": 3, ""stack_trig"": ""fvg"", ""stack_size"": 1.0, ""ma"": 200, ""big_thr"": 25.0, ""big_sl"": 25.0, ""big_tp"": 130.0, ""std_sl"": 15.0, ""std_tp"": 50.0, ""leg_gap"": 15.0, ""leg_sl"": 35.0, ""leg_tp"": 115.0, ""min_fv"": 200.0, ""min_bos"": 20.0, ""disp_pts"": 15.0, ""stack_gap"": 15.0}",2.972,2.91,2.498,2.91,275,0.78,137.83,0.5012,1.647,2.972,55.44,82.39,-17.25
NY,"{""offset"": 0, ""window"": 60, ""exit"": ""hard"", ""open_trade"": true, ""vwap"": true, ""legs"": true, ""leg_max"": 1, ""rev_mode"": ""off"", ""wait_open"": true, ""maxpos"": 3, ""stack_trig"": ""both"", ""stack_size"": 1.0, ""ma"": 50, ""big_thr"": 20.0, ""big_sl"": 35.0, ""big_tp"": 130.0, ""std_sl"": 20.0, ""std_tp"": 42.0, ""leg_gap"": 10.0, ""leg_sl"": 45.0, ""leg_tp"": 60.0, ""min_fv"": 150.0, ""min_bos"": 15.0, ""disp_pts"": 40.0, ""stack_gap"": 20.0}",2.967,2.366,-1.0,2.366,247,0.7,94.38,0.3821,1.611,2.967,55.68,38.7,-8.7
NY,"{""offset"": 0, ""window"": 60, ""exit"": ""run"", ""open_trade"": true, ""vwap"": true, ""legs"": true, ""leg_max"": 4, ""rev_mode"": ""off"", ""wait_open"": true, ""maxpos"": 3, ""stack_trig"": ""both"", ""stack_size"": 0.5, ""ma"": 50, ""big_thr"": 15.0, ""big_sl"": 30.0, ""big_tp"": 115.0, ""std_sl"": 30.0, ""std_tp"": 30.0, ""leg_gap"": 15.0, ""leg_sl"": 35.0, ""leg_tp"": 60.0, ""min_fv"": 100.0, ""min_bos"": 15.0, ""disp_pts"": 25.0, ""stack_gap"": 10.0}",2.966,2.962,2.757,2.962,240,0.68,103.82,0.4326,1.612,2.966,60.59,43.22,-11.07
NY,"{""offset"": 0, ""window"": 60, ""exit"": ""run"", ""open_trade"": true, ""vwap"": true, ""legs"": true, ""leg_max"": 2, ""rev_mode"": ""off"", ""wait_open"": true, ""maxpos"": 1, ""stack_trig"": ""bos"", ""stack_size"": 0.5, ""ma"": 100, ""big_thr"": 10.0, ""big_sl"": 30.0, ""big_tp"": 115.0, ""std_sl"": 25.0, ""std_tp"": 50.0, ""leg_gap"": 25.0, ""leg_sl"": 35.0, ""leg_tp"": 90.0, ""min_fv"": 200.0, ""min_bos"": 0.0, ""disp_pts"": 25.0, ""stack_gap"": 15.0}",2.965,2.911,2.334,2.911,239,0.68,103.58,0.4334,1.599,2.965,58.82,44.76,-11.07
NY,"{""offset"": 0, ""window"": 120, ""exit"": ""hard"", ""open_trade"": true, ""vwap"": true, ""legs"": true, ""leg_max"": 2, ""rev_mode"": ""off"", ""wait_open"": false, ""maxpos"": 2, ""stack_trig"": ""both"", ""stack_size"": 0.5, ""ma"": 100, ""big_thr"": 20.0, ""big_sl"": 30.0, ""big_tp"": 130.0, ""std_sl"": 35.0, ""std_tp"": 60.0, ""leg_gap"": 20.0, ""leg_sl"": 45.0, ""leg_tp"": 140.0, ""min_fv"": 200.0, ""min_bos"": 20.0, ""disp_pts"": 20.0, ""stack_gap"": 15.0}",2.965,2.697,-1.0,2.697,242,0.69,110.06,0.4548,1.645,2.965,67.24,42.83,-12.63
NY,"{""offset"": 0, ""window"": 60, ""exit"": ""hard"", ""open_trade"": true, ""vwap"": true, ""legs"": false, ""leg_max"": 2, ""rev_mode"": ""mixed"", ""wait_open"": false, ""maxpos"": 2, ""stack_trig"": ""fvg"", ""stack_size"": 0.5, ""ma"": 200, ""big_thr"": 15.0, ""big_sl"": 40.0, ""big_tp"": 115.0, ""std_sl"": 25.0, ""std_tp"": 60.0, ""leg_gap"": 25.0, ""leg_sl"": 25.0, ""leg_tp"": 140.0, ""min_fv"": 200.0, ""min_bos"": 20.0, ""disp_pts"": 15.0, ""stack_gap"": 20.0}",2.964,2.341,-1.0,2.341,284,0.81,88.76,0.3125,1.499,2.964,56.7,32.06,-11.19
NY,"{""offset"": 0, ""window"": 120, ""exit"": ""hard"", ""open_trade"": true, ""vwap"": true, ""legs"": false, ""leg_max"": 4, ""rev_mode"": ""off"", ""wait_open"": true, ""maxpos"": 2, ""stack_trig"": ""bos"", ""stack_size"": 1.0, ""ma"": 50, ""big_thr"": 20.0, ""big_sl"": 25.0, ""big_tp"": 150.0, ""std_sl"": 15.0, ""std_tp"": 42.0, ""leg_gap"": 25.0, ""leg_sl"": 25.0, ""leg_tp"": 60.0, ""min_fv"": 40.0, ""min_bos"": 5.0, ""disp_pts"": 20.0, ""stack_gap"": 15.0}",2.964,2.469,-1.0,2.469,223,0.64,123.47,0.5537,1.712,2.964,66.74,56.73,-12.57
NY,"{""offset"": 0, ""window"": 60, ""exit"": ""run"", ""open_trade"": true, ""vwap"": true, ""legs"": true, ""leg_max"": 6, ""rev_mode"": ""off"", ""wait_open"": false, ""maxpos"": 1, ""stack_trig"": ""both"", ""stack_size"": 0.5, ""ma"": 200, ""big_thr"": 10.0, ""big_sl"": 25.0, ""big_tp"": 150.0, ""std_sl"": 30.0, ""std_tp"": 35.0, ""leg_gap"": 15.0, ""leg_sl"": 25.0, ""leg_tp"": 90.0, ""min_fv"": 100.0, ""min_bos"": 10.0, ""disp_pts"": 40.0, ""stack_gap"": 20.0}",2.963,2.705,-1.0,2.705,275,0.78,149.69,0.5443,1.68,2.963,62.45,87.24,-19.83
NY,"{""offset"": 0, ""window"": 60, ""exit"": ""run"", ""open_trade"": true, ""vwap"": true, ""legs"": true, ""leg_max"": 2, ""rev_mode"": ""off"", ""wait_open"": true, ""maxpos"": 1, ""stack_trig"": ""both"", ""stack_size"": 0.5, ""ma"": 100, ""big_thr"": 10.0, ""big_sl"": 25.0, ""big_tp"": 130.0, ""std_sl"": 20.0, ""std_tp"": 30.0, ""leg_gap"": 25.0, ""leg_sl"": 25.0, ""leg_tp"": 90.0, ""min_fv"": 80.0, ""min_bos"": 20.0, ""disp_pts"": 15.0, ""stack_gap"": 10.0}",2.963,2.411,-1.0,2.411,239,0.68,124.4,0.5205,1.662,2.963,60.77,63.64,-10.73
NY,"{""offset"": 0, ""window"": 150, ""exit"": ""run"", ""open_trade"": true, ""vwap"": true, ""legs"": false, ""leg_max"": 6, ""rev_mode"": ""off"", ""wait_open"": false, ""maxpos"": 1, ""stack_trig"": ""fvg"", ""stack_size"": 0.5, ""ma"": 50, ""big_thr"": 20.0, ""big_sl"": 25.0, ""big_tp"": 100.0, ""std_sl"": 20.0, ""std_tp"": 30.0, ""leg_gap"": 25.0, ""leg_sl"": 35.0, ""leg_tp"": 115.0, ""min_fv"": 100.0, ""min_bos"": 15.0, ""disp_pts"": 30.0, ""stack_gap"": 15.0}",2.959,2.675,-1.0,2.675,223,0.64,100.27,0.4497,1.618,2.959,58.49,41.78,-10.08
NY,"{""offset"": 0, ""window"": 90, ""exit"": ""hard"", ""open_trade"": true, ""vwap"": true, ""legs"": true, ""leg_max"": 1, ""rev_mode"": ""std"", ""wait_open"": true, ""maxpos"": 3, ""stack_trig"": ""both"", ""stack_size"": 0.5, ""ma"": 50, ""big_thr"": 25.0, ""big_sl"": 35.0, ""big_tp"": 130.0, ""std_sl"": 25.0, ""std_tp"": 60.0, ""leg_gap"": 15.0, ""leg_sl"": 45.0, ""leg_tp"": 140.0, ""min_fv"": 200.0, ""min_bos"": 15.0, ""disp_pts"": 25.0, ""stack_gap"": 10.0}",2.957,2.84,2.342,2.84,386,1.1,122.73,0.318,1.545,2.957,87.25,35.48,-17.09
NY,"{""offset"": 0, ""window"": 60, ""exit"": ""hard"", ""open_trade"": true, ""vwap"": false, ""legs"": false, ""leg_max"": 2, ""rev_mode"": ""off"", ""wait_open"": false, ""maxpos"": 1, ""stack_trig"": ""both"", ""stack_size"": 0.5, ""ma"": 100, ""big_thr"": 10.0, ""big_sl"": 30.0, ""big_tp"": 115.0, ""std_sl"": 20.0, ""std_tp"": 35.0, ""leg_gap"": 25.0, ""leg_sl"": 35.0, ""leg_tp"": 140.0, ""min_fv"": 60.0, ""min_bos"": 20.0, ""disp_pts"": 30.0, ""stack_gap"": 15.0}",2.956,2.73,-1.0,2.73,279,0.79,103.02,0.3692,1.531,2.956,59.43,43.59,-15.33
NY,"{""offset"": 0, ""window"": 60, ""exit"": ""hard"", ""open_trade"": true, ""vwap"": false, ""legs"": true, ""leg_max"": 4, ""rev_mode"": ""off"", ""wait_open"": false, ""maxpos"": 3, ""stack_trig"": ""bos"", ""stack_size"": 0.5, ""ma"": 50, ""big_thr"": 10.0, ""big_sl"": 35.0, ""big_tp"": 115.0, ""std_sl"": 35.0, ""std_tp"": 30.0, ""leg_gap"": 25.0, ""leg_sl"": 45.0, ""leg_tp"": 140.0, ""min_fv"": 60.0, ""min_bos"": 20.0, ""disp_pts"": 20.0, ""stack_gap"": 15.0}",2.956,2.922,2.768,2.922,276,0.79,96.42,0.3494,1.54,2.956,60.02,36.4,-12.17
NY,"{""offset"": 0, ""window"": 60, ""exit"": ""hard"", ""open_trade"": true, ""vwap"": true, ""legs"": true, ""leg_max"": 2, ""rev_mode"": ""std"", ""wait_open"": false, ""maxpos"": 2, ""stack_trig"": ""both"", ""stack_size"": 1.0, ""ma"": 50, ""big_thr"": 10.0, ""big_sl"": 25.0, ""big_tp"": 150.0, ""std_sl"": 20.0, ""std_tp"": 35.0, ""leg_gap"": 15.0, ""leg_sl"": 45.0, ""leg_tp"": 90.0, ""min_fv"": 200.0, ""min_bos"": 15.0, ""disp_pts"": 15.0, ""stack_gap"": 15.0}",2.956,2.692,-1.0,2.692,293,0.83,126.47,0.4316,1.619,2.956,79.49,46.98,-19.24
NY,"{""offset"": 0, ""window"": 60, ""exit"": ""hard"", ""open_trade"": true, ""vwap"": true, ""legs"": false, ""leg_max"": 4, ""rev_mode"": ""disp_fv"", ""wait_open"": true, ""maxpos"": 1, ""stack_trig"": ""both"", ""stack_size"": 0.5, ""ma"": 100, ""big_thr"": 10.0, ""big_sl"": 30.0, ""big_tp"": 115.0, ""std_sl"": 30.0, ""std_tp"": 42.0, ""leg_gap"": 15.0, ""leg_sl"": 35.0, ""leg_tp"": 115.0, ""min_fv"": 100.0, ""min_bos"": 0.0, ""disp_pts"": 30.0, ""stack_gap"": 20.0}",2.95,2.634,-1.0,2.634,297,0.85,106.49,0.3586,1.518,2.95,71.39,35.1,-17.63
NY,"{""offset"": 0, ""window"": 90, ""exit"": ""hard"", ""open_trade"": true, ""vwap"": true, ""legs"": true, ""leg_max"": 1, ""rev_mode"": ""std"", ""wait_open"": true, ""maxpos"": 3, ""stack_trig"": ""fvg"", ""stack_size"": 1.0, ""ma"": 100, ""big_thr"": 25.0, ""big_sl"": 30.0, ""big_tp"": 80.0, ""std_sl"": 30.0, ""std_tp"": 60.0, ""leg_gap"": 20.0, ""leg_sl"": 45.0, ""leg_tp"": 140.0, ""min_fv"": 200.0, ""min_bos"": 5.0, ""disp_pts"": 15.0, ""stack_gap"": 15.0}",2.95,2.649,-1.0,2.649,378,1.08,95.72,0.2532,1.419,2.95,67.47,28.25,-20.41
NY,"{""offset"": 0, ""window"": 90, ""exit"": ""run"", ""open_trade"": true, ""vwap"": true, ""legs"": false, ""leg_max"": 2, ""rev_mode"": ""off"", ""wait_open"": true, ""maxpos"": 1, ""stack_trig"": ""bos"", ""stack_size"": 1.0, ""ma"": 50, ""big_thr"": 15.0, ""big_sl"": 30.0, ""big_tp"": 115.0, ""std_sl"": 30.0, ""std_tp"": 60.0, ""leg_gap"": 20.0, ""leg_sl"": 35.0, ""leg_tp"": 90.0, ""min_fv"": 150.0, ""min_bos"": 5.0, ""disp_pts"": 20.0, ""stack_gap"": 15.0}",2.949,2.703,-1.0,2.703,223,0.64,98.28,0.4407,1.609,2.949,55.88,42.39,-10.02
NY,"{""offset"": 0, ""window"": 60, ""exit"": ""hard"", ""open_trade"": true, ""vwap"": true, ""legs"": false, ""leg_max"": 1, ""rev_mode"": ""disp_fv"", ""wait_open"": false, ""maxpos"": 2, ""stack_trig"": ""both"", ""stack_size"": 0.5, ""ma"": 200, ""big_thr"": 15.0, ""big_sl"": 25.0, ""big_tp"": 150.0, ""std_sl"": 25.0, ""std_tp"": 60.0, ""leg_gap"": 20.0, ""leg_sl"": 45.0, ""leg_tp"": 90.0, ""min_fv"": 150.0, ""min_bos"": 0.0, ""disp_pts"": 40.0, ""stack_gap"": 20.0}",2.945,2.625,-1.0,2.625,280,0.8,128.06,0.4574,1.603,2.945,54.99,73.08,-14.98
NY,"{""offset"": 0, ""window"": 90, ""exit"": ""run"", ""open_trade"": true, ""vwap"": true, ""legs"": true, ""leg_max"": 1, ""rev_mode"": ""off"", ""wait_open"": true, ""maxpos"": 3, ""stack_trig"": ""both"", ""stack_size"": 1.0, ""ma"": 50, ""big_thr"": 20.0, ""big_sl"": 40.0, ""big_tp"": 100.0, ""std_sl"": 30.0, ""std_tp"": 35.0, ""leg_gap"": 15.0, ""leg_sl"": 25.0, ""leg_tp"": 60.0, ""min_fv"": 100.0, ""min_bos"": 5.0, ""disp_pts"": 15.0, ""stack_gap"": 20.0}",2.945,2.121,-1.0,2.121,238,0.68,80.32,0.3375,1.551,2.945,53.82,26.5,-9.44
NY,"{""offset"": 0, ""window"": 60, ""exit"": ""hard"", ""open_trade"": true, ""vwap"": true, ""legs"": true, ""leg_max"": 4, ""rev_mode"": ""off"", ""wait_open"": true, ""maxpos"": 2, ""stack_trig"": ""bos"", ""stack_size"": 0.5, ""ma"": 200, ""big_thr"": 15.0, ""big_sl"": 25.0, ""big_tp"": 100.0, ""std_sl"": 25.0, ""std_tp"": 60.0, ""leg_gap"": 15.0, ""leg_sl"": 45.0, ""leg_tp"": 90.0, ""min_fv"": 200.0, ""min_bos"": 15.0, ""disp_pts"": 30.0, ""stack_gap"": 10.0}",2.944,2.695,-1.0,2.695,275,0.78,112.33,0.4085,1.577,2.944,62.97,49.36,-14.25
NY,"{""offset"": 0, ""window"": 150, ""exit"": ""run"", ""open_trade"": true, ""vwap"": true, ""legs"": true, ""leg_max"": 4, ""rev_mode"": ""off"", ""wait_open"": false, ""maxpos"": 2, ""stack_trig"": ""both"", ""stack_size"": 0.5, ""ma"": 50, ""big_thr"": 10.0, ""big_sl"": 25.0, ""big_tp"": 150.0, ""std_sl"": 30.0, ""std_tp"": 50.0, ""leg_gap"": 20.0, ""leg_sl"": 45.0, ""leg_tp"": 115.0, ""min_fv"": 150.0, ""min_bos"": 10.0, ""disp_pts"": 40.0, ""stack_gap"": 10.0}",2.944,2.434,-1.0,2.434,233,0.66,136.58,0.5862,1.745,2.944,71.68,64.9,-16.61
NY,"{""offset"": 0, ""window"": 120, ""exit"": ""run"", ""open_trade"": true, ""vwap"": true, ""legs"": false, ""leg_max"": 4, ""rev_mode"": ""disp_fv"", ""wait_open"": true, ""maxpos"": 1, ""stack_trig"": ""fvg"", ""stack_size"": 1.0, ""ma"": 50, ""big_thr"": 15.0, ""big_sl"": 25.0, ""big_tp"": 130.0, ""std_sl"": 35.0, ""std_tp"": 42.0, ""leg_gap"": 25.0, ""leg_sl"": 25.0, ""leg_tp"": 140.0, ""min_fv"": 200.0, ""min_bos"": 15.0, ""disp_pts"": 30.0, ""stack_gap"": 15.0}",2.943,2.639,-1.0,2.639,251,0.72,130.03,0.518,1.657,2.943,66.16,63.86,-16.19
NY,"{""offset"": 0, ""window"": 150, ""exit"": ""hard"", ""open_trade"": true, ""vwap"": true, ""legs"": true, ""leg_max"": 1, ""rev_mode"": ""off"", ""wait_open"": false, ""maxpos"": 3, ""stack_trig"": ""bos"", ""stack_size"": 0.5, ""ma"": 100, ""big_thr"": 15.0, ""big_sl"": 25.0, ""big_tp"": 80.0, ""std_sl"": 35.0, ""std_tp"": 60.0, ""leg_gap"": 10.0, ""leg_sl"": 45.0, ""leg_tp"": 140.0, ""min_fv"": 200.0, ""min_bos"": 10.0, ""disp_pts"": 20.0, ""stack_gap"": 20.0}",2.942,2.281,-1.0,2.281,256,0.73,102.84,0.4017,1.582,2.942,54.09,48.75,-12.91
NY,"{""offset"": 0, ""window"": 150, ""exit"": ""hard"", ""open_trade"": true, ""vwap"": true, ""legs"": true, ""leg_max"": 4, ""rev_mode"": ""off"", ""wait_open"": true, ""maxpos"": 1, ""stack_trig"": ""both"", ""stack_size"": 0.5, ""ma"": 100, ""big_thr"": 20.0, ""big_sl"": 25.0, ""big_tp"": 100.0, ""std_sl"": 25.0, ""std_tp"": 30.0, ""leg_gap"": 20.0, ""leg_sl"": 35.0, ""leg_tp"": 90.0, ""min_fv"": 60.0, ""min_bos"": 20.0, ""disp_pts"": 20.0, ""stack_gap"": 10.0}",2.942,2.553,-1.0,2.553,242,0.69,105.99,0.438,1.606,2.942,62.98,43.01,-12.13
NY,"{""offset"": 0, ""window"": 90, ""exit"": ""run"", ""open_trade"": true, ""vwap"": true, ""legs"": true, ""leg_max"": 2, ""rev_mode"": ""disp_fv"", ""wait_open"": true, ""maxpos"": 2, ""stack_trig"": ""fvg"", ""stack_size"": 1.0, ""ma"": 50, ""big_thr"": 20.0, ""big_sl"": 25.0, ""big_tp"": 115.0, ""std_sl"": 30.0, ""std_tp"": 50.0, ""leg_gap"": 10.0, ""leg_sl"": 35.0, ""leg_tp"": 90.0, ""min_fv"": 80.0, ""min_bos"": 10.0, ""disp_pts"": 40.0, ""stack_gap"": 10.0}",2.94,2.621,-1.0,2.621,293,0.83,133.06,0.4541,1.61,2.94,67.66,65.4,-14.96
NY,"{""offset"": 0, ""window"": 120, ""exit"": ""hard"", ""open_trade"": true, ""vwap"": true, ""legs"": false, ""leg_max"": 6, ""rev_mode"": ""off"", ""wait_open"": true, ""maxpos"": 2, ""stack_trig"": ""fvg"", ""stack_size"": 1.0, ""ma"": 100, ""big_thr"": 10.0, ""big_sl"": 25.0, ""big_tp"": 130.0, ""std_sl"": 30.0, ""std_tp"": 30.0, ""leg_gap"": 15.0, ""leg_sl"": 45.0, ""leg_tp"": 115.0, ""min_fv"": 60.0, ""min_bos"": 5.0, ""disp_pts"": 30.0, ""stack_gap"": 10.0}",2.94,2.461,-1.0,2.461,230,0.66,117.17,0.5094,1.662,2.94,61.66,55.51,-10.73
NY,"{""offset"": 0, ""window"": 150, ""exit"": ""hard"", ""open_trade"": true, ""vwap"": true, ""legs"": false, ""leg_max"": 1, ""rev_mode"": ""off"", ""wait_open"": true, ""maxpos"": 1, ""stack_trig"": ""bos"", ""stack_size"": 1.0, ""ma"": 50, ""big_thr"": 25.0, ""big_sl"": 25.0, ""big_tp"": 130.0, ""std_sl"": 15.0, ""std_tp"": 42.0, ""leg_gap"": 15.0, ""leg_sl"": 35.0, ""leg_tp"": 60.0, ""min_fv"": 200.0, ""min_bos"": 5.0, ""disp_pts"": 40.0, ""stack_gap"": 10.0}",2.938,2.762,1.452,2.762,223,0.64,114.47,0.5133,1.664,2.938,57.96,56.51,-9.71
NY,"{""offset"": 0, ""window"": 120, ""exit"": ""hard"", ""open_trade"": true, ""vwap"": true, ""legs"": true, ""leg_max"": 6, ""rev_mode"": ""off"", ""wait_open"": false, ""maxpos"": 3, ""stack_trig"": ""bos"", ""stack_size"": 1.0, ""ma"": 200, ""big_thr"": 15.0, ""big_sl"": 25.0, ""big_tp"": 130.0, ""std_sl"": 30.0, ""std_tp"": 60.0, ""leg_gap"": 20.0, ""leg_sl"": 25.0, ""leg_tp"": 60.0, ""min_fv"": 40.0, ""min_bos"": 5.0, ""disp_pts"": 40.0, ""stack_gap"": 10.0}",2.938,2.465,-1.0,2.465,267,0.76,129.94,0.4867,1.637,2.938,57.74,72.2,-13.33
NY,"{""offset"": 0, ""window"": 150, ""exit"": ""hard"", ""open_trade"": true, ""vwap"": true, ""legs"": true, ""leg_max"": 1, ""rev_mode"": ""off"", ""wait_open"": false, ""maxpos"": 2, ""stack_trig"": ""both"", ""stack_size"": 1.0, ""ma"": 0, ""big_thr"": 15.0, ""big_sl"": 40.0, ""big_tp"": 115.0, ""std_sl"": 20.0, ""std_tp"": 50.0, ""leg_gap"": 10.0, ""leg_sl"": 45.0, ""leg_tp"": 140.0, ""min_fv"": 200.0, ""min_bos"": 0.0, ""disp_pts"": 25.0, ""stack_gap"": 20.0}",2.937,2.385,-1.0,2.385,323,0.92,108.0,0.3344,1.51,2.937,60.26,47.74,-11.31
NY,"{""offset"": 0, ""window"": 90, ""exit"": ""hard"", ""open_trade"": true, ""vwap"": false, ""legs"": true, ""leg_max"": 2, ""rev_mode"": ""off"", ""wait_open"": true, ""maxpos"": 1, ""stack_trig"": ""both"", ""stack_size"": 1.0, ""ma"": 100, ""big_thr"": 10.0, ""big_sl"": 25.0, ""big_tp"": 115.0, ""std_sl"": 20.0, ""std_tp"": 35.0, ""leg_gap"": 20.0, ""leg_sl"": 35.0, ""leg_tp"": 140.0, ""min_fv"": 200.0, ""min_bos"": 10.0, ""disp_pts"": 30.0, ""stack_gap"": 10.0}",2.932,2.922,2.676,2.922,291,0.83,125.06,0.4298,1.569,2.932,76.5,48.56,-16.9
NY,"{""offset"": 0, ""window"": 90, ""exit"": ""hard"", ""open_trade"": true, ""vwap"": true, ""legs"": true, ""leg_max"": 1, ""rev_mode"": ""off"", ""wait_open"": false, ""maxpos"": 1, ""stack_trig"": ""fvg"", ""stack_size"": 0.5, ""ma"": 50, ""big_thr"": 15.0, ""big_sl"": 25.0, ""big_tp"": 130.0, ""std_sl"": 20.0, ""std_tp"": 42.0, ""leg_gap"": 15.0, ""leg_sl"": 35.0, ""leg_tp"": 60.0, ""min_fv"": 60.0, ""min_bos"": 5.0, ""disp_pts"": 15.0, ""stack_gap"": 20.0}",2.931,2.691,-1.0,2.691,238,0.68,118.92,0.4997,1.678,2.931,68.09,50.83,-9.66
NY,"{""offset"": 0, ""window"": 120, ""exit"": ""run"", ""open_trade"": true, ""vwap"": true, ""legs"": false, ""leg_max"": 1, ""rev_mode"": ""off"", ""wait_open"": true, ""maxpos"": 1, ""stack_trig"": ""bos"", ""stack_size"": 1.0, ""ma"": 200, ""big_thr"": 10.0, ""big_sl"": 25.0, ""big_tp"": 130.0, ""std_sl"": 30.0, ""std_tp"": 60.0, ""leg_gap"": 10.0, ""leg_sl"": 45.0, ""leg_tp"": 115.0, ""min_fv"": 125.0, ""min_bos"": 10.0, ""disp_pts"": 20.0, ""stack_gap"": 10.0}",2.931,2.202,-1.0,2.202,253,0.72,125.01,0.4941,1.623,2.931,55.09,69.91,-14.67
NY,"{""offset"": 0, ""window"": 120, ""exit"": ""run"", ""open_trade"": true, ""vwap"": true, ""legs"": true, ""leg_max"": 1, ""rev_mode"": ""off"", ""wait_open"": true, ""maxpos"": 2, ""stack_trig"": ""bos"", ""stack_size"": 0.5, ""ma"": 200, ""big_thr"": 10.0, ""big_sl"": 25.0, ""big_tp"": 150.0, ""std_sl"": 30.0, ""std_tp"": 60.0, ""leg_gap"": 25.0, ""leg_sl"": 35.0, ""leg_tp"": 140.0, ""min_fv"": 200.0, ""min_bos"": 20.0, ""disp_pts"": 25.0, ""stack_gap"": 20.0}",2.93,2.415,-1.0,2.415,262,0.75,142.43,0.5436,1.674,2.93,60.57,81.86,-19.83
NY,"{""offset"": 0, ""window"": 60, ""exit"": ""run"", ""open_trade"": true, ""vwap"": true, ""legs"": true, ""leg_max"": 6, ""rev_mode"": ""off"", ""wait_open"": false, ""maxpos"": 3, ""stack_trig"": ""fvg"", ""stack_size"": 1.0, ""ma"": 50, ""big_thr"": 15.0, ""big_sl"": 40.0, ""big_tp"": 150.0, ""std_sl"": 30.0, ""std_tp"": 42.0, ""leg_gap"": 20.0, ""leg_sl"": 45.0, ""leg_tp"": 140.0, ""min_fv"": 80.0, ""min_bos"": 0.0, ""disp_pts"": 20.0, ""stack_gap"": 15.0}",2.93,2.352,-1.0,2.352,233,0.66,102.49,0.4399,1.641,2.93,62.66,39.83,-9.89
NY,"{""offset"": 0, ""window"": 90, ""exit"": ""hard"", ""open_trade"": true, ""vwap"": true, ""legs"": true, ""leg_max"": 2, ""rev_mode"": ""off"", ""wait_open"": false, ""maxpos"": 3, ""stack_trig"": ""both"", ""stack_size"": 0.5, ""ma"": 100, ""big_thr"": 15.0, ""big_sl"": 35.0, ""big_tp"": 130.0, ""std_sl"": 25.0, ""std_tp"": 42.0, ""leg_gap"": 15.0, ""leg_sl"": 45.0, ""leg_tp"": 140.0, ""min_fv"": 100.0, ""min_bos"": 10.0, ""disp_pts"": 20.0, ""stack_gap"": 20.0}",2.93,2.388,-1.0,2.388,250,0.71,103.11,0.4124,1.626,2.93,65.99,37.12,-12.1
NY,"{""offset"": 0, ""window"": 90, ""exit"": ""run"", ""open_trade"": true, ""vwap"": false, ""legs"": true, ""leg_max"": 2, ""rev_mode"": ""off"", ""wait_open"": true, ""maxpos"": 1, ""stack_trig"": ""both"", ""stack_size"": 0.5, ""ma"": 50, ""big_thr"": 10.0, ""big_sl"": 25.0, ""big_tp"": 115.0, ""std_sl"": 35.0, ""std_tp"": 42.0, ""leg_gap"": 15.0, ""leg_sl"": 25.0, ""leg_tp"": 115.0, ""min_fv"": 60.0, ""min_bos"": 5.0, ""disp_pts"": 30.0, ""stack_gap"": 10.0}",2.929,2.883,2.641,2.883,287,0.82,132.97,0.4633,1.601,2.929,75.55,57.42,-14.79
NY,"{""offset"": 0, ""window"": 150, ""exit"": ""hard"", ""open_trade"": true, ""vwap"": true, ""legs"": false, ""leg_max"": 2, ""rev_mode"": ""off"", ""wait_open"": true, ""maxpos"": 1, ""stack_trig"": ""bos"", ""stack_size"": 0.5, ""ma"": 50, ""big_thr"": 15.0, ""big_sl"": 35.0, ""big_tp"": 100.0, ""std_sl"": 20.0, ""std_tp"": 50.0, ""leg_gap"": 10.0, ""leg_sl"": 25.0, ""leg_tp"": 90.0, ""min_fv"": 125.0, ""min_bos"": 10.0, ""disp_pts"": 40.0, ""stack_gap"": 20.0}",2.929,2.557,-1.0,2.557,223,0.64,81.23,0.3643,1.554,2.929,50.24,31.0,-8.07
NY,"{""offset"": 0, ""window"": 60, ""exit"": ""hard"", ""open_trade"": true, ""vwap"": false, ""legs"": true, ""leg_max"": 2, ""rev_mode"": ""disp_fv"", ""wait_open"": false, ""maxpos"": 1, ""stack_trig"": ""both"", ""stack_size"": 0.5, ""ma"": 100, ""big_thr"": 15.0, ""big_sl"": 30.0, ""big_tp"": 130.0, ""std_sl"": 25.0, ""std_tp"": 30.0, ""leg_gap"": 10.0, ""leg_sl"": 25.0, ""leg_tp"": 90.0, ""min_fv"": 200.0, ""min_bos"": 10.0, ""disp_pts"": 30.0, ""stack_gap"": 10.0}",2.929,2.539,-1.0,2.539,324,0.92,126.22,0.3896,1.551,2.929,75.04,51.18,-21.45
NY,"{""offset"": 0, ""window"": 150, ""exit"": ""hard"", ""open_trade"": true, ""vwap"": true, ""legs"": true, ""leg_max"": 6, ""rev_mode"": ""off"", ""wait_open"": false, ""maxpos"": 1, ""stack_trig"": ""fvg"", ""stack_size"": 0.5, ""ma"": 0, ""big_thr"": 15.0, ""big_sl"": 30.0, ""big_tp"": 115.0, ""std_sl"": 35.0, ""std_tp"": 60.0, ""leg_gap"": 20.0, ""leg_sl"": 35.0, ""leg_tp"": 140.0, ""min_fv"": 80.0, ""min_bos"": 0.0, ""disp_pts"": 15.0, ""stack_gap"": 15.0}",2.927,2.618,-1.0,2.618,306,0.87,122.93,0.4017,1.551,2.927,62.41,60.52,-20.62
NY,"{""offset"": 0, ""window"": 150, ""exit"": ""hard"", ""open_trade"": true, ""vwap"": true, ""legs"": false, ""leg_max"": 6, ""rev_mode"": ""off"", ""wait_open"": true, ""maxpos"": 3, ""stack_trig"": ""both"", ""stack_size"": 0.5, ""ma"": 50, ""big_thr"": 25.0, ""big_sl"": 25.0, ""big_tp"": 100.0, ""std_sl"": 30.0, ""std_tp"": 30.0, ""leg_gap"": 20.0, ""leg_sl"": 25.0, ""leg_tp"": 60.0, ""min_fv"": 100.0, ""min_bos"": 0.0, ""disp_pts"": 25.0, ""stack_gap"": 15.0}",2.927,1.896,-1.0,1.896,223,0.64,94.3,0.4229,1.62,2.927,56.13,38.17,-9.98
NY,"{""offset"": 0, ""window"": 60, ""exit"": ""run"", ""open_trade"": true, ""vwap"": true, ""legs"": false, ""leg_max"": 1, ""rev_mode"": ""off"", ""wait_open"": false, ""maxpos"": 2, ""stack_trig"": ""bos"", ""stack_size"": 0.5, ""ma"": 50, ""big_thr"": 15.0, ""big_sl"": 25.0, ""big_tp"": 130.0, ""std_sl"": 20.0, ""std_tp"": 60.0, ""leg_gap"": 25.0, ""leg_sl"": 25.0, ""leg_tp"": 115.0, ""min_fv"": 200.0, ""min_bos"": 15.0, ""disp_pts"": 20.0, ""stack_gap"": 10.0}",2.925,2.708,-1.0,2.708,223,0.64,117.74,0.528,1.673,2.925,60.44,57.3,-10.08
NY,"{""offset"": 0, ""window"": 90, ""exit"": ""hard"", ""open_trade"": true, ""vwap"": true, ""legs"": false, ""leg_max"": 1, ""rev_mode"": ""off"", ""wait_open"": false, ""maxpos"": 3, ""stack_trig"": ""both"", ""stack_size"": 0.5, ""ma"": 50, ""big_thr"": 10.0, ""big_sl"": 30.0, ""big_tp"": 150.0, ""std_sl"": 30.0, ""std_tp"": 60.0, ""leg_gap"": 25.0, ""leg_sl"": 35.0, ""leg_tp"": 140.0, ""min_fv"": 80.0, ""min_bos"": 20.0, ""disp_pts"": 15.0, ""stack_gap"": 15.0}",2.918,2.568,-1.0,2.568,223,0.64,103.97,0.4662,1.659,2.918,60.56,43.41,-11.09
NY,"{""offset"": 0, ""window"": 120, ""exit"": ""run"", ""open_trade"": true, ""vwap"": true, ""legs"": true, ""leg_max"": 4, ""rev_mode"": ""off"", ""wait_open"": false, ""maxpos"": 3, ""stack_trig"": ""fvg"", ""stack_size"": 1.0, ""ma"": 200, ""big_thr"": 20.0, ""big_sl"": 30.0, ""big_tp"": 100.0, ""std_sl"": 15.0, ""std_tp"": 42.0, ""leg_gap"": 20.0, ""leg_sl"": 45.0, ""leg_tp"": 140.0, ""min_fv"": 80.0, ""min_bos"": 5.0, ""disp_pts"": 40.0, ""stack_gap"": 15.0}",2.915,2.818,1.99,2.818,267,0.76,104.42,0.3911,1.557,2.915,61.26,43.16,-14.72
NY,"{""offset"": 0, ""window"": 120, ""exit"": ""hard"", ""open_trade"": true, ""vwap"": true, ""legs"": false, ""leg_max"": 6, ""rev_mode"": ""off"", ""wait_open"": true, ""maxpos"": 3, ""stack_trig"": ""bos"", ""stack_size"": 0.5, ""ma"": 200, ""big_thr"": 15.0, ""big_sl"": 25.0, ""big_tp"": 100.0, ""std_sl"": 15.0, ""std_tp"": 50.0, ""leg_gap"": 20.0, ""leg_sl"": 45.0, ""leg_tp"": 60.0, ""min_fv"": 60.0, ""min_bos"": 5.0, ""disp_pts"": 25.0, ""stack_gap"": 10.0}",2.915,2.428,-1.0,2.428,253,0.72,105.18,0.4157,1.56,2.915,59.87,45.32,-12.17
NY,"{""offset"": 0, ""window"": 60, ""exit"": ""run"", ""open_trade"": true, ""vwap"": true, ""legs"": false, ""leg_max"": 1, ""rev_mode"": ""off"", ""wait_open"": true, ""maxpos"": 3, ""stack_trig"": ""fvg"", ""stack_size"": 0.5, ""ma"": 200, ""big_thr"": 10.0, ""big_sl"": 25.0, ""big_tp"": 100.0, ""std_sl"": 30.0, ""std_tp"": 60.0, ""leg_gap"": 10.0, ""leg_sl"": 45.0, ""leg_tp"": 90.0, ""min_fv"": 100.0, ""min_bos"": 0.0, ""disp_pts"": 25.0, ""stack_gap"": 20.0}",2.913,2.203,-1.0,2.203,253,0.72,106.27,0.42,1.559,2.913,58.36,47.91,-12.17
NY,"{""offset"": 0, ""window"": 60, ""exit"": ""run"", ""open_trade"": true, ""vwap"": true, ""legs"": true, ""leg_max"": 4, ""rev_mode"": ""off"", ""wait_open"": false, ""maxpos"": 2, ""stack_trig"": ""both"", ""stack_size"": 0.5, ""ma"": 200, ""big_thr"": 15.0, ""big_sl"": 25.0, ""big_tp"": 150.0, ""std_sl"": 15.0, ""std_tp"": 50.0, ""leg_gap"": 15.0, ""leg_sl"": 45.0, ""leg_tp"": 60.0, ""min_fv"": 150.0, ""min_bos"": 0.0, ""disp_pts"": 20.0, ""stack_gap"": 10.0}",2.909,2.343,-1.0,2.343,275,0.78,141.18,0.5134,1.661,2.909,60.66,80.52,-19.83
NY,"{""offset"": 0, ""window"": 90, ""exit"": ""hard"", ""open_trade"": true, ""vwap"": true, ""legs"": true, ""leg_max"": 4, ""rev_mode"": ""disp_fv"", ""wait_open"": true, ""maxpos"": 1, ""stack_trig"": ""bos"", ""stack_size"": 0.5, ""ma"": 0, ""big_thr"": 20.0, ""big_sl"": 35.0, ""big_tp"": 130.0, ""std_sl"": 30.0, ""std_tp"": 60.0, ""leg_gap"": 10.0, ""leg_sl"": 45.0, ""leg_tp"": 140.0, ""min_fv"": 200.0, ""min_bos"": 0.0, ""disp_pts"": 40.0, ""stack_gap"": 10.0}",2.908,2.43,-1.0,2.43,356,1.01,127.35,0.3577,1.523,2.908,69.07,58.28,-17.38
NY,"{""offset"": 0, ""window"": 60, ""exit"": ""hard"", ""open_trade"": true, ""vwap"": true, ""legs"": true, ""leg_max"": 6, ""rev_mode"": ""mixed"", ""wait_open"": true, ""maxpos"": 3, ""stack_trig"": ""bos"", ""stack_size"": 0.5, ""ma"": 100, ""big_thr"": 10.0, ""big_sl"": 25.0, ""big_tp"": 150.0, ""std_sl"": 30.0, ""std_tp"": 60.0, ""leg_gap"": 20.0, ""leg_sl"": 25.0, ""leg_tp"": 90.0, ""min_fv"": 200.0, ""min_bos"": 0.0, ""disp_pts"": 25.0, ""stack_gap"": 10.0}",2.903,2.437,-1.0,2.437,358,1.02,130.59,0.3648,1.556,2.903,78.41,52.18,-18.45
NY,"{""offset"": 0, ""window"": 60, ""exit"": ""hard"", ""open_trade"": true, ""vwap"": false, ""legs"": true, ""leg_max"": 1, ""rev_mode"": ""mixed"", ""wait_open"": true, ""maxpos"": 3, ""stack_trig"": ""fvg"", ""stack_size"": 0.5, ""ma"": 50, ""big_thr"": 15.0, ""big_sl"": 30.0, ""big_tp"": 130.0, ""std_sl"": 15.0, ""std_tp"": 35.0, ""leg_gap"": 25.0, ""leg_sl"": 45.0, ""leg_tp"": 140.0, ""min_fv"": 200.0, ""min_bos"": 15.0, ""disp_pts"": 15.0, ""stack_gap"": 15.0}",2.902,2.495,-1.0,2.495,319,0.91,118.61,0.3718,1.527,2.902,81.22,37.39,-24.21
NY,"{""offset"": 0, ""window"": 60, ""exit"": ""run"", ""open_trade"": true, ""vwap"": true, ""legs"": true, ""leg_max"": 1, ""rev_mode"": ""off"", ""wait_open"": true, ""maxpos"": 2, ""stack_trig"": ""bos"", ""stack_size"": 1.0, ""ma"": 50, ""big_thr"": 15.0, ""big_sl"": 25.0, ""big_tp"": 130.0, ""std_sl"": 30.0, ""std_tp"": 35.0, ""leg_gap"": 25.0, ""leg_sl"": 25.0, ""leg_tp"": 115.0, ""min_fv"": 125.0, ""min_bos"": 0.0, ""disp_pts"": 15.0, ""stack_gap"": 20.0}",2.901,2.491,-1.0,2.491,229,0.65,120.76,0.5273,1.674,2.901,61.78,58.98,-10.05
NY,"{""offset"": 0, ""window"": 90, ""exit"": ""hard"", ""open_trade"": true, ""vwap"": true, ""legs"": true, ""leg_max"": 6, ""rev_mode"": ""off"", ""wait_open"": true, ""maxpos"": 3, ""stack_trig"": ""both"", ""stack_size"": 0.5, ""ma"": 50, ""big_thr"": 15.0, ""big_sl"": 25.0, ""big_tp"": 80.0, ""std_sl"": 15.0, ""std_tp"": 35.0, ""leg_gap"": 20.0, ""leg_sl"": 45.0, ""leg_tp"": 90.0, ""min_fv"": 125.0, ""min_bos"": 15.0, ""disp_pts"": 40.0, ""stack_gap"": 20.0}",2.901,2.596,-1.0,2.596,233,0.66,91.07,0.3909,1.573,2.901,50.31,40.76,-11.35
NY,"{""offset"": 0, ""window"": 90, ""exit"": ""hard"", ""open_trade"": true, ""vwap"": true, ""legs"": false, ""leg_max"": 4, ""rev_mode"": ""off"", ""wait_open"": false, ""maxpos"": 3, ""stack_trig"": ""fvg"", ""stack_size"": 0.5, ""ma"": 50, ""big_thr"": 15.0, ""big_sl"": 30.0, ""big_tp"": 130.0, ""std_sl"": 30.0, ""std_tp"": 50.0, ""leg_gap"": 25.0, ""leg_sl"": 25.0, ""leg_tp"": 115.0, ""min_fv"": 150.0, ""min_bos"": 0.0, ""disp_pts"": 40.0, ""stack_gap"": 10.0}",2.9,2.669,-1.0,2.669,223,0.64,98.5,0.4417,1.628,2.9,58.0,40.5,-9.77
NY,"{""offset"": 0, ""window"": 60, ""exit"": ""run"", ""open_trade"": true, ""vwap"": true, ""legs"": false, ""leg_max"": 1, ""rev_mode"": ""off"", ""wait_open"": false, ""maxpos"": 2, ""stack_trig"": ""fvg"", ""stack_size"": 0.5, ""ma"": 50, ""big_thr"": 25.0, ""big_sl"": 30.0, ""big_tp"": 115.0, ""std_sl"": 15.0, ""std_tp"": 30.0, ""leg_gap"": 10.0, ""leg_sl"": 25.0, ""leg_tp"": 60.0, ""min_fv"": 100.0, ""min_bos"": 15.0, ""disp_pts"": 25.0, ""stack_gap"": 20.0}",2.9,2.782,2.046,2.782,223,0.64,92.79,0.4161,1.588,2.9,54.26,38.53,-12.17
NY,"{""offset"": 0, ""window"": 120, ""exit"": ""hard"", ""open_trade"": true, ""vwap"": true, ""legs"": true, ""leg_max"": 2, ""rev_mode"": ""off"", ""wait_open"": false, ""maxpos"": 2, ""stack_trig"": ""both"", ""stack_size"": 0.5, ""ma"": 200, ""big_thr"": 20.0, ""big_sl"": 30.0, ""big_tp"": 115.0, ""std_sl"": 35.0, ""std_tp"": 60.0, ""leg_gap"": 25.0, ""leg_sl"": 25.0, ""leg_tp"": 60.0, ""min_fv"": 150.0, ""min_bos"": 20.0, ""disp_pts"": 30.0, ""stack_gap"": 20.0}",2.899,2.601,-1.0,2.601,263,0.75,103.13,0.3921,1.558,2.899,54.07,49.06,-13.22
NY,"{""offset"": 0, ""window"": 120, ""exit"": ""run"", ""open_trade"": true, ""vwap"": true, ""legs"": true, ""leg_max"": 2, ""rev_mode"": ""off"", ""wait_open"": true, ""maxpos"": 1, ""stack_trig"": ""both"", ""stack_size"": 0.5, ""ma"": 100, ""big_thr"": 20.0, ""big_sl"": 25.0, ""big_tp"": 150.0, ""std_sl"": 20.0, ""std_tp"": 35.0, ""leg_gap"": 25.0, ""leg_sl"": 45.0, ""leg_tp"": 90.0, ""min_fv"": 40.0, ""min_bos"": 10.0, ""disp_pts"": 20.0, ""stack_gap"": 20.0}",2.899,2.65,-1.0,2.65,239,0.68,129.02,0.5399,1.691,2.899,68.75,60.28,-18.81
NY,"{""offset"": 0, ""window"": 120, ""exit"": ""hard"", ""open_trade"": true, ""vwap"": true, ""legs"": true, ""leg_max"": 2, ""rev_mode"": ""disp_fv"", ""wait_open"": true, ""maxpos"": 2, ""stack_trig"": ""bos"", ""stack_size"": 0.5, ""ma"": 0, ""big_thr"": 20.0, ""big_sl"": 30.0, ""big_tp"": 115.0, ""std_sl"": 30.0, ""std_tp"": 60.0, ""leg_gap"": 20.0, ""leg_sl"": 35.0, ""leg_tp"": 140.0, ""min_fv"": 200.0, ""min_bos"": 5.0, ""disp_pts"": 25.0, ""stack_gap"": 10.0}",2.899,2.78,1.83,2.78,415,1.18,171.21,0.4126,1.587,2.899,114.53,56.68,-21.14
NY,"{""offset"": 0, ""window"": 60, ""exit"": ""hard"", ""open_trade"": true, ""vwap"": true, ""legs"": true, ""leg_max"": 4, ""rev_mode"": ""disp_fv"", ""wait_open"": true, ""maxpos"": 2, ""stack_trig"": ""both"", ""stack_size"": 0.5, ""ma"": 100, ""big_thr"": 25.0, ""big_sl"": 30.0, ""big_tp"": 115.0, ""std_sl"": 15.0, ""std_tp"": 42.0, ""leg_gap"": 25.0, ""leg_sl"": 45.0, ""leg_tp"": 140.0, ""min_fv"": 200.0, ""min_bos"": 10.0, ""disp_pts"": 30.0, ""stack_gap"": 15.0}",2.899,2.818,2.311,2.818,261,0.74,104.33,0.3997,1.565,2.899,70.77,33.56,-15.61
NY,"{""offset"": 0, ""window"": 60, ""exit"": ""hard"", ""open_trade"": true, ""vwap"": true, ""legs"": true, ""leg_max"": 2, ""rev_mode"": ""disp_fv"", ""wait_open"": false, ""maxpos"": 3, ""stack_trig"": ""fvg"", ""stack_size"": 0.5, ""ma"": 50, ""big_thr"": 10.0, ""big_sl"": 35.0, ""big_tp"": 100.0, ""std_sl"": 25.0, ""std_tp"": 60.0, ""leg_gap"": 20.0, ""leg_sl"": 35.0, ""leg_tp"": 90.0, ""min_fv"": 200.0, ""min_bos"": 20.0, ""disp_pts"": 15.0, ""stack_gap"": 20.0}",2.898,2.857,2.389,2.857,251,0.72,88.54,0.3527,1.556,2.898,61.97,26.57,-12.52
NY,"{""offset"": 0, ""window"": 90, ""exit"": ""hard"", ""open_trade"": true, ""vwap"": true, ""legs"": true, ""leg_max"": 6, ""rev_mode"": ""off"", ""wait_open"": true, ""maxpos"": 2, ""stack_trig"": ""fvg"", ""stack_size"": 1.0, ""ma"": 200, ""big_thr"": 15.0, ""big_sl"": 30.0, ""big_tp"": 150.0, ""std_sl"": 30.0, ""std_tp"": 35.0, ""leg_gap"": 20.0, ""leg_sl"": 25.0, ""leg_tp"": 115.0, ""min_fv"": 80.0, ""min_bos"": 5.0, ""disp_pts"": 25.0, ""stack_gap"": 10.0}",2.896,2.645,-1.0,2.645,267,0.76,122.62,0.4592,1.639,2.896,61.09,61.53,-15.61
NY,"{""offset"": 0, ""window"": 60, ""exit"": ""hard"", ""open_trade"": true, ""vwap"": true, ""legs"": true, ""leg_max"": 4, ""rev_mode"": ""std"", ""wait_open"": true, ""maxpos"": 3, ""stack_trig"": ""fvg"", ""stack_size"": 1.0, ""ma"": 200, ""big_thr"": 10.0, ""big_sl"": 30.0, ""big_tp"": 150.0, ""std_sl"": 30.0, ""std_tp"": 60.0, ""leg_gap"": 15.0, ""leg_sl"": 35.0, ""leg_tp"": 115.0, ""min_fv"": 125.0, ""min_bos"": 15.0, ""disp_pts"": 30.0, ""stack_gap"": 10.0}",2.896,2.688,0.496,2.688,442,1.26,125.74,0.2845,1.423,2.896,63.8,61.94,-20.79
NY,"{""offset"": 0, ""window"": 150, ""exit"": ""hard"", ""open_trade"": true, ""vwap"": true, ""legs"": true, ""leg_max"": 1, ""rev_mode"": ""off"", ""wait_open"": true, ""maxpos"": 1, ""stack_trig"": ""bos"", ""stack_size"": 0.5, ""ma"": 0, ""big_thr"": 20.0, ""big_sl"": 25.0, ""big_tp"": 150.0, ""std_sl"": 20.0, ""std_tp"": 60.0, ""leg_gap"": 10.0, ""leg_sl"": 45.0, ""leg_tp"": 140.0, ""min_fv"": 200.0, ""min_bos"": 15.0, ""disp_pts"": 40.0, ""stack_gap"": 15.0}",2.894,2.568,-1.0,2.568,323,0.92,156.33,0.484,1.618,2.894,59.33,97.0,-37.52
NY,"{""offset"": 0, ""window"": 150, ""exit"": ""run"", ""open_trade"": true, ""vwap"": true, ""legs"": false, ""leg_max"": 1, ""rev_mode"": ""off"", ""wait_open"": false, ""maxpos"": 1, ""stack_trig"": ""both"", ""stack_size"": 0.5, ""ma"": 100, ""big_thr"": 10.0, ""big_sl"": 25.0, ""big_tp"": 150.0, ""std_sl"": 25.0, ""std_tp"": 35.0, ""leg_gap"": 10.0, ""leg_sl"": 25.0, ""leg_tp"": 90.0, ""min_fv"": 100.0, ""min_bos"": 15.0, ""disp_pts"": 30.0, ""stack_gap"": 20.0}",2.894,2.818,1.583,2.818,230,0.66,128.57,0.559,1.692,2.894,60.15,68.42,-19.83
NY,"{""offset"": 0, ""window"": 90, ""exit"": ""hard"", ""open_trade"": true, ""vwap"": true, ""legs"": true, ""leg_max"": 1, ""rev_mode"": ""off"", ""wait_open"": false, ""maxpos"": 2, ""stack_trig"": ""fvg"", ""stack_size"": 1.0, ""ma"": 100, ""big_thr"": 20.0, ""big_sl"": 30.0, ""big_tp"": 130.0, ""std_sl"": 35.0, ""std_tp"": 60.0, ""leg_gap"": 10.0, ""leg_sl"": 35.0, ""leg_tp"": 60.0, ""min_fv"": 80.0, ""min_bos"": 20.0, ""disp_pts"": 40.0, ""stack_gap"": 20.0}",2.891,2.376,-1.0,2.376,256,0.73,105.69,0.4129,1.607,2.891,60.31,45.38,-12.42
NY,"{""offset"": 0, ""window"": 120, ""exit"": ""hard"", ""open_trade"": true, ""vwap"": true, ""legs"": true, ""leg_max"": 2, ""rev_mode"": ""std"", ""wait_open"": true, ""maxpos"": 2, ""stack_trig"": ""fvg"", ""stack_size"": 0.5, ""ma"": 0, ""big_thr"": 25.0, ""big_sl"": 30.0, ""big_tp"": 130.0, ""std_sl"": 30.0, ""std_tp"": 35.0, ""leg_gap"": 20.0, ""leg_sl"": 45.0, ""leg_tp"": 140.0, ""min_fv"": 125.0, ""min_bos"": 5.0, ""disp_pts"": 30.0, ""stack_gap"": 20.0}",2.89,2.639,1.774,2.639,1153,3.28,133.54,0.1158,1.212,2.89,72.35,61.19,-17.78
NY,"{""offset"": 0, ""window"": 90, ""exit"": ""hard"", ""open_trade"": true, ""vwap"": true, ""legs"": true, ""leg_max"": 2, ""rev_mode"": ""off"", ""wait_open"": true, ""maxpos"": 2, ""stack_trig"": ""both"", ""stack_size"": 1.0, ""ma"": 50, ""big_thr"": 10.0, ""big_sl"": 35.0, ""big_tp"": 150.0, ""std_sl"": 15.0, ""std_tp"": 60.0, ""leg_gap"": 15.0, ""leg_sl"": 35.0, ""leg_tp"": 90.0, ""min_fv"": 80.0, ""min_bos"": 20.0, ""disp_pts"": 15.0, ""stack_gap"": 10.0}",2.888,2.639,-1.0,2.639,240,0.68,100.79,0.4199,1.636,2.888,61.47,39.31,-9.58
NY,"{""offset"": 0, ""window"": 60, ""exit"": ""hard"", ""open_trade"": true, ""vwap"": true, ""legs"": true, ""leg_max"": 1, ""rev_mode"": ""std"", ""wait_open"": false, ""maxpos"": 2, ""stack_trig"": ""bos"", ""stack_size"": 1.0, ""ma"": 100, ""big_thr"": 15.0, ""big_sl"": 35.0, ""big_tp"": 150.0, ""std_sl"": 30.0, ""std_tp"": 35.0, ""leg_gap"": 20.0, ""leg_sl"": 35.0, ""leg_tp"": 115.0, ""min_fv"": 200.0, ""min_bos"": 5.0, ""disp_pts"": 25.0, ""stack_gap"": 20.0}",2.886,2.593,-1.0,2.593,331,0.94,105.15,0.3177,1.527,2.886,74.99,30.16,-19.41
NY,"{""offset"": 0, ""window"": 60, ""exit"": ""run"", ""open_trade"": true, ""vwap"": true, ""legs"": true, ""leg_max"": 4, ""rev_mode"": ""off"", ""wait_open"": false, ""maxpos"": 2, ""stack_trig"": ""bos"", ""stack_size"": 1.0, ""ma"": 50, ""big_thr"": 15.0, ""big_sl"": 25.0, ""big_tp"": 80.0, ""std_sl"": 30.0, ""std_tp"": 60.0, ""leg_gap"": 20.0, ""leg_sl"": 35.0, ""leg_tp"": 115.0, ""min_fv"": 80.0, ""min_bos"": 20.0, ""disp_pts"": 20.0, ""stack_gap"": 20.0}",2.886,2.236,-1.0,2.236,233,0.66,93.9,0.403,1.58,2.886,49.17,44.73,-10.91
NY,"{""offset"": 0, ""window"": 90, ""exit"": ""hard"", ""open_trade"": true, ""vwap"": true, ""legs"": true, ""leg_max"": 2, ""rev_mode"": ""off"", ""wait_open"": false, ""maxpos"": 2, ""stack_trig"": ""bos"", ""stack_size"": 1.0, ""ma"": 200, ""big_thr"": 20.0, ""big_sl"": 25.0, ""big_tp"": 150.0, ""std_sl"": 15.0, ""std_tp"": 35.0, ""leg_gap"": 10.0, ""leg_sl"": 45.0, ""leg_tp"": 90.0, ""min_fv"": 60.0, ""min_bos"": 15.0, ""disp_pts"": 15.0, ""stack_gap"": 15.0}",2.885,2.494,-1.0,2.494,286,0.81,134.64,0.4708,1.633,2.885,66.55,68.09,-15.24
NY,"{""offset"": 0, ""window"": 150, ""exit"": ""hard"", ""open_trade"": true, ""vwap"": true, ""legs"": true, ""leg_max"": 6, ""rev_mode"": ""off"", ""wait_open"": false, ""maxpos"": 1, ""stack_trig"": ""fvg"", ""stack_size"": 0.5, ""ma"": 50, ""big_thr"": 20.0, ""big_sl"": 50.0, ""big_tp"": 100.0, ""std_sl"": 30.0, ""std_tp"": 30.0, ""leg_gap"": 15.0, ""leg_sl"": 45.0, ""leg_tp"": 140.0, ""min_fv"": 80.0, ""min_bos"": 10.0, ""disp_pts"": 30.0, ""stack_gap"": 15.0}",2.884,2.585,-1.0,2.585,240,0.68,74.89,0.312,1.565,2.884,52.47,22.42,-7.37
NY,"{""offset"": 0, ""window"": 90, ""exit"": ""hard"", ""open_trade"": true, ""vwap"": false, ""legs"": true, ""leg_max"": 1, ""rev_mode"": ""off"", ""wait_open"": true, ""maxpos"": 1, ""stack_trig"": ""bos"", ""stack_size"": 1.0, ""ma"": 100, ""big_thr"": 25.0, ""big_sl"": 25.0, ""big_tp"": 115.0, ""std_sl"": 35.0, ""std_tp"": 35.0, ""leg_gap"": 15.0, ""leg_sl"": 35.0, ""leg_tp"": 140.0, ""min_fv"": 80.0, ""min_bos"": 20.0, ""disp_pts"": 40.0, ""stack_gap"": 10.0}",2.883,2.59,-1.0,2.59,296,0.84,119.52,0.4038,1.586,2.883,66.94,52.59,-16.87
NY,"{""offset"": 0, ""window"": 150, ""exit"": ""run"", ""open_trade"": true, ""vwap"": true, ""legs"": true, ""leg_max"": 2, ""rev_mode"": ""off"", ""wait_open"": false, ""maxpos"": 3, ""stack_trig"": ""fvg"", ""stack_size"": 1.0, ""ma"": 50, ""big_thr"": 15.0, ""big_sl"": 50.0, ""big_tp"": 130.0, ""std_sl"": 25.0, ""std_tp"": 42.0, ""leg_gap"": 15.0, ""leg_sl"": 45.0, ""leg_tp"": 90.0, ""min_fv"": 150.0, ""min_bos"": 15.0, ""disp_pts"": 30.0, ""stack_gap"": 15.0}",2.883,2.075,-1.0,2.075,240,0.68,81.22,0.3384,1.555,2.883,48.84,32.38,-10.42
NY,"{""offset"": 0, ""window"": 120, ""exit"": ""hard"", ""open_trade"": true, ""vwap"": true, ""legs"": false, ""leg_max"": 4, ""rev_mode"": ""off"", ""wait_open"": false, ""maxpos"": 2, ""stack_trig"": ""fvg"", ""stack_size"": 0.5, ""ma"": 50, ""big_thr"": 20.0, ""big_sl"": 25.0, ""big_tp"": 130.0, ""std_sl"": 35.0, ""std_tp"": 50.0, ""leg_gap"": 10.0, ""leg_sl"": 35.0, ""leg_tp"": 140.0, ""min_fv"": 200.0, ""min_bos"": 15.0, ""disp_pts"": 20.0, ""stack_gap"": 10.0}",2.883,2.624,-1.0,2.624,223,0.64,110.56,0.4958,1.661,2.883,60.13,50.42,-10.67
NY,"{""offset"": 0, ""window"": 150, ""exit"": ""run"", ""open_trade"": true, ""vwap"": true, ""legs"": true, ""leg_max"": 4, ""rev_mode"": ""off"", ""wait_open"": false, ""maxpos"": 3, ""stack_trig"": ""both"", ""stack_size"": 0.5, ""ma"": 100, ""big_thr"": 20.0, ""big_sl"": 25.0, ""big_tp"": 130.0, ""std_sl"": 20.0, ""std_tp"": 50.0, ""leg_gap"": 10.0, ""leg_sl"": 25.0, ""leg_tp"": 115.0, ""min_fv"": 150.0, ""min_bos"": 0.0, ""disp_pts"": 25.0, ""stack_gap"": 15.0}",2.881,2.601,-1.0,2.601,262,0.75,131.86,0.5033,1.646,2.881,63.55,68.31,-12.86
NY,"{""offset"": 0, ""window"": 60, ""exit"": ""run"", ""open_trade"": true, ""vwap"": true, ""legs"": false, ""leg_max"": 2, ""rev_mode"": ""off"", ""wait_open"": true, ""maxpos"": 1, ""stack_trig"": ""bos"", ""stack_size"": 0.5, ""ma"": 200, ""big_thr"": 15.0, ""big_sl"": 25.0, ""big_tp"": 100.0, ""std_sl"": 20.0, ""std_tp"": 50.0, ""leg_gap"": 15.0, ""leg_sl"": 35.0, ""leg_tp"": 140.0, ""min_fv"": 40.0, ""min_bos"": 10.0, ""disp_pts"": 20.0, ""stack_gap"": 20.0}",2.879,2.333,-1.0,2.333,253,0.72,104.7,0.4138,1.551,2.879,58.34,46.36,-12.17
NY,"{""offset"": 0, ""window"": 90, ""exit"": ""hard"", ""open_trade"": true, ""vwap"": false, ""legs"": true, ""leg_max"": 1, ""rev_mode"": ""off"", ""wait_open"": false, ""maxpos"": 1, ""stack_trig"": ""fvg"", ""stack_size"": 0.5, ""ma"": 50, ""big_thr"": 10.0, ""big_sl"": 30.0, ""big_tp"": 115.0, ""std_sl"": 15.0, ""std_tp"": 30.0, ""leg_gap"": 20.0, ""leg_sl"": 25.0, ""leg_tp"": 90.0, ""min_fv"": 60.0, ""min_bos"": 5.0, ""disp_pts"": 20.0, ""stack_gap"": 15.0}",2.875,2.129,-1.0,2.129,280,0.8,107.27,0.3831,1.541,2.875,69.09,38.18,-15.34
NY,"{""offset"": 0, ""window"": 150, ""exit"": ""hard"", ""open_trade"": true, ""vwap"": false, ""legs"": false, ""leg_max"": 2, ""rev_mode"": ""off"", ""wait_open"": false, ""maxpos"": 2, ""stack_trig"": ""fvg"", ""stack_size"": 0.5, ""ma"": 50, ""big_thr"": 25.0, ""big_sl"": 25.0, ""big_tp"": 150.0, ""std_sl"": 20.0, ""std_tp"": 60.0, ""leg_gap"": 10.0, ""leg_sl"": 25.0, ""leg_tp"": 115.0, ""min_fv"": 60.0, ""min_bos"": 10.0, ""disp_pts"": 40.0, ""stack_gap"": 15.0}",2.875,2.557,-1.0,2.557,270,0.77,127.71,0.473,1.598,2.875,70.82,56.89,-17.76
NY,"{""offset"": 0, ""window"": 60, ""exit"": ""hard"", ""open_trade"": true, ""vwap"": true, ""legs"": true, ""leg_max"": 4, ""rev_mode"": ""off"", ""wait_open"": false, ""maxpos"": 2, ""stack_trig"": ""bos"", ""stack_size"": 0.5, ""ma"": 0, ""big_thr"": 15.0, ""big_sl"": 35.0, ""big_tp"": 115.0, ""std_sl"": 15.0, ""std_tp"": 60.0, ""leg_gap"": 25.0, ""leg_sl"": 35.0, ""leg_tp"": 60.0, ""min_fv"": 150.0, ""min_bos"": 15.0, ""disp_pts"": 30.0, ""stack_gap"": 20.0}",2.874,2.559,-1.0,2.559,299,0.85,97.09,0.3247,1.489,2.874,50.98,46.11,-14.58
NY,"{""offset"": 0, ""window"": 60, ""exit"": ""run"", ""open_trade"": true, ""vwap"": true, ""legs"": true, ""leg_max"": 6, ""rev_mode"": ""off"", ""wait_open"": true, ""maxpos"": 2, ""stack_trig"": ""both"", ""stack_size"": 1.0, ""ma"": 200, ""big_thr"": 25.0, ""big_sl"": 25.0, ""big_tp"": 115.0, ""std_sl"": 35.0, ""std_tp"": 50.0, ""leg_gap"": 10.0, ""leg_sl"": 45.0, ""leg_tp"": 115.0, ""min_fv"": 100.0, ""min_bos"": 15.0, ""disp_pts"": 40.0, ""stack_gap"": 15.0}",2.874,2.358,-1.0,2.358,288,0.82,121.94,0.4234,1.587,2.874,58.48,63.45,-14.95
NY,"{""offset"": 0, ""window"": 60, ""exit"": ""hard"", ""open_trade"": true, ""vwap"": false, ""legs"": true, ""leg_max"": 4, ""rev_mode"": ""off"", ""wait_open"": true, ""maxpos"": 1, ""stack_trig"": ""fvg"", ""stack_size"": 1.0, ""ma"": 100, ""big_thr"": 10.0, ""big_sl"": 30.0, ""big_tp"": 130.0, ""std_sl"": 15.0, ""std_tp"": 30.0, ""leg_gap"": 10.0, ""leg_sl"": 45.0, ""leg_tp"": 140.0, ""min_fv"": 200.0, ""min_bos"": 10.0, ""disp_pts"": 25.0, ""stack_gap"": 20.0}",2.873,2.849,2.289,2.849,311,0.89,116.79,0.3755,1.543,2.873,66.14,50.65,-16.91
NY,"{""offset"": 0, ""window"": 150, ""exit"": ""run"", ""open_trade"": true, ""vwap"": true, ""legs"": false, ""leg_max"": 6, ""rev_mode"": ""off"", ""wait_open"": false, ""maxpos"": 1, ""stack_trig"": ""bos"", ""stack_size"": 1.0, ""ma"": 200, ""big_thr"": 15.0, ""big_sl"": 25.0, ""big_tp"": 130.0, ""std_sl"": 30.0, ""std_tp"": 60.0, ""leg_gap"": 20.0, ""leg_sl"": 45.0, ""leg_tp"": 140.0, ""min_fv"": 100.0, ""min_bos"": 20.0, ""disp_pts"": 40.0, ""stack_gap"": 20.0}",2.873,2.59,-1.0,2.59,253,0.72,121.83,0.4816,1.607,2.873,55.11,66.73,-14.67
NY,"{""offset"": 0, ""window"": 150, ""exit"": ""hard"", ""open_trade"": true, ""vwap"": true, ""legs"": false, ""leg_max"": 6, ""rev_mode"": ""off"", ""wait_open"": true, ""maxpos"": 3, ""stack_trig"": ""fvg"", ""stack_size"": 1.0, ""ma"": 200, ""big_thr"": 15.0, ""big_sl"": 25.0, ""big_tp"": 100.0, ""std_sl"": 35.0, ""std_tp"": 35.0, ""leg_gap"": 10.0, ""leg_sl"": 45.0, ""leg_tp"": 60.0, ""min_fv"": 200.0, ""min_bos"": 10.0, ""disp_pts"": 40.0, ""stack_gap"": 20.0}",2.873,2.595,-1.0,2.595,253,0.72,104.49,0.413,1.55,2.873,58.38,46.11,-12.17
NY,"{""offset"": 0, ""window"": 90, ""exit"": ""hard"", ""open_trade"": true, ""vwap"": true, ""legs"": false, ""leg_max"": 6, ""rev_mode"": ""disp_fv"", ""wait_open"": true, ""maxpos"": 2, ""stack_trig"": ""both"", ""stack_size"": 0.5, ""ma"": 100, ""big_thr"": 10.0, ""big_sl"": 30.0, ""big_tp"": 80.0, ""std_sl"": 35.0, ""std_tp"": 35.0, ""leg_gap"": 20.0, ""leg_sl"": 35.0, ""leg_tp"": 115.0, ""min_fv"": 200.0, ""min_bos"": 5.0, ""disp_pts"": 20.0, ""stack_gap"": 10.0}",2.872,2.268,-1.0,2.268,311,0.89,92.27,0.2967,1.489,2.872,55.94,36.34,-21.83
NY,"{""offset"": 0, ""window"": 60, ""exit"": ""hard"", ""open_trade"": true, ""vwap"": false, ""legs"": true, ""leg_max"": 1, ""rev_mode"": ""disp_fv"", ""wait_open"": true, ""maxpos"": 2, ""stack_trig"": ""fvg"", ""stack_size"": 0.5, ""ma"": 50, ""big_thr"": 10.0, ""big_sl"": 25.0, ""big_tp"": 130.0, ""std_sl"": 35.0, ""std_tp"": 42.0, ""leg_gap"": 10.0, ""leg_sl"": 25.0, ""leg_tp"": 90.0, ""min_fv"": 200.0, ""min_bos"": 20.0, ""disp_pts"": 15.0, ""stack_gap"": 10.0}",2.872,2.367,-1.0,2.367,314,0.89,133.68,0.4257,1.576,2.872,79.35,54.33,-19.07
NY,"{""offset"": 0, ""window"": 90, ""exit"": ""hard"", ""open_trade"": true, ""vwap"": true, ""legs"": true, ""leg_max"": 6, ""rev_mode"": ""off"", ""wait_open"": true, ""maxpos"": 2, ""stack_trig"": ""bos"", ""stack_size"": 0.5, ""ma"": 50, ""big_thr"": 25.0, ""big_sl"": 30.0, ""big_tp"": 100.0, ""std_sl"": 15.0, ""std_tp"": 50.0, ""leg_gap"": 20.0, ""leg_sl"": 45.0, ""leg_tp"": 115.0, ""min_fv"": 125.0, ""min_bos"": 0.0, ""disp_pts"": 30.0, ""stack_gap"": 10.0}",2.871,2.587,-1.0,2.587,233,0.66,94.04,0.4036,1.583,2.871,55.78,38.27,-10.56
NY,"{""offset"": 0, ""window"": 60, ""exit"": ""hard"", ""open_trade"": true, ""vwap"": true, ""legs"": true, ""leg_max"": 1, ""rev_mode"": ""disp_fv"", ""wait_open"": false, ""maxpos"": 1, ""stack_trig"": ""bos"", ""stack_size"": 1.0, ""ma"": 0, ""big_thr"": 15.0, ""big_sl"": 30.0, ""big_tp"": 150.0, ""std_sl"": 30.0, ""std_tp"": 60.0, ""leg_gap"": 15.0, ""leg_sl"": 25.0, ""leg_tp"": 60.0, ""min_fv"": 100.0, ""min_bos"": 0.0, ""disp_pts"": 40.0, ""stack_gap"": 10.0}",2.871,2.553,-1.0,2.553,366,1.04,138.99,0.3798,1.524,2.871,70.39,68.6,-15.82
NY,"{""offset"": 0, ""window"": 150, ""exit"": ""run"", ""open_trade"": true, ""vwap"": true, ""legs"": true, ""leg_max"": 4, ""rev_mode"": ""off"", ""wait_open"": true, ""maxpos"": 3, ""stack_trig"": ""bos"", ""stack_size"": 0.5, ""ma"": 50, ""big_thr"": 15.0, ""big_sl"": 40.0, ""big_tp"": 150.0, ""std_sl"": 35.0, ""std_tp"": 30.0, ""leg_gap"": 15.0, ""leg_sl"": 45.0, ""leg_tp"": 90.0, ""min_fv"": 40.0, ""min_bos"": 20.0, ""disp_pts"": 40.0, ""stack_gap"": 15.0}",2.869,2.357,-1.0,2.357,240,0.68,98.91,0.4121,1.607,2.869,60.91,38.0,-9.89
NY,"{""offset"": 0, ""window"": 150, ""exit"": ""hard"", ""open_trade"": true, ""vwap"": true, ""legs"": true, ""leg_max"": 4, ""rev_mode"": ""off"", ""wait_open"": false, ""maxpos"": 3, ""stack_trig"": ""both"", ""stack_size"": 0.5, ""ma"": 100, ""big_thr"": 15.0, ""big_sl"": 40.0, ""big_tp"": 130.0, ""std_sl"": 15.0, ""std_tp"": 42.0, ""leg_gap"": 20.0, ""leg_sl"": 45.0, ""leg_tp"": 140.0, ""min_fv"": 100.0, ""min_bos"": 20.0, ""disp_pts"": 30.0, ""stack_gap"": 15.0}",2.868,2.578,-1.0,2.578,242,0.69,91.82,0.3794,1.575,2.868,57.8,34.02,-8.93
NY,"{""offset"": 0, ""window"": 60, ""exit"": ""hard"", ""open_trade"": true, ""vwap"": true, ""legs"": true, ""leg_max"": 2, ""rev_mode"": ""off"", ""wait_open"": false, ""maxpos"": 1, ""stack_trig"": ""bos"", ""stack_size"": 0.5, ""ma"": 0, ""big_thr"": 15.0, ""big_sl"": 35.0, ""big_tp"": 150.0, ""std_sl"": 25.0, ""std_tp"": 60.0, ""leg_gap"": 25.0, ""leg_sl"": 45.0, ""leg_tp"": 60.0, ""min_fv"": 150.0, ""min_bos"": 15.0, ""disp_pts"": 30.0, ""stack_gap"": 10.0}",2.867,2.304,-1.0,2.304,299,0.85,105.75,0.3537,1.522,2.867,52.2,53.55,-14.73
NY,"{""offset"": 0, ""window"": 150, ""exit"": ""hard"", ""open_trade"": true, ""vwap"": true, ""legs"": false, ""leg_max"": 2, ""rev_mode"": ""off"", ""wait_open"": false, ""maxpos"": 2, ""stack_trig"": ""fvg"", ""stack_size"": 0.5, ""ma"": 50, ""big_thr"": 20.0, ""big_sl"": 30.0, ""big_tp"": 130.0, ""std_sl"": 25.0, ""std_tp"": 50.0, ""leg_gap"": 10.0, ""leg_sl"": 35.0, ""leg_tp"": 60.0, ""min_fv"": 40.0, ""min_bos"": 5.0, ""disp_pts"": 20.0, ""stack_gap"": 15.0}",2.866,2.109,-1.0,2.109,223,0.64,99.74,0.4473,1.61,2.866,56.14,43.6,-10.43
NY,"{""offset"": 0, ""window"": 120, ""exit"": ""run"", ""open_trade"": true, ""vwap"": true, ""legs"": false, ""leg_max"": 2, ""rev_mode"": ""off"", ""wait_open"": false, ""maxpos"": 3, ""stack_trig"": ""both"", ""stack_size"": 1.0, ""ma"": 200, ""big_thr"": 15.0, ""big_sl"": 25.0, ""big_tp"": 130.0, ""std_sl"": 30.0, ""std_tp"": 50.0, ""leg_gap"": 10.0, ""leg_sl"": 25.0, ""leg_tp"": 90.0, ""min_fv"": 100.0, ""min_bos"": 20.0, ""disp_pts"": 30.0, ""stack_gap"": 20.0}",2.866,2.588,-1.0,2.588,253,0.72,121.5,0.4802,1.605,2.866,55.11,66.39,-14.67
NY,"{""offset"": 0, ""window"": 120, ""exit"": ""run"", ""open_trade"": true, ""vwap"": true, ""legs"": true, ""leg_max"": 4, ""rev_mode"": ""off"", ""wait_open"": true, ""maxpos"": 2, ""stack_trig"": ""fvg"", ""stack_size"": 1.0, ""ma"": 200, ""big_thr"": 10.0, ""big_sl"": 30.0, ""big_tp"": 115.0, ""std_sl"": 25.0, ""std_tp"": 42.0, ""leg_gap"": 10.0, ""leg_sl"": 35.0, ""leg_tp"": 140.0, ""min_fv"": 40.0, ""min_bos"": 0.0, ""disp_pts"": 30.0, ""stack_gap"": 10.0}",2.865,2.617,-1.0,2.617,288,0.82,120.44,0.4182,1.571,2.865,57.69,62.75,-14.25
NY,"{""offset"": 0, ""window"": 90, ""exit"": ""hard"", ""open_trade"": true, ""vwap"": true, ""legs"": true, ""leg_max"": 1, ""rev_mode"": ""mixed"", ""wait_open"": true, ""maxpos"": 1, ""stack_trig"": ""bos"", ""stack_size"": 0.5, ""ma"": 0, ""big_thr"": 15.0, ""big_sl"": 25.0, ""big_tp"": 115.0, ""std_sl"": 25.0, ""std_tp"": 35.0, ""leg_gap"": 15.0, ""leg_sl"": 45.0, ""leg_tp"": 90.0, ""min_fv"": 200.0, ""min_bos"": 15.0, ""disp_pts"": 40.0, ""stack_gap"": 10.0}",2.864,2.395,-1.0,2.395,428,1.22,139.88,0.3268,1.462,2.864,84.84,55.04,-20.49
NY,"{""offset"": 0, ""window"": 90, ""exit"": ""run"", ""open_trade"": true, ""vwap"": true, ""legs"": true, ""leg_max"": 2, ""rev_mode"": ""disp_fv"", ""wait_open"": false, ""maxpos"": 2, ""stack_trig"": ""both"", ""stack_size"": 1.0, ""ma"": 0, ""big_thr"": 15.0, ""big_sl"": 30.0, ""big_tp"": 100.0, ""std_sl"": 35.0, ""std_tp"": 50.0, ""leg_gap"": 20.0, ""leg_sl"": 45.0, ""leg_tp"": 115.0, ""min_fv"": 200.0, ""min_bos"": 5.0, ""disp_pts"": 40.0, ""stack_gap"": 20.0}",2.863,2.556,-1.0,2.556,331,0.94,125.22,0.3783,1.523,2.863,78.25,46.97,-20.94
NY,"{""offset"": 0, ""window"": 60, ""exit"": ""hard"", ""open_trade"": true, ""vwap"": false, ""legs"": false, ""leg_max"": 4, ""rev_mode"": ""off"", ""wait_open"": false, ""maxpos"": 2, ""stack_trig"": ""bos"", ""stack_size"": 1.0, ""ma"": 100, ""big_thr"": 10.0, ""big_sl"": 25.0, ""big_tp"": 130.0, ""std_sl"": 20.0, ""std_tp"": 35.0, ""leg_gap"": 10.0, ""leg_sl"": 35.0, ""leg_tp"": 140.0, ""min_fv"": 125.0, ""min_bos"": 10.0, ""disp_pts"": 15.0, ""stack_gap"": 15.0}",2.863,2.568,-1.0,2.568,279,0.79,117.4,0.4208,1.559,2.863,62.79,54.61,-14.19
NY,"{""offset"": 0, ""window"": 90, ""exit"": ""hard"", ""open_trade"": true, ""vwap"": true, ""legs"": true, ""leg_max"": 1, ""rev_mode"": ""off"", ""wait_open"": false, ""maxpos"": 1, ""stack_trig"": ""bos"", ""stack_size"": 0.5, ""ma"": 50, ""big_thr"": 10.0, ""big_sl"": 40.0, ""big_tp"": 150.0, ""std_sl"": 20.0, ""std_tp"": 42.0, ""leg_gap"": 25.0, ""leg_sl"": 45.0, ""leg_tp"": 140.0, ""min_fv"": 125.0, ""min_bos"": 20.0, ""disp_pts"": 20.0, ""stack_gap"": 15.0}",2.863,2.599,-1.0,2.599,229,0.65,89.06,0.3889,1.619,2.863,56.78,32.28,-8.58
NY,"{""offset"": 0, ""window"": 120, ""exit"": ""hard"", ""open_trade"": true, ""vwap"": true, ""legs"": false, ""leg_max"": 2, ""rev_mode"": ""off"", ""wait_open"": false, ""maxpos"": 2, ""stack_trig"": ""both"", ""stack_size"": 1.0, ""ma"": 50, ""big_thr"": 10.0, ""big_sl"": 25.0, ""big_tp"": 150.0, ""std_sl"": 35.0, ""std_tp"": 30.0, ""leg_gap"": 25.0, ""leg_sl"": 45.0, ""leg_tp"": 90.0, ""min_fv"": 125.0, ""min_bos"": 10.0, ""disp_pts"": 30.0, ""stack_gap"": 20.0}",2.862,2.536,-1.0,2.536,223,0.64,119.62,0.5364,1.688,2.862,65.12,54.5,-12.52
NY,"{""offset"": 0, ""window"": 90, ""exit"": ""hard"", ""open_trade"": true, ""vwap"": false, ""legs"": true, ""leg_max"": 1, ""rev_mode"": ""off"", ""wait_open"": true, ""maxpos"": 3, ""stack_trig"": ""fvg"", ""stack_size"": 0.5, ""ma"": 50, ""big_thr"": 10.0, ""big_sl"": 30.0, ""big_tp"": 115.0, ""std_sl"": 15.0, ""std_tp"": 35.0, ""leg_gap"": 10.0, ""leg_sl"": 35.0, ""leg_tp"": 115.0, ""min_fv"": 200.0, ""min_bos"": 10.0, ""disp_pts"": 20.0, ""stack_gap"": 20.0}",2.862,2.393,-1.0,2.393,294,0.84,111.06,0.3778,1.538,2.862,71.01,40.06,-16.97
NY,"{""offset"": 0, ""window"": 90, ""exit"": ""hard"", ""open_trade"": true, ""vwap"": false, ""legs"": true, ""leg_max"": 1, ""rev_mode"": ""disp_fv"", ""wait_open"": true, ""maxpos"": 3, ""stack_trig"": ""fvg"", ""stack_size"": 0.5, ""ma"": 50, ""big_thr"": 10.0, ""big_sl"": 30.0, ""big_tp"": 115.0, ""std_sl"": 30.0, ""std_tp"": 30.0, ""leg_gap"": 15.0, ""leg_sl"": 25.0, ""leg_tp"": 60.0, ""min_fv"": 80.0, ""min_bos"": 0.0, ""disp_pts"": 40.0, ""stack_gap"": 15.0}",2.86,2.617,-1.0,2.617,333,0.95,114.38,0.3435,1.486,2.86,66.06,48.32,-20.69
NY,"{""offset"": 0, ""window"": 60, ""exit"": ""hard"", ""open_trade"": true, ""vwap"": false, ""legs"": true, ""leg_max"": 1, ""rev_mode"": ""off"", ""wait_open"": true, ""maxpos"": 2, ""stack_trig"": ""bos"", ""stack_size"": 1.0, ""ma"": 50, ""big_thr"": 10.0, ""big_sl"": 35.0, ""big_tp"": 130.0, ""std_sl"": 30.0, ""std_tp"": 42.0, ""leg_gap"": 10.0, ""leg_sl"": 35.0, ""leg_tp"": 140.0, ""min_fv"": 100.0, ""min_bos"": 0.0, ""disp_pts"": 20.0, ""stack_gap"": 10.0}",2.858,2.484,-1.0,2.484,294,0.84,105.85,0.36,1.549,2.858,61.35,44.5,-12.12
NY,"{""offset"": 0, ""window"": 60, ""exit"": ""hard"", ""open_trade"": true, ""vwap"": true, ""legs"": true, ""leg_max"": 1, ""rev_mode"": ""std"", ""wait_open"": true, ""maxpos"": 3, ""stack_trig"": ""fvg"", ""stack_size"": 0.5, ""ma"": 200, ""big_thr"": 20.0, ""big_sl"": 25.0, ""big_tp"": 115.0, ""std_sl"": 35.0, ""std_tp"": 42.0, ""leg_gap"": 25.0, ""leg_sl"": 35.0, ""leg_tp"": 140.0, ""min_fv"": 80.0, ""min_bos"": 15.0, ""disp_pts"": 15.0, ""stack_gap"": 20.0}",2.858,2.515,-1.0,2.515,524,1.49,118.64,0.2264,1.376,2.858,58.56,60.08,-19.75
NY,"{""offset"": 0, ""window"": 60, ""exit"": ""hard"", ""open_trade"": true, ""vwap"": false, ""legs"": false, ""leg_max"": 4, ""rev_mode"": ""std"", ""wait_open"": false, ""maxpos"": 2, ""stack_trig"": ""both"", ""stack_size"": 1.0, ""ma"": 100, ""big_thr"": 15.0, ""big_sl"": 25.0, ""big_tp"": 130.0, ""std_sl"": 15.0, ""std_tp"": 42.0, ""leg_gap"": 15.0, ""leg_sl"": 45.0, ""leg_tp"": 140.0, ""min_fv"": 200.0, ""min_bos"": 15.0, ""disp_pts"": 15.0, ""stack_gap"": 10.0}",2.857,2.591,-1.0,2.591,340,0.97,121.01,0.3559,1.475,2.857,79.39,41.62,-26.23
NY,"{""offset"": 0, ""window"": 60, ""exit"": ""run"", ""open_trade"": true, ""vwap"": true, ""legs"": true, ""leg_max"": 6, ""rev_mode"": ""disp_fv"", ""wait_open"": true, ""maxpos"": 3, ""stack_trig"": ""both"", ""stack_size"": 1.0, ""ma"": 100, ""big_thr"": 10.0, ""big_sl"": 25.0, ""big_tp"": 130.0, ""std_sl"": 35.0, ""std_tp"": 30.0, ""leg_gap"": 20.0, ""leg_sl"": 45.0, ""leg_tp"": 115.0, ""min_fv"": 40.0, ""min_bos"": 20.0, ""disp_pts"": 40.0, ""stack_gap"": 15.0}",2.857,2.548,-1.0,2.548,280,0.8,135.04,0.4823,1.625,2.857,65.27,69.77,-17.46
NY,"{""offset"": 0, ""window"": 120, ""exit"": ""hard"", ""open_trade"": true, ""vwap"": true, ""legs"": true, ""leg_max"": 2, ""rev_mode"": ""off"", ""wait_open"": true, ""maxpos"": 3, ""stack_trig"": ""bos"", ""stack_size"": 0.5, ""ma"": 50, ""big_thr"": 15.0, ""big_sl"": 35.0, ""big_tp"": 150.0, ""std_sl"": 20.0, ""std_tp"": 30.0, ""leg_gap"": 10.0, ""leg_sl"": 45.0, ""leg_tp"": 115.0, ""min_fv"": 100.0, ""min_bos"": 20.0, ""disp_pts"": 15.0, ""stack_gap"": 15.0}",2.855,2.526,-1.0,2.526,250,0.71,106.99,0.428,1.639,2.855,64.52,42.47,-11.9
NY,"{""offset"": 0, ""window"": 150, ""exit"": ""hard"", ""open_trade"": true, ""vwap"": false, ""legs"": true, ""leg_max"": 1, ""rev_mode"": ""off"", ""wait_open"": false, ""maxpos"": 2, ""stack_trig"": ""fvg"", ""stack_size"": 1.0, ""ma"": 50, ""big_thr"": 10.0, ""big_sl"": 35.0, ""big_tp"": 115.0, ""std_sl"": 15.0, ""std_tp"": 50.0, ""leg_gap"": 15.0, ""leg_sl"": 25.0, ""leg_tp"": 90.0, ""min_fv"": 60.0, ""min_bos"": 5.0, ""disp_pts"": 25.0, ""stack_gap"": 10.0}",2.852,2.573,-1.0,2.573,285,0.81,102.02,0.358,1.523,2.852,61.83,40.18,-12.57
NY,"{""offset"": 0, ""window"": 150, ""exit"": ""hard"", ""open_trade"": true, ""vwap"": true, ""legs"": true, ""leg_max"": 1, ""rev_mode"": ""off"", ""wait_open"": false, ""maxpos"": 1, ""stack_trig"": ""both"", ""stack_size"": 1.0, ""ma"": 0, ""big_thr"": 15.0, ""big_sl"": 35.0, ""big_tp"": 130.0, ""std_sl"": 35.0, ""std_tp"": 60.0, ""leg_gap"": 20.0, ""leg_sl"": 35.0, ""leg_tp"": 140.0, ""min_fv"": 80.0, ""min_bos"": 15.0, ""disp_pts"": 25.0, ""stack_gap"": 20.0}",2.852,2.311,-1.0,2.311,304,0.87,113.93,0.3748,1.525,2.852,61.42,52.51,-14.77
NY,"{""offset"": 0, ""window"": 150, ""exit"": ""run"", ""open_trade"": true, ""vwap"": true, ""legs"": true, ""leg_max"": 1, ""rev_mode"": ""off"", ""wait_open"": true, ""maxpos"": 2, ""stack_trig"": ""fvg"", ""stack_size"": 0.5, ""ma"": 200, ""big_thr"": 15.0, ""big_sl"": 25.0, ""big_tp"": 100.0, ""std_sl"": 35.0, ""std_tp"": 42.0, ""leg_gap"": 25.0, ""leg_sl"": 25.0, ""leg_tp"": 90.0, ""min_fv"": 100.0, ""min_bos"": 10.0, ""disp_pts"": 30.0, ""stack_gap"": 20.0}",2.852,2.374,-1.0,2.374,262,0.75,107.66,0.4109,1.548,2.852,58.69,48.97,-13.24
NY,"{""offset"": 0, ""window"": 120, ""exit"": ""hard"", ""open_trade"": true, ""vwap"": true, ""legs"": true, ""leg_max"": 2, ""rev_mode"": ""off"", ""wait_open"": true, ""maxpos"": 3, ""stack_trig"": ""fvg"", ""stack_size"": 1.0, ""ma"": 100, ""big_thr"": 20.0, ""big_sl"": 30.0, ""big_tp"": 130.0, ""std_sl"": 15.0, ""std_tp"": 30.0, ""leg_gap"": 15.0, ""leg_sl"": 35.0, ""leg_tp"": 90.0, ""min_fv"": 80.0, ""min_bos"": 15.0, ""disp_pts"": 25.0, ""stack_gap"": 15.0}",2.852,2.35,-1.0,2.35,250,0.71,106.83,0.4273,1.597,2.852,62.68,44.15,-12.72
NY,"{""offset"": 0, ""window"": 60, ""exit"": ""hard"", ""open_trade"": true, ""vwap"": true, ""legs"": true, ""leg_max"": 6, ""rev_mode"": ""disp_fv"", ""wait_open"": true, ""maxpos"": 1, ""stack_trig"": ""bos"", ""stack_size"": 0.5, ""ma"": 50, ""big_thr"": 25.0, ""big_sl"": 25.0, ""big_tp"": 100.0, ""std_sl"": 25.0, ""std_tp"": 30.0, ""leg_gap"": 15.0, ""leg_sl"": 25.0, ""leg_tp"": 115.0, ""min_fv"": 200.0, ""min_bos"": 5.0, ""disp_pts"": 30.0, ""stack_gap"": 10.0}",2.851,2.748,2.314,2.748,255,0.73,108.4,0.4251,1.621,2.851,63.59,44.81,-14.32
NY,"{""offset"": 0, ""window"": 120, ""exit"": ""hard"", ""open_trade"": true, ""vwap"": true, ""legs"": true, ""leg_max"": 4, ""rev_mode"": ""std"", ""wait_open"": false, ""maxpos"": 3, ""stack_trig"": ""both"", ""stack_size"": 1.0, ""ma"": 200, ""big_thr"": 15.0, ""big_sl"": 25.0, ""big_tp"": 115.0, ""std_sl"": 30.0, ""std_tp"": 42.0, ""leg_gap"": 10.0, ""leg_sl"": 45.0, ""leg_tp"": 90.0, ""min_fv"": 200.0, ""min_bos"": 5.0, ""disp_pts"": 30.0, ""stack_gap"": 10.0}",2.847,2.766,1.794,2.766,760,2.17,170.65,0.2245,1.378,2.847,114.71,55.94,-33.54
NY,"{""offset"": 0, ""window"": 60, ""exit"": ""hard"", ""open_trade"": true, ""vwap"": false, ""legs"": false, ""leg_max"": 2, ""rev_mode"": ""off"", ""wait_open"": true, ""maxpos"": 3, ""stack_trig"": ""both"", ""stack_size"": 1.0, ""ma"": 50, ""big_thr"": 10.0, ""big_sl"": 25.0, ""big_tp"": 130.0, ""std_sl"": 20.0, ""std_tp"": 35.0, ""leg_gap"": 20.0, ""leg_sl"": 45.0, ""leg_tp"": 140.0, ""min_fv"": 80.0, ""min_bos"": 0.0, ""disp_pts"": 15.0, ""stack_gap"": 15.0}",2.846,2.223,-1.0,2.223,270,0.77,114.66,0.4246,1.566,2.846,63.86,50.79,-13.12
NY,"{""offset"": 0, ""window"": 120, ""exit"": ""hard"", ""open_trade"": true, ""vwap"": false, ""legs"": true, ""leg_max"": 6, ""rev_mode"": ""off"", ""wait_open"": false, ""maxpos"": 1, ""stack_trig"": ""fvg"", ""stack_size"": 0.5, ""ma"": 100, ""big_thr"": 10.0, ""big_sl"": 25.0, ""big_tp"": 115.0, ""std_sl"": 25.0, ""std_tp"": 35.0, ""leg_gap"": 25.0, ""leg_sl"": 25.0, ""leg_tp"": 140.0, ""min_fv"": 40.0, ""min_bos"": 15.0, ""disp_pts"": 15.0, ""stack_gap"": 10.0}",2.846,2.34,-1.0,2.34,288,0.82,119.45,0.4147,1.54,2.846,70.35,49.1,-15.86
NY,"{""offset"": 0, ""window"": 120, ""exit"": ""hard"", ""open_trade"": true, ""vwap"": true, ""legs"": true, ""leg_max"": 1, ""rev_mode"": ""disp_fv"", ""wait_open"": false, ""maxpos"": 1, ""stack_trig"": ""both"", ""stack_size"": 1.0, ""ma"": 0, ""big_thr"": 20.0, ""big_sl"": 30.0, ""big_tp"": 130.0, ""std_sl"": 20.0, ""std_tp"": 50.0, ""leg_gap"": 15.0, ""leg_sl"": 25.0, ""leg_tp"": 115.0, ""min_fv"": 200.0, ""min_bos"": 20.0, ""disp_pts"": 40.0, ""stack_gap"": 10.0}",2.846,2.321,-1.0,2.321,341,0.97,149.17,0.4374,1.571,2.846,102.46,46.71,-19.28
NY,"{""offset"": 0, ""window"": 60, ""exit"": ""hard"", ""open_trade"": true, ""vwap"": true, ""legs"": true, ""leg_max"": 1, ""rev_mode"": ""off"", ""wait_open"": false, ""maxpos"": 1, ""stack_trig"": ""both"", ""stack_size"": 0.5, ""ma"": 0, ""big_thr"": 10.0, ""big_sl"": 25.0, ""big_tp"": 130.0, ""std_sl"": 30.0, ""std_tp"": 42.0, ""leg_gap"": 15.0, ""leg_sl"": 35.0, ""leg_tp"": 115.0, ""min_fv"": 60.0, ""min_bos"": 5.0, ""disp_pts"": 25.0, ""stack_gap"": 20.0}",2.846,2.366,-1.0,2.366,312,0.89,132.92,0.426,1.567,2.846,54.71,78.21,-29.19
NY,"{""offset"": 0, ""window"": 120, ""exit"": ""hard"", ""open_trade"": true, ""vwap"": true, ""legs"": false, ""leg_max"": 2, ""rev_mode"": ""disp_fv"", ""wait_open"": false, ""maxpos"": 3, ""stack_trig"": ""fvg"", ""stack_size"": 1.0, ""ma"": 0, ""big_thr"": 10.0, ""big_sl"": 35.0, ""big_tp"": 115.0, ""std_sl"": 20.0, ""std_tp"": 35.0, ""leg_gap"": 25.0, ""leg_sl"": 35.0, ""leg_tp"": 115.0, ""min_fv"": 200.0, ""min_bos"": 15.0, ""disp_pts"": 30.0, ""stack_gap"": 15.0}",2.845,2.44,-1.0,2.44,359,1.02,124.05,0.3455,1.472,2.845,81.25,42.79,-21.28
NY,"{""offset"": 0, ""window"": 60, ""exit"": ""hard"", ""open_trade"": true, ""vwap"": false, ""legs"": false, ""leg_max"": 6, ""rev_mode"": ""off"", ""wait_open"": false, ""maxpos"": 1, ""stack_trig"": ""fvg"", ""stack_size"": 0.5, ""ma"": 50, ""big_thr"": 10.0, ""big_sl"": 25.0, ""big_tp"": 130.0, ""std_sl"": 15.0, ""std_tp"": 50.0, ""leg_gap"": 15.0, ""leg_sl"": 35.0, ""leg_tp"": 115.0, ""min_fv"": 80.0, ""min_bos"": 5.0, ""disp_pts"": 40.0, ""stack_gap"": 15.0}",2.845,2.522,-1.0,2.522,270,0.77,114.62,0.4245,1.566,2.845,63.86,50.76,-13.12
NY,"{""offset"": 0, ""window"": 60, ""exit"": ""hard"", ""open_trade"": true, ""vwap"": true, ""legs"": true, ""leg_max"": 4, ""rev_mode"": ""off"", ""wait_open"": true, ""maxpos"": 3, ""stack_trig"": ""fvg"", ""stack_size"": 0.5, ""ma"": 50, ""big_thr"": 25.0, ""big_sl"": 35.0, ""big_tp"": 115.0, ""std_sl"": 20.0, ""std_tp"": 35.0, ""leg_gap"": 10.0, ""leg_sl"": 25.0, ""leg_tp"": 60.0, ""min_fv"": 150.0, ""min_bos"": 15.0, ""disp_pts"": 25.0, ""stack_gap"": 15.0}",2.844,2.321,-1.0,2.321,250,0.71,88.61,0.3544,1.554,2.844,52.08,36.53,-9.82
NY,"{""offset"": 0, ""window"": 60, ""exit"": ""hard"", ""open_trade"": true, ""vwap"": false, ""legs"": false, ""leg_max"": 1, ""rev_mode"": ""off"", ""wait_open"": true, ""maxpos"": 2, ""stack_trig"": ""fvg"", ""stack_size"": 1.0, ""ma"": 50, ""big_thr"": 15.0, ""big_sl"": 25.0, ""big_tp"": 130.0, ""std_sl"": 20.0, ""std_tp"": 35.0, ""leg_gap"": 10.0, ""leg_sl"": 45.0, ""leg_tp"": 115.0, ""min_fv"": 100.0, ""min_bos"": 5.0, ""disp_pts"": 25.0, ""stack_gap"": 20.0}",2.844,2.547,-1.0,2.547,270,0.77,114.59,0.4244,1.565,2.844,63.84,50.75,-13.12
NY,"{""offset"": 0, ""window"": 60, ""exit"": ""run"", ""open_trade"": true, ""vwap"": true, ""legs"": true, ""leg_max"": 1, ""rev_mode"": ""disp_fv"", ""wait_open"": false, ""maxpos"": 3, ""stack_trig"": ""both"", ""stack_size"": 0.5, ""ma"": 50, ""big_thr"": 10.0, ""big_sl"": 25.0, ""big_tp"": 130.0, ""std_sl"": 30.0, ""std_tp"": 35.0, ""leg_gap"": 20.0, ""leg_sl"": 25.0, ""leg_tp"": 115.0, ""min_fv"": 125.0, ""min_bos"": 20.0, ""disp_pts"": 40.0, ""stack_gap"": 15.0}",2.843,2.577,-1.0,2.577,252,0.72,132.68,0.5265,1.674,2.843,68.7,63.98,-13.31
NY,"{""offset"": 0, ""window"": 90, ""exit"": ""hard"", ""open_trade"": true, ""vwap"": false, ""legs"": true, ""leg_max"": 1, ""rev_mode"": ""off"", ""wait_open"": true, ""maxpos"": 3, ""stack_trig"": ""both"", ""stack_size"": 1.0, ""ma"": 50, ""big_thr"": 20.0, ""big_sl"": 35.0, ""big_tp"": 115.0, ""std_sl"": 30.0, ""std_tp"": 30.0, ""leg_gap"": 15.0, ""leg_sl"": 45.0, ""leg_tp"": 140.0, ""min_fv"": 60.0, ""min_bos"": 5.0, ""disp_pts"": 40.0, ""stack_gap"": 20.0}",2.843,2.564,-1.0,2.564,285,0.81,98.86,0.3469,1.535,2.843,66.67,32.2,-12.54
NY,"{""offset"": 0, ""window"": 60, ""exit"": ""hard"", ""open_trade"": true, ""vwap"": true, ""legs"": false, ""leg_max"": 4, ""rev_mode"": ""off"", ""wait_open"": true, ""maxpos"": 3, ""stack_trig"": ""bos"", ""stack_size"": 1.0, ""ma"": 200, ""big_thr"": 25.0, ""big_sl"": 25.0, ""big_tp"": 130.0, ""std_sl"": 15.0, ""std_tp"": 50.0, ""leg_gap"": 10.0, ""leg_sl"": 45.0, ""leg_tp"": 90.0, ""min_fv"": 200.0, ""min_bos"": 15.0, ""disp_pts"": 15.0, ""stack_gap"": 20.0}",2.842,2.584,-1.0,2.584,253,0.72,112.19,0.4434,1.582,2.842,43.22,68.97,-14.6
NY,"{""offset"": 0, ""window"": 150, ""exit"": ""hard"", ""open_trade"": true, ""vwap"": false, ""legs"": true, ""leg_max"": 1, ""rev_mode"": ""off"", ""wait_open"": false, ""maxpos"": 2, ""stack_trig"": ""both"", ""stack_size"": 1.0, ""ma"": 50, ""big_thr"": 15.0, ""big_sl"": 25.0, ""big_tp"": 100.0, ""std_sl"": 25.0, ""std_tp"": 35.0, ""leg_gap"": 15.0, ""leg_sl"": 45.0, ""leg_tp"": 90.0, ""min_fv"": 60.0, ""min_bos"": 15.0, ""disp_pts"": 30.0, ""stack_gap"": 10.0}",2.842,2.79,2.141,2.79,285,0.81,112.31,0.3941,1.537,2.842,72.8,39.51,-15.94
NY,"{""offset"": 0, ""window"": 60, ""exit"": ""run"", ""open_trade"": true, ""vwap"": true, ""legs"": true, ""leg_max"": 4, ""rev_mode"": ""disp_fv"", ""wait_open"": false, ""maxpos"": 3, ""stack_trig"": ""bos"", ""stack_size"": 0.5, ""ma"": 200, ""big_thr"": 25.0, ""big_sl"": 25.0, ""big_tp"": 100.0, ""std_sl"": 30.0, ""std_tp"": 35.0, ""leg_gap"": 15.0, ""leg_sl"": 45.0, ""leg_tp"": 115.0, ""min_fv"": 200.0, ""min_bos"": 20.0, ""disp_pts"": 25.0, ""stack_gap"": 15.0}",2.841,2.324,-1.0,2.324,295,0.84,117.12,0.397,1.574,2.841,58.18,58.94,-17.44
NY,"{""offset"": 0, ""window"": 120, ""exit"": ""hard"", ""open_trade"": true, ""vwap"": true, ""legs"": true, ""leg_max"": 1, ""rev_mode"": ""off"", ""wait_open"": true, ""maxpos"": 1, ""stack_trig"": ""both"", ""stack_size"": 0.5, ""ma"": 50, ""big_thr"": 20.0, ""big_sl"": 25.0, ""big_tp"": 150.0, ""std_sl"": 20.0, ""std_tp"": 30.0, ""leg_gap"": 25.0, ""leg_sl"": 25.0, ""leg_tp"": 90.0, ""min_fv"": 125.0, ""min_bos"": 10.0, ""disp_pts"": 20.0, ""stack_gap"": 10.0}",2.841,2.74,1.653,2.74,229,0.65,120.3,0.5253,1.683,2.841,66.05,54.26,-12.54
NY,"{""offset"": 0, ""window"": 90, ""exit"": ""hard"", ""open_trade"": true, ""vwap"": true, ""legs"": true, ""leg_max"": 2, ""rev_mode"": ""std"", ""wait_open"": false, ""maxpos"": 3, ""stack_trig"": ""bos"", ""stack_size"": 0.5, ""ma"": 100, ""big_thr"": 20.0, ""big_sl"": 35.0, ""big_tp"": 115.0, ""std_sl"": 25.0, ""std_tp"": 50.0, ""leg_gap"": 25.0, ""leg_sl"": 45.0, ""leg_tp"": 60.0, ""min_fv"": 200.0, ""min_bos"": 10.0, ""disp_pts"": 40.0, ""stack_gap"": 10.0}",2.841,2.232,-1.0,2.232,448,1.28,110.02,0.2456,1.442,2.841,82.67,27.36,-18.23
NY,"{""offset"": 0, ""window"": 120, ""exit"": ""hard"", ""open_trade"": true, ""vwap"": true, ""legs"": false, ""leg_max"": 4, ""rev_mode"": ""off"", ""wait_open"": false, ""maxpos"": 2, ""stack_trig"": ""fvg"", ""stack_size"": 0.5, ""ma"": 50, ""big_thr"": 10.0, ""big_sl"": 40.0, ""big_tp"": 100.0, ""std_sl"": 25.0, ""std_tp"": 35.0, ""leg_gap"": 10.0, ""leg_sl"": 35.0, ""leg_tp"": 90.0, ""min_fv"": 100.0, ""min_bos"": 15.0, ""disp_pts"": 40.0, ""stack_gap"": 10.0}",2.84,2.566,-1.0,2.566,223,0.64,70.88,0.3178,1.521,2.84,46.86,24.02,-6.96
NY,"{""offset"": 0, ""window"": 150, ""exit"": ""hard"", ""open_trade"": true, ""vwap"": true, ""legs"": true, ""leg_max"": 4, ""rev_mode"": ""off"", ""wait_open"": false, ""maxpos"": 3, ""stack_trig"": ""bos"", ""stack_size"": 1.0, ""ma"": 200, ""big_thr"": 25.0, ""big_sl"": 25.0, ""big_tp"": 130.0, ""std_sl"": 25.0, ""std_tp"": 30.0, ""leg_gap"": 20.0, ""leg_sl"": 35.0, ""leg_tp"": 140.0, ""min_fv"": 100.0, ""min_bos"": 15.0, ""disp_pts"": 20.0, ""stack_gap"": 15.0}",2.838,2.312,-1.0,2.312,267,0.76,126.44,0.4735,1.637,2.838,55.94,70.49,-13.08
NY,"{""offset"": 0, ""window"": 150, ""exit"": ""hard"", ""open_trade"": true, ""vwap"": true, ""legs"": true, ""leg_max"": 6, ""rev_mode"": ""off"", ""wait_open"": false, ""maxpos"": 2, ""stack_trig"": ""both"", ""stack_size"": 0.5, ""ma"": 50, ""big_thr"": 15.0, ""big_sl"": 50.0, ""big_tp"": 130.0, ""std_sl"": 30.0, ""std_tp"": 60.0, ""leg_gap"": 20.0, ""leg_sl"": 25.0, ""leg_tp"": 140.0, ""min_fv"": 125.0, ""min_bos"": 15.0, ""disp_pts"": 15.0, ""stack_gap"": 20.0}",2.838,2.105,-1.0,2.105,233,0.66,84.08,0.3609,1.606,2.838,50.89,33.19,-8.77
NY,"{""offset"": 0, ""window"": 90, ""exit"": ""hard"", ""open_trade"": true, ""vwap"": true, ""legs"": true, ""leg_max"": 1, ""rev_mode"": ""off"", ""wait_open"": false, ""maxpos"": 3, ""stack_trig"": ""bos"", ""stack_size"": 0.5, ""ma"": 50, ""big_thr"": 15.0, ""big_sl"": 50.0, ""big_tp"": 115.0, ""std_sl"": 35.0, ""std_tp"": 60.0, ""leg_gap"": 10.0, ""leg_sl"": 35.0, ""leg_tp"": 115.0, ""min_fv"": 150.0, ""min_bos"": 0.0, ""disp_pts"": 15.0, ""stack_gap"": 10.0}",2.838,2.583,-1.0,2.583,247,0.7,77.04,0.3119,1.552,2.838,45.64,31.4,-9.19
NY,"{""offset"": 0, ""window"": 150, ""exit"": ""hard"", ""open_trade"": true, ""vwap"": true, ""legs"": true, ""leg_max"": 4, ""rev_mode"": ""off"", ""wait_open"": true, ""maxpos"": 1, ""stack_trig"": ""bos"", ""stack_size"": 1.0, ""ma"": 100, ""big_thr"": 25.0, ""big_sl"": 35.0, ""big_tp"": 130.0, ""std_sl"": 30.0, ""std_tp"": 30.0, ""leg_gap"": 15.0, ""leg_sl"": 35.0, ""leg_tp"": 140.0, ""min_fv"": 100.0, ""min_bos"": 20.0, ""disp_pts"": 15.0, ""stack_gap"": 15.0}",2.836,2.568,-1.0,2.568,250,0.71,100.66,0.4026,1.612,2.836,60.21,40.45,-12.37
NY,"{""offset"": 0, ""window"": 60, ""exit"": ""hard"", ""open_trade"": true, ""vwap"": false, ""legs"": true, ""leg_max"": 1, ""rev_mode"": ""off"", ""wait_open"": true, ""maxpos"": 3, ""stack_trig"": ""fvg"", ""stack_size"": 1.0, ""ma"": 50, ""big_thr"": 15.0, ""big_sl"": 25.0, ""big_tp"": 130.0, ""std_sl"": 20.0, ""std_tp"": 30.0, ""leg_gap"": 25.0, ""leg_sl"": 25.0, ""leg_tp"": 90.0, ""min_fv"": 60.0, ""min_bos"": 15.0, ""disp_pts"": 25.0, ""stack_gap"": 20.0}",2.836,2.543,-1.0,2.543,276,0.79,117.1,0.4243,1.566,2.836,64.15,52.95,-13.12
NY,"{""offset"": 0, ""window"": 60, ""exit"": ""hard"", ""open_trade"": true, ""vwap"": true, ""legs"": false, ""leg_max"": 2, ""rev_mode"": ""off"", ""wait_open"": false, ""maxpos"": 1, ""stack_trig"": ""both"", ""stack_size"": 0.5, ""ma"": 200, ""big_thr"": 10.0, ""big_sl"": 35.0, ""big_tp"": 130.0, ""std_sl"": 35.0, ""std_tp"": 60.0, ""leg_gap"": 20.0, ""leg_sl"": 45.0, ""leg_tp"": 90.0, ""min_fv"": 60.0, ""min_bos"": 20.0, ""disp_pts"": 40.0, ""stack_gap"": 20.0}",2.834,2.517,-1.0,2.517,253,0.72,89.69,0.3545,1.531,2.834,49.73,39.95,-12.12
NY,"{""offset"": 0, ""window"": 150, ""exit"": ""run"", ""open_trade"": true, ""vwap"": true, ""legs"": true, ""leg_max"": 1, ""rev_mode"": ""std"", ""wait_open"": false, ""maxpos"": 1, ""stack_trig"": ""bos"", ""stack_size"": 0.5, ""ma"": 200, ""big_thr"": 15.0, ""big_sl"": 25.0, ""big_tp"": 115.0, ""std_sl"": 25.0, ""std_tp"": 30.0, ""leg_gap"": 10.0, ""leg_sl"": 45.0, ""leg_tp"": 140.0, ""min_fv"": 200.0, ""min_bos"": 15.0, ""disp_pts"": 30.0, ""stack_gap"": 20.0}",2.834,2.287,-1.0,2.287,520,1.48,139.15,0.2676,1.404,2.834,86.08,53.06,-22.99
NY,"{""offset"": 0, ""window"": 150, ""exit"": ""hard"", ""open_trade"": true, ""vwap"": true, ""legs"": true, ""leg_max"": 1, ""rev_mode"": ""off"", ""wait_open"": true, ""maxpos"": 2, ""stack_trig"": ""both"", ""stack_size"": 0.5, ""ma"": 0, ""big_thr"": 15.0, ""big_sl"": 40.0, ""big_tp"": 130.0, ""std_sl"": 20.0, ""std_tp"": 60.0, ""leg_gap"": 20.0, ""leg_sl"": 45.0, ""leg_tp"": 140.0, ""min_fv"": 100.0, ""min_bos"": 20.0, ""disp_pts"": 15.0, ""stack_gap"": 15.0}",2.833,2.586,-1.0,2.586,304,0.87,102.2,0.3362,1.497,2.833,60.27,41.93,-10.39
NY,"{""offset"": 0, ""window"": 120, ""exit"": ""run"", ""open_trade"": true, ""vwap"": true, ""legs"": false, ""leg_max"": 6, ""rev_mode"": ""off"", ""wait_open"": false, ""maxpos"": 1, ""stack_trig"": ""fvg"", ""stack_size"": 1.0, ""ma"": 100, ""big_thr"": 25.0, ""big_sl"": 25.0, ""big_tp"": 130.0, ""std_sl"": 20.0, ""std_tp"": 30.0, ""leg_gap"": 10.0, ""leg_sl"": 25.0, ""leg_tp"": 90.0, ""min_fv"": 40.0, ""min_bos"": 20.0, ""disp_pts"": 40.0, ""stack_gap"": 10.0}",2.832,2.166,-1.0,2.166,230,0.66,109.05,0.4741,1.633,2.832,53.19,55.87,-10.71
NY,"{""offset"": 0, ""window"": 90, ""exit"": ""hard"", ""open_trade"": true, ""vwap"": true, ""legs"": true, ""leg_max"": 6, ""rev_mode"": ""off"", ""wait_open"": true, ""maxpos"": 3, ""stack_trig"": ""fvg"", ""stack_size"": 1.0, ""ma"": 50, ""big_thr"": 10.0, ""big_sl"": 35.0, ""big_tp"": 80.0, ""std_sl"": 25.0, ""std_tp"": 30.0, ""leg_gap"": 25.0, ""leg_sl"": 35.0, ""leg_tp"": 115.0, ""min_fv"": 200.0, ""min_bos"": 15.0, ""disp_pts"": 30.0, ""stack_gap"": 10.0}",2.831,2.82,2.621,2.82,229,0.65,71.42,0.3119,1.518,2.831,44.33,27.1,-9.75
NY,"{""offset"": 0, ""window"": 60, ""exit"": ""run"", ""open_trade"": true, ""vwap"": true, ""legs"": true, ""leg_max"": 4, ""rev_mode"": ""off"", ""wait_open"": false, ""maxpos"": 2, ""stack_trig"": ""both"", ""stack_size"": 0.5, ""ma"": 200, ""big_thr"": 15.0, ""big_sl"": 30.0, ""big_tp"": 100.0, ""std_sl"": 20.0, ""std_tp"": 30.0, ""leg_gap"": 20.0, ""leg_sl"": 45.0, ""leg_tp"": 60.0, ""min_fv"": 100.0, ""min_bos"": 0.0, ""disp_pts"": 25.0, ""stack_gap"": 10.0}",2.831,2.116,-1.0,2.116,267,0.76,96.22,0.3604,1.521,2.831,56.57,39.65,-15.11
NY,"{""offset"": 0, ""window"": 150, ""exit"": ""run"", ""open_trade"": true, ""vwap"": true, ""legs"": true, ""leg_max"": 4, ""rev_mode"": ""off"", ""wait_open"": false, ""maxpos"": 1, ""stack_trig"": ""fvg"", ""stack_size"": 0.5, ""ma"": 100, ""big_thr"": 25.0, ""big_sl"": 25.0, ""big_tp"": 100.0, ""std_sl"": 35.0, ""std_tp"": 50.0, ""leg_gap"": 20.0, ""leg_sl"": 35.0, ""leg_tp"": 90.0, ""min_fv"": 100.0, ""min_bos"": 5.0, ""disp_pts"": 20.0, ""stack_gap"": 20.0}",2.83,2.562,-1.0,2.562,242,0.69,98.07,0.4053,1.578,2.83,56.48,41.59,-12.11
NY,"{""offset"": 0, ""window"": 60, ""exit"": ""hard"", ""open_trade"": true, ""vwap"": false, ""legs"": false, ""leg_max"": 4, ""rev_mode"": ""off"", ""wait_open"": false, ""maxpos"": 1, ""stack_trig"": ""bos"", ""stack_size"": 1.0, ""ma"": 50, ""big_thr"": 20.0, ""big_sl"": 25.0, ""big_tp"": 115.0, ""std_sl"": 15.0, ""std_tp"": 30.0, ""leg_gap"": 25.0, ""leg_sl"": 25.0, ""leg_tp"": 115.0, ""min_fv"": 125.0, ""min_bos"": 10.0, ""disp_pts"": 15.0, ""stack_gap"": 20.0}",2.829,2.276,-1.0,2.276,270,0.77,107.66,0.3987,1.54,2.829,58.95,48.7,-13.9
NY,"{""offset"": 0, ""window"": 60, ""exit"": ""run"", ""open_trade"": true, ""vwap"": true, ""legs"": false, ""leg_max"": 1, ""rev_mode"": ""std"", ""wait_open"": false, ""maxpos"": 3, ""stack_trig"": ""bos"", ""stack_size"": 1.0, ""ma"": 100, ""big_thr"": 20.0, ""big_sl"": 25.0, ""big_tp"": 100.0, ""std_sl"": 20.0, ""std_tp"": 35.0, ""leg_gap"": 10.0, ""leg_sl"": 35.0, ""leg_tp"": 140.0, ""min_fv"": 200.0, ""min_bos"": 15.0, ""disp_pts"": 40.0, ""stack_gap"": 20.0}",2.829,2.522,-1.0,2.522,298,0.85,107.54,0.3609,1.509,2.829,75.68,31.86,-23.24
NY,"{""offset"": 0, ""window"": 60, ""exit"": ""hard"", ""open_trade"": true, ""vwap"": false, ""legs"": false, ""leg_max"": 6, ""rev_mode"": ""disp_fv"", ""wait_open"": false, ""maxpos"": 1, ""stack_trig"": ""bos"", ""stack_size"": 1.0, ""ma"": 200, ""big_thr"": 10.0, ""big_sl"": 25.0, ""big_tp"": 150.0, ""std_sl"": 30.0, ""std_tp"": 50.0, ""leg_gap"": 20.0, ""leg_sl"": 25.0, ""leg_tp"": 90.0, ""min_fv"": 80.0, ""min_bos"": 15.0, ""disp_pts"": 30.0, ""stack_gap"": 10.0}",2.829,2.491,-1.0,2.491,393,1.12,135.38,0.3445,1.457,2.829,61.7,73.68,-20.4
NY,"{""offset"": 0, ""window"": 120, ""exit"": ""hard"", ""open_trade"": true, ""vwap"": true, ""legs"": true, ""leg_max"": 6, ""rev_mode"": ""off"", ""wait_open"": false, ""maxpos"": 2, ""stack_trig"": ""both"", ""stack_size"": 0.5, ""ma"": 100, ""big_thr"": 10.0, ""big_sl"": 25.0, ""big_tp"": 80.0, ""std_sl"": 20.0, ""std_tp"": 35.0, ""leg_gap"": 15.0, ""leg_sl"": 45.0, ""leg_tp"": 90.0, ""min_fv"": 125.0, ""min_bos"": 5.0, ""disp_pts"": 20.0, ""stack_gap"": 10.0}",2.828,2.55,-1.0,2.55,250,0.71,91.7,0.3668,1.535,2.828,50.47,41.22,-12.91
NY,"{""offset"": 0, ""window"": 90, ""exit"": ""hard"", ""open_trade"": true, ""vwap"": true, ""legs"": false, ""leg_max"": 2, ""rev_mode"": ""off"", ""wait_open"": true, ""maxpos"": 2, ""stack_trig"": ""bos"", ""stack_size"": 0.5, ""ma"": 200, ""big_thr"": 15.0, ""big_sl"": 25.0, ""big_tp"": 130.0, ""std_sl"": 15.0, ""std_tp"": 42.0, ""leg_gap"": 20.0, ""leg_sl"": 35.0, ""leg_tp"": 140.0, ""min_fv"": 200.0, ""min_bos"": 15.0, ""disp_pts"": 15.0, ""stack_gap"": 20.0}",2.828,2.59,-1.0,2.59,253,0.72,115.89,0.458,1.595,2.828,56.93,58.96,-11.92
NY,"{""offset"": 0, ""window"": 150, ""exit"": ""hard"", ""open_trade"": true, ""vwap"": true, ""legs"": false, ""leg_max"": 1, ""rev_mode"": ""disp_fv"", ""wait_open"": false, ""maxpos"": 3, ""stack_trig"": ""bos"", ""stack_size"": 0.5, ""ma"": 100, ""big_thr"": 25.0, ""big_sl"": 25.0, ""big_tp"": 150.0, ""std_sl"": 20.0, ""std_tp"": 35.0, ""leg_gap"": 10.0, ""leg_sl"": 25.0, ""leg_tp"": 60.0, ""min_fv"": 200.0, ""min_bos"": 0.0, ""disp_pts"": 40.0, ""stack_gap"": 15.0}",2.827,2.56,-1.0,2.56,261,0.74,124.67,0.4776,1.621,2.827,60.37,64.29,-18.92
NY,"{""offset"": 0, ""window"": 90, ""exit"": ""run"", ""open_trade"": true, ""vwap"": true, ""legs"": true, ""leg_max"": 2, ""rev_mode"": ""off"", ""wait_open"": true, ""maxpos"": 3, ""stack_trig"": ""fvg"", ""stack_size"": 0.5, ""ma"": 0, ""big_thr"": 10.0, ""big_sl"": 40.0, ""big_tp"": 150.0, ""std_sl"": 30.0, ""std_tp"": 60.0, ""leg_gap"": 15.0, ""leg_sl"": 35.0, ""leg_tp"": 115.0, ""min_fv"": 100.0, ""min_bos"": 0.0, ""disp_pts"": 25.0, ""stack_gap"": 10.0}",2.826,2.449,-1.0,2.449,316,0.9,116.04,0.3672,1.516,2.826,57.54,58.5,-11.57
NY,"{""offset"": 0, ""window"": 150, ""exit"": ""hard"", ""open_trade"": true, ""vwap"": true, ""legs"": true, ""leg_max"": 2, ""rev_mode"": ""off"", ""wait_open"": true, ""maxpos"": 3, ""stack_trig"": ""fvg"", ""stack_size"": 0.5, ""ma"": 0, ""big_thr"": 15.0, ""big_sl"": 35.0, ""big_tp"": 115.0, ""std_sl"": 20.0, ""std_tp"": 42.0, ""leg_gap"": 15.0, ""leg_sl"": 45.0, ""leg_tp"": 60.0, ""min_fv"": 150.0, ""min_bos"": 0.0, ""disp_pts"": 30.0, ""stack_gap"": 15.0}",2.823,2.498,-1.0,2.498,316,0.9,101.87,0.3224,1.479,2.823,54.17,47.71,-15.62
NY,"{""offset"": 0, ""window"": 90, ""exit"": ""hard"", ""open_trade"": true, ""vwap"": false, ""legs"": true, ""leg_max"": 6, ""rev_mode"": ""disp_fv"", ""wait_open"": false, ""maxpos"": 1, ""stack_trig"": ""fvg"", ""stack_size"": 1.0, ""ma"": 50, ""big_thr"": 10.0, ""big_sl"": 30.0, ""big_tp"": 115.0, ""std_sl"": 30.0, ""std_tp"": 60.0, ""leg_gap"": 20.0, ""leg_sl"": 25.0, ""leg_tp"": 60.0, ""min_fv"": 200.0, ""min_bos"": 5.0, ""disp_pts"": 40.0, ""stack_gap"": 20.0}",2.822,2.311,-1.0,2.311,292,0.83,105.77,0.3622,1.514,2.822,64.69,41.08,-16.45
NY,"{""offset"": 0, ""window"": 120, ""exit"": ""run"", ""open_trade"": true, ""vwap"": true, ""legs"": true, ""leg_max"": 6, ""rev_mode"": ""off"", ""wait_open"": false, ""maxpos"": 1, ""stack_trig"": ""bos"", ""stack_size"": 1.0, ""ma"": 100, ""big_thr"": 10.0, ""big_sl"": 25.0, ""big_tp"": 150.0, ""std_sl"": 20.0, ""std_tp"": 30.0, ""leg_gap"": 10.0, ""leg_sl"": 45.0, ""leg_tp"": 115.0, ""min_fv"": 200.0, ""min_bos"": 0.0, ""disp_pts"": 25.0, ""stack_gap"": 15.0}",2.821,2.549,-1.0,2.549,262,0.75,137.92,0.5264,1.668,2.821,68.38,69.53,-19.83
NY,"{""offset"": 0, ""window"": 90, ""exit"": ""run"", ""open_trade"": true, ""vwap"": true, ""legs"": false, ""leg_max"": 6, ""rev_mode"": ""off"", ""wait_open"": false, ""maxpos"": 3, ""stack_trig"": ""bos"", ""stack_size"": 1.0, ""ma"": 50, ""big_thr"": 10.0, ""big_sl"": 40.0, ""big_tp"": 115.0, ""std_sl"": 25.0, ""std_tp"": 35.0, ""leg_gap"": 25.0, ""leg_sl"": 35.0, ""leg_tp"": 90.0, ""min_fv"": 150.0, ""min_bos"": 5.0, ""disp_pts"": 30.0, ""stack_gap"": 15.0}",2.821,2.447,-1.0,2.447,223,0.64,78.07,0.3501,1.53,2.821,44.26,33.82,-9.91
NY,"{""offset"": 0, ""window"": 90, ""exit"": ""run"", ""open_trade"": true, ""vwap"": true, ""legs"": false, ""leg_max"": 2, ""rev_mode"": ""off"", ""wait_open"": true, ""maxpos"": 3, ""stack_trig"": ""both"", ""stack_size"": 1.0, ""ma"": 50, ""big_thr"": 10.0, ""big_sl"": 40.0, ""big_tp"": 115.0, ""std_sl"": 25.0, ""std_tp"": 60.0, ""leg_gap"": 25.0, ""leg_sl"": 25.0, ""leg_tp"": 140.0, ""min_fv"": 80.0, ""min_bos"": 20.0, ""disp_pts"": 15.0, ""stack_gap"": 20.0}",2.821,2.047,-1.0,2.047,223,0.64,78.07,0.3501,1.53,2.821,44.26,33.82,-9.91
NY,"{""offset"": 0, ""window"": 90, ""exit"": ""hard"", ""open_trade"": true, ""vwap"": false, ""legs"": true, ""leg_max"": 6, ""rev_mode"": ""std"", ""wait_open"": false, ""maxpos"": 1, ""stack_trig"": ""both"", ""stack_size"": 0.5, ""ma"": 50, ""big_thr"": 15.0, ""big_sl"": 25.0, ""big_tp"": 115.0, ""std_sl"": 20.0, ""std_tp"": 30.0, ""leg_gap"": 25.0, ""leg_sl"": 45.0, ""leg_tp"": 140.0, ""min_fv"": 200.0, ""min_bos"": 0.0, ""disp_pts"": 20.0, ""stack_gap"": 10.0}",2.82,2.353,-1.0,2.353,442,1.26,124.47,0.2816,1.409,2.82,87.09,37.38,-23.83
NY,"{""offset"": 0, ""window"": 90, ""exit"": ""run"", ""open_trade"": true, ""vwap"": true, ""legs"": true, ""leg_max"": 6, ""rev_mode"": ""off"", ""wait_open"": true, ""maxpos"": 2, ""stack_trig"": ""bos"", ""stack_size"": 0.5, ""ma"": 200, ""big_thr"": 10.0, ""big_sl"": 25.0, ""big_tp"": 150.0, ""std_sl"": 30.0, ""std_tp"": 50.0, ""leg_gap"": 10.0, ""leg_sl"": 25.0, ""leg_tp"": 115.0, ""min_fv"": 125.0, ""min_bos"": 20.0, ""disp_pts"": 25.0, ""stack_gap"": 10.0}",2.819,2.535,-1.0,2.535,288,0.82,150.34,0.522,1.646,2.819,58.94,91.4,-19.83
NY,"{""offset"": 0, ""window"": 60, ""exit"": ""hard"", ""open_trade"": true, ""vwap"": true, ""legs"": false, ""leg_max"": 1, ""rev_mode"": ""disp_fv"", ""wait_open"": false, ""maxpos"": 2, ""stack_trig"": ""bos"", ""stack_size"": 0.5, ""ma"": 50, ""big_thr"": 25.0, ""big_sl"": 25.0, ""big_tp"": 150.0, ""std_sl"": 35.0, ""std_tp"": 50.0, ""leg_gap"": 10.0, ""leg_sl"": 35.0, ""leg_tp"": 90.0, ""min_fv"": 100.0, ""min_bos"": 0.0, ""disp_pts"": 40.0, ""stack_gap"": 15.0}",2.817,2.309,-1.0,2.309,260,0.74,112.29,0.4319,1.614,2.817,57.06,55.23,-12.49
NY,"{""offset"": 0, ""window"": 90, ""exit"": ""hard"", ""open_trade"": true, ""vwap"": true, ""legs"": true, ""leg_max"": 4, ""rev_mode"": ""off"", ""wait_open"": false, ""maxpos"": 3, ""stack_trig"": ""bos"", ""stack_size"": 0.5, ""ma"": 50, ""big_thr"": 15.0, ""big_sl"": 30.0, ""big_tp"": 80.0, ""std_sl"": 35.0, ""std_tp"": 30.0, ""leg_gap"": 25.0, ""leg_sl"": 35.0, ""leg_tp"": 115.0, ""min_fv"": 150.0, ""min_bos"": 0.0, ""disp_pts"": 40.0, ""stack_gap"": 10.0}",2.817,2.731,2.296,2.731,229,0.65,77.96,0.3404,1.529,2.817,45.33,32.63,-14.56
NY,"{""offset"": 0, ""window"": 150, ""exit"": ""hard"", ""open_trade"": true, ""vwap"": true, ""legs"": false, ""leg_max"": 6, ""rev_mode"": ""off"", ""wait_open"": false, ""maxpos"": 1, ""stack_trig"": ""bos"", ""stack_size"": 0.5, ""ma"": 50, ""big_thr"": 10.0, ""big_sl"": 40.0, ""big_tp"": 100.0, ""std_sl"": 20.0, ""std_tp"": 60.0, ""leg_gap"": 10.0, ""leg_sl"": 35.0, ""leg_tp"": 60.0, ""min_fv"": 60.0, ""min_bos"": 20.0, ""disp_pts"": 40.0, ""stack_gap"": 15.0}",2.817,2.241,-1.0,2.241,223,0.64,71.16,0.3191,1.513,2.817,46.13,25.03,-6.96
NY,"{""offset"": 0, ""window"": 150, ""exit"": ""run"", ""open_trade"": true, ""vwap"": true, ""legs"": false, ""leg_max"": 6, ""rev_mode"": ""mixed"", ""wait_open"": false, ""maxpos"": 3, ""stack_trig"": ""fvg"", ""stack_size"": 1.0, ""ma"": 100, ""big_thr"": 20.0, ""big_sl"": 25.0, ""big_tp"": 100.0, ""std_sl"": 30.0, ""std_tp"": 35.0, ""leg_gap"": 15.0, ""leg_sl"": 35.0, ""leg_tp"": 60.0, ""min_fv"": 200.0, ""min_bos"": 20.0, ""disp_pts"": 25.0, ""stack_gap"": 10.0}",2.814,2.398,-1.0,2.398,404,1.15,120.63,0.2986,1.435,2.814,81.43,39.2,-18.9
NY,"{""offset"": 0, ""window"": 120, ""exit"": ""hard"", ""open_trade"": true, ""vwap"": true, ""legs"": true, ""leg_max"": 1, ""rev_mode"": ""off"", ""wait_open"": false, ""maxpos"": 3, ""stack_trig"": ""fvg"", ""stack_size"": 1.0, ""ma"": 50, ""big_thr"": 20.0, ""big_sl"": 30.0, ""big_tp"": 130.0, ""std_sl"": 15.0, ""std_tp"": 30.0, ""leg_gap"": 25.0, ""leg_sl"": 35.0, ""leg_tp"": 140.0, ""min_fv"": 150.0, ""min_bos"": 0.0, ""disp_pts"": 40.0, ""stack_gap"": 20.0}",2.813,2.457,-1.0,2.457,229,0.65,101.18,0.4418,1.612,2.813,61.14,40.04,-10.03
NY,"{""offset"": 0, ""window"": 60, ""exit"": ""hard"", ""open_trade"": true, ""vwap"": false, ""legs"": true, ""leg_max"": 4, ""rev_mode"": ""disp_fv"", ""wait_open"": true, ""maxpos"": 2, ""stack_trig"": ""both"", ""stack_size"": 0.5, ""ma"": 50, ""big_thr"": 10.0, ""big_sl"": 30.0, ""big_tp"": 115.0, ""std_sl"": 25.0, ""std_tp"": 30.0, ""leg_gap"": 10.0, ""leg_sl"": 35.0, ""leg_tp"": 115.0, ""min_fv"": 200.0, ""min_bos"": 5.0, ""disp_pts"": 40.0, ""stack_gap"": 20.0}",2.812,2.538,-1.0,2.538,305,0.87,113.94,0.3736,1.543,2.812,66.16,47.78,-18.97
NY,"{""offset"": 0, ""window"": 60, ""exit"": ""hard"", ""open_trade"": true, ""vwap"": false, ""legs"": true, ""leg_max"": 2, ""rev_mode"": ""mixed"", ""wait_open"": true, ""maxpos"": 2, ""stack_trig"": ""fvg"", ""stack_size"": 0.5, ""ma"": 50, ""big_thr"": 15.0, ""big_sl"": 25.0, ""big_tp"": 100.0, ""std_sl"": 25.0, ""std_tp"": 30.0, ""leg_gap"": 20.0, ""leg_sl"": 25.0, ""leg_tp"": 115.0, ""min_fv"": 200.0, ""min_bos"": 20.0, ""disp_pts"": 30.0, ""stack_gap"": 10.0}",2.811,2.522,-1.0,2.522,310,0.88,113.85,0.3672,1.516,2.811,72.11,41.74,-20.24
NY,"{""offset"": 0, ""window"": 120, ""exit"": ""run"", ""open_trade"": true, ""vwap"": true, ""legs"": false, ""leg_max"": 1, ""rev_mode"": ""off"", ""wait_open"": false, ""maxpos"": 1, ""stack_trig"": ""fvg"", ""stack_size"": 0.5, ""ma"": 50, ""big_thr"": 25.0, ""big_sl"": 25.0, ""big_tp"": 150.0, ""std_sl"": 30.0, ""std_tp"": 50.0, ""leg_gap"": 20.0, ""leg_sl"": 45.0, ""leg_tp"": 60.0, ""min_fv"": 80.0, ""min_bos"": 15.0, ""disp_pts"": 40.0, ""stack_gap"": 10.0}",2.809,2.325,-1.0,2.325,223,0.64,115.32,0.5171,1.677,2.809,62.62,52.7,-13.94
NY,"{""offset"": 0, ""window"": 150, ""exit"": ""hard"", ""open_trade"": true, ""vwap"": true, ""legs"": true, ""leg_max"": 2, ""rev_mode"": ""off"", ""wait_open"": false, ""maxpos"": 3, ""stack_trig"": ""fvg"", ""stack_size"": 1.0, ""ma"": 0, ""big_thr"": 15.0, ""big_sl"": 25.0, ""big_tp"": 130.0, ""std_sl"": 25.0, ""std_tp"": 35.0, ""leg_gap"": 15.0, ""leg_sl"": 45.0, ""leg_tp"": 115.0, ""min_fv"": 60.0, ""min_bos"": 0.0, ""disp_pts"": 40.0, ""stack_gap"": 15.0}",2.806,2.077,-1.0,2.077,316,0.9,137.98,0.4366,1.562,2.806,56.95,81.03,-29.18
NY,"{""offset"": 0, ""window"": 90, ""exit"": ""hard"", ""open_trade"": true, ""vwap"": true, ""legs"": false, ""leg_max"": 2, ""rev_mode"": ""off"", ""wait_open"": false, ""maxpos"": 2, ""stack_trig"": ""fvg"", ""stack_size"": 0.5, ""ma"": 100, ""big_thr"": 10.0, ""big_sl"": 35.0, ""big_tp"": 100.0, ""std_sl"": 35.0, ""std_tp"": 50.0, ""leg_gap"": 10.0, ""leg_sl"": 45.0, ""leg_tp"": 90.0, ""min_fv"": 60.0, ""min_bos"": 10.0, ""disp_pts"": 30.0, ""stack_gap"": 20.0}",2.806,2.09,-1.0,2.09,230,0.66,77.14,0.3354,1.519,2.806,53.32,23.81,-11.58
