combo,risk,breaker,pstop,smart,trades_per_day,usd_train,cohorts,passed,failed,open,pass_rate,med_days,fail_daily,fail_max
"{""ASIA"": null, ""LDN"": null, ""NY"": 5}",750,2000.0,,near,0.66,93578,76,70,0,6,1.0,71.0,0,0
"{""ASIA"": null, ""LDN"": null, ""NY"": 10}",750,3000.0,,near,0.68,98038,76,65,0,11,1.0,63.0,0,0
"{""ASIA"": null, ""LDN"": null, ""NY"": 10}",750,4000.0,,near,0.68,98038,76,65,0,11,1.0,63.0,0,0
"{""ASIA"": null, ""LDN"": null, ""NY"": 10}",750,3000.0,,near,0.68,98038,76,65,0,11,1.0,63.0,0,0
"{""ASIA"": null, ""LDN"": null, ""NY"": 5}",750,2000.0,,,0.66,93578,76,64,0,12,1.0,73.0,0,0
"{""ASIA"": null, ""LDN"": null, ""NY"": 10}",750,3000.0,,,0.68,98038,76,64,0,12,1.0,72.5,0,0
"{""ASIA"": null, ""LDN"": null, ""NY"": 10}",750,4000.0,,,0.68,98038,76,64,0,12,1.0,72.5,0,0
"{""ASIA"": null, ""LDN"": null, ""NY"": 10}",750,3000.0,,,0.68,98038,76,64,0,12,1.0,72.5,0,0
"{""ASIA"": null, ""LDN"": null, ""NY"": 4}",750,2000.0,,near,0.66,92715,76,61,0,15,1.0,67.0,0,0
"{""ASIA"": null, ""LDN"": null, ""NY"": 4}",750,3000.0,,near,0.66,92715,76,61,0,15,1.0,67.0,0,0
"{""ASIA"": null, ""LDN"": null, ""NY"": 1}",750,3000.0,,near,0.69,92209,76,60,0,16,1.0,59.5,0,0
"{""ASIA"": null, ""LDN"": null, ""NY"": 6}",750,,,near,0.74,94232,76,59,0,17,1.0,57.0,0,0
"{""ASIA"": null, ""LDN"": null, ""NY"": 6}",750,2000.0,,near,0.74,94232,76,59,0,17,1.0,57.0,0,0
"{""ASIA"": null, ""LDN"": null, ""NY"": 6}",750,3000.0,,near,0.74,94232,76,59,0,17,1.0,57.0,0,0
"{""ASIA"": null, ""LDN"": null, ""NY"": 4}",750,2000.0,,,0.66,92715,76,58,0,18,1.0,68.0,0,0
"{""ASIA"": null, ""LDN"": null, ""NY"": 4}",750,3000.0,,,0.66,92715,76,58,0,18,1.0,68.0,0,0
"{""ASIA"": null, ""LDN"": null, ""NY"": 6}",750,,,,0.74,94232,76,58,0,18,1.0,56.5,0,0
"{""ASIA"": null, ""LDN"": null, ""NY"": 6}",750,2000.0,,,0.74,94232,76,58,0,18,1.0,56.5,0,0
"{""ASIA"": null, ""LDN"": null, ""NY"": 6}",750,3000.0,,,0.74,94232,76,58,0,18,1.0,56.5,0,0
"{""ASIA"": null, ""LDN"": null, ""NY"": 2}",1000,4000.0,,near,0.64,94037,76,57,0,19,1.0,56.0,0,0
"{""ASIA"": null, ""LDN"": null, ""NY"": 2}",1000,3000.0,,near,0.64,94037,76,57,0,19,1.0,56.0,0,0
"{""ASIA"": null, ""LDN"": null, ""NY"": 2}",1000,4000.0,,near,0.64,94037,76,57,0,19,1.0,56.0,0,0
"{""ASIA"": null, ""LDN"": null, ""NY"": 2}",1000,,,near,0.64,94037,76,57,0,19,1.0,56.0,0,0
"{""ASIA"": null, ""LDN"": null, ""NY"": 2}",1000,4000.0,,near,0.64,94037,76,57,0,19,1.0,56.0,0,0
"{""ASIA"": null, ""LDN"": null, ""NY"": 2}",1000,4000.0,,,0.64,94037,76,55,0,21,1.0,69.0,0,0
"{""ASIA"": null, ""LDN"": null, ""NY"": 2}",1000,3000.0,,,0.64,94037,76,55,0,21,1.0,69.0,0,0
"{""ASIA"": null, ""LDN"": null, ""NY"": 2}",1000,4000.0,,,0.64,94037,76,55,0,21,1.0,69.0,0,0
"{""ASIA"": null, ""LDN"": null, ""NY"": 2}",1000,,,,0.64,94037,76,55,0,21,1.0,69.0,0,0
"{""ASIA"": null, ""LDN"": null, ""NY"": 2}",1000,4000.0,,,0.64,94037,76,55,0,21,1.0,69.0,0,0
"{""ASIA"": null, ""LDN"": null, ""NY"": 11}",1000,3000.0,,near,0.66,98501,76,55,0,21,1.0,49.0,0,0
"{""ASIA"": null, ""LDN"": null, ""NY"": 11}",1000,3000.0,,near,0.66,98501,76,55,0,21,1.0,49.0,0,0
"{""ASIA"": null, ""LDN"": null, ""NY"": 11}",1000,3000.0,,,0.66,98501,76,54,0,22,1.0,56.0,0,0
"{""ASIA"": null, ""LDN"": null, ""NY"": 11}",1000,3000.0,,,0.66,98501,76,54,0,22,1.0,56.0,0,0
"{""ASIA"": null, ""LDN"": null, ""NY"": 5}",500,,,,0.66,62385,76,51,0,25,1.0,108.0,0,0
"{""ASIA"": null, ""LDN"": null, ""NY"": 5}",500,,,near,0.66,62385,76,51,0,25,1.0,101.0,0,0
"{""ASIA"": null, ""LDN"": null, ""NY"": 5}",500,4000.0,,,0.66,62385,76,51,0,25,1.0,108.0,0,0
"{""ASIA"": null, ""LDN"": null, ""NY"": 5}",500,4000.0,,near,0.66,62385,76,51,0,25,1.0,101.0,0,0
"{""ASIA"": null, ""LDN"": null, ""NY"": 5}",500,,,,0.66,62385,76,51,0,25,1.0,108.0,0,0
"{""ASIA"": null, ""LDN"": null, ""NY"": 5}",500,,,near,0.66,62385,76,51,0,25,1.0,101.0,0,0
"{""ASIA"": null, ""LDN"": null, ""NY"": 1}",750,3000.0,,,0.69,92209,76,51,0,25,1.0,73.0,0,0
"{""ASIA"": null, ""LDN"": null, ""NY"": 7}",500,4000.0,,,0.75,65207,76,49,0,27,1.0,91.0,0,0
"{""ASIA"": null, ""LDN"": null, ""NY"": 7}",500,4000.0,,near,0.75,65207,76,49,0,27,1.0,81.0,0,0
"{""ASIA"": null, ""LDN"": null, ""NY"": 0}",750,3000.0,,,0.81,93477,76,49,0,27,1.0,71.0,0,0
"{""ASIA"": null, ""LDN"": null, ""NY"": 1}",500,4000.0,,,0.69,61474,76,49,0,27,1.0,95.0,0,0
"{""ASIA"": null, ""LDN"": null, ""NY"": 1}",500,4000.0,,near,0.69,61474,76,49,0,27,1.0,92.0,0,0
"{""ASIA"": null, ""LDN"": null, ""NY"": 1}",500,4000.0,,,0.69,61474,76,49,0,27,1.0,95.0,0,0
"{""ASIA"": null, ""LDN"": null, ""NY"": 1}",500,4000.0,,near,0.69,61474,76,49,0,27,1.0,92.0,0,0
"{""ASIA"": null, ""LDN"": null, ""NY"": 2}",750,2000.0,,near,0.64,70503,76,49,0,27,1.0,79.0,0,0
"{""ASIA"": null, ""LDN"": null, ""NY"": 8}",750,3000.0,,,0.66,81039,76,49,0,27,1.0,75.0,0,0
"{""ASIA"": null, ""LDN"": null, ""NY"": 8}",750,3000.0,,near,0.66,81039,76,49,0,27,1.0,71.0,0,0
"{""ASIA"": null, ""LDN"": 0, ""NY"": 5}",250,,,near,1.07,42504,76,49,0,27,1.0,137.0,0,0
"{""ASIA"": null, ""LDN"": 0, ""NY"": 5}",250,3000.0,,near,1.07,42504,76,49,0,27,1.0,137.0,0,0
"{""ASIA"": null, ""LDN"": 0, ""NY"": 5}",250,4000.0,,near,1.07,42504,76,49,0,27,1.0,137.0,0,0
"{""ASIA"": null, ""LDN"": 2, ""NY"": 1}",250,3000.0,,,0.96,36413,76,49,0,27,1.0,141.0,0,0
"{""ASIA"": null, ""LDN"": 2, ""NY"": 1}",250,3000.0,,near,0.96,36413,76,49,0,27,1.0,138.0,0,0
"{""ASIA"": null, ""LDN"": 2, ""NY"": 4}",250,,,near,0.93,36584,76,49,0,27,1.0,136.0,0,0
"{""ASIA"": null, ""LDN"": 2, ""NY"": 5}",250,2000.0,,,0.92,37468,76,49,0,27,1.0,141.0,0,0
"{""ASIA"": null, ""LDN"": 2, ""NY"": 5}",250,2000.0,,near,0.92,37468,76,49,0,27,1.0,158.0,0,0
"{""ASIA"": null, ""LDN"": 2, ""NY"": 5}",250,,,,0.93,36871,76,49,0,27,1.0,141.0,0,0
"{""ASIA"": null, ""LDN"": 2, ""NY"": 5}",250,,,near,0.93,36871,76,49,0,27,1.0,158.0,0,0
"{""ASIA"": null, ""LDN"": 2, ""NY"": 6}",250,,,,1.01,37076,76,49,0,27,1.0,141.0,0,0
"{""ASIA"": null, ""LDN"": 2, ""NY"": 6}",250,,,near,1.01,37076,76,49,0,27,1.0,141.0,0,0
"{""ASIA"": null, ""LDN"": 2, ""NY"": 7}",250,,,,1.03,38282,76,49,0,27,1.0,139.0,0,0
"{""ASIA"": null, ""LDN"": 2, ""NY"": 7}",250,,,near,1.03,38282,76,49,0,27,1.0,136.0,0,0
"{""ASIA"": null, ""LDN"": 2, ""NY"": 7}",250,3000.0,,,1.03,38282,76,49,0,27,1.0,139.0,0,0
"{""ASIA"": null, ""LDN"": 2, ""NY"": 7}",250,3000.0,,near,1.03,38282,76,49,0,27,1.0,136.0,0,0
"{""ASIA"": null, ""LDN"": 2, ""NY"": 7}",250,2000.0,,,1.02,38879,76,49,0,27,1.0,139.0,0,0
"{""ASIA"": null, ""LDN"": 2, ""NY"": 7}",250,2000.0,,near,1.02,38879,76,49,0,27,1.0,136.0,0,0
"{""ASIA"": null, ""LDN"": 2, ""NY"": 8}",250,2000.0,,,0.92,33288,76,49,0,27,1.0,141.0,0,0
"{""ASIA"": null, ""LDN"": 2, ""NY"": 8}",250,2000.0,,near,0.92,33288,76,49,0,27,1.0,139.0,0,0
"{""ASIA"": null, ""LDN"": 2, ""NY"": 8}",250,,,,0.93,32692,76,49,0,27,1.0,141.0,0,0
"{""ASIA"": null, ""LDN"": 2, ""NY"": 8}",250,,,near,0.93,32692,76,49,0,27,1.0,141.0,0,0
"{""ASIA"": null, ""LDN"": 2, ""NY"": 8}",250,,,,0.93,32692,76,49,0,27,1.0,141.0,0,0
"{""ASIA"": null, ""LDN"": 2, ""NY"": 8}",250,,,near,0.93,32692,76,49,0,27,1.0,141.0,0,0
"{""ASIA"": null, ""LDN"": 2, ""NY"": 8}",250,2000.0,,,0.92,33288,76,49,0,27,1.0,141.0,0,0
"{""ASIA"": null, ""LDN"": 2, ""NY"": 8}",250,2000.0,,near,0.92,33288,76,49,0,27,1.0,139.0,0,0
"{""ASIA"": null, ""LDN"": 2, ""NY"": 8}",250,,,,0.93,32692,76,49,0,27,1.0,141.0,0,0
"{""ASIA"": null, ""LDN"": 2, ""NY"": 8}",250,,,near,0.93,32692,76,49,0,27,1.0,141.0,0,0
"{""ASIA"": null, ""LDN"": 2, ""NY"": 0}",250,4000.0,,,1.09,37059,76,49,0,27,1.0,134.0,0,0
"{""ASIA"": null, ""LDN"": 2, ""NY"": 0}",250,4000.0,,near,1.09,37059,76,49,0,27,1.0,133.0,0,0
"{""ASIA"": null, ""LDN"": 2, ""NY"": 0}",250,2000.0,,,1.08,37656,76,49,0,27,1.0,134.0,0,0
"{""ASIA"": null, ""LDN"": 2, ""NY"": 0}",250,2000.0,,near,1.08,37656,76,49,0,27,1.0,133.0,0,0
"{""ASIA"": null, ""LDN"": 2, ""NY"": 0}",250,4000.0,,,1.09,37059,76,49,0,27,1.0,134.0,0,0
"{""ASIA"": null, ""LDN"": 2, ""NY"": 0}",250,4000.0,,near,1.09,37059,76,49,0,27,1.0,133.0,0,0
"{""ASIA"": null, ""LDN"": 2, ""NY"": 0}",250,3000.0,,,1.09,37059,76,49,0,27,1.0,134.0,0,0
"{""ASIA"": null, ""LDN"": 2, ""NY"": 0}",250,3000.0,,near,1.09,37059,76,49,0,27,1.0,133.0,0,0
"{""ASIA"": null, ""LDN"": 2, ""NY"": 9}",250,3000.0,,,1.09,33339,76,49,0,27,1.0,139.0,0,0
"{""ASIA"": null, ""LDN"": 2, ""NY"": 9}",250,3000.0,,near,1.09,33339,76,49,0,27,1.0,137.0,0,0
"{""ASIA"": null, ""LDN"": 2, ""NY"": 9}",250,4000.0,,,1.09,33339,76,49,0,27,1.0,139.0,0,0
"{""ASIA"": null, ""LDN"": 2, ""NY"": 9}",250,4000.0,,near,1.09,33339,76,49,0,27,1.0,137.0,0,0
"{""ASIA"": null, ""LDN"": 2, ""NY"": 9}",250,,,,1.09,33339,76,49,0,27,1.0,139.0,0,0
"{""ASIA"": null, ""LDN"": 2, ""NY"": 9}",250,,,near,1.09,33339,76,49,0,27,1.0,137.0,0,0
"{""ASIA"": null, ""LDN"": 2, ""NY"": 9}",250,4000.0,,,1.09,33339,76,49,0,27,1.0,139.0,0,0
"{""ASIA"": null, ""LDN"": 2, ""NY"": 9}",250,4000.0,,near,1.09,33339,76,49,0,27,1.0,137.0,0,0
"{""ASIA"": null, ""LDN"": 2, ""NY"": 9}",250,2000.0,,,1.08,33932,76,49,0,27,1.0,139.0,0,0
"{""ASIA"": null, ""LDN"": 2, ""NY"": 9}",250,2000.0,,near,1.08,33932,76,49,0,27,1.0,137.0,0,0
"{""ASIA"": null, ""LDN"": 2, ""NY"": 9}",250,2000.0,,,1.08,33932,76,49,0,27,1.0,139.0,0,0
"{""ASIA"": null, ""LDN"": 2, ""NY"": 9}",250,2000.0,,near,1.08,33932,76,49,0,27,1.0,137.0,0,0
"{""ASIA"": null, ""LDN"": 2, ""NY"": 10}",250,3000.0,,,0.95,38358,76,49,0,27,1.0,141.0,0,0
"{""ASIA"": null, ""LDN"": 2, ""NY"": 10}",250,3000.0,,near,0.95,38358,76,49,0,27,1.0,138.0,0,0
"{""ASIA"": null, ""LDN"": 2, ""NY"": 10}",250,4000.0,,,0.95,38358,76,49,0,27,1.0,141.0,0,0
"{""ASIA"": null, ""LDN"": 2, ""NY"": 10}",250,4000.0,,near,0.95,38358,76,49,0,27,1.0,138.0,0,0
"{""ASIA"": null, ""LDN"": 2, ""NY"": 10}",250,2000.0,,,0.94,38955,76,49,0,27,1.0,141.0,0,0
"{""ASIA"": null, ""LDN"": 2, ""NY"": 10}",250,2000.0,,near,0.94,38955,76,49,0,27,1.0,138.0,0,0
"{""ASIA"": null, ""LDN"": null, ""NY"": 4}",500,4000.0,,near,0.66,61810,76,48,0,28,1.0,104.5,0,0
"{""ASIA"": null, ""LDN"": null, ""NY"": 6}",500,2000.0,,near,0.74,62801,76,48,0,28,1.0,90.0,0,0
"{""ASIA"": null, ""LDN"": null, ""NY"": 6}",500,,,near,0.74,62801,76,48,0,28,1.0,90.0,0,0
"{""ASIA"": null, ""LDN"": 0, ""NY"": 5}",250,,,,1.07,42504,76,48,0,28,1.0,139.5,0,0
"{""ASIA"": null, ""LDN"": 0, ""NY"": 5}",250,3000.0,,,1.07,42504,76,48,0,28,1.0,139.5,0,0
"{""ASIA"": null, ""LDN"": 0, ""NY"": 5}",250,4000.0,,,1.07,42504,76,48,0,28,1.0,139.5,0,0
"{""ASIA"": null, ""LDN"": 2, ""NY"": 4}",250,,,,0.93,36584,76,48,0,28,1.0,143.0,0,0
"{""ASIA"": null, ""LDN"": null, ""NY"": 4}",500,4000.0,,,0.66,61810,76,47,0,29,1.0,108.0,0,0
"{""ASIA"": null, ""LDN"": null, ""NY"": 6}",500,2000.0,,,0.74,62801,76,47,0,29,1.0,94.0,0,0
"{""ASIA"": null, ""LDN"": null, ""NY"": 6}",500,,,,0.74,62801,76,47,0,29,1.0,94.0,0,0
"{""ASIA"": null, ""LDN"": null, ""NY"": 0}",750,3000.0,,near,0.81,93477,76,47,0,29,1.0,60.0,0,0
"{""ASIA"": null, ""LDN"": null, ""NY"": 2}",750,2000.0,,,0.64,70503,76,47,0,29,1.0,84.0,0,0
"{""ASIA"": null, ""LDN"": null, ""NY"": 8}",500,4000.0,,near,0.66,54026,76,47,0,29,1.0,104.0,0,0
"{""ASIA"": null, ""LDN"": null, ""NY"": 11}",750,4000.0,,,0.66,73850,76,47,0,29,1.0,73.0,0,0
"{""ASIA"": null, ""LDN"": null, ""NY"": 11}",750,4000.0,,near,0.66,73850,76,47,0,29,1.0,74.0,0,0
"{""ASIA"": null, ""LDN"": 0, ""NY"": 7}",250,4000.0,,near,1.17,43915,76,47,0,29,1.0,120.0,0,0
"{""ASIA"": null, ""LDN"": 2, ""NY"": 2}",250,2000.0,,,0.9,29771,76,47,0,29,1.0,145.0,0,0
"{""ASIA"": null, ""LDN"": 2, ""NY"": 2}",250,2000.0,,near,0.9,29771,76,47,0,29,1.0,145.0,0,0
"{""ASIA"": null, ""LDN"": 2, ""NY"": 2}",250,,,near,0.91,29180,76,47,0,29,1.0,145.0,0,0
"{""ASIA"": null, ""LDN"": null, ""NY"": 2}",500,3000.0,,,0.64,47002,76,46,0,30,1.0,132.0,0,0
"{""ASIA"": null, ""LDN"": null, ""NY"": 2}",500,3000.0,,near,0.64,47002,76,46,0,30,1.0,120.5,0,0
"{""ASIA"": null, ""LDN"": null, ""NY"": 2}",500,,,,0.64,47002,76,46,0,30,1.0,132.0,0,0
"{""ASIA"": null, ""LDN"": null, ""NY"": 2}",500,,,near,0.64,47002,76,46,0,30,1.0,120.5,0,0
"{""ASIA"": null, ""LDN"": null, ""NY"": 2}",500,4000.0,,,0.64,47002,76,46,0,30,1.0,132.0,0,0
"{""ASIA"": null, ""LDN"": null, ""NY"": 2}",500,4000.0,,near,0.64,47002,76,46,0,30,1.0,120.5,0,0
"{""ASIA"": null, ""LDN"": null, ""NY"": 2}",500,2000.0,,,0.64,47002,76,46,0,30,1.0,132.0,0,0
"{""ASIA"": null, ""LDN"": null, ""NY"": 2}",500,2000.0,,near,0.64,47002,76,46,0,30,1.0,120.5,0,0
"{""ASIA"": null, ""LDN"": null, ""NY"": 8}",500,4000.0,,,0.66,54026,76,46,0,30,1.0,102.5,0,0
"{""ASIA"": null, ""LDN"": 0, ""NY"": 7}",250,4000.0,,,1.17,43915,76,46,0,30,1.0,143.5,0,0
"{""ASIA"": null, ""LDN"": 2, ""NY"": 2}",250,,,,0.91,29180,76,46,0,30,1.0,143.0,0,0
"{""ASIA"": null, ""LDN"": 0, ""NY"": 0}",250,,,,1.24,42692,76,45,0,31,1.0,137.0,0,0
"{""ASIA"": null, ""LDN"": 0, ""NY"": 0}",250,,,near,1.24,42692,76,45,0,31,1.0,117.0,0,0
"{""ASIA"": null, ""LDN"": 0, ""NY"": 1}",250,3000.0,,,1.11,42046,76,45,0,31,1.0,141.0,0,0
"{""ASIA"": null, ""LDN"": 0, ""NY"": 1}",250,3000.0,,near,1.11,42046,76,45,0,31,1.0,141.0,0,0
"{""ASIA"": null, ""LDN"": 0, ""NY"": 1}",250,4000.0,,,1.11,42046,76,45,0,31,1.0,141.0,0,0
"{""ASIA"": null, ""LDN"": 0, ""NY"": 1}",250,4000.0,,near,1.11,42046,76,45,0,31,1.0,141.0,0,0
"{""ASIA"": null, ""LDN"": 0, ""NY"": 1}",250,3000.0,,,1.11,42046,76,45,0,31,1.0,141.0,0,0
"{""ASIA"": null, ""LDN"": 0, ""NY"": 1}",250,3000.0,,near,1.11,42046,76,45,0,31,1.0,141.0,0,0
"{""ASIA"": null, ""LDN"": 0, ""NY"": 1}",250,,,,1.11,42046,76,45,0,31,1.0,141.0,0,0
"{""ASIA"": null, ""LDN"": 0, ""NY"": 1}",250,,,near,1.11,42046,76,45,0,31,1.0,141.0,0,0
"{""ASIA"": null, ""LDN"": 0, ""NY"": 2}",250,,,,1.05,34813,76,45,0,31,1.0,148.0,0,0
"{""ASIA"": null, ""LDN"": 0, ""NY"": 2}",250,,,near,1.05,34813,76,45,0,31,1.0,148.0,0,0
"{""ASIA"": null, ""LDN"": 0, ""NY"": 2}",250,,,,1.05,34813,76,45,0,31,1.0,148.0,0,0
"{""ASIA"": null, ""LDN"": 0, ""NY"": 2}",250,,,near,1.05,34813,76,45,0,31,1.0,148.0,0,0
"{""ASIA"": null, ""LDN"": 0, ""NY"": 8}",250,3000.0,,,1.07,38325,76,45,0,31,1.0,146.0,0,0
"{""ASIA"": null, ""LDN"": 0, ""NY"": 8}",250,3000.0,,near,1.07,38325,76,45,0,31,1.0,141.0,0,0
"{""ASIA"": null, ""LDN"": 0, ""NY"": 10}",250,2000.0,,,1.08,38162,76,45,0,31,1.0,198.0,0,0
"{""ASIA"": null, ""LDN"": 0, ""NY"": 10}",250,2000.0,,near,1.08,38162,76,45,0,31,1.0,187.0,0,0
"{""ASIA"": null, ""LDN"": 0, ""NY"": 10}",250,,,,1.1,43991,76,45,0,31,1.0,141.0,0,0
"{""ASIA"": null, ""LDN"": 0, ""NY"": 10}",250,,,near,1.1,43991,76,45,0,31,1.0,123.0,0,0
"{""ASIA"": null, ""LDN"": 0, ""NY"": 10}",250,3000.0,,,1.1,43991,76,45,0,31,1.0,141.0,0,0
"{""ASIA"": null, ""LDN"": 0, ""NY"": 10}",250,3000.0,,near,1.1,43991,76,45,0,31,1.0,123.0,0,0
"{""ASIA"": null, ""LDN"": 0, ""NY"": 10}",250,,,,1.1,43991,76,45,0,31,1.0,141.0,0,0
"{""ASIA"": null, ""LDN"": 0, ""NY"": 10}",250,,,near,1.1,43991,76,45,0,31,1.0,123.0,0,0
"{""ASIA"": null, ""LDN"": 0, ""NY"": 4}",250,4000.0,,,1.07,42217,76,45,0,31,1.0,146.0,0,0
"{""ASIA"": null, ""LDN"": 0, ""NY"": 4}",250,4000.0,,near,1.07,42217,76,45,0,31,1.0,141.0,0,0
"{""ASIA"": null, ""LDN"": 0, ""NY"": 4}",250,3000.0,,,1.07,42217,76,45,0,31,1.0,146.0,0,0
"{""ASIA"": null, ""LDN"": 0, ""NY"": 4}",250,3000.0,,near,1.07,42217,76,45,0,31,1.0,141.0,0,0
"{""ASIA"": null, ""LDN"": 0, ""NY"": 4}",250,3000.0,,,1.07,42217,76,45,0,31,1.0,146.0,0,0
"{""ASIA"": null, ""LDN"": 0, ""NY"": 4}",250,3000.0,,near,1.07,42217,76,45,0,31,1.0,141.0,0,0
"{""ASIA"": null, ""LDN"": 0, ""NY"": 4}",250,,,,1.07,42217,76,45,0,31,1.0,146.0,0,0
"{""ASIA"": null, ""LDN"": 0, ""NY"": 4}",250,,,near,1.07,42217,76,45,0,31,1.0,141.0,0,0
"{""ASIA"": null, ""LDN"": 0, ""NY"": 6}",250,,,,1.16,42709,76,45,0,31,1.0,122.0,0,0
"{""ASIA"": null, ""LDN"": 0, ""NY"": 6}",250,,,near,1.16,42709,76,45,0,31,1.0,122.0,0,0
"{""ASIA"": null, ""LDN"": 0, ""NY"": 6}",250,4000.0,,,1.16,42709,76,45,0,31,1.0,122.0,0,0
"{""ASIA"": null, ""LDN"": 0, ""NY"": 6}",250,4000.0,,near,1.16,42709,76,45,0,31,1.0,122.0,0,0
"{""ASIA"": null, ""LDN"": 1, ""NY"": 2}",250,4000.0,,,1.07,33718,76,45,0,31,1.0,146.0,0,0
"{""ASIA"": null, ""LDN"": 1, ""NY"": 2}",250,4000.0,,near,1.07,33718,76,45,0,31,1.0,146.0,0,0
"{""ASIA"": null, ""LDN"": 0, ""NY"": 11}",250,,,,1.08,35927,76,45,0,31,1.0,146.0,0,0
"{""ASIA"": null, ""LDN"": 0, ""NY"": 11}",250,,,near,1.08,35927,76,45,0,31,1.0,146.0,0,0
"{""ASIA"": null, ""LDN"": 0, ""NY"": 11}",250,3000.0,,,1.08,35927,76,45,0,31,1.0,146.0,0,0
"{""ASIA"": null, ""LDN"": 0, ""NY"": 11}",250,3000.0,,near,1.08,35927,76,45,0,31,1.0,146.0,0,0
"{""ASIA"": null, ""LDN"": 0, ""NY"": 11}",250,4000.0,,,1.08,35927,76,45,0,31,1.0,146.0,0,0
"{""ASIA"": null, ""LDN"": 0, ""NY"": 11}",250,4000.0,,near,1.08,35927,76,45,0,31,1.0,146.0,0,0
"{""ASIA"": null, ""LDN"": 1, ""NY"": 10}",250,2000.0,,,1.11,43191,76,45,0,31,1.0,122.0,0,0
"{""ASIA"": null, ""LDN"": 1, ""NY"": 10}",250,2000.0,,near,1.11,43191,76,45,0,31,1.0,121.0,0,0
"{""ASIA"": null, ""LDN"": 1, ""NY"": 10}",250,3000.0,,,1.11,42896,76,45,0,31,1.0,122.0,0,0
"{""ASIA"": null, ""LDN"": 1, ""NY"": 10}",250,3000.0,,near,1.11,42896,76,45,0,31,1.0,121.0,0,0
"{""ASIA"": null, ""LDN"": 1, ""NY"": 10}",250,4000.0,,,1.11,42896,76,45,0,31,1.0,122.0,0,0
"{""ASIA"": null, ""LDN"": 1, ""NY"": 10}",250,4000.0,,near,1.11,42896,76,45,0,31,1.0,121.0,0,0
"{""ASIA"": null, ""LDN"": 1, ""NY"": 10}",250,4000.0,,,1.11,42896,76,45,0,31,1.0,122.0,0,0
"{""ASIA"": null, ""LDN"": 1, ""NY"": 10}",250,4000.0,,near,1.11,42896,76,45,0,31,1.0,121.0,0,0
"{""ASIA"": null, ""LDN"": 2, ""NY"": 11}",250,3000.0,,,0.93,30294,76,45,0,31,1.0,150.0,0,0
"{""ASIA"": null, ""LDN"": 2, ""NY"": 11}",250,3000.0,,near,0.93,30294,76,45,0,31,1.0,150.0,0,0
"{""ASIA"": null, ""LDN"": 2, ""NY"": 11}",250,3000.0,,,0.93,30294,76,45,0,31,1.0,150.0,0,0
"{""ASIA"": null, ""LDN"": 2, ""NY"": 11}",250,3000.0,,near,0.93,30294,76,45,0,31,1.0,150.0,0,0
"{""ASIA"": null, ""LDN"": null, ""NY"": 0}",500,2000.0,,,0.81,62318,76,43,0,33,1.0,88.0,0,0
"{""ASIA"": null, ""LDN"": null, ""NY"": 0}",500,2000.0,,near,0.81,62318,76,43,0,33,1.0,84.0,0,0
"{""ASIA"": null, ""LDN"": null, ""NY"": 0}",500,,,,0.82,62761,76,43,0,33,1.0,88.0,0,0
"{""ASIA"": null, ""LDN"": null, ""NY"": 0}",500,,,near,0.82,62761,76,43,0,33,1.0,84.0,0,0
"{""ASIA"": null, ""LDN"": null, ""NY"": 0}",500,3000.0,,,0.82,62761,76,43,0,33,1.0,88.0,0,0
"{""ASIA"": null, ""LDN"": null, ""NY"": 0}",500,3000.0,,near,0.82,62761,76,43,0,33,1.0,84.0,0,0
"{""ASIA"": null, ""LDN"": null, ""NY"": 0}",500,2000.0,,,0.81,62318,76,43,0,33,1.0,88.0,0,0
"{""ASIA"": null, ""LDN"": null, ""NY"": 0}",500,2000.0,,near,0.81,62318,76,43,0,33,1.0,84.0,0,0
"{""ASIA"": null, ""LDN"": null, ""NY"": 9}",500,,,near,0.82,55321,76,43,0,33,1.0,80.0,0,0
"{""ASIA"": null, ""LDN"": null, ""NY"": 9}",500,4000.0,,near,0.82,55321,76,43,0,33,1.0,80.0,0,0
"{""ASIA"": null, ""LDN"": null, ""NY"": 11}",500,4000.0,,,0.66,49234,76,43,0,33,1.0,133.0,0,0
"{""ASIA"": null, ""LDN"": null, ""NY"": 11}",500,4000.0,,near,0.66,49234,76,43,0,33,1.0,117.0,0,0
"{""ASIA"": null, ""LDN"": null, ""NY"": 11}",500,4000.0,,,0.66,49234,76,43,0,33,1.0,133.0,0,0
"{""ASIA"": null, ""LDN"": null, ""NY"": 11}",500,4000.0,,near,0.66,49234,76,43,0,33,1.0,117.0,0,0
"{""ASIA"": null, ""LDN"": null, ""NY"": 11}",500,2000.0,,,0.66,49234,76,43,0,33,1.0,133.0,0,0
"{""ASIA"": null, ""LDN"": null, ""NY"": 11}",500,2000.0,,near,0.66,49234,76,43,0,33,1.0,117.0,0,0
"{""ASIA"": null, ""LDN"": null, ""NY"": 9}",500,,,,0.82,55321,76,42,0,34,1.0,80.0,0,0
"{""ASIA"": null, ""LDN"": null, ""NY"": 9}",500,4000.0,,,0.82,55321,76,42,0,34,1.0,80.0,0,0
"{""ASIA"": null, ""LDN"": null, ""NY"": 5}",250,4000.0,,,0.66,31193,76,41,0,35,1.0,224.0,0,0
"{""ASIA"": null, ""LDN"": null, ""NY"": 5}",250,4000.0,,near,0.66,31193,76,41,0,35,1.0,220.0,0,0
"{""ASIA"": null, ""LDN"": 0, ""NY"": 6}",250,2000.0,,near,1.15,36877,76,41,0,35,1.0,160.0,0,0
"{""ASIA"": null, ""LDN"": null, ""NY"": 7}",250,2000.0,,near,0.75,32604,76,40,0,36,1.0,181.5,0,0
"{""ASIA"": null, ""LDN"": null, ""NY"": 7}",250,4000.0,,near,0.75,32604,76,40,0,36,1.0,181.5,0,0
"{""ASIA"": null, ""LDN"": null, ""NY"": 7}",250,4000.0,,near,0.75,32604,76,40,0,36,1.0,181.5,0,0
"{""ASIA"": null, ""LDN"": null, ""NY"": 7}",250,4000.0,,near,0.75,32604,76,40,0,36,1.0,181.5,0,0
"{""ASIA"": null, ""LDN"": 0, ""NY"": 6}",250,2000.0,,,1.15,36877,76,39,0,37,1.0,165.0,0,0
"{""ASIA"": null, ""LDN"": 0, ""NY"": 0}",250,2000.0,,near,1.22,36863,76,38,0,38,1.0,152.5,0,0
"{""ASIA"": null, ""LDN"": 0, ""NY"": 0}",250,2000.0,,near,1.22,36863,76,38,0,38,1.0,152.5,0,0
"{""ASIA"": null, ""LDN"": null, ""NY"": 7}",250,2000.0,,,0.75,32604,76,37,0,39,1.0,197.0,0,0
"{""ASIA"": null, ""LDN"": null, ""NY"": 7}",250,4000.0,,,0.75,32604,76,37,0,39,1.0,197.0,0,0
"{""ASIA"": null, ""LDN"": null, ""NY"": 7}",250,4000.0,,,0.75,32604,76,37,0,39,1.0,197.0,0,0
"{""ASIA"": null, ""LDN"": null, ""NY"": 7}",250,4000.0,,,0.75,32604,76,37,0,39,1.0,197.0,0,0
"{""ASIA"": null, ""LDN"": null, ""NY"": 4}",250,3000.0,,near,0.66,30905,76,35,0,41,1.0,199.0,0,0
"{""ASIA"": null, ""LDN"": null, ""NY"": 4}",250,4000.0,,near,0.66,30905,76,35,0,41,1.0,199.0,0,0
"{""ASIA"": null, ""LDN"": null, ""NY"": 10}",250,,,near,0.68,32680,76,34,0,42,1.0,188.0,0,0
"{""ASIA"": null, ""LDN"": null, ""NY"": 10}",250,,,near,0.68,32680,76,34,0,42,1.0,188.0,0,0
"{""ASIA"": null, ""LDN"": null, ""NY"": 10}",250,,,near,0.68,32680,76,34,0,42,1.0,188.0,0,0
"{""ASIA"": null, ""LDN"": null, ""NY"": 6}",250,2000.0,,,0.74,31397,76,32,0,44,1.0,193.0,0,0
"{""ASIA"": null, ""LDN"": null, ""NY"": 6}",250,2000.0,,near,0.74,31397,76,32,0,44,1.0,188.0,0,0
"{""ASIA"": null, ""LDN"": null, ""NY"": 6}",250,3000.0,,,0.74,31397,76,32,0,44,1.0,193.0,0,0
"{""ASIA"": null, ""LDN"": null, ""NY"": 6}",250,3000.0,,near,0.74,31397,76,32,0,44,1.0,188.0,0,0
"{""ASIA"": null, ""LDN"": null, ""NY"": 1}",250,,,near,0.69,30735,76,31,0,45,1.0,198.0,0,0
"{""ASIA"": null, ""LDN"": null, ""NY"": 1}",250,3000.0,,near,0.69,30735,76,31,0,45,1.0,198.0,0,0
"{""ASIA"": null, ""LDN"": null, ""NY"": 10}",250,,,,0.68,32680,76,31,0,45,1.0,192.0,0,0
"{""ASIA"": null, ""LDN"": null, ""NY"": 10}",250,,,,0.68,32680,76,31,0,45,1.0,192.0,0,0
"{""ASIA"": null, ""LDN"": null, ""NY"": 10}",250,,,,0.68,32680,76,31,0,45,1.0,192.0,0,0
"{""ASIA"": null, ""LDN"": null, ""NY"": 4}",250,3000.0,,,0.66,30905,76,30,0,46,1.0,237.0,0,0
"{""ASIA"": null, ""LDN"": null, ""NY"": 4}",250,4000.0,,,0.66,30905,76,30,0,46,1.0,237.0,0,0
"{""ASIA"": null, ""LDN"": null, ""NY"": 1}",250,,,,0.69,30735,76,30,0,46,1.0,198.5,0,0
"{""ASIA"": null, ""LDN"": null, ""NY"": 1}",250,3000.0,,,0.69,30735,76,30,0,46,1.0,198.5,0,0
"{""ASIA"": null, ""LDN"": null, ""NY"": 3}",250,4000.0,,,1.02,31494,76,30,0,46,1.0,191.5,0,0
"{""ASIA"": null, ""LDN"": 0, ""NY"": 0}",250,2000.0,,,1.22,36863,76,26,0,50,1.0,183.0,0,0
"{""ASIA"": null, ""LDN"": 0, ""NY"": 0}",250,2000.0,,,1.22,36863,76,26,0,50,1.0,183.0,0,0
"{""ASIA"": null, ""LDN"": null, ""NY"": 3}",250,4000.0,,near,1.02,31494,76,25,0,51,1.0,176.0,0,0
"{""ASIA"": null, ""LDN"": null, ""NY"": 9}",250,3000.0,,near,0.82,27660,76,20,0,56,1.0,150.0,0,0
"{""ASIA"": null, ""LDN"": null, ""NY"": 9}",250,3000.0,,near,0.82,27660,76,20,0,56,1.0,150.0,0,0
"{""ASIA"": null, ""LDN"": null, ""NY"": 9}",250,2000.0,,near,0.82,27660,76,20,0,56,1.0,150.0,0,0
"{""ASIA"": null, ""LDN"": null, ""NY"": 9}",250,,,near,0.82,27660,76,20,0,56,1.0,150.0,0,0
"{""ASIA"": null, ""LDN"": null, ""NY"": 0}",250,2000.0,,,0.82,31381,76,19,0,57,1.0,173.0,0,0
"{""ASIA"": null, ""LDN"": null, ""NY"": 0}",250,2000.0,,near,0.82,31381,76,19,0,57,1.0,173.0,0,0
"{""ASIA"": null, ""LDN"": null, ""NY"": 0}",250,2000.0,,,0.82,31381,76,19,0,57,1.0,173.0,0,0
"{""ASIA"": null, ""LDN"": null, ""NY"": 0}",250,2000.0,,near,0.82,31381,76,19,0,57,1.0,173.0,0,0
"{""ASIA"": null, ""LDN"": null, ""NY"": 9}",250,3000.0,,,0.82,27660,76,19,0,57,1.0,155.0,0,0
"{""ASIA"": null, ""LDN"": null, ""NY"": 9}",250,3000.0,,,0.82,27660,76,19,0,57,1.0,155.0,0,0
"{""ASIA"": null, ""LDN"": null, ""NY"": 9}",250,2000.0,,,0.82,27660,76,19,0,57,1.0,155.0,0,0
"{""ASIA"": null, ""LDN"": null, ""NY"": 9}",250,,,,0.82,27660,76,19,0,57,1.0,155.0,0,0
"{""ASIA"": null, ""LDN"": null, ""NY"": 8}",250,3000.0,,,0.66,27013,76,17,0,59,1.0,194.0,0,0
"{""ASIA"": null, ""LDN"": null, ""NY"": 8}",250,3000.0,,near,0.66,27013,76,17,0,59,1.0,189.0,0,0
"{""ASIA"": null, ""LDN"": null, ""NY"": 8}",250,2000.0,,,0.66,27013,76,17,0,59,1.0,194.0,0,0
"{""ASIA"": null, ""LDN"": null, ""NY"": 8}",250,2000.0,,near,0.66,27013,76,17,0,59,1.0,189.0,0,0
"{""ASIA"": null, ""LDN"": null, ""NY"": 8}",250,4000.0,,,0.66,27013,76,17,0,59,1.0,194.0,0,0
"{""ASIA"": null, ""LDN"": null, ""NY"": 8}",250,4000.0,,near,0.66,27013,76,17,0,59,1.0,189.0,0,0
"{""ASIA"": null, ""LDN"": null, ""NY"": 2}",250,,,near,0.64,23501,76,13,0,63,1.0,273.0,0,0
"{""ASIA"": null, ""LDN"": null, ""NY"": 11}",250,2000.0,,near,0.66,24616,76,13,0,63,1.0,273.0,0,0
"{""ASIA"": null, ""LDN"": null, ""NY"": 11}",250,3000.0,,near,0.66,24616,76,13,0,63,1.0,273.0,0,0
"{""ASIA"": null, ""LDN"": null, ""NY"": 2}",250,,,,0.64,23501,76,12,0,64,1.0,277.5,0,0
"{""ASIA"": null, ""LDN"": null, ""NY"": 11}",250,2000.0,,,0.66,24616,76,12,0,64,1.0,246.0,0,0
"{""ASIA"": null, ""LDN"": null, ""NY"": 11}",250,3000.0,,,0.66,24616,76,12,0,64,1.0,246.0,0,0
"{""ASIA"": null, ""LDN"": 0, ""NY"": 11}",250,2000.0,,,1.07,30093,76,10,0,66,1.0,218.0,0,0
"{""ASIA"": null, ""LDN"": 0, ""NY"": 11}",250,2000.0,,near,1.07,30093,76,10,0,66,1.0,218.0,0,0
"{""ASIA"": null, ""LDN"": 2, ""NY"": 4}",500,2000.0,,near,0.91,77522,76,54,1,21,0.982,70.0,0,1
"{""ASIA"": null, ""LDN"": 2, ""NY"": 4}",500,3000.0,,near,0.91,75673,76,54,1,21,0.982,79.0,0,1
"{""ASIA"": null, ""LDN"": 1, ""NY"": 5}",250,,,,1.09,41409,76,48,1,27,0.98,141.0,0,1
"{""ASIA"": null, ""LDN"": 1, ""NY"": 5}",250,,,near,1.09,41409,76,48,1,27,0.98,139.5,0,1
"{""ASIA"": null, ""LDN"": null, ""NY"": 3}",500,3000.0,,near,1.02,62988,76,47,1,28,0.979,88.0,0,1
"{""ASIA"": null, ""LDN"": null, ""NY"": 3}",500,4000.0,,near,1.02,62988,76,47,1,28,0.979,88.0,0,1
"{""ASIA"": null, ""LDN"": null, ""NY"": 3}",500,,,near,1.02,62988,76,47,1,28,0.979,88.0,0,1
"{""ASIA"": null, ""LDN"": null, ""NY"": 3}",500,,,near,1.02,62988,76,47,1,28,0.979,88.0,0,1
"{""ASIA"": null, ""LDN"": 1, ""NY"": 8}",250,,,near,1.09,37230,76,45,1,30,0.978,123.0,0,1
"{""ASIA"": null, ""LDN"": 0, ""NY"": 2}",750,2000.0,,near,0.95,107060,76,69,2,5,0.972,53.0,0,2
"{""ASIA"": null, ""LDN"": 2, ""NY"": 1}",750,3000.0,,near,0.94,115777,76,57,2,17,0.966,39.0,0,2
"{""ASIA"": null, ""LDN"": 2, ""NY"": 2}",750,2000.0,,near,0.88,95616,76,56,2,18,0.966,46.5,0,2
"{""ASIA"": null, ""LDN"": 2, ""NY"": 2}",750,2000.0,,,0.88,95616,76,55,2,19,0.965,49.0,0,2
"{""ASIA"": null, ""LDN"": 2, ""NY"": 9}",500,2000.0,,near,1.05,67202,76,54,2,20,0.964,55.5,0,2
"{""ASIA"": null, ""LDN"": 2, ""NY"": 2}",500,2000.0,,near,0.89,62692,76,53,2,21,0.964,75.0,0,2
"{""ASIA"": null, ""LDN"": 2, ""NY"": 2}",500,3000.0,,near,0.89,60854,76,53,2,21,0.964,80.0,0,2
"{""ASIA"": null, ""LDN"": 2, ""NY"": 2}",500,3000.0,,near,0.89,60854,76,53,2,21,0.964,80.0,0,2
"{""ASIA"": null, ""LDN"": 2, ""NY"": 4}",500,2000.0,,,0.91,77522,76,53,2,21,0.964,77.0,0,2
"{""ASIA"": null, ""LDN"": 2, ""NY"": 4}",500,3000.0,,,0.91,75673,76,53,2,21,0.964,83.0,0,2
"{""ASIA"": null, ""LDN"": null, ""NY"": 3}",500,3000.0,,,1.02,62988,76,46,2,28,0.958,90.5,0,2
"{""ASIA"": null, ""LDN"": null, ""NY"": 3}",500,4000.0,,,1.02,62988,76,46,2,28,0.958,90.5,0,2
"{""ASIA"": null, ""LDN"": null, ""NY"": 3}",500,,,,1.02,62988,76,46,2,28,0.958,90.5,0,2
"{""ASIA"": null, ""LDN"": null, ""NY"": 3}",500,,,,1.02,62988,76,46,2,28,0.958,90.5,0,2
"{""ASIA"": null, ""LDN"": 1, ""NY"": 6}",250,,,,1.18,41614,76,45,2,29,0.957,121.0,0,2
"{""ASIA"": null, ""LDN"": 1, ""NY"": 6}",250,,,near,1.18,41614,76,45,2,29,0.957,121.0,0,2
"{""ASIA"": null, ""LDN"": 1, ""NY"": 6}",250,4000.0,,,1.18,41614,76,45,2,29,0.957,121.0,0,2
"{""ASIA"": null, ""LDN"": 1, ""NY"": 6}",250,4000.0,,near,1.18,41614,76,45,2,29,0.957,121.0,0,2
"{""ASIA"": null, ""LDN"": 1, ""NY"": 6}",250,2000.0,,,1.17,41909,76,45,2,29,0.957,121.0,0,2
"{""ASIA"": null, ""LDN"": 1, ""NY"": 6}",250,2000.0,,near,1.17,41909,76,45,2,29,0.957,121.0,0,2
"{""ASIA"": null, ""LDN"": 1, ""NY"": 8}",250,,,,1.09,37230,76,45,2,29,0.957,123.0,0,2
"{""ASIA"": null, ""LDN"": 1, ""NY"": 11}",250,3000.0,,,1.1,34833,76,45,2,29,0.957,146.0,0,2
"{""ASIA"": null, ""LDN"": 1, ""NY"": 11}",250,3000.0,,near,1.1,34833,76,45,2,29,0.957,146.0,0,2
"{""ASIA"": null, ""LDN"": 1, ""NY"": 11}",250,,,,1.1,34833,76,45,2,29,0.957,146.0,0,2
"{""ASIA"": null, ""LDN"": 1, ""NY"": 11}",250,,,near,1.1,34833,76,45,2,29,0.957,146.0,0,2
"{""ASIA"": null, ""LDN"": 1, ""NY"": 11}",250,4000.0,,,1.1,34833,76,45,2,29,0.957,146.0,0,2
"{""ASIA"": null, ""LDN"": 1, ""NY"": 11}",250,4000.0,,near,1.1,34833,76,45,2,29,0.957,146.0,0,2
"{""ASIA"": null, ""LDN"": 1, ""NY"": 11}",250,,,,1.1,34833,76,45,2,29,0.957,146.0,0,2
"{""ASIA"": null, ""LDN"": 1, ""NY"": 11}",250,,,near,1.1,34833,76,45,2,29,0.957,146.0,0,2
"{""ASIA"": null, ""LDN"": 0, ""NY"": 2}",750,2000.0,,,0.95,107060,76,62,3,11,0.954,51.0,0,3
"{""ASIA"": null, ""LDN"": 2, ""NY"": 1}",750,2000.0,,near,0.93,117386,76,56,3,17,0.949,35.5,0,3
"{""ASIA"": null, ""LDN"": 2, ""NY"": 6}",750,2000.0,,near,0.99,119373,76,55,3,18,0.948,45.0,0,3
"{""ASIA"": null, ""LDN"": 2, ""NY"": 1}",750,2000.0,,,0.93,117386,76,54,3,19,0.947,38.5,0,3
"{""ASIA"": null, ""LDN"": 2, ""NY"": 1}",500,3000.0,,near,0.95,75337,76,54,3,19,0.947,68.5,0,3
"{""ASIA"": null, ""LDN"": 2, ""NY"": 1}",750,3000.0,,,0.94,115777,76,54,3,19,0.947,38.5,0,3
"{""ASIA"": null, ""LDN"": 2, ""NY"": 1}",500,3000.0,,near,0.95,75337,76,54,3,19,0.947,68.5,0,3
"{""ASIA"": null, ""LDN"": 2, ""NY"": 9}",500,3000.0,,near,1.08,69177,76,54,3,19,0.947,55.5,0,3
"{""ASIA"": null, ""LDN"": 2, ""NY"": 1}",500,3000.0,,,0.95,75337,76,53,3,20,0.946,70.0,0,3
"{""ASIA"": null, ""LDN"": 2, ""NY"": 1}",500,3000.0,,,0.95,75337,76,53,3,20,0.946,70.0,0,3
"{""ASIA"": null, ""LDN"": 2, ""NY"": 9}",500,2000.0,,,1.05,67202,76,53,3,20,0.946,60.0,0,3
"{""ASIA"": null, ""LDN"": 2, ""NY"": 11}",500,3000.0,,near,0.92,63086,76,53,3,20,0.946,70.0,0,3
"{""ASIA"": null, ""LDN"": 2, ""NY"": 2}",500,2000.0,,,0.89,62692,76,52,3,21,0.945,76.5,0,3
"{""ASIA"": null, ""LDN"": 2, ""NY"": 2}",500,3000.0,,,0.89,60854,76,52,3,21,0.945,88.0,0,3
"{""ASIA"": null, ""LDN"": 2, ""NY"": 2}",500,3000.0,,,0.89,60854,76,52,3,21,0.945,88.0,0,3
"{""ASIA"": null, ""LDN"": 2, ""NY"": 10}",500,2000.0,,near,0.93,81071,76,52,3,21,0.945,75.5,0,3
"{""ASIA"": null, ""LDN"": 2, ""NY"": 11}",500,3000.0,,,0.92,63086,76,52,3,21,0.945,84.0,0,3
"{""ASIA"": null, ""LDN"": 0, ""NY"": 6}",750,2000.0,,near,1.05,131610,76,67,4,5,0.944,36.0,0,4
"{""ASIA"": null, ""LDN"": null, ""NY"": 5}",1000,2000.0,,near,0.66,124770,76,66,4,6,0.943,57.5,0,4
"{""ASIA"": null, ""LDN"": null, ""NY"": 5}",1000,,,near,0.66,124770,76,66,4,6,0.943,57.5,0,4
"{""ASIA"": null, ""LDN"": 0, ""NY"": 8}",750,2000.0,,near,0.97,117488,76,66,4,6,0.943,40.0,0,4
"{""ASIA"": null, ""LDN"": 0, ""NY"": 8}",750,2000.0,,near,0.97,117488,76,66,4,6,0.943,40.0,0,4
"{""ASIA"": null, ""LDN"": 1, ""NY"": 0}",250,2000.0,,,1.25,41892,76,45,3,28,0.938,121.0,0,3
"{""ASIA"": null, ""LDN"": 1, ""NY"": 0}",250,2000.0,,near,1.25,41892,76,45,3,28,0.938,116.0,0,3
"{""ASIA"": null, ""LDN"": 1, ""NY"": 0}",250,2000.0,,,1.25,41892,76,45,3,28,0.938,121.0,0,3
"{""ASIA"": null, ""LDN"": 1, ""NY"": 0}",250,2000.0,,near,1.25,41892,76,45,3,28,0.938,116.0,0,3
"{""ASIA"": null, ""LDN"": 1, ""NY"": 0}",250,4000.0,,,1.25,41597,76,45,3,28,0.938,121.0,0,3
"{""ASIA"": null, ""LDN"": 1, ""NY"": 0}",250,4000.0,,near,1.25,41597,76,45,3,28,0.938,116.0,0,3
"{""ASIA"": null, ""LDN"": 1, ""NY"": 1}",250,2000.0,,,1.12,41246,76,45,3,28,0.938,123.0,0,3
"{""ASIA"": null, ""LDN"": 1, ""NY"": 1}",250,2000.0,,near,1.12,41246,76,45,3,28,0.938,123.0,0,3
"{""ASIA"": null, ""LDN"": 1, ""NY"": 9}",250,2000.0,,,1.25,38172,76,45,3,28,0.938,121.0,0,3
"{""ASIA"": null, ""LDN"": 1, ""NY"": 9}",250,2000.0,,near,1.25,38172,76,45,3,28,0.938,121.0,0,3
"{""ASIA"": null, ""LDN"": 1, ""NY"": 9}",250,,,,1.25,37877,76,45,3,28,0.938,121.0,0,3
"{""ASIA"": null, ""LDN"": 1, ""NY"": 9}",250,,,near,1.25,37877,76,45,3,28,0.938,121.0,0,3
"{""ASIA"": null, ""LDN"": 0, ""NY"": 0}",750,2000.0,,near,1.09,125446,76,59,4,13,0.937,35.0,0,4
"{""ASIA"": null, ""LDN"": 2, ""NY"": 8}",750,2000.0,,near,0.9,106217,76,55,4,17,0.932,46.0,0,4
"{""ASIA"": null, ""LDN"": 2, ""NY"": 9}",500,3000.0,,,1.08,69177,76,53,4,19,0.93,60.0,0,4
"{""ASIA"": null, ""LDN"": null, ""NY"": 4}",1000,,,near,0.66,123620,76,65,5,6,0.929,50.0,0,5
"{""ASIA"": null, ""LDN"": null, ""NY"": 4}",1000,3000.0,,near,0.66,123620,76,65,5,6,0.929,50.0,0,5
"{""ASIA"": null, ""LDN"": null, ""NY"": 4}",1000,,,near,0.66,123620,76,65,5,6,0.929,50.0,0,5
"{""ASIA"": null, ""LDN"": null, ""NY"": 4}",1000,4000.0,,near,0.66,123620,76,65,5,6,0.929,50.0,0,5
"{""ASIA"": null, ""LDN"": 1, ""NY"": 1}",750,2000.0,,near,1.03,123081,76,65,5,6,0.929,35.0,0,5
"{""ASIA"": null, ""LDN"": 1, ""NY"": 1}",750,2000.0,,near,1.03,123081,76,65,5,6,0.929,35.0,0,5
"{""ASIA"": null, ""LDN"": 1, ""NY"": 6}",750,2000.0,,near,1.08,126952,76,65,5,6,0.929,36.0,0,5
"{""ASIA"": null, ""LDN"": 1, ""NY"": 6}",750,2000.0,,,1.08,126952,76,64,5,7,0.928,43.5,0,5
"{""ASIA"": null, ""LDN"": 2, ""NY"": 10}",500,2000.0,,,0.93,81071,76,51,4,21,0.927,77.0,0,4
"{""ASIA"": null, ""LDN"": 1, ""NY"": 9}",750,2000.0,,,1.13,112359,76,62,5,9,0.925,48.5,0,5
"{""ASIA"": null, ""LDN"": 1, ""NY"": 9}",750,2000.0,,,1.13,112359,76,62,5,9,0.925,48.5,0,5
"{""ASIA"": null, ""LDN"": 1, ""NY"": 2}",750,3000.0,,near,1.01,98158,76,61,5,10,0.924,50.0,0,5
"{""ASIA"": null, ""LDN"": 1, ""NY"": 2}",750,3000.0,,near,1.01,98158,76,61,5,10,0.924,50.0,0,5
"{""ASIA"": null, ""LDN"": 1, ""NY"": 2}",750,3000.0,,,1.01,98158,76,60,5,11,0.923,49.5,0,5
"{""ASIA"": null, ""LDN"": 1, ""NY"": 2}",750,3000.0,,,1.01,98158,76,60,5,11,0.923,49.5,0,5
"{""ASIA"": null, ""LDN"": 1, ""NY"": 2}",750,2000.0,,near,0.99,101636,76,59,5,12,0.922,48.0,0,5
"{""ASIA"": null, ""LDN"": 1, ""NY"": 1}",750,2000.0,,,1.03,123081,76,59,5,12,0.922,37.0,0,5
"{""ASIA"": null, ""LDN"": 1, ""NY"": 1}",750,2000.0,,,1.03,123081,76,59,5,12,0.922,37.0,0,5
"{""ASIA"": null, ""LDN"": 1, ""NY"": 11}",750,2000.0,,near,1.01,104983,76,59,5,12,0.922,44.0,0,5
"{""ASIA"": null, ""LDN"": 1, ""NY"": 11}",750,2000.0,,near,1.01,104983,76,59,5,12,0.922,44.0,0,5
"{""ASIA"": null, ""LDN"": 0, ""NY"": 0}",750,2000.0,,,1.09,125446,76,58,5,13,0.921,38.5,0,5
"{""ASIA"": null, ""LDN"": 1, ""NY"": 9}",750,2000.0,,near,1.13,112359,76,57,5,14,0.919,45.0,0,5
"{""ASIA"": null, ""LDN"": 1, ""NY"": 9}",750,2000.0,,near,1.13,112359,76,57,5,14,0.919,45.0,0,5
"{""ASIA"": null, ""LDN"": 1, ""NY"": 2}",750,2000.0,,,0.99,101636,76,56,5,15,0.918,50.0,0,5
"{""ASIA"": null, ""LDN"": 0, ""NY"": 9}",250,3000.0,,,1.24,38972,76,45,4,27,0.918,124.0,0,4
"{""ASIA"": null, ""LDN"": 0, ""NY"": 9}",250,3000.0,,near,1.24,38972,76,45,4,27,0.918,124.0,0,4
"{""ASIA"": null, ""LDN"": 1, ""NY"": 3}",250,3000.0,,near,1.46,41711,76,45,4,27,0.918,113.0,0,4
"{""ASIA"": null, ""LDN"": 2, ""NY"": 8}",750,2000.0,,,0.9,106217,76,55,5,16,0.917,53.0,0,5
"{""ASIA"": null, ""LDN"": 1, ""NY"": 11}",750,2000.0,,,1.01,104983,76,55,5,16,0.917,46.0,0,5
"{""ASIA"": null, ""LDN"": 1, ""NY"": 11}",750,2000.0,,,1.01,104983,76,55,5,16,0.917,46.0,0,5
"{""ASIA"": null, ""LDN"": null, ""NY"": 1}",1000,4000.0,,near,0.69,122949,76,64,6,6,0.914,35.0,4,2
"{""ASIA"": null, ""LDN"": null, ""NY"": 1}",1000,4000.0,,near,0.69,122949,76,64,6,6,0.914,35.0,4,2
"{""ASIA"": null, ""LDN"": 1, ""NY"": 5}",750,2000.0,,near,1.0,123392,76,64,6,6,0.914,43.0,0,6
"{""ASIA"": null, ""LDN"": 2, ""NY"": 2}",750,3000.0,,near,0.89,94038,76,53,5,18,0.914,44.0,0,5
"{""ASIA"": null, ""LDN"": null, ""NY"": 10}",1000,3000.0,,near,0.68,130723,76,63,6,7,0.913,36.0,4,2
"{""ASIA"": null, ""LDN"": null, ""NY"": 10}",1000,4000.0,,near,0.68,130723,76,63,6,7,0.913,36.0,4,2
"{""ASIA"": null, ""LDN"": 1, ""NY"": 9}",750,3000.0,,,1.18,102743,76,62,6,8,0.912,51.5,0,6
"{""ASIA"": null, ""LDN"": 1, ""NY"": 9}",750,3000.0,,,1.18,102743,76,62,6,8,0.912,51.5,0,6
"{""ASIA"": null, ""LDN"": 2, ""NY"": 2}",750,3000.0,,,0.89,94038,76,52,5,19,0.912,44.5,0,5
"{""ASIA"": null, ""LDN"": 2, ""NY"": 0}",500,2000.0,,,1.06,77603,76,51,5,20,0.911,69.0,0,5
"{""ASIA"": null, ""LDN"": 1, ""NY"": 7}",750,2000.0,,near,1.09,131106,76,59,6,11,0.908,39.0,0,6
"{""ASIA"": null, ""LDN"": 1, ""NY"": 9}",750,3000.0,,near,1.18,102743,76,55,6,15,0.902,46.0,0,6
"{""ASIA"": null, ""LDN"": 1, ""NY"": 9}",750,3000.0,,near,1.18,102743,76,55,6,15,0.902,46.0,0,6
"{""ASIA"": null, ""LDN"": 2, ""NY"": 9}",750,2000.0,,,1.04,101830,76,54,6,16,0.9,44.5,0,6
"{""ASIA"": null, ""LDN"": 2, ""NY"": 9}",750,2000.0,,near,1.04,101830,76,54,6,16,0.9,41.5,0,6
"{""ASIA"": null, ""LDN"": null, ""NY"": 0}",1000,3000.0,,near,0.8,119078,76,45,5,26,0.9,33.0,3,2
"{""ASIA"": null, ""LDN"": 1, ""NY"": 3}",250,3000.0,,,1.46,41711,76,45,5,26,0.9,122.0,0,5
"{""ASIA"": null, ""LDN"": 0, ""NY"": 6}",500,2000.0,,near,1.09,81590,76,53,6,17,0.898,72.0,0,6
"{""ASIA"": null, ""LDN"": 0, ""NY"": 8}",750,2000.0,,,0.97,117488,76,52,6,18,0.897,41.0,0,6
"{""ASIA"": null, ""LDN"": 0, ""NY"": 8}",750,2000.0,,,0.97,117488,76,52,6,18,0.897,41.0,0,6
"{""ASIA"": null, ""LDN"": 0, ""NY"": 3}",250,2000.0,,near,1.43,36977,76,35,4,37,0.897,155.0,0,4
"{""ASIA"": null, ""LDN"": null, ""NY"": 6}",1000,,,near,0.74,125636,76,60,7,9,0.896,39.5,0,7
"{""ASIA"": null, ""LDN"": null, ""NY"": 6}",1000,3000.0,,near,0.74,125636,76,60,7,9,0.896,39.5,0,7
"{""ASIA"": null, ""LDN"": null, ""NY"": 6}",1000,,,near,0.74,125636,76,60,7,9,0.896,39.5,0,7
"{""ASIA"": null, ""LDN"": 2, ""NY"": 3}",500,3000.0,,,1.28,77377,76,51,6,19,0.895,83.0,0,6
"{""ASIA"": null, ""LDN"": 2, ""NY"": 6}",750,2000.0,,,0.99,119373,76,51,6,19,0.895,40.0,0,6
"{""ASIA"": null, ""LDN"": 2, ""NY"": 0}",500,2000.0,,near,1.06,77603,76,51,6,19,0.895,54.0,0,6
"{""ASIA"": null, ""LDN"": 1, ""NY"": 8}",750,3000.0,,near,1.03,108221,76,59,7,10,0.894,45.0,0,7
"{""ASIA"": null, ""LDN"": 1, ""NY"": 8}",750,3000.0,,near,1.03,108221,76,59,7,10,0.894,45.0,0,7
"{""ASIA"": null, ""LDN"": 1, ""NY"": 8}",750,3000.0,,near,1.03,108221,76,59,7,10,0.894,45.0,0,7
"{""ASIA"": null, ""LDN"": 0, ""NY"": 0}",500,2000.0,,near,1.14,78944,76,50,6,20,0.893,80.0,0,6
"{""ASIA"": null, ""LDN"": 0, ""NY"": 0}",500,2000.0,,near,1.14,78944,76,50,6,20,0.893,80.0,0,6
"{""ASIA"": null, ""LDN"": 0, ""NY"": 8}",500,2000.0,,near,1.01,72248,76,50,6,20,0.893,83.5,0,6
"{""ASIA"": null, ""LDN"": 0, ""NY"": 6}",500,2000.0,,,1.09,81590,76,50,6,20,0.893,83.0,0,6
"{""ASIA"": null, ""LDN"": 1, ""NY"": 5}",500,2000.0,,near,1.03,80720,76,57,7,12,0.891,81.0,0,7
"{""ASIA"": null, ""LDN"": 1, ""NY"": 5}",500,2000.0,,near,1.03,80720,76,57,7,12,0.891,81.0,0,7
"{""ASIA"": null, ""LDN"": 1, ""NY"": 7}",750,3000.0,,near,1.13,125348,76,59,8,9,0.881,36.0,0,8
"{""ASIA"": null, ""LDN"": 1, ""NY"": 7}",750,3000.0,,near,1.13,125348,76,59,8,9,0.881,36.0,0,8
"{""ASIA"": null, ""LDN"": 1, ""NY"": 7}",500,4000.0,,near,1.19,86774,76,52,7,17,0.881,66.0,0,7
"{""ASIA"": null, ""LDN"": 1, ""NY"": 7}",500,3000.0,,,1.16,81218,76,52,7,17,0.881,75.0,0,7
"{""ASIA"": null, ""LDN"": 1, ""NY"": 7}",500,3000.0,,near,1.16,81218,76,52,7,17,0.881,74.5,0,7
"{""ASIA"": null, ""LDN"": null, ""NY"": 6}",1000,,,,0.74,125636,76,58,8,10,0.879,44.0,0,8
"{""ASIA"": null, ""LDN"": null, ""NY"": 6}",1000,3000.0,,,0.74,125636,76,58,8,10,0.879,44.0,0,8
"{""ASIA"": null, ""LDN"": null, ""NY"": 6}",1000,,,,0.74,125636,76,58,8,10,0.879,44.0,0,8
"{""ASIA"": null, ""LDN"": 1, ""NY"": 7}",500,4000.0,,,1.19,86774,76,51,7,18,0.879,73.0,0,7
"{""ASIA"": null, ""LDN"": 2, ""NY"": 3}",500,3000.0,,near,1.28,77377,76,51,7,18,0.879,75.0,0,7
"{""ASIA"": null, ""LDN"": 0, ""NY"": 0}",500,4000.0,,near,1.22,73730,76,50,7,19,0.877,84.0,7,0
"{""ASIA"": null, ""LDN"": 0, ""NY"": 0}",500,2000.0,,,1.14,78944,76,49,7,20,0.875,84.0,0,7
"{""ASIA"": null, ""LDN"": 0, ""NY"": 0}",500,2000.0,,,1.14,78944,76,49,7,20,0.875,84.0,0,7
"{""ASIA"": null, ""LDN"": 0, ""NY"": 2}",500,3000.0,,,1.02,62084,76,49,7,20,0.875,124.0,0,7
"{""ASIA"": null, ""LDN"": 0, ""NY"": 2}",500,3000.0,,near,1.02,62084,76,49,7,20,0.875,120.0,0,7
"{""ASIA"": null, ""LDN"": 0, ""NY"": 3}",250,2000.0,,,1.43,36977,76,28,4,44,0.875,184.5,0,4
"{""ASIA"": null, ""LDN"": 0, ""NY"": 8}",750,3000.0,,near,1.01,108374,76,61,9,6,0.871,40.0,2,7
"{""ASIA"": null, ""LDN"": 0, ""NY"": 7}",500,4000.0,,near,1.16,76175,76,54,8,14,0.871,69.0,2,6
"{""ASIA"": null, ""LDN"": 1, ""NY"": 7}",750,2000.0,,,1.09,131106,76,54,8,14,0.871,44.0,0,8
"{""ASIA"": null, ""LDN"": null, ""NY"": 9}",750,3000.0,,near,0.81,83919,76,47,7,22,0.87,49.0,0,7
"{""ASIA"": null, ""LDN"": 0, ""NY"": 7}",500,3000.0,,near,1.14,80836,76,53,8,15,0.869,64.0,0,8
"{""ASIA"": null, ""LDN"": null, ""NY"": 9}",750,3000.0,,,0.81,83919,76,46,7,23,0.868,51.0,0,7
"{""ASIA"": null, ""LDN"": 1, ""NY"": 7}",500,2000.0,,,1.13,83563,76,52,8,16,0.867,75.0,0,8
"{""ASIA"": null, ""LDN"": 1, ""NY"": 7}",500,2000.0,,near,1.13,83563,76,52,8,16,0.867,73.5,0,8
"{""ASIA"": null, ""LDN"": null, ""NY"": 0}",1000,3000.0,,,0.8,119078,76,44,7,25,0.863,39.5,4,3
"{""ASIA"": null, ""LDN"": 1, ""NY"": 8}",750,3000.0,,,1.03,108221,76,56,9,11,0.862,46.5,0,9
"{""ASIA"": null, ""LDN"": 1, ""NY"": 8}",750,3000.0,,,1.03,108221,76,56,9,11,0.862,46.5,0,9
"{""ASIA"": null, ""LDN"": 1, ""NY"": 8}",750,3000.0,,,1.03,108221,76,56,9,11,0.862,46.5,0,9
"{""ASIA"": null, ""LDN"": 0, ""NY"": 0}",500,4000.0,,,1.22,73730,76,49,8,19,0.86,86.0,8,0
"{""ASIA"": null, ""LDN"": 0, ""NY"": 2}",500,4000.0,,,1.04,57959,76,49,8,19,0.86,129.0,2,6
"{""ASIA"": null, ""LDN"": 0, ""NY"": 2}",500,4000.0,,,1.04,57959,76,49,8,19,0.86,129.0,2,6
"{""ASIA"": null, ""LDN"": 1, ""NY"": 2}",500,2000.0,,,1.01,65437,76,49,8,19,0.86,94.0,0,8
"{""ASIA"": null, ""LDN"": 1, ""NY"": 2}",500,2000.0,,near,1.01,65437,76,49,8,19,0.86,91.0,0,8
"{""ASIA"": null, ""LDN"": 1, ""NY"": 5}",500,2000.0,,,1.03,80720,76,55,9,12,0.859,73.0,0,9
"{""ASIA"": null, ""LDN"": 1, ""NY"": 5}",500,2000.0,,,1.03,80720,76,55,9,12,0.859,73.0,0,9
"{""ASIA"": null, ""LDN"": 1, ""NY"": 5}",750,2000.0,,,1.0,123392,76,60,10,6,0.857,40.5,0,10
"{""ASIA"": null, ""LDN"": 1, ""NY"": 4}",500,2000.0,,near,1.03,79629,76,54,9,13,0.857,69.0,0,9
"{""ASIA"": null, ""LDN"": 2, ""NY"": 10}",750,3000.0,,,0.93,121606,76,54,9,13,0.857,34.5,0,9
"{""ASIA"": null, ""LDN"": 2, ""NY"": 10}",750,3000.0,,,0.93,121606,76,54,9,13,0.857,34.5,0,9
"{""ASIA"": null, ""LDN"": 2, ""NY"": 10}",750,3000.0,,,0.93,121606,76,54,9,13,0.857,34.5,0,9
"{""ASIA"": null, ""LDN"": 0, ""NY"": 8}",500,2000.0,,,1.01,72248,76,48,8,20,0.857,88.5,0,8
"{""ASIA"": null, ""LDN"": null, ""NY"": 1}",1000,4000.0,,,0.69,122949,76,59,10,7,0.855,46.0,8,2
"{""ASIA"": null, ""LDN"": null, ""NY"": 1}",1000,4000.0,,,0.69,122949,76,59,10,7,0.855,46.0,8,2
"{""ASIA"": null, ""LDN"": null, ""NY"": 10}",1000,3000.0,,,0.68,130723,76,59,10,7,0.855,43.0,8,2
"{""ASIA"": null, ""LDN"": null, ""NY"": 10}",1000,4000.0,,,0.68,130723,76,59,10,7,0.855,43.0,8,2
"{""ASIA"": null, ""LDN"": 0, ""NY"": 1}",750,3000.0,,,1.05,119094,76,59,10,7,0.855,37.0,2,8
"{""ASIA"": null, ""LDN"": 0, ""NY"": 4}",500,4000.0,,near,1.06,72778,76,53,9,14,0.855,67.0,2,7
"{""ASIA"": null, ""LDN"": 0, ""NY"": 5}",500,2000.0,,near,1.01,79607,76,58,10,8,0.853,66.0,0,10
"{""ASIA"": null, ""LDN"": 1, ""NY"": 1}",500,2000.0,,near,1.07,79294,76,51,9,16,0.85,76.0,0,9
"{""ASIA"": null, ""LDN"": 2, ""NY"": 9}",750,4000.0,,near,1.08,103799,76,51,9,16,0.85,46.0,6,3
"{""ASIA"": null, ""LDN"": null, ""NY"": 8}",1000,2000.0,,near,0.66,108053,76,56,10,10,0.848,44.5,0,10
"{""ASIA"": null, ""LDN"": null, ""NY"": 8}",1000,4000.0,,near,0.66,108053,76,56,10,10,0.848,44.5,0,10
"{""ASIA"": null, ""LDN"": 1, ""NY"": 7}",750,3000.0,,,1.13,125348,76,56,10,10,0.848,35.5,0,10
"{""ASIA"": null, ""LDN"": 1, ""NY"": 7}",750,3000.0,,,1.13,125348,76,56,10,10,0.848,35.5,0,10
"{""ASIA"": null, ""LDN"": 2, ""NY"": 4}",750,2000.0,,near,0.9,117892,76,56,10,10,0.848,36.5,0,10
"{""ASIA"": null, ""LDN"": 1, ""NY"": 4}",500,2000.0,,,1.03,79629,76,50,9,17,0.847,78.5,0,9
"{""ASIA"": null, ""LDN"": 0, ""NY"": 3}",500,4000.0,,,1.43,73956,76,49,9,18,0.845,87.0,8,1
"{""ASIA"": null, ""LDN"": 0, ""NY"": 3}",500,4000.0,,near,1.43,73956,76,49,9,18,0.845,79.0,8,1
"{""ASIA"": null, ""LDN"": 0, ""NY"": 3}",500,4000.0,,,1.43,73956,76,49,9,18,0.845,87.0,8,1
"{""ASIA"": null, ""LDN"": 0, ""NY"": 3}",500,4000.0,,near,1.43,73956,76,49,9,18,0.845,79.0,8,1
"{""ASIA"": null, ""LDN"": 0, ""NY"": 3}",500,4000.0,,,1.43,73956,76,49,9,18,0.845,87.0,8,1
"{""ASIA"": null, ""LDN"": 0, ""NY"": 3}",500,4000.0,,near,1.43,73956,76,49,9,18,0.845,79.0,8,1
"{""ASIA"": null, ""LDN"": 1, ""NY"": 2}",500,3000.0,,,1.04,62466,76,49,9,18,0.845,105.0,0,9
"{""ASIA"": null, ""LDN"": 1, ""NY"": 2}",500,3000.0,,near,1.04,62466,76,49,9,18,0.845,92.0,0,9
"{""ASIA"": null, ""LDN"": 1, ""NY"": 1}",500,2000.0,,,1.07,79294,76,49,9,18,0.845,78.0,0,9
"{""ASIA"": null, ""LDN"": 1, ""NY"": 8}",500,2000.0,,,1.03,72145,76,49,9,18,0.845,83.0,0,9
"{""ASIA"": null, ""LDN"": 1, ""NY"": 8}",500,2000.0,,near,1.03,72145,76,49,9,18,0.845,79.0,0,9
"{""ASIA"": null, ""LDN"": 1, ""NY"": 8}",500,3000.0,,,1.06,69501,76,49,9,18,0.845,89.0,0,9
"{""ASIA"": null, ""LDN"": 1, ""NY"": 8}",500,3000.0,,near,1.06,69501,76,49,9,18,0.845,83.0,0,9
"{""ASIA"": null, ""LDN"": null, ""NY"": 3}",750,2000.0,,near,1.0,92788,76,48,9,19,0.842,45.5,0,9
"{""ASIA"": null, ""LDN"": 0, ""NY"": 2}",500,4000.0,,near,1.04,57959,76,48,9,19,0.842,122.0,3,6
"{""ASIA"": null, ""LDN"": 0, ""NY"": 2}",500,4000.0,,near,1.04,57959,76,48,9,19,0.842,122.0,3,6
"{""ASIA"": null, ""LDN"": 0, ""NY"": 7}",500,4000.0,,,1.16,76175,76,48,9,19,0.842,85.0,2,7
"{""ASIA"": null, ""LDN"": 0, ""NY"": 4}",500,4000.0,,,1.06,72778,76,48,9,19,0.842,86.0,2,7
"{""ASIA"": null, ""LDN"": null, ""NY"": 3}",1000,2000.0,,near,0.96,117909,76,52,10,14,0.839,33.0,0,10
"{""ASIA"": null, ""LDN"": 1, ""NY"": 4}",500,4000.0,,near,1.09,82840,76,52,10,14,0.839,65.5,0,10
"{""ASIA"": null, ""LDN"": 0, ""NY"": 7}",500,3000.0,,,1.14,80836,76,47,9,20,0.839,82.0,0,9
"{""ASIA"": null, ""LDN"": 2, ""NY"": 0}",750,2000.0,,,1.03,110956,76,55,11,10,0.833,36.0,0,11
"{""ASIA"": null, ""LDN"": 2, ""NY"": 0}",750,2000.0,,near,1.03,110956,76,55,11,10,0.833,33.0,0,11
"{""ASIA"": null, ""LDN"": 1, ""NY"": 6}",500,4000.0,,near,1.17,83831,76,50,10,16,0.833,75.0,0,10
"{""ASIA"": null, ""LDN"": 2, ""NY"": 10}",750,3000.0,,near,0.93,121606,76,54,11,11,0.831,32.0,0,11
"{""ASIA"": null, ""LDN"": 2, ""NY"": 10}",750,3000.0,,near,0.93,121606,76,54,11,11,0.831,32.0,0,11
"{""ASIA"": null, ""LDN"": 2, ""NY"": 10}",750,3000.0,,near,0.93,121606,76,54,11,11,0.831,32.0,0,11
"{""ASIA"": null, ""LDN"": 1, ""NY"": 2}",500,4000.0,,,1.07,68032,76,49,10,17,0.831,88.0,0,10
"{""ASIA"": null, ""LDN"": 1, ""NY"": 2}",500,4000.0,,near,1.07,68032,76,49,10,17,0.831,83.0,0,10
"{""ASIA"": null, ""LDN"": 1, ""NY"": 3}",500,3000.0,,,1.43,78999,76,49,10,17,0.831,77.0,0,10
"{""ASIA"": null, ""LDN"": 1, ""NY"": 3}",500,3000.0,,near,1.43,78999,76,49,10,17,0.831,77.0,0,10
"{""ASIA"": null, ""LDN"": 1, ""NY"": 4}",500,4000.0,,,1.09,82840,76,49,10,17,0.831,73.0,0,10
"{""ASIA"": null, ""LDN"": 1, ""NY"": 0}",500,4000.0,,,1.25,83791,76,49,10,17,0.831,73.0,0,10
"{""ASIA"": null, ""LDN"": 1, ""NY"": 0}",500,4000.0,,near,1.25,83791,76,49,10,17,0.831,67.0,0,10
"{""ASIA"": null, ""LDN"": 1, ""NY"": 6}",500,4000.0,,,1.17,83831,76,49,10,17,0.831,76.0,0,10
"{""ASIA"": null, ""LDN"": 1, ""NY"": 9}",500,4000.0,,,1.25,76350,76,49,10,17,0.831,73.0,0,10
"{""ASIA"": null, ""LDN"": 1, ""NY"": 9}",500,4000.0,,near,1.25,76350,76,49,10,17,0.831,71.0,0,10
"{""ASIA"": null, ""LDN"": 0, ""NY"": 2}",750,3000.0,,near,0.99,98279,76,57,12,7,0.826,49.0,1,11
"{""ASIA"": null, ""LDN"": 0, ""NY"": 1}",1000,2000.0,,near,0.96,180805,76,59,13,4,0.819,24.0,4,9
"{""ASIA"": null, ""LDN"": 2, ""NY"": 4}",500,4000.0,,near,0.92,74360,76,45,10,21,0.818,60.0,9,1
"{""ASIA"": null, ""LDN"": 0, ""NY"": 5}",500,2000.0,,,1.01,79607,76,49,11,16,0.817,60.0,0,11
"{""ASIA"": null, ""LDN"": null, ""NY"": 8}",1000,2000.0,,,0.66,108053,76,48,11,17,0.814,47.0,0,11
"{""ASIA"": null, ""LDN"": null, ""NY"": 8}",1000,4000.0,,,0.66,108053,76,48,11,17,0.814,47.0,0,11
"{""ASIA"": null, ""LDN"": null, ""NY"": 11}",1500,2000.0,,near,0.66,147735,76,60,14,2,0.811,31.0,10,4
"{""ASIA"": null, ""LDN"": 2, ""NY"": 4}",750,2000.0,,,0.9,117892,76,51,12,13,0.81,33.0,0,12
"{""ASIA"": null, ""LDN"": null, ""NY"": 3}",750,2000.0,,,1.0,92788,76,47,11,18,0.81,52.0,0,11
"{""ASIA"": null, ""LDN"": 0, ""NY"": 8}",750,3000.0,,,1.01,108374,76,47,11,18,0.81,49.0,2,9
"{""ASIA"": null, ""LDN"": 0, ""NY"": 3}",750,3000.0,,near,1.34,120023,76,54,13,9,0.806,28.5,2,11
"{""ASIA"": null, ""LDN"": null, ""NY"": 3}",1000,2000.0,,,0.96,117909,76,49,12,15,0.803,40.0,0,12
"{""ASIA"": null, ""LDN"": 0, ""NY"": 6}",750,2000.0,,,1.05,131610,76,56,14,6,0.8,34.0,0,14
"{""ASIA"": null, ""LDN"": 1, ""NY"": 4}",500,,,near,1.09,82251,76,52,13,11,0.8,65.5,3,10
"{""ASIA"": null, ""LDN"": null, ""NY"": 3}",750,4000.0,,near,1.02,94482,76,48,12,16,0.8,45.5,0,12
"{""ASIA"": null, ""LDN"": null, ""NY"": 3}",750,,,near,1.02,94482,76,48,12,16,0.8,45.5,0,12
"{""ASIA"": null, ""LDN"": 1, ""NY"": 0}",750,4000.0,,near,1.22,116328,76,55,14,7,0.797,40.0,10,4
"{""ASIA"": null, ""LDN"": 2, ""NY"": 3}",750,2000.0,,,1.21,116671,76,55,14,7,0.797,37.0,0,14
"{""ASIA"": null, ""LDN"": 1, ""NY"": 3}",750,3000.0,,near,1.36,120113,76,54,14,8,0.794,35.0,0,14
"{""ASIA"": null, ""LDN"": 1, ""NY"": 6}",1000,2000.0,,near,1.03,168329,76,54,14,8,0.794,25.0,1,13
"{""ASIA"": null, ""LDN"": 1, ""NY"": 1}",500,,,near,1.13,81915,76,50,13,13,0.794,69.0,3,10
"{""ASIA"": null, ""LDN"": 0, ""NY"": 10}",1000,2000.0,,near,0.96,184301,76,57,15,4,0.792,24.0,6,9
"{""ASIA"": null, ""LDN"": 1, ""NY"": 3}",500,,,,1.46,83429,76,49,13,14,0.79,67.0,3,10
"{""ASIA"": null, ""LDN"": 1, ""NY"": 3}",500,,,near,1.46,83429,76,49,13,14,0.79,67.0,3,10
"{""ASIA"": null, ""LDN"": 1, ""NY"": 3}",500,,,,1.46,83429,76,49,13,14,0.79,67.0,3,10
"{""ASIA"": null, ""LDN"": 1, ""NY"": 3}",500,,,near,1.46,83429,76,49,13,14,0.79,67.0,3,10
"{""ASIA"": null, ""LDN"": 1, ""NY"": 4}",500,,,,1.09,82251,76,49,13,14,0.79,73.0,3,10
"{""ASIA"": null, ""LDN"": 1, ""NY"": 0}",500,,,,1.25,83202,76,49,13,14,0.79,73.0,3,10
"{""ASIA"": null, ""LDN"": 1, ""NY"": 0}",500,,,near,1.25,83202,76,49,13,14,0.79,67.0,3,10
"{""ASIA"": null, ""LDN"": 1, ""NY"": 1}",500,,,,1.13,81915,76,49,13,14,0.79,73.0,3,10
"{""ASIA"": null, ""LDN"": 1, ""NY"": 7}",500,,,,1.19,85648,76,49,13,14,0.79,73.0,6,7
"{""ASIA"": null, ""LDN"": 1, ""NY"": 7}",500,,,near,1.19,85648,76,49,13,14,0.79,72.0,6,7
"{""ASIA"": null, ""LDN"": null, ""NY"": 4}",1000,,,,0.66,123620,76,55,15,6,0.786,48.0,0,15
"{""ASIA"": null, ""LDN"": null, ""NY"": 4}",1000,3000.0,,,0.66,123620,76,55,15,6,0.786,48.0,0,15
"{""ASIA"": null, ""LDN"": null, ""NY"": 4}",1000,,,,0.66,123620,76,55,15,6,0.786,48.0,0,15
"{""ASIA"": null, ""LDN"": null, ""NY"": 4}",1000,4000.0,,,0.66,123620,76,55,15,6,0.786,48.0,0,15
"{""ASIA"": null, ""LDN"": null, ""NY"": 5}",1000,2000.0,,,0.66,124770,76,55,15,6,0.786,46.0,0,15
"{""ASIA"": null, ""LDN"": null, ""NY"": 5}",1000,,,,0.66,124770,76,55,15,6,0.786,46.0,0,15
"{""ASIA"": null, ""LDN"": 1, ""NY"": 1}",750,3000.0,,near,1.07,118941,76,55,15,6,0.786,30.0,0,15
"{""ASIA"": null, ""LDN"": 2, ""NY"": 3}",750,2000.0,,near,1.21,116671,76,55,15,6,0.786,32.0,0,15
"{""ASIA"": null, ""LDN"": 1, ""NY"": 3}",750,3000.0,,,1.36,120113,76,51,14,11,0.785,41.0,0,14
"{""ASIA"": null, ""LDN"": 0, ""NY"": 3}",750,3000.0,,,1.34,120023,76,50,14,12,0.781,30.0,2,12
"{""ASIA"": null, ""LDN"": null, ""NY"": 3}",750,4000.0,,,1.02,94482,76,46,13,17,0.78,51.0,0,13
"{""ASIA"": null, ""LDN"": null, ""NY"": 3}",750,,,,1.02,94482,76,46,13,17,0.78,51.0,0,13
"{""ASIA"": null, ""LDN"": 2, ""NY"": 1}",750,4000.0,,near,0.95,113003,76,46,13,17,0.78,35.5,11,2
"{""ASIA"": null, ""LDN"": 0, ""NY"": 9}",750,4000.0,,near,1.19,109801,76,53,15,8,0.779,49.0,12,3
"{""ASIA"": null, ""LDN"": 1, ""NY"": 1}",750,3000.0,,,1.07,118941,76,52,15,9,0.776,33.5,0,15
"{""ASIA"": null, ""LDN"": 0, ""NY"": 2}",1000,2000.0,,near,0.92,152465,76,55,16,5,0.775,30.0,4,12
"{""ASIA"": null, ""LDN"": 0, ""NY"": 4}",750,2000.0,,,0.97,128264,76,55,16,5,0.775,33.0,0,16
"{""ASIA"": null, ""LDN"": 0, ""NY"": 4}",750,2000.0,,near,0.97,128264,76,55,16,5,0.775,29.0,0,16
"{""ASIA"": null, ""LDN"": 1, ""NY"": 1}",1000,4000.0,,near,1.07,158588,76,56,17,3,0.767,23.0,10,7
"{""ASIA"": null, ""LDN"": 0, ""NY"": 2}",750,3000.0,,,0.99,98279,76,49,15,12,0.766,38.0,2,13
"{""ASIA"": null, ""LDN"": 2, ""NY"": 1}",750,,,near,0.96,109245,76,45,14,17,0.763,37.0,12,2
"{""ASIA"": null, ""LDN"": 2, ""NY"": 6}",1000,2000.0,,near,0.93,144420,76,48,15,13,0.762,27.0,1,14
"{""ASIA"": null, ""LDN"": 0, ""NY"": 10}",750,4000.0,,near,1.05,124861,76,54,17,5,0.761,40.0,8,9
"{""ASIA"": null, ""LDN"": null, ""NY"": 11}",1500,2000.0,,,0.66,147735,76,57,18,1,0.76,36.0,13,5
"{""ASIA"": null, ""LDN"": 2, ""NY"": 6}",750,,,near,1.01,111268,76,44,14,18,0.759,42.5,11,3
"{""ASIA"": null, ""LDN"": null, ""NY"": 9}",1500,3000.0,,near,0.79,172969,76,53,17,6,0.757,25.0,4,13
"{""ASIA"": null, ""LDN"": null, ""NY"": 9}",1500,3000.0,,near,0.79,172969,76,53,17,6,0.757,25.0,4,13
"{""ASIA"": null, ""LDN"": null, ""NY"": 7}",1000,,,near,0.75,130417,76,52,17,7,0.754,38.5,5,12
"{""ASIA"": null, ""LDN"": null, ""NY"": 7}",1000,3000.0,,near,0.75,130417,76,52,17,7,0.754,38.5,5,12
"{""ASIA"": null, ""LDN"": 1, ""NY"": 0}",1000,2000.0,,near,1.05,156285,76,52,17,7,0.754,24.0,2,15
"{""ASIA"": null, ""LDN"": 1, ""NY"": 6}",1000,2000.0,,,1.03,168329,76,49,16,11,0.754,25.0,3,13
"{""ASIA"": null, ""LDN"": 1, ""NY"": 9}",1000,2000.0,,near,1.05,147913,76,47,16,13,0.746,25.0,0,16
"{""ASIA"": null, ""LDN"": 0, ""NY"": 5}",500,3000.0,,near,1.04,77478,76,52,18,6,0.743,61.0,0,18
"{""ASIA"": null, ""LDN"": null, ""NY"": 7}",1000,,,,0.75,130417,76,51,18,7,0.739,43.0,10,8
"{""ASIA"": null, ""LDN"": null, ""NY"": 7}",1000,3000.0,,,0.75,130417,76,51,18,7,0.739,43.0,10,8
"{""ASIA"": null, ""LDN"": null, ""NY"": 6}",1500,2000.0,,near,0.74,188471,76,52,19,5,0.732,25.0,3,16
"{""ASIA"": null, ""LDN"": null, ""NY"": 10}",1500,4000.0,,near,0.68,196082,76,52,19,5,0.732,23.5,2,17
"{""ASIA"": null, ""LDN"": null, ""NY"": 10}",1500,3000.0,,near,0.68,196082,76,52,19,5,0.732,23.5,2,17
"{""ASIA"": null, ""LDN"": 0, ""NY"": 1}",750,3000.0,,near,1.05,119094,76,52,19,5,0.732,29.5,2,17
"{""ASIA"": null, ""LDN"": 0, ""NY"": 2}",1000,2000.0,,,0.92,152465,76,52,19,5,0.732,32.0,5,14
"{""ASIA"": null, ""LDN"": 0, ""NY"": 7}",750,4000.0,,near,1.12,125439,76,52,19,5,0.732,32.0,10,9
"{""ASIA"": null, ""LDN"": 0, ""NY"": 9}",1000,2000.0,,near,1.04,166703,76,52,19,5,0.732,25.5,3,16
"{""ASIA"": null, ""LDN"": 0, ""NY"": 5}",500,3000.0,,,1.04,77478,76,49,18,9,0.731,54.0,0,18
"{""ASIA"": null, ""LDN"": 1, ""NY"": 7}",750,4000.0,,near,1.16,122272,76,49,18,9,0.731,35.0,13,5
"{""ASIA"": null, ""LDN"": null, ""NY"": 9}",1500,4000.0,,near,0.8,171022,76,51,19,6,0.729,25.0,6,13
"{""ASIA"": null, ""LDN"": 1, ""NY"": 3}",1000,2000.0,,,1.18,156214,76,51,19,6,0.729,27.0,3,16
"{""ASIA"": null, ""LDN"": 1, ""NY"": 3}",1000,2000.0,,near,1.18,156214,76,51,19,6,0.729,23.0,0,19
"{""ASIA"": null, ""LDN"": 0, ""NY"": 3}",750,4000.0,,near,1.39,122899,76,50,19,7,0.725,30.5,10,9
"{""ASIA"": null, ""LDN"": 1, ""NY"": 0}",750,,,near,1.25,124806,76,50,19,7,0.725,36.0,15,4
"{""ASIA"": null, ""LDN"": null, ""NY"": 1}",1500,,,near,0.69,184423,76,52,20,4,0.722,21.0,2,18
"{""ASIA"": null, ""LDN"": null, ""NY"": 1}",1500,3000.0,,near,0.69,184423,76,52,20,4,0.722,21.0,2,18
"{""ASIA"": null, ""LDN"": 0, ""NY"": 9}",1000,2000.0,,,1.04,166703,76,52,20,4,0.722,27.5,4,16
"{""ASIA"": null, ""LDN"": 2, ""NY"": 11}",750,4000.0,,near,0.92,94628,76,41,16,19,0.719,32.0,12,4
"{""ASIA"": null, ""LDN"": 0, ""NY"": 5}",750,3000.0,,near,1.01,119413,76,51,20,5,0.718,36.0,2,18
"{""ASIA"": null, ""LDN"": 0, ""NY"": 5}",750,3000.0,,near,1.01,119413,76,51,20,5,0.718,36.0,2,18
"{""ASIA"": null, ""LDN"": 1, ""NY"": 4}",750,4000.0,,near,1.06,116371,76,48,19,9,0.716,29.5,9,10
"{""ASIA"": null, ""LDN"": 1, ""NY"": 4}",750,4000.0,,near,1.06,116371,76,48,19,9,0.716,29.5,9,10
"{""ASIA"": null, ""LDN"": 1, ""NY"": 8}",750,4000.0,,near,1.06,104695,76,48,19,9,0.716,34.5,13,6
"{""ASIA"": null, ""LDN"": 2, ""NY"": 7}",750,,,near,1.03,114847,76,45,18,13,0.714,32.0,10,8
"{""ASIA"": null, ""LDN"": 1, ""NY"": 11}",1000,2000.0,,near,0.97,139060,76,47,19,10,0.712,27.0,1,18
"{""ASIA"": null, ""LDN"": 1, ""NY"": 0}",1000,2000.0,,,1.05,156285,76,49,21,6,0.7,27.0,6,15
"{""ASIA"": null, ""LDN"": 1, ""NY"": 11}",1000,4000.0,,,1.04,135371,76,49,21,6,0.7,31.0,4,17
"{""ASIA"": null, ""LDN"": 2, ""NY"": 3}",1000,2000.0,,near,1.09,133604,76,51,22,3,0.699,24.0,0,22
"{""ASIA"": null, ""LDN"": 2, ""NY"": 3}",1000,2000.0,,near,1.09,133604,76,51,22,3,0.699,24.0,0,22
"{""ASIA"": null, ""LDN"": 2, ""NY"": 3}",1000,2000.0,,near,1.09,133604,76,51,22,3,0.699,24.0,0,22
"{""ASIA"": null, ""LDN"": 2, ""NY"": 6}",1000,4000.0,,near,0.99,157035,76,46,20,10,0.697,27.0,6,14
"{""ASIA"": null, ""LDN"": 2, ""NY"": 6}",1000,3000.0,,near,0.99,159156,76,46,20,10,0.697,27.0,5,15
"{""ASIA"": null, ""LDN"": 2, ""NY"": 6}",1000,4000.0,,near,0.99,157035,76,46,20,10,0.697,27.0,6,14
"{""ASIA"": null, ""LDN"": 0, ""NY"": 1}",1000,2000.0,,,0.96,180805,76,50,22,4,0.694,23.5,6,16
"{""ASIA"": null, ""LDN"": 0, ""NY"": 5}",1000,2000.0,,near,0.93,182790,76,50,22,4,0.694,24.0,1,21
"{""ASIA"": null, ""LDN"": 0, ""NY"": 4}",500,,,near,1.07,84440,76,43,19,14,0.694,62.0,12,7
"{""ASIA"": null, ""LDN"": null, ""NY"": 7}",2000,4000.0,,near,0.75,260834,76,52,23,1,0.693,18.0,9,14
"{""ASIA"": null, ""LDN"": null, ""NY"": 7}",2000,4000.0,,near,0.75,260834,76,52,23,1,0.693,18.0,9,14
"{""ASIA"": null, ""LDN"": 1, ""NY"": 9}",1000,2000.0,,,1.05,147913,76,44,20,12,0.688,25.5,2,18
"{""ASIA"": null, ""LDN"": 1, ""NY"": 11}",1000,2000.0,,,0.97,139060,76,46,21,9,0.687,27.5,3,18
"{""ASIA"": null, ""LDN"": 1, ""NY"": null}",500,4000.0,,,0.43,21030,76,35,16,25,0.686,138.0,0,16
"{""ASIA"": null, ""LDN"": 0, ""NY"": 3}",750,4000.0,,,1.39,122899,76,47,22,7,0.681,31.0,12,10
"{""ASIA"": null, ""LDN"": 2, ""NY"": 5}",750,2000.0,,near,0.9,118755,76,42,20,14,0.677,44.5,0,20
"{""ASIA"": null, ""LDN"": 0, ""NY"": 11}",750,4000.0,,near,1.03,100609,76,48,23,5,0.676,32.5,19,4
"{""ASIA"": null, ""LDN"": 2, ""NY"": 3}",750,4000.0,,near,1.28,116065,76,47,23,6,0.671,28.0,8,15
"{""ASIA"": null, ""LDN"": null, ""NY"": 8}",2000,3000.0,,near,0.66,216105,76,50,25,1,0.667,18.5,9,16
"{""ASIA"": null, ""LDN"": null, ""NY"": 8}",2000,4000.0,,near,0.66,216105,76,50,25,1,0.667,18.5,9,16
"{""ASIA"": null, ""LDN"": 2, ""NY"": 2}",1000,2000.0,,near,0.84,120552,76,50,25,1,0.667,40.0,14,11
"{""ASIA"": null, ""LDN"": null, ""NY"": 8}",1500,2000.0,,near,0.66,162079,76,48,24,4,0.667,23.5,5,19
"{""ASIA"": null, ""LDN"": null, ""NY"": 8}",1500,,,near,0.66,162079,76,48,24,4,0.667,23.5,5,19
"{""ASIA"": null, ""LDN"": null, ""NY"": 8}",1500,2000.0,,near,0.66,162079,76,48,24,4,0.667,23.5,5,19
"{""ASIA"": null, ""LDN"": 0, ""NY"": 10}",1000,2000.0,,,0.96,184301,76,48,24,4,0.667,24.0,9,15
"{""ASIA"": null, ""LDN"": 1, ""NY"": 2}",750,4000.0,,near,1.04,94143,76,44,22,10,0.667,35.0,16,6
"{""ASIA"": null, ""LDN"": 2, ""NY"": 6}",1000,,,near,1.01,148350,76,44,22,10,0.667,26.5,8,14
"{""ASIA"": null, ""LDN"": 2, ""NY"": 7}",500,4000.0,,near,1.02,77757,76,38,19,19,0.667,55.0,16,3
"{""ASIA"": null, ""LDN"": null, ""NY"": 9}",2000,3000.0,,near,0.79,230602,76,49,25,2,0.662,18.0,6,19
"{""ASIA"": null, ""LDN"": null, ""NY"": 9}",2000,4000.0,,near,0.79,230602,76,49,25,2,0.662,18.0,8,17
"{""ASIA"": null, ""LDN"": 0, ""NY"": 4}",750,4000.0,,,1.03,119539,76,47,24,5,0.662,32.0,6,18
"{""ASIA"": null, ""LDN"": 0, ""NY"": 4}",750,4000.0,,near,1.03,119539,76,47,24,5,0.662,29.0,6,18
"{""ASIA"": null, ""LDN"": 0, ""NY"": 5}",750,3000.0,,,1.01,119413,76,47,24,5,0.662,33.0,2,22
"{""ASIA"": null, ""LDN"": 0, ""NY"": 5}",750,3000.0,,,1.01,119413,76,47,24,5,0.662,33.0,2,22
"{""ASIA"": null, ""LDN"": 2, ""NY"": 5}",750,3000.0,,near,0.91,117145,76,41,21,14,0.661,44.0,0,21
"{""ASIA"": null, ""LDN"": 2, ""NY"": 5}",750,3000.0,,near,0.91,117145,76,41,21,14,0.661,44.0,0,21
"{""ASIA"": null, ""LDN"": 1, ""NY"": null}",500,4000.0,,near,0.43,21030,76,35,18,23,0.66,138.0,0,18
"{""ASIA"": null, ""LDN"": null, ""NY"": 5}",1500,2000.0,,near,0.66,187156,76,48,25,3,0.658,32.5,1,24
"{""ASIA"": null, ""LDN"": 1, ""NY"": 1}",1000,4000.0,,,1.07,158588,76,48,25,3,0.658,25.5,15,10
"{""ASIA"": null, ""LDN"": 1, ""NY"": 5}",1000,2000.0,,near,0.95,159342,76,44,23,9,0.657,25.0,1,22
"{""ASIA"": null, ""LDN"": 1, ""NY"": 0}",750,,,,1.25,124806,76,44,23,9,0.657,46.0,20,3
"{""ASIA"": null, ""LDN"": 1, ""NY"": 0}",750,4000.0,,,1.22,116328,76,44,23,9,0.657,46.0,20,3
"{""ASIA"": null, ""LDN"": 2, ""NY"": 2}",500,4000.0,,near,0.9,59541,76,36,19,21,0.655,57.0,17,2
"{""ASIA"": null, ""LDN"": 0, ""NY"": 8}",750,4000.0,,near,1.03,107863,76,46,25,5,0.648,30.5,17,8
"{""ASIA"": null, ""LDN"": 1, ""NY"": 6}",1000,3000.0,,near,1.1,162680,76,46,25,5,0.648,22.0,13,12
"{""ASIA"": null, ""LDN"": 1, ""NY"": 2}",1000,4000.0,,near,1.01,130907,76,44,24,8,0.647,27.0,6,18
"{""ASIA"": null, ""LDN"": 1, ""NY"": 2}",1000,4000.0,,near,1.01,130907,76,44,24,8,0.647,27.0,6,18
"{""ASIA"": null, ""LDN"": 0, ""NY"": 6}",1000,3000.0,,near,1.05,175469,76,47,26,3,0.644,21.0,17,9
"{""ASIA"": null, ""LDN"": 0, ""NY"": 6}",1000,3000.0,,near,1.05,175469,76,47,26,3,0.644,21.0,17,9
"{""ASIA"": null, ""LDN"": 1, ""NY"": 1}",750,4000.0,,near,1.09,115865,76,45,25,6,0.643,29.0,12,13
"{""ASIA"": null, ""LDN"": null, ""NY"": 1}",2000,3000.0,,near,0.69,245898,76,48,27,1,0.64,20.0,13,14
"{""ASIA"": null, ""LDN"": null, ""NY"": 1}",2000,2000.0,,near,0.69,245898,76,48,27,1,0.64,20.0,13,14
"{""ASIA"": null, ""LDN"": null, ""NY"": 1}",2000,3000.0,,near,0.69,245898,76,48,27,1,0.64,20.0,13,14
"{""ASIA"": null, ""LDN"": null, ""NY"": 1}",1500,,,,0.69,184423,76,46,26,4,0.639,23.0,5,21
"{""ASIA"": null, ""LDN"": null, ""NY"": 1}",1500,3000.0,,,0.69,184423,76,46,26,4,0.639,23.0,5,21
"{""ASIA"": null, ""LDN"": null, ""NY"": 10}",1500,4000.0,,,0.68,196082,76,46,26,4,0.639,24.5,8,18
"{""ASIA"": null, ""LDN"": null, ""NY"": 10}",1500,3000.0,,,0.68,196082,76,46,26,4,0.639,24.5,8,18
"{""ASIA"": null, ""LDN"": null, ""NY"": 4}",1500,3000.0,,near,0.66,185430,76,45,26,5,0.634,21.0,4,22
"{""ASIA"": null, ""LDN"": null, ""NY"": 0}",1500,2000.0,,near,0.77,177728,76,45,26,5,0.634,21.0,7,19
"{""ASIA"": null, ""LDN"": null, ""NY"": 6}",2000,2000.0,,near,0.74,251272,76,46,27,3,0.63,17.5,8,19
"{""ASIA"": null, ""LDN"": 1, ""NY"": 10}",1000,3000.0,,near,1.05,164193,76,46,27,3,0.63,21.0,9,18
"{""ASIA"": null, ""LDN"": 1, ""NY"": 10}",1000,3000.0,,near,1.05,164193,76,46,27,3,0.63,21.0,9,18
"{""ASIA"": null, ""LDN"": null, ""NY"": 4}",2000,3000.0,,near,0.66,247240,76,47,28,1,0.627,16.0,6,22
"{""ASIA"": null, ""LDN"": null, ""NY"": 4}",2000,2000.0,,near,0.66,247240,76,47,28,1,0.627,16.0,6,22
"{""ASIA"": null, ""LDN"": 2, ""NY"": 11}",1000,3000.0,,near,0.91,131987,76,47,28,1,0.627,28.0,15,13
"{""ASIA"": null, ""LDN"": 1, ""NY"": 4}",750,4000.0,,,1.06,116371,76,42,25,9,0.627,32.0,18,7
"{""ASIA"": null, ""LDN"": 1, ""NY"": 4}",750,4000.0,,,1.06,116371,76,42,25,9,0.627,32.0,18,7
"{""ASIA"": null, ""LDN"": 0, ""NY"": 3}",1000,3000.0,,near,1.27,176538,76,45,27,4,0.625,20.0,13,14
"{""ASIA"": null, ""LDN"": null, ""NY"": 7}",1500,4000.0,,near,0.75,195624,76,44,27,5,0.62,20.5,6,21
"{""ASIA"": null, ""LDN"": null, ""NY"": 7}",1500,2000.0,,near,0.75,195624,76,44,27,5,0.62,20.5,6,21
"{""ASIA"": null, ""LDN"": null, ""NY"": 7}",1500,4000.0,,near,0.75,195624,76,44,27,5,0.62,20.5,6,21
"{""ASIA"": null, ""LDN"": 2, ""NY"": 10}",1000,2000.0,,near,0.88,151388,76,44,27,5,0.62,21.0,3,24
"{""ASIA"": null, ""LDN"": 2, ""NY"": 10}",1000,2000.0,,near,0.88,151388,76,44,27,5,0.62,21.0,3,24
"{""ASIA"": null, ""LDN"": 1, ""NY"": 3}",750,,,near,1.46,125147,76,42,26,8,0.618,32.0,16,10
"{""ASIA"": null, ""LDN"": 2, ""NY"": 3}",750,4000.0,,,1.28,116065,76,42,26,8,0.618,33.0,13,13
"{""ASIA"": null, ""LDN"": 1, ""NY"": 0}",1000,3000.0,,near,1.14,153269,76,45,28,3,0.616,23.0,10,18
"{""ASIA"": null, ""LDN"": 1, ""NY"": 0}",1000,3000.0,,near,1.14,153269,76,45,28,3,0.616,23.0,10,18
"{""ASIA"": null, ""LDN"": 1, ""NY"": 10}",1000,4000.0,,,1.05,166363,76,45,28,3,0.616,22.0,12,16
"{""ASIA"": null, ""LDN"": 1, ""NY"": 10}",1000,4000.0,,,1.05,166363,76,45,28,3,0.616,22.0,12,16
"{""ASIA"": null, ""LDN"": 2, ""NY"": 11}",750,,,near,0.93,90886,76,35,22,19,0.614,27.0,18,4
"{""ASIA"": null, ""LDN"": 2, ""NY"": 11}",750,,,near,0.93,90886,76,35,22,19,0.614,27.0,18,4
"{""ASIA"": null, ""LDN"": null, ""NY"": 5}",2000,,,near,0.66,249541,76,46,29,1,0.613,25.5,5,24
"{""ASIA"": null, ""LDN"": null, ""NY"": 5}",2000,,,near,0.66,249541,76,46,29,1,0.613,25.5,5,24
"{""ASIA"": null, ""LDN"": null, ""NY"": 5}",2000,4000.0,,near,0.66,249541,76,46,29,1,0.613,25.5,5,24
"{""ASIA"": null, ""LDN"": null, ""NY"": 5}",2000,4000.0,,near,0.66,249541,76,46,29,1,0.613,25.5,5,24
"{""ASIA"": null, ""LDN"": null, ""NY"": 9}",1500,3000.0,,,0.79,172969,76,41,26,9,0.612,20.0,4,22
"{""ASIA"": null, ""LDN"": null, ""NY"": 9}",1500,3000.0,,,0.79,172969,76,41,26,9,0.612,20.0,4,22
"{""ASIA"": null, ""LDN"": null, ""NY"": 0}",1500,4000.0,,near,0.8,178617,76,44,28,4,0.611,20.0,16,12
"{""ASIA"": null, ""LDN"": 0, ""NY"": 1}",1000,3000.0,,near,1.0,170361,76,44,28,4,0.611,19.0,20,8
"{""ASIA"": null, ""LDN"": 0, ""NY"": 5}",1000,2000.0,,,0.93,182790,76,44,28,4,0.611,23.0,5,23
"{""ASIA"": null, ""LDN"": 0, ""NY"": 9}",750,4000.0,,,1.19,109801,76,39,25,12,0.609,33.0,22,3
"{""ASIA"": null, ""LDN"": 0, ""NY"": 10}",750,4000.0,,,1.05,124861,76,43,28,5,0.606,35.0,17,11
"{""ASIA"": null, ""LDN"": 1, ""NY"": 2}",750,,,near,1.07,101167,76,40,26,10,0.606,35.0,20,6
"{""ASIA"": null, ""LDN"": 1, ""NY"": 7}",750,4000.0,,,1.16,122272,76,40,26,10,0.606,29.5,23,3
"{""ASIA"": null, ""LDN"": 2, ""NY"": 6}",1500,4000.0,,near,0.99,238752,76,44,29,3,0.603,17.0,12,17
"{""ASIA"": null, ""LDN"": 1, ""NY"": 10}",1000,3000.0,,,1.05,164193,76,44,29,3,0.603,25.0,12,17
"{""ASIA"": null, ""LDN"": 1, ""NY"": 10}",1000,3000.0,,,1.05,164193,76,44,29,3,0.603,25.0,12,17
"{""ASIA"": null, ""LDN"": 1, ""NY"": 10}",1000,4000.0,,near,1.05,166363,76,44,29,3,0.603,21.0,13,16
"{""ASIA"": null, ""LDN"": 1, ""NY"": 10}",1000,4000.0,,near,1.05,166363,76,44,29,3,0.603,21.0,13,16
"{""ASIA"": null, ""LDN"": 1, ""NY"": 11}",1000,4000.0,,near,1.04,135371,76,41,27,8,0.603,24.0,16,11
"{""ASIA"": null, ""LDN"": 1, ""NY"": 11}",1500,3000.0,,near,0.97,208580,76,45,30,1,0.6,17.0,12,18
"{""ASIA"": null, ""LDN"": 0, ""NY"": 8}",1000,3000.0,,near,0.97,156646,76,42,29,5,0.592,22.5,19,10
"{""ASIA"": null, ""LDN"": 0, ""NY"": 9}",1000,3000.0,,near,1.09,157047,76,42,29,5,0.592,21.0,19,10
"{""ASIA"": null, ""LDN"": null, ""NY"": 3}",2000,4000.0,,near,0.96,235817,76,44,31,1,0.587,17.0,12,19
"{""ASIA"": null, ""LDN"": null, ""NY"": 3}",2000,3000.0,,near,0.95,234855,76,44,31,1,0.587,17.0,8,23
"{""ASIA"": null, ""LDN"": null, ""NY"": 3}",2000,,,near,1.02,251968,76,44,31,1,0.587,17.0,16,15
"{""ASIA"": null, ""LDN"": 2, ""NY"": 2}",1000,2000.0,,,0.84,120552,76,44,31,1,0.587,39.5,18,13
"{""ASIA"": null, ""LDN"": 2, ""NY"": 7}",2000,3000.0,,near,0.94,307011,76,44,31,1,0.587,14.0,14,17
"{""ASIA"": null, ""LDN"": 1, ""NY"": 1}",750,,,near,1.13,122873,76,41,29,6,0.586,29.0,16,13
"{""ASIA"": null, ""LDN"": 2, ""NY"": 9}",750,4000.0,,,1.08,103799,76,35,25,16,0.583,51.0,22,3
"{""ASIA"": null, ""LDN"": 2, ""NY"": 0}",1000,3000.0,,near,1.04,151794,76,39,28,9,0.582,21.0,4,24
"{""ASIA"": null, ""LDN"": 2, ""NY"": 8}",500,4000.0,,near,0.92,66576,76,32,23,21,0.582,76.5,20,3
"{""ASIA"": null, ""LDN"": 1, ""NY"": 4}",1500,2000.0,,near,0.91,244658,76,43,31,2,0.581,15.0,3,28
"{""ASIA"": null, ""LDN"": 2, ""NY"": 7}",750,,,,1.03,114847,76,34,25,17,0.576,25.5,16,9
"{""ASIA"": null, ""LDN"": 1, ""NY"": 7}",1000,3000.0,,near,1.11,169232,76,42,31,3,0.575,19.5,10,21
"{""ASIA"": null, ""LDN"": 1, ""NY"": 7}",1000,3000.0,,near,1.11,169232,76,42,31,3,0.575,19.5,10,21
"{""ASIA"": null, ""LDN"": 2, ""NY"": 2}",1500,4000.0,,near,0.88,191267,76,43,32,1,0.573,19.0,25,7
"{""ASIA"": null, ""LDN"": 2, ""NY"": 8}",2000,3000.0,,near,0.85,263084,76,43,32,1,0.573,18.0,16,16
"{""ASIA"": null, ""LDN"": 0, ""NY"": 9}",1000,3000.0,,,1.09,157047,76,41,31,4,0.569,28.0,23,8
"{""ASIA"": null, ""LDN"": 2, ""NY"": 6}",2000,2000.0,,near,0.8,202287,76,42,32,2,0.568,14.5,8,24
"{""ASIA"": null, ""LDN"": 2, ""NY"": 5}",750,2000.0,,,0.9,118755,76,35,27,14,0.565,28.0,0,27
"{""ASIA"": null, ""LDN"": 0, ""NY"": 2}",750,4000.0,,near,1.01,97262,76,40,31,5,0.563,32.5,20,11
"{""ASIA"": null, ""LDN"": 0, ""NY"": 2}",750,4000.0,,near,1.01,97262,76,40,31,5,0.563,32.5,20,11
"{""ASIA"": null, ""LDN"": 0, ""NY"": 4}",750,,,near,1.07,126663,76,40,31,5,0.563,27.0,30,1
"{""ASIA"": null, ""LDN"": 2, ""NY"": 6}",500,4000.0,,near,1.01,75345,76,32,25,19,0.561,78.5,20,5
"{""ASIA"": null, ""LDN"": null, ""NY"": 11}",2000,3000.0,,near,0.66,197002,76,42,33,1,0.56,18.5,8,25
"{""ASIA"": null, ""LDN"": null, ""NY"": 11}",2000,2000.0,,near,0.66,197002,76,42,33,1,0.56,18.5,8,25
"{""ASIA"": null, ""LDN"": null, ""NY"": 11}",2000,4000.0,,near,0.66,197002,76,42,33,1,0.56,18.5,8,25
"{""ASIA"": null, ""LDN"": 2, ""NY"": 2}",1500,,,near,0.91,175111,76,42,33,1,0.56,18.5,26,7
"{""ASIA"": null, ""LDN"": null, ""NY"": 0}",1500,2000.0,,,0.77,177728,76,39,31,6,0.557,25.0,10,21
"{""ASIA"": null, ""LDN"": 0, ""NY"": 1}",1000,3000.0,,,1.0,170361,76,40,32,4,0.556,23.0,25,7
"{""ASIA"": null, ""LDN"": 0, ""NY"": 7}",1000,3000.0,,near,1.06,179957,76,40,32,4,0.556,17.5,17,15
"{""ASIA"": null, ""LDN"": 0, ""NY"": 3}",1000,3000.0,,,1.27,176538,76,40,32,4,0.556,24.0,20,12
"{""ASIA"": null, ""LDN"": 0, ""NY"": 10}",750,,,near,1.1,131986,76,39,32,5,0.549,27.0,31,1
"{""ASIA"": null, ""LDN"": 0, ""NY"": 5}",750,4000.0,,near,1.03,120401,76,39,32,5,0.549,30.0,14,18
"{""ASIA"": null, ""LDN"": 1, ""NY"": 1}",1500,2000.0,,near,0.94,245239,76,40,33,3,0.548,14.5,2,31
"{""ASIA"": null, ""LDN"": 1, ""NY"": 1}",1500,2000.0,,near,0.94,245239,76,40,33,3,0.548,14.5,2,31
"{""ASIA"": null, ""LDN"": 2, ""NY"": 5}",750,3000.0,,,0.91,117145,76,34,28,14,0.548,27.5,0,28
"{""ASIA"": null, ""LDN"": 2, ""NY"": 5}",750,3000.0,,,0.91,117145,76,34,28,14,0.548,27.5,0,28
"{""ASIA"": null, ""LDN"": null, ""NY"": 2}",2000,2000.0,,near,0.64,188074,76,41,34,1,0.547,18.0,7,27
"{""ASIA"": null, ""LDN"": null, ""NY"": 10}",2000,,,near,0.68,261447,76,41,34,1,0.547,14.0,7,27
"{""ASIA"": null, ""LDN"": null, ""NY"": 10}",2000,3000.0,,near,0.68,261447,76,41,34,1,0.547,14.0,7,27
"{""ASIA"": null, ""LDN"": 1, ""NY"": 11}",1500,4000.0,,near,1.01,210002,76,41,34,1,0.547,17.0,26,8
"{""ASIA"": null, ""LDN"": 2, ""NY"": 4}",750,,,near,0.93,109751,76,36,30,10,0.545,24.0,8,22
"{""ASIA"": null, ""LDN"": 2, ""NY"": 9}",500,4000.0,,near,1.08,67864,76,31,26,19,0.544,43.0,23,3
"{""ASIA"": null, ""LDN"": 1, ""NY"": 6}",1000,3000.0,,,1.1,162680,76,38,32,6,0.543,22.5,19,13
"{""ASIA"": null, ""LDN"": 2, ""NY"": 8}",750,4000.0,,near,0.91,101833,76,32,27,17,0.542,27.5,22,5
"{""ASIA"": null, ""LDN"": 2, ""NY"": 8}",750,4000.0,,near,0.91,101833,76,32,27,17,0.542,27.5,22,5
"{""ASIA"": null, ""LDN"": 1, ""NY"": 4}",1500,3000.0,,near,0.95,242047,76,40,34,2,0.541,15.0,7,27
"{""ASIA"": null, ""LDN"": 1, ""NY"": 4}",1500,3000.0,,near,0.95,242047,76,40,34,2,0.541,15.0,7,27
"{""ASIA"": null, ""LDN"": 1, ""NY"": 9}",1500,2000.0,,near,1.01,227586,76,40,34,2,0.541,14.0,3,31
"{""ASIA"": null, ""LDN"": 1, ""NY"": 9}",2000,2000.0,,near,0.89,278451,76,40,34,2,0.541,14.5,5,29
"{""ASIA"": null, ""LDN"": 1, ""NY"": 9}",1500,2000.0,,near,1.01,227586,76,40,34,2,0.541,14.0,3,31
"{""ASIA"": null, ""LDN"": 1, ""NY"": 5}",1000,2000.0,,,0.95,159342,76,34,29,13,0.54,19.5,3,26
"{""ASIA"": null, ""LDN"": 1, ""NY"": null}",2000,2000.0,,near,0.25,92851,76,35,30,11,0.538,68.0,0,30
"{""ASIA"": null, ""LDN"": 1, ""NY"": null}",2000,2000.0,,near,0.25,92851,76,35,30,11,0.538,68.0,0,30
"{""ASIA"": null, ""LDN"": 2, ""NY"": 4}",1000,3000.0,,near,0.9,157190,76,35,30,11,0.538,19.0,7,23
"{""ASIA"": null, ""LDN"": 0, ""NY"": 11}",750,4000.0,,,1.03,100609,76,36,31,9,0.537,44.0,28,3
"{""ASIA"": null, ""LDN"": 2, ""NY"": 0}",1000,4000.0,,near,1.06,155206,76,36,31,9,0.537,19.0,15,16
"{""ASIA"": null, ""LDN"": 0, ""NY"": 7}",750,4000.0,,,1.12,125439,76,38,33,5,0.535,29.0,18,15
"{""ASIA"": null, ""LDN"": 0, ""NY"": 8}",1000,3000.0,,,0.97,156646,76,38,33,5,0.535,23.5,23,10
"{""ASIA"": null, ""LDN"": 2, ""NY"": 11}",1500,2000.0,,near,0.87,185805,76,40,35,1,0.533,19.0,12,23
"{""ASIA"": null, ""LDN"": 2, ""NY"": 11}",1500,2000.0,,near,0.87,185805,76,40,35,1,0.533,19.0,12,23
"{""ASIA"": null, ""LDN"": 2, ""NY"": 5}",750,4000.0,,near,0.91,114372,76,33,29,14,0.532,34.0,8,21
"{""ASIA"": null, ""LDN"": 2, ""NY"": 5}",750,,,near,0.93,110614,76,33,29,14,0.532,34.0,8,21
"{""ASIA"": null, ""LDN"": null, ""NY"": 8}",1500,2000.0,,,0.66,162079,76,38,34,4,0.528,25.5,8,26
"{""ASIA"": null, ""LDN"": null, ""NY"": 8}",1500,,,,0.66,162079,76,38,34,4,0.528,25.5,8,26
"{""ASIA"": null, ""LDN"": null, ""NY"": 8}",1500,2000.0,,,0.66,162079,76,38,34,4,0.528,25.5,8,26
"{""ASIA"": null, ""LDN"": 0, ""NY"": 7}",1000,3000.0,,,1.06,179957,76,38,34,4,0.528,20.5,22,12
"{""ASIA"": null, ""LDN"": 0, ""NY"": 1}",1500,3000.0,,near,0.96,271216,76,39,35,2,0.527,15.0,21,14
"{""ASIA"": null, ""LDN"": 1, ""NY"": 9}",1500,3000.0,,near,1.05,221891,76,39,35,2,0.527,14.0,4,31
"{""ASIA"": null, ""LDN"": 2, ""NY"": 8}",750,,,near,0.93,98075,76,31,28,17,0.525,28.0,23,5
"{""ASIA"": null, ""LDN"": 0, ""NY"": 6}",1000,4000.0,,near,1.09,163213,76,38,35,3,0.521,20.5,27,8
"{""ASIA"": null, ""LDN"": 0, ""NY"": 6}",1000,,,near,1.16,170895,76,38,35,3,0.521,20.0,30,5
"{""ASIA"": null, ""LDN"": 0, ""NY"": 6}",1000,4000.0,,near,1.09,163213,76,38,35,3,0.521,20.5,27,8
"{""ASIA"": null, ""LDN"": 1, ""NY"": 3}",1000,3000.0,,,1.31,165489,76,38,35,3,0.521,21.5,8,27
"{""ASIA"": null, ""LDN"": 1, ""NY"": 3}",1000,3000.0,,near,1.31,165489,76,38,35,3,0.521,19.5,7,28
"{""ASIA"": null, ""LDN"": 1, ""NY"": 0}",1000,3000.0,,,1.14,153269,76,38,35,3,0.521,24.5,19,16
"{""ASIA"": null, ""LDN"": 1, ""NY"": 0}",1000,3000.0,,,1.14,153269,76,38,35,3,0.521,24.5,19,16
"{""ASIA"": null, ""LDN"": 1, ""NY"": 1}",1500,3000.0,,near,0.98,242628,76,38,35,3,0.521,14.0,9,26
"{""ASIA"": null, ""LDN"": null, ""NY"": 0}",1500,4000.0,,,0.8,178617,76,37,34,5,0.521,26.0,23,11
"{""ASIA"": null, ""LDN"": 0, ""NY"": 8}",750,,,near,1.07,114987,76,37,34,5,0.521,28.0,33,1
"{""ASIA"": null, ""LDN"": 0, ""NY"": 11}",750,,,near,1.08,107798,76,37,34,5,0.521,25.0,33,1
"{""ASIA"": null, ""LDN"": null, ""NY"": 2}",2000,2000.0,,,0.64,188074,76,39,36,1,0.52,20.0,8,28
"{""ASIA"": null, ""LDN"": null, ""NY"": 11}",2000,3000.0,,,0.66,197002,76,39,36,1,0.52,23.0,8,28
"{""ASIA"": null, ""LDN"": null, ""NY"": 11}",2000,2000.0,,,0.66,197002,76,39,36,1,0.52,23.0,8,28
"{""ASIA"": null, ""LDN"": null, ""NY"": 11}",2000,4000.0,,,0.66,197002,76,39,36,1,0.52,23.0,8,28
"{""ASIA"": null, ""LDN"": 0, ""NY"": 11}",1500,2000.0,,near,0.95,233680,76,39,36,1,0.52,16.0,20,16
"{""ASIA"": null, ""LDN"": 1, ""NY"": 8}",2000,2000.0,,near,0.83,299055,76,39,36,1,0.52,15.0,11,25
"{""ASIA"": null, ""LDN"": 2, ""NY"": 10}",2000,2000.0,,near,0.77,191988,76,39,36,1,0.52,14.0,6,30
"{""ASIA"": null, ""LDN"": 0, ""NY"": null}",750,2000.0,,,0.34,35095,76,29,27,20,0.518,172.0,0,27
"{""ASIA"": null, ""LDN"": 0, ""NY"": null}",750,2000.0,,near,0.34,35095,76,29,27,20,0.518,110.0,0,27
"{""ASIA"": null, ""LDN"": 0, ""NY"": 8}",2000,2000.0,,near,0.82,287605,76,38,36,2,0.514,15.0,11,25
"{""ASIA"": null, ""LDN"": 0, ""NY"": 8}",2000,2000.0,,near,0.82,287605,76,38,36,2,0.514,15.0,11,25
"{""ASIA"": null, ""LDN"": 2, ""NY"": 4}",1500,2000.0,,near,0.85,215264,76,38,36,2,0.514,15.0,6,30
"{""ASIA"": null, ""LDN"": 2, ""NY"": 3}",1000,4000.0,,near,1.25,158025,76,37,35,4,0.514,19.0,22,13
"{""ASIA"": null, ""LDN"": 2, ""NY"": 10}",1000,2000.0,,,0.88,151388,76,37,35,4,0.514,24.0,8,27
"{""ASIA"": null, ""LDN"": 2, ""NY"": 10}",1000,2000.0,,,0.88,151388,76,37,35,4,0.514,24.0,8,27
"{""ASIA"": null, ""LDN"": 1, ""NY"": 2}",1000,4000.0,,,1.01,130907,76,36,34,6,0.514,24.5,12,22
"{""ASIA"": null, ""LDN"": 1, ""NY"": 2}",1000,4000.0,,,1.01,130907,76,36,34,6,0.514,24.5,12,22
"{""ASIA"": null, ""LDN"": 1, ""NY"": 3}",750,,,,1.46,125147,76,33,32,11,0.508,32.0,25,7
"{""ASIA"": null, ""LDN"": null, ""NY"": 0}",2000,4000.0,,near,0.77,236970,76,38,37,1,0.507,16.5,20,17
"{""ASIA"": null, ""LDN"": null, ""NY"": 0}",2000,4000.0,,near,0.77,236970,76,38,37,1,0.507,16.5,20,17
"{""ASIA"": null, ""LDN"": 0, ""NY"": 9}",1500,3000.0,,near,1.04,250080,76,38,37,1,0.507,14.5,26,11
"{""ASIA"": null, ""LDN"": 1, ""NY"": 3}",1000,4000.0,,,1.36,160154,76,38,37,1,0.507,21.5,17,20
"{""ASIA"": null, ""LDN"": 1, ""NY"": 4}",2000,3000.0,,near,0.91,326207,76,38,37,1,0.507,14.0,12,25
"{""ASIA"": null, ""LDN"": 1, ""NY"": 4}",1500,2000.0,,,0.91,244658,76,38,37,1,0.507,15.0,5,32
"{""ASIA"": null, ""LDN"": 0, ""NY"": 11}",1500,3000.0,,near,0.95,233680,76,38,37,1,0.507,15.5,21,16
"{""ASIA"": null, ""LDN"": 2, ""NY"": 5}",2000,2000.0,,near,0.74,198612,76,38,37,1,0.507,15.0,5,32
"{""ASIA"": null, ""LDN"": 2, ""NY"": 5}",2000,2000.0,,near,0.74,198612,76,38,37,1,0.507,15.0,5,32
"{""ASIA"": null, ""LDN"": 2, ""NY"": 5}",1500,2000.0,,near,0.85,212523,76,38,37,1,0.507,19.0,5,32
"{""ASIA"": null, ""LDN"": 2, ""NY"": 5}",1500,2000.0,,near,0.85,212523,76,38,37,1,0.507,19.0,5,32
"{""ASIA"": null, ""LDN"": 2, ""NY"": 10}",2000,3000.0,,near,0.88,302775,76,38,37,1,0.507,14.0,11,26
"{""ASIA"": null, ""LDN"": 2, ""NY"": 5}",1000,2000.0,,near,0.85,141682,76,37,36,3,0.507,22.0,3,33
"{""ASIA"": null, ""LDN"": 0, ""NY"": 1}",750,,,near,1.11,126157,76,36,35,5,0.507,24.0,32,3
"{""ASIA"": null, ""LDN"": 2, ""NY"": 7}",1000,4000.0,,near,1.01,161841,76,35,34,7,0.507,19.0,22,12
"{""ASIA"": null, ""LDN"": 0, ""NY"": 7}",2000,2000.0,,near,0.9,344083,76,37,37,2,0.5,14.0,13,24
"{""ASIA"": null, ""LDN"": 0, ""NY"": 7}",2000,3000.0,,near,1.02,380835,76,37,37,2,0.5,14.0,17,20
"{""ASIA"": null, ""LDN"": 0, ""NY"": 10}",2000,2000.0,,near,0.85,318457,76,37,37,2,0.5,14.0,9,28
"{""ASIA"": null, ""LDN"": 0, ""NY"": 10}",2000,2000.0,,near,0.85,318457,76,37,37,2,0.5,14.0,9,28
"{""ASIA"": null, ""LDN"": 2, ""NY"": 1}",1500,,,near,0.96,218495,76,37,37,2,0.5,15.0,22,15
"{""ASIA"": null, ""LDN"": 2, ""NY"": 1}",1500,,,near,0.96,218495,76,37,37,2,0.5,15.0,22,15
"{""ASIA"": null, ""LDN"": 2, ""NY"": 1}",1500,4000.0,,near,0.93,234778,76,37,37,2,0.5,15.0,22,15
"{""ASIA"": null, ""LDN"": 2, ""NY"": 4}",1500,4000.0,,near,0.9,235785,76,37,37,2,0.5,15.0,17,20
"{""ASIA"": null, ""LDN"": 2, ""NY"": 4}",2000,4000.0,,near,0.85,287019,76,37,37,2,0.5,13.0,19,18
"{""ASIA"": null, ""LDN"": 1, ""NY"": 10}",1500,3000.0,,near,0.98,249479,76,37,37,2,0.5,13.0,12,25
"{""ASIA"": null, ""LDN"": 1, ""NY"": 10}",1500,4000.0,,near,1.03,254657,76,37,37,2,0.5,13.0,31,6
"{""ASIA"": null, ""LDN"": 2, ""NY"": 10}",1500,,,near,0.95,230154,76,37,37,2,0.5,14.0,24,13
"{""ASIA"": null, ""LDN"": 0, ""NY"": 0}",1000,4000.0,,near,1.14,157887,76,36,36,4,0.5,18.0,31,5
"{""ASIA"": null, ""LDN"": 0, ""NY"": 10}",1000,4000.0,,near,1.03,166567,76,36,36,4,0.5,18.5,33,3
"{""ASIA"": null, ""LDN"": 0, ""NY"": 10}",1000,4000.0,,near,1.03,166567,76,36,36,4,0.5,18.5,33,3
"{""ASIA"": null, ""LDN"": 0, ""NY"": 2}",750,4000.0,,,1.01,97262,76,34,34,8,0.5,35.5,21,13
"{""ASIA"": null, ""LDN"": 0, ""NY"": 2}",750,4000.0,,,1.01,97262,76,34,34,8,0.5,35.5,21,13
"{""ASIA"": null, ""LDN"": 2, ""NY"": 0}",1000,3000.0,,,1.04,151794,76,34,34,8,0.5,24.0,15,19
"{""ASIA"": null, ""LDN"": 1, ""NY"": 8}",750,4000.0,,,1.06,104695,76,33,33,10,0.5,36.0,28,5
"{""ASIA"": null, ""LDN"": 0, ""NY"": 7}",500,,,near,1.17,87837,76,31,31,14,0.5,57.0,25,6
"{""ASIA"": null, ""LDN"": null, ""NY"": 1}",2000,3000.0,,,0.69,245898,76,37,38,1,0.493,21.0,19,19
"{""ASIA"": null, ""LDN"": null, ""NY"": 1}",2000,2000.0,,,0.69,245898,76,37,38,1,0.493,21.0,19,19
"{""ASIA"": null, ""LDN"": null, ""NY"": 1}",2000,3000.0,,,0.69,245898,76,37,38,1,0.493,21.0,19,19
"{""ASIA"": null, ""LDN"": 1, ""NY"": 2}",2000,3000.0,,near,0.89,277453,76,37,38,1,0.493,14.0,15,23
"{""ASIA"": null, ""LDN"": 2, ""NY"": 8}",1500,3000.0,,near,0.85,197313,76,37,38,1,0.493,16.0,20,18
"{""ASIA"": null, ""LDN"": 1, ""NY"": 10}",2000,3000.0,,near,0.93,336120,76,37,38,1,0.493,13.0,13,25
"{""ASIA"": null, ""LDN"": 1, ""NY"": 7}",1000,3000.0,,,1.11,169232,76,36,37,3,0.493,21.5,16,21
"{""ASIA"": null, ""LDN"": 1, ""NY"": 7}",1000,3000.0,,,1.11,169232,76,36,37,3,0.493,21.5,16,21
"{""ASIA"": null, ""LDN"": 1, ""NY"": 8}",1000,,,near,1.09,148936,76,36,37,3,0.493,21.0,23,14
"{""ASIA"": null, ""LDN"": 0, ""NY"": 6}",1000,3000.0,,,1.05,175469,76,35,36,5,0.493,23.0,26,10
"{""ASIA"": null, ""LDN"": 0, ""NY"": 6}",1000,3000.0,,,1.05,175469,76,35,36,5,0.493,23.0,26,10
"{""ASIA"": null, ""LDN"": 0, ""NY"": 3}",750,,,near,1.44,128430,76,34,35,7,0.493,24.0,30,5
"{""ASIA"": null, ""LDN"": 2, ""NY"": 4}",750,,,,0.93,109751,76,31,32,13,0.492,24.0,12,20
"{""ASIA"": null, ""LDN"": 2, ""NY"": 1}",500,,,near,0.96,72832,76,28,29,19,0.491,42.0,26,3
"{""ASIA"": null, ""LDN"": 1, ""NY"": 0}",2000,3000.0,,near,1.0,317254,76,37,39,0,0.487,12.0,16,23
"{""ASIA"": null, ""LDN"": 1, ""NY"": 4}",1500,,,near,1.09,246761,76,36,38,2,0.486,14.0,24,14
"{""ASIA"": null, ""LDN"": 1, ""NY"": 5}",1500,3000.0,,near,0.95,239018,76,36,38,2,0.486,18.5,7,31
"{""ASIA"": null, ""LDN"": 1, ""NY"": 7}",1500,4000.0,,near,1.09,262217,76,36,38,2,0.486,14.5,21,17
"{""ASIA"": null, ""LDN"": 1, ""NY"": 10}",1500,,,near,1.11,257413,76,36,38,2,0.486,13.0,34,4
"{""ASIA"": null, ""LDN"": null, ""NY"": 4}",1500,3000.0,,,0.66,185430,76,35,37,4,0.486,22.0,9,28
"{""ASIA"": null, ""LDN"": 2, ""NY"": 3}",1000,,,near,1.29,148698,76,35,37,4,0.486,19.0,25,12
"{""ASIA"": null, ""LDN"": null, ""NY"": 9}",1500,4000.0,,,0.8,171022,76,33,35,8,0.485,19.0,6,29
"{""ASIA"": null, ""LDN"": null, ""NY"": 8}",2000,3000.0,,,0.66,216105,76,36,39,1,0.48,22.5,22,17
"{""ASIA"": null, ""LDN"": null, ""NY"": 8}",2000,4000.0,,,0.66,216105,76,36,39,1,0.48,22.5,22,17
"{""ASIA"": null, ""LDN"": 1, ""NY"": 1}",1500,2000.0,,,0.94,245239,76,36,39,1,0.48,15.0,5,34
"{""ASIA"": null, ""LDN"": 1, ""NY"": 1}",1500,2000.0,,,0.94,245239,76,36,39,1,0.48,15.0,5,34
"{""ASIA"": null, ""LDN"": 2, ""NY"": 4}",2000,3000.0,,near,0.85,287019,76,36,39,1,0.48,13.5,13,26
"{""ASIA"": null, ""LDN"": 2, ""NY"": 11}",1500,2000.0,,,0.87,185805,76,36,39,1,0.48,22.5,22,17
"{""ASIA"": null, ""LDN"": 2, ""NY"": 11}",1500,2000.0,,,0.87,185805,76,36,39,1,0.48,22.5,22,17
"{""ASIA"": null, ""LDN"": 0, ""NY"": 4}",750,,,,1.07,126663,76,34,37,5,0.479,27.0,36,1
"{""ASIA"": null, ""LDN"": 2, ""NY"": 4}",1000,,,near,0.93,146335,76,31,34,11,0.477,18.0,25,9
"{""ASIA"": null, ""LDN"": 2, ""NY"": 6}",500,,,near,1.01,74159,76,27,30,19,0.474,73.0,25,5
"{""ASIA"": null, ""LDN"": 2, ""NY"": 9}",500,4000.0,,,1.08,67864,76,27,30,19,0.474,43.0,26,4
"{""ASIA"": null, ""LDN"": 0, ""NY"": 4}",1500,2000.0,,near,0.93,270635,76,35,39,2,0.473,15.0,24,15
"{""ASIA"": null, ""LDN"": 0, ""NY"": 4}",1500,2000.0,,near,0.93,270635,76,35,39,2,0.473,15.0,24,15
"{""ASIA"": null, ""LDN"": 1, ""NY"": 5}",1500,2000.0,,near,0.91,244017,76,35,39,2,0.473,18.0,6,33
"{""ASIA"": null, ""LDN"": 1, ""NY"": 5}",1500,2000.0,,near,0.91,244017,76,35,39,2,0.473,18.0,6,33
"{""ASIA"": null, ""LDN"": 2, ""NY"": 7}",2000,4000.0,,near,0.94,307011,76,35,39,2,0.473,13.0,26,13
"{""ASIA"": null, ""LDN"": null, ""NY"": 7}",1500,4000.0,,,0.75,195624,76,34,38,4,0.472,19.5,10,28
"{""ASIA"": null, ""LDN"": null, ""NY"": 7}",1500,2000.0,,,0.75,195624,76,34,38,4,0.472,19.5,10,28
"{""ASIA"": null, ""LDN"": null, ""NY"": 7}",1500,4000.0,,,0.75,195624,76,34,38,4,0.472,19.5,10,28
"{""ASIA"": null, ""LDN"": null, ""NY"": 6}",1500,2000.0,,,0.74,188471,76,33,37,6,0.471,20.0,19,18
"{""ASIA"": null, ""LDN"": 1, ""NY"": 3}",1500,2000.0,,,1.13,239445,76,35,40,1,0.467,15.0,6,34
"{""ASIA"": null, ""LDN"": 1, ""NY"": 3}",1500,2000.0,,near,1.13,239445,76,35,40,1,0.467,13.0,4,36
"{""ASIA"": null, ""LDN"": 1, ""NY"": 3}",1500,2000.0,,,1.13,239445,76,35,40,1,0.467,15.0,6,34
"{""ASIA"": null, ""LDN"": 1, ""NY"": 3}",1500,2000.0,,near,1.13,239445,76,35,40,1,0.467,13.0,4,36
"{""ASIA"": null, ""LDN"": 0, ""NY"": 11}",1500,4000.0,,near,0.98,220851,76,35,40,1,0.467,14.0,26,14
"{""ASIA"": null, ""LDN"": 0, ""NY"": 11}",2000,4000.0,,near,0.95,311592,76,35,40,1,0.467,13.0,23,17
"{""ASIA"": null, ""LDN"": 0, ""NY"": 11}",2000,4000.0,,near,0.95,311592,76,35,40,1,0.467,13.0,23,17
"{""ASIA"": null, ""LDN"": 1, ""NY"": 6}",1500,4000.0,,near,1.08,253912,76,35,40,1,0.467,13.0,18,22
"{""ASIA"": null, ""LDN"": 1, ""NY"": 8}",1500,4000.0,,near,1.0,224064,76,35,40,1,0.467,15.0,25,15
"{""ASIA"": null, ""LDN"": 1, ""NY"": 8}",1500,4000.0,,near,1.0,224064,76,35,40,1,0.467,15.0,25,15
"{""ASIA"": null, ""LDN"": 1, ""NY"": 9}",1500,2000.0,,,1.01,227586,76,35,40,1,0.467,16.0,7,33
"{""ASIA"": null, ""LDN"": 1, ""NY"": 9}",1500,2000.0,,,1.01,227586,76,35,40,1,0.467,16.0,7,33
"{""ASIA"": null, ""LDN"": 2, ""NY"": 3}",1500,3000.0,,near,1.09,200405,76,35,40,1,0.467,14.0,14,26
"{""ASIA"": null, ""LDN"": 1, ""NY"": 11}",1500,,,near,1.1,209066,76,35,40,1,0.467,15.0,35,5
"{""ASIA"": null, ""LDN"": 2, ""NY"": 11}",2000,4000.0,,near,0.87,247759,76,35,40,1,0.467,14.0,20,20
"{""ASIA"": null, ""LDN"": 2, ""NY"": 11}",1000,,,near,0.93,121216,76,35,40,1,0.467,24.0,28,12
"{""ASIA"": null, ""LDN"": 0, ""NY"": 9}",500,,,near,1.24,77950,76,28,32,16,0.467,71.0,27,5
"{""ASIA"": null, ""LDN"": 2, ""NY"": 3}",1000,2000.0,,,1.09,133604,76,34,39,3,0.466,22.0,8,31
"{""ASIA"": null, ""LDN"": 2, ""NY"": 3}",1000,2000.0,,,1.09,133604,76,34,39,3,0.466,22.0,8,31
"{""ASIA"": null, ""LDN"": 2, ""NY"": 3}",1000,2000.0,,,1.09,133604,76,34,39,3,0.466,22.0,8,31
"{""ASIA"": null, ""LDN"": 2, ""NY"": 3}",500,,,near,1.29,74345,76,27,31,18,0.466,49.0,24,7
"{""ASIA"": null, ""LDN"": 2, ""NY"": 3}",2000,,,near,1.29,297397,76,35,41,0,0.461,15.0,28,13
"{""ASIA"": null, ""LDN"": 2, ""NY"": 3}",2000,,,near,1.29,297397,76,35,41,0,0.461,15.0,28,13
"{""ASIA"": null, ""LDN"": 2, ""NY"": 0}",1500,3000.0,,near,0.94,201612,76,35,41,0,0.461,14.0,19,22
"{""ASIA"": null, ""LDN"": 2, ""NY"": 0}",1500,3000.0,,near,0.94,201612,76,35,41,0,0.461,14.0,19,22
"{""ASIA"": null, ""LDN"": 0, ""NY"": 5}",2000,3000.0,,near,0.93,365589,76,34,40,2,0.459,15.5,15,25
"{""ASIA"": null, ""LDN"": 2, ""NY"": 7}",2000,,,near,1.03,306264,76,34,40,2,0.459,13.5,27,13
"{""ASIA"": null, ""LDN"": 2, ""NY"": 7}",2000,,,near,1.03,306264,76,34,40,2,0.459,13.5,27,13
"{""ASIA"": null, ""LDN"": null, ""NY"": 5}",1500,2000.0,,,0.66,187156,76,33,39,4,0.458,20.0,10,29
"{""ASIA"": null, ""LDN"": 2, ""NY"": 0}",500,,,near,1.09,74119,76,26,31,19,0.456,37.5,25,6
"{""ASIA"": null, ""LDN"": 1, ""NY"": 4}",2000,,,near,1.09,329012,76,34,41,1,0.453,13.0,36,5
"{""ASIA"": null, ""LDN"": 1, ""NY"": 4}",2000,,,near,1.09,329012,76,34,41,1,0.453,13.0,36,5
"{""ASIA"": null, ""LDN"": 1, ""NY"": 5}",1500,4000.0,,near,1.0,246786,76,34,41,1,0.453,17.5,25,16
"{""ASIA"": null, ""LDN"": 1, ""NY"": 8}",2000,,,near,1.09,297877,76,34,41,1,0.453,12.5,33,8
"{""ASIA"": null, ""LDN"": 1, ""NY"": 11}",2000,,,near,1.1,278774,76,34,41,1,0.453,13.0,26,15
"{""ASIA"": null, ""LDN"": 1, ""NY"": 11}",1500,3000.0,,,0.97,208580,76,34,41,1,0.453,15.5,20,21
"{""ASIA"": null, ""LDN"": 2, ""NY"": 11}",2000,,,near,0.93,242432,76,34,41,1,0.453,14.0,21,20
"{""ASIA"": null, ""LDN"": 0, ""NY"": 5}",750,4000.0,,,1.03,120401,76,32,39,5,0.451,25.5,16,23
"{""ASIA"": null, ""LDN"": 2, ""NY"": 0}",2000,,,near,1.09,296475,76,34,42,0,0.447,13.0,26,16
"{""ASIA"": null, ""LDN"": 1, ""NY"": 3}",1000,4000.0,,near,1.36,160154,76,33,41,2,0.446,18.0,17,24
"{""ASIA"": null, ""LDN"": 0, ""NY"": 7}",1000,4000.0,,near,1.11,167334,76,32,40,4,0.444,16.0,29,11
"{""ASIA"": null, ""LDN"": 0, ""NY"": 7}",1000,4000.0,,near,1.11,167334,76,32,40,4,0.444,16.0,29,11
"{""ASIA"": null, ""LDN"": 2, ""NY"": 4}",1000,3000.0,,,0.9,157190,76,30,38,8,0.441,21.0,13,25
"{""ASIA"": null, ""LDN"": null, ""NY"": 10}",2000,,,,0.68,261447,76,33,42,1,0.44,14.0,19,23
"{""ASIA"": null, ""LDN"": null, ""NY"": 10}",2000,3000.0,,,0.68,261447,76,33,42,1,0.44,14.0,19,23
"{""ASIA"": null, ""LDN"": 1, ""NY"": 5}",1500,,,near,1.09,248487,76,33,42,1,0.44,17.0,28,14
"{""ASIA"": null, ""LDN"": 1, ""NY"": 5}",1500,2000.0,,,0.91,244017,76,33,42,1,0.44,14.0,7,35
"{""ASIA"": null, ""LDN"": 1, ""NY"": 5}",1500,2000.0,,,0.91,244017,76,33,42,1,0.44,14.0,7,35
"{""ASIA"": null, ""LDN"": 0, ""NY"": 11}",1500,3000.0,,,0.95,233680,76,33,42,1,0.44,15.0,29,13
"{""ASIA"": null, ""LDN"": 0, ""NY"": 11}",1500,2000.0,,,0.95,233680,76,33,42,1,0.44,15.0,29,13
"{""ASIA"": null, ""LDN"": 1, ""NY"": 7}",2000,4000.0,,near,1.03,330773,76,33,42,1,0.44,14.0,29,13
"{""ASIA"": null, ""LDN"": 2, ""NY"": 11}",750,,,,0.93,90886,76,25,32,19,0.439,27.0,28,4
"{""ASIA"": null, ""LDN"": 2, ""NY"": 11}",750,,,,0.93,90886,76,25,32,19,0.439,27.0,28,4
"{""ASIA"": null, ""LDN"": 2, ""NY"": 11}",750,4000.0,,,0.92,94628,76,25,32,19,0.439,27.0,28,4
"{""ASIA"": null, ""LDN"": 0, ""NY"": 9}",1000,4000.0,,near,1.15,144316,76,32,41,3,0.438,19.0,31,10
"{""ASIA"": null, ""LDN"": 0, ""NY"": 9}",1000,4000.0,,near,1.15,144316,76,32,41,3,0.438,19.0,31,10
"{""ASIA"": null, ""LDN"": 0, ""NY"": 10}",750,,,,1.1,131986,76,31,40,5,0.437,28.0,39,1
"{""ASIA"": null, ""LDN"": 2, ""NY"": 4}",500,4000.0,,,0.92,74360,76,24,31,21,0.436,51.5,29,2
"{""ASIA"": null, ""LDN"": 0, ""NY"": 3}",750,,,,1.44,128430,76,30,39,7,0.435,25.0,35,4
"{""ASIA"": null, ""LDN"": 1, ""NY"": 0}",2000,,,near,1.25,332817,76,33,43,0,0.434,11.0,28,15
"{""ASIA"": null, ""LDN"": 1, ""NY"": 6}",2000,,,near,1.18,333043,76,32,42,2,0.432,11.5,29,13
"{""ASIA"": null, ""LDN"": 1, ""NY"": 6}",2000,4000.0,,near,1.03,336663,76,32,42,2,0.432,11.5,24,18
"{""ASIA"": null, ""LDN"": 1, ""NY"": 6}",2000,,,near,1.18,333043,76,32,42,2,0.432,11.5,29,13
"{""ASIA"": null, ""LDN"": 1, ""NY"": 6}",2000,4000.0,,near,1.03,336663,76,32,42,2,0.432,11.5,24,18
"{""ASIA"": null, ""LDN"": 2, ""NY"": 7}",1500,4000.0,,near,1.0,245979,76,32,42,2,0.432,15.0,25,17
"{""ASIA"": null, ""LDN"": 2, ""NY"": 7}",1500,4000.0,,near,1.0,245979,76,32,42,2,0.432,15.0,25,17
"{""ASIA"": null, ""LDN"": 0, ""NY"": 10}",1000,4000.0,,,1.03,166567,76,31,41,4,0.431,19.0,38,3
"{""ASIA"": null, ""LDN"": 0, ""NY"": 10}",1000,4000.0,,,1.03,166567,76,31,41,4,0.431,19.0,38,3
"{""ASIA"": null, ""LDN"": 0, ""NY"": 8}",750,4000.0,,,1.03,107863,76,25,33,18,0.431,28.0,21,12
"{""ASIA"": null, ""LDN"": 2, ""NY"": 6}",1000,2000.0,,,0.93,144420,76,30,40,6,0.429,19.0,5,35
"{""ASIA"": null, ""LDN"": 2, ""NY"": 1}",500,,,,0.96,72832,76,24,32,20,0.429,44.0,29,3
"{""ASIA"": null, ""LDN"": 2, ""NY"": 7}",500,4000.0,,,1.02,77757,76,24,32,20,0.429,50.5,29,3
"{""ASIA"": null, ""LDN"": 0, ""NY"": 2}",2000,4000.0,,near,0.92,304938,76,32,43,1,0.427,12.5,26,17
"{""ASIA"": null, ""LDN"": 1, ""NY"": 5}",2000,,,near,1.09,331313,76,32,43,1,0.427,14.0,36,7
"{""ASIA"": null, ""LDN"": 1, ""NY"": 5}",2000,,,near,1.09,331313,76,32,43,1,0.427,14.0,36,7
"{""ASIA"": null, ""LDN"": 0, ""NY"": 11}",1500,,,near,1.08,215631,76,32,43,1,0.427,13.5,30,13
"{""ASIA"": null, ""LDN"": 2, ""NY"": 2}",2000,4000.0,,near,0.84,241105,76,32,43,1,0.427,14.0,17,26
"{""ASIA"": null, ""LDN"": 1, ""NY"": 10}",1500,3000.0,,,0.98,249479,76,32,43,1,0.427,14.0,11,32
"{""ASIA"": null, ""LDN"": 1, ""NY"": 11}",1500,4000.0,,,1.01,210002,76,32,43,1,0.427,15.5,36,7
"{""ASIA"": null, ""LDN"": 2, ""NY"": 11}",1000,3000.0,,,0.91,131987,76,32,43,1,0.427,23.5,37,6
"{""ASIA"": null, ""LDN"": 2, ""NY"": 9}",1000,4000.0,,near,1.05,134435,76,29,39,8,0.426,19.0,13,26
"{""ASIA"": null, ""LDN"": 0, ""NY"": 0}",1000,4000.0,,,1.14,157887,76,30,42,4,0.417,18.5,37,5
"{""ASIA"": null, ""LDN"": 0, ""NY"": 7}",1000,4000.0,,,1.11,167334,76,30,42,4,0.417,18.0,33,9
"{""ASIA"": null, ""LDN"": 0, ""NY"": 7}",1000,4000.0,,,1.11,167334,76,30,42,4,0.417,18.0,33,9
"{""ASIA"": null, ""LDN"": 2, ""NY"": 6}",1000,3000.0,,,0.99,159156,76,25,35,16,0.417,18.0,12,23
"{""ASIA"": null, ""LDN"": 0, ""NY"": 9}",500,,,,1.24,77950,76,24,34,18,0.414,94.0,29,5
"{""ASIA"": null, ""LDN"": 0, ""NY"": 9}",1500,3000.0,,,1.04,250080,76,31,44,1,0.413,17.0,36,8
"{""ASIA"": null, ""LDN"": 0, ""NY"": 9}",1500,,,near,1.24,233923,76,31,44,1,0.413,14.0,37,7
"{""ASIA"": null, ""LDN"": 1, ""NY"": 9}",1500,3000.0,,,1.05,221891,76,31,44,1,0.413,14.0,11,33
"{""ASIA"": null, ""LDN"": 1, ""NY"": 10}",1500,4000.0,,,1.03,254657,76,31,44,1,0.413,14.0,35,9
"{""ASIA"": null, ""LDN"": 2, ""NY"": 6}",500,4000.0,,,1.01,75345,76,23,33,20,0.411,54.0,29,4
"{""ASIA"": null, ""LDN"": 2, ""NY"": 6}",500,,,,1.01,74159,76,23,33,20,0.411,54.0,29,4
"{""ASIA"": null, ""LDN"": 0, ""NY"": 6}",1000,,,,1.16,170895,76,29,42,5,0.408,21.0,39,3
"{""ASIA"": null, ""LDN"": 1, ""NY"": null}",1500,2000.0,,near,0.3,70641,76,26,38,12,0.406,71.5,0,38
"{""ASIA"": null, ""LDN"": 1, ""NY"": null}",1500,2000.0,,near,0.3,70641,76,26,38,12,0.406,71.5,0,38
"{""ASIA"": null, ""LDN"": 1, ""NY"": null}",1500,2000.0,,near,0.3,70641,76,26,38,12,0.406,71.5,0,38
"{""ASIA"": null, ""LDN"": 0, ""NY"": 4}",2000,,,near,1.07,337765,76,30,44,2,0.405,11.0,30,14
"{""ASIA"": null, ""LDN"": 1, ""NY"": 3}",1000,,,near,1.46,166867,76,30,44,2,0.405,18.0,27,17
"{""ASIA"": null, ""LDN"": 2, ""NY"": 3}",500,,,,1.29,74345,76,23,34,19,0.404,51.0,28,6
"{""ASIA"": null, ""LDN"": null, ""NY"": 9}",2000,3000.0,,,0.79,230602,76,30,45,1,0.4,16.5,20,25
"{""ASIA"": null, ""LDN"": null, ""NY"": 9}",2000,4000.0,,,0.79,230602,76,30,45,1,0.4,16.5,20,25
"{""ASIA"": null, ""LDN"": 1, ""NY"": 4}",1500,3000.0,,,0.95,242047,76,30,45,1,0.4,15.0,14,31
"{""ASIA"": null, ""LDN"": 1, ""NY"": 4}",1500,3000.0,,,0.95,242047,76,30,45,1,0.4,15.0,14,31
"{""ASIA"": null, ""LDN"": 1, ""NY"": 1}",1500,3000.0,,,0.98,242628,76,30,45,1,0.4,15.0,12,33
"{""ASIA"": null, ""LDN"": 2, ""NY"": 8}",500,4000.0,,,0.92,66576,76,22,33,21,0.4,64.5,29,4
"{""ASIA"": null, ""LDN"": 0, ""NY"": 6}",1000,4000.0,,,1.09,163213,76,28,43,5,0.394,20.0,37,6
"{""ASIA"": null, ""LDN"": 0, ""NY"": 6}",1000,4000.0,,,1.09,163213,76,28,43,5,0.394,20.0,37,6
"{""ASIA"": null, ""LDN"": 2, ""NY"": 5}",1000,2000.0,,,0.85,141682,76,28,43,5,0.394,18.5,5,38
"{""ASIA"": null, ""LDN"": 0, ""NY"": 10}",500,,,near,1.1,87989,76,24,37,15,0.393,49.0,27,10
"{""ASIA"": null, ""LDN"": 2, ""NY"": 0}",500,,,,1.09,74119,76,22,34,20,0.393,37.0,29,5
"{""ASIA"": null, ""LDN"": 0, ""NY"": 7}",1500,4000.0,,near,1.06,269941,76,29,45,2,0.392,14.0,32,13
"{""ASIA"": null, ""LDN"": 0, ""NY"": 7}",1500,4000.0,,near,1.06,269941,76,29,45,2,0.392,14.0,32,13
"{""ASIA"": null, ""LDN"": 0, ""NY"": 5}",1500,4000.0,,near,0.97,257699,76,29,45,2,0.392,17.0,33,12
"{""ASIA"": null, ""LDN"": 0, ""NY"": 6}",2000,4000.0,,near,1.01,375948,76,29,45,2,0.392,10.0,18,27
"{""ASIA"": null, ""LDN"": 1, ""NY"": 1}",750,,,,1.13,122873,76,26,41,9,0.388,25.0,28,13
"{""ASIA"": null, ""LDN"": 1, ""NY"": 1}",750,4000.0,,,1.09,115865,76,26,41,9,0.388,25.0,28,13
"{""ASIA"": null, ""LDN"": null, ""NY"": 5}",2000,,,,0.66,249541,76,29,46,1,0.387,14.0,16,30
"{""ASIA"": null, ""LDN"": null, ""NY"": 5}",2000,,,,0.66,249541,76,29,46,1,0.387,14.0,16,30
"{""ASIA"": null, ""LDN"": null, ""NY"": 5}",2000,4000.0,,,0.66,249541,76,29,46,1,0.387,14.0,16,30
"{""ASIA"": null, ""LDN"": null, ""NY"": 5}",2000,4000.0,,,0.66,249541,76,29,46,1,0.387,14.0,16,30
"{""ASIA"": null, ""LDN"": 1, ""NY"": 2}",2000,3000.0,,,0.89,277453,76,29,46,1,0.387,14.0,18,28
"{""ASIA"": null, ""LDN"": 2, ""NY"": 1}",750,4000.0,,,0.95,113003,76,22,35,19,0.386,23.5,32,3
"{""ASIA"": null, ""LDN"": 2, ""NY"": 1}",750,,,,0.96,109245,76,22,35,19,0.386,23.5,32,3
"{""ASIA"": null, ""LDN"": 0, ""NY"": 9}",1000,,,near,1.24,155934,76,28,45,3,0.384,18.0,38,7
"{""ASIA"": null, ""LDN"": 0, ""NY"": 9}",1000,,,near,1.24,155934,76,28,45,3,0.384,18.0,38,7
"{""ASIA"": null, ""LDN"": 0, ""NY"": 3}",1000,4000.0,,near,1.34,160034,76,28,45,3,0.384,17.5,36,9
"{""ASIA"": null, ""LDN"": 0, ""NY"": 3}",1000,4000.0,,near,1.34,160034,76,28,45,3,0.384,17.5,36,9
"{""ASIA"": null, ""LDN"": 1, ""NY"": 8}",1000,,,,1.09,148936,76,28,45,3,0.384,21.0,29,16
"{""ASIA"": null, ""LDN"": 1, ""NY"": 9}",2000,2000.0,,,0.89,278451,76,28,45,3,0.384,16.5,8,37
"{""ASIA"": null, ""LDN"": 2, ""NY"": 6}",1000,,,,1.01,148350,76,23,37,16,0.383,18.0,31,6
"{""ASIA"": null, ""LDN"": 2, ""NY"": 6}",1000,4000.0,,,0.99,157035,76,23,37,16,0.383,18.0,31,6
"{""ASIA"": null, ""LDN"": 2, ""NY"": 6}",1000,4000.0,,,0.99,157035,76,23,37,16,0.383,18.0,31,6
"{""ASIA"": null, ""LDN"": 0, ""NY"": 0}",2000,4000.0,,near,1.03,345199,76,29,47,0,0.382,11.0,25,22
"{""ASIA"": null, ""LDN"": 0, ""NY"": 9}",2000,,,near,1.24,311874,76,29,47,0,0.382,12.0,32,15
"{""ASIA"": null, ""LDN"": 1, ""NY"": 0}",2000,3000.0,,,1.0,317254,76,29,47,0,0.382,13.0,22,25
"{""ASIA"": null, ""LDN"": 2, ""NY"": 7}",1000,4000.0,,,1.01,161841,76,26,42,8,0.382,18.5,31,11
"{""ASIA"": null, ""LDN"": 0, ""NY"": 1}",750,,,,1.11,126157,76,27,44,5,0.38,24.0,42,2
"{""ASIA"": null, ""LDN"": 0, ""NY"": 1}",2000,3000.0,,near,0.96,361619,76,28,46,2,0.378,13.0,22,24
"{""ASIA"": null, ""LDN"": 0, ""NY"": 6}",2000,,,near,1.16,341797,76,28,46,2,0.378,10.0,24,22
"{""ASIA"": null, ""LDN"": 2, ""NY"": 1}",2000,,,near,0.96,291327,76,28,46,2,0.378,14.0,33,13
"{""ASIA"": null, ""LDN"": null, ""NY"": 7}",2000,4000.0,,,0.75,260834,76,28,47,1,0.373,17.5,17,30
"{""ASIA"": null, ""LDN"": null, ""NY"": 7}",2000,4000.0,,,0.75,260834,76,28,47,1,0.373,17.5,17,30
"{""ASIA"": null, ""LDN"": 1, ""NY"": 4}",2000,3000.0,,,0.91,326207,76,28,47,1,0.373,12.5,19,28
"{""ASIA"": null, ""LDN"": 1, ""NY"": 8}",2000,2000.0,,,0.83,299055,76,28,47,1,0.373,14.0,15,32
"{""ASIA"": null, ""LDN"": 1, ""NY"": 10}",2000,3000.0,,,0.93,336120,76,28,47,1,0.373,14.0,18,29
"{""ASIA"": null, ""LDN"": 0, ""NY"": 0}",2000,,,near,1.24,341571,76,28,48,0,0.368,11.0,30,18
"{""ASIA"": null, ""LDN"": 0, ""NY"": 0}",2000,,,near,1.24,341571,76,28,48,0,0.368,11.0,30,18
"{""ASIA"": null, ""LDN"": 0, ""NY"": 0}",2000,,,near,1.24,341571,76,28,48,0,0.368,11.0,30,18
"{""ASIA"": null, ""LDN"": 0, ""NY"": null}",750,3000.0,,near,0.37,26256,76,21,36,19,0.368,90.0,3,33
"{""ASIA"": null, ""LDN"": 0, ""NY"": 8}",500,,,near,1.07,76656,76,21,36,19,0.368,69.0,29,7
"{""ASIA"": null, ""LDN"": 0, ""NY"": 8}",500,,,near,1.07,76656,76,21,36,19,0.368,69.0,29,7
"{""ASIA"": null, ""LDN"": 2, ""NY"": 6}",750,,,,1.01,111268,76,21,36,19,0.368,22.0,30,6
"{""ASIA"": null, ""LDN"": 2, ""NY"": 8}",750,4000.0,,,0.91,101833,76,22,38,16,0.367,27.5,31,7
"{""ASIA"": null, ""LDN"": 2, ""NY"": 8}",750,,,,0.93,98075,76,22,38,16,0.367,27.5,31,7
"{""ASIA"": null, ""LDN"": 2, ""NY"": 8}",750,4000.0,,,0.91,101833,76,22,38,16,0.367,27.5,31,7
"{""ASIA"": null, ""LDN"": 0, ""NY"": 5}",1500,,,near,1.07,255051,76,27,47,2,0.365,16.0,37,10
"{""ASIA"": null, ""LDN"": null, ""NY"": 6}",2000,2000.0,,,0.74,251272,76,27,48,1,0.36,14.0,26,22
"{""ASIA"": null, ""LDN"": null, ""NY"": 0}",2000,4000.0,,,0.77,236970,76,27,48,1,0.36,16.0,31,17
"{""ASIA"": null, ""LDN"": null, ""NY"": 0}",2000,4000.0,,,0.77,236970,76,27,48,1,0.36,16.0,31,17
"{""ASIA"": null, ""LDN"": 0, ""NY"": 3}",1500,4000.0,,near,1.27,264810,76,27,48,1,0.36,14.0,36,12
"{""ASIA"": null, ""LDN"": 0, ""NY"": 11}",2000,4000.0,,,0.95,311592,76,27,48,1,0.36,13.0,28,20
"{""ASIA"": null, ""LDN"": 0, ""NY"": 11}",2000,4000.0,,,0.95,311592,76,27,48,1,0.36,13.0,28,20
"{""ASIA"": null, ""LDN"": 0, ""NY"": 11}",750,,,,1.08,107798,76,25,45,6,0.357,32.0,44,1
"{""ASIA"": null, ""LDN"": 2, ""NY"": 4}",1000,,,,0.93,146335,76,24,44,8,0.353,18.5,33,11
"{""ASIA"": null, ""LDN"": null, ""NY"": 4}",2000,3000.0,,,0.66,247240,76,26,49,1,0.347,15.5,23,26
"{""ASIA"": null, ""LDN"": null, ""NY"": 4}",2000,2000.0,,,0.66,247240,76,26,49,1,0.347,15.5,23,26
"{""ASIA"": null, ""LDN"": null, ""NY"": 3}",2000,4000.0,,,0.96,235817,76,26,49,1,0.347,18.0,27,22
"{""ASIA"": null, ""LDN"": null, ""NY"": 3}",2000,3000.0,,,0.95,234855,76,26,49,1,0.347,18.0,27,22
"{""ASIA"": null, ""LDN"": 0, ""NY"": 1}",1500,3000.0,,,0.96,271216,76,26,49,1,0.347,14.0,41,8
"{""ASIA"": null, ""LDN"": 0, ""NY"": 4}",1500,2000.0,,,0.93,270635,76,26,49,1,0.347,13.5,40,9
"{""ASIA"": null, ""LDN"": 0, ""NY"": 4}",1500,2000.0,,,0.93,270635,76,26,49,1,0.347,13.5,40,9
"{""ASIA"": null, ""LDN"": 1, ""NY"": 5}",1500,3000.0,,,0.95,239018,76,26,49,1,0.347,14.0,16,33
"{""ASIA"": null, ""LDN"": 1, ""NY"": 8}",1500,4000.0,,,1.0,224064,76,26,49,1,0.347,14.0,33,16
"{""ASIA"": null, ""LDN"": 1, ""NY"": 8}",1500,4000.0,,,1.0,224064,76,26,49,1,0.347,14.0,33,16
"{""ASIA"": null, ""LDN"": 1, ""NY"": 10}",1500,,,,1.11,257413,76,26,49,1,0.347,14.0,45,4
"{""ASIA"": null, ""LDN"": 0, ""NY"": 7}",2000,2000.0,,,0.9,344083,76,25,50,1,0.333,12.0,14,36
"{""ASIA"": null, ""LDN"": 0, ""NY"": 8}",2000,2000.0,,,0.82,287605,76,25,50,1,0.333,15.0,24,26
"{""ASIA"": null, ""LDN"": 0, ""NY"": 8}",2000,2000.0,,,0.82,287605,76,25,50,1,0.333,15.0,24,26
"{""ASIA"": null, ""LDN"": 0, ""NY"": 10}",2000,2000.0,,,0.85,318457,76,25,50,1,0.333,14.0,22,28
"{""ASIA"": null, ""LDN"": 0, ""NY"": 10}",2000,2000.0,,,0.85,318457,76,25,50,1,0.333,14.0,22,28
"{""ASIA"": null, ""LDN"": 1, ""NY"": 11}",1500,,,,1.1,209066,76,25,50,1,0.333,14.0,45,5
"{""ASIA"": null, ""LDN"": 0, ""NY"": null}",500,2000.0,,near,0.37,17502,76,14,28,34,0.333,100.5,0,28
"{""ASIA"": null, ""LDN"": 0, ""NY"": 1}",2000,4000.0,,near,0.96,361619,76,24,50,2,0.324,12.0,26,24
"{""ASIA"": null, ""LDN"": 2, ""NY"": 0}",1000,4000.0,,,1.06,155206,76,22,46,8,0.324,15.5,34,12
"{""ASIA"": null, ""LDN"": null, ""NY"": 3}",2000,,,,1.02,251968,76,24,51,1,0.32,19.5,33,18
"{""ASIA"": null, ""LDN"": 0, ""NY"": 2}",2000,4000.0,,,0.92,304938,76,24,51,1,0.32,13.0,30,21
"{""ASIA"": null, ""LDN"": 0, ""NY"": 11}",1500,4000.0,,,0.98,220851,76,24,51,1,0.32,15.0,38,13
"{""ASIA"": null, ""LDN"": 0, ""NY"": 11}",1500,,,,1.08,215631,76,24,51,1,0.32,15.0,38,13
"{""ASIA"": null, ""LDN"": 1, ""NY"": 7}",1500,4000.0,,,1.09,262217,76,24,51,1,0.32,13.5,32,19
"{""ASIA"": null, ""LDN"": 2, ""NY"": 11}",1000,,,,0.93,121216,76,24,51,1,0.32,19.5,46,5
"{""ASIA"": null, ""LDN"": 2, ""NY"": 3}",1000,4000.0,,,1.25,158025,76,23,49,4,0.319,17.0,46,3
"{""ASIA"": null, ""LDN"": 2, ""NY"": 3}",1000,,,,1.29,148698,76,23,49,4,0.319,17.0,47,2
"{""ASIA"": null, ""LDN"": 1, ""NY"": 2}",750,4000.0,,,1.04,94143,76,21,45,10,0.318,29.0,39,6
"{""ASIA"": null, ""LDN"": 1, ""NY"": 2}",750,,,,1.07,101167,76,21,45,10,0.318,29.0,39,6
"{""ASIA"": null, ""LDN"": 0, ""NY"": 4}",500,,,,1.07,84440,76,18,39,19,0.316,40.5,32,7
"{""ASIA"": null, ""LDN"": 0, ""NY"": null}",2000,2000.0,,near,0.25,89254,76,23,50,3,0.315,63.0,23,27
"{""ASIA"": null, ""LDN"": 0, ""NY"": null}",2000,2000.0,,near,0.25,89254,76,23,50,3,0.315,63.0,23,27
"{""ASIA"": null, ""LDN"": 0, ""NY"": 9}",1000,4000.0,,,1.15,144316,76,23,50,3,0.315,23.0,43,7
"{""ASIA"": null, ""LDN"": 0, ""NY"": 9}",1000,4000.0,,,1.15,144316,76,23,50,3,0.315,23.0,43,7
"{""ASIA"": null, ""LDN"": 1, ""NY"": null}",1500,3000.0,,near,0.34,64460,76,21,46,9,0.313,58.0,24,22
"{""ASIA"": null, ""LDN"": 0, ""NY"": 1}",2000,,,near,1.11,336423,76,23,51,2,0.311,12.0,36,15
"{""ASIA"": null, ""LDN"": 1, ""NY"": 3}",1000,,,,1.46,166867,76,23,52,1,0.307,17.0,38,14
"{""ASIA"": null, ""LDN"": 1, ""NY"": 4}",1500,,,,1.09,246761,76,23,52,1,0.307,13.0,39,13
"{""ASIA"": null, ""LDN"": 1, ""NY"": 5}",1500,,,,1.09,248487,76,23,52,1,0.307,14.0,37,15
"{""ASIA"": null, ""LDN"": 1, ""NY"": 5}",1500,4000.0,,,1.0,246786,76,23,52,1,0.307,14.0,32,20
"{""ASIA"": null, ""LDN"": 1, ""NY"": 11}",2000,,,,1.1,278774,76,23,52,1,0.307,14.0,33,19
"{""ASIA"": null, ""LDN"": 2, ""NY"": null}",1500,2000.0,,near,0.24,57697,76,22,50,4,0.306,69.5,12,38
"{""ASIA"": null, ""LDN"": 2, ""NY"": null}",1500,2000.0,,near,0.24,57697,76,22,50,4,0.306,69.5,12,38
"{""ASIA"": null, ""LDN"": 0, ""NY"": 8}",750,,,,1.07,114987,76,19,43,14,0.306,27.0,42,1
"{""ASIA"": null, ""LDN"": 1, ""NY"": null}",1500,2000.0,,,0.3,70641,76,19,43,14,0.306,70.0,0,43
"{""ASIA"": null, ""LDN"": 1, ""NY"": null}",1500,2000.0,,,0.3,70641,76,19,43,14,0.306,70.0,0,43
"{""ASIA"": null, ""LDN"": 1, ""NY"": null}",1500,2000.0,,,0.3,70641,76,19,43,14,0.306,70.0,0,43
"{""ASIA"": null, ""LDN"": 2, ""NY"": 5}",750,4000.0,,,0.91,114372,76,19,43,14,0.306,22.0,18,25
"{""ASIA"": null, ""LDN"": 2, ""NY"": 5}",750,,,,0.93,110614,76,19,43,14,0.306,22.0,18,25
"{""ASIA"": null, ""LDN"": 2, ""NY"": 4}",1500,2000.0,,,0.85,215264,76,22,53,1,0.293,14.5,20,33
"{""ASIA"": null, ""LDN"": 2, ""NY"": 7}",1500,4000.0,,,1.0,245979,76,21,53,2,0.284,14.0,40,13
"{""ASIA"": null, ""LDN"": 2, ""NY"": 7}",1500,4000.0,,,1.0,245979,76,21,53,2,0.284,14.0,40,13
"{""ASIA"": null, ""LDN"": 1, ""NY"": null}",1500,4000.0,,near,0.37,62497,76,19,48,9,0.284,58.0,31,17
"{""ASIA"": null, ""LDN"": 1, ""NY"": null}",1500,3000.0,,,0.34,64460,76,18,46,12,0.281,69.0,21,25
"{""ASIA"": null, ""LDN"": 0, ""NY"": 10}",500,,,,1.1,87989,76,16,41,19,0.281,40.5,31,10
"{""ASIA"": null, ""LDN"": 0, ""NY"": 3}",1000,4000.0,,,1.34,160034,76,21,54,1,0.28,16.0,45,9
"{""ASIA"": null, ""LDN"": 0, ""NY"": 3}",1000,4000.0,,,1.34,160034,76,21,54,1,0.28,16.0,45,9
"{""ASIA"": null, ""LDN"": 1, ""NY"": 6}",1500,4000.0,,,1.08,253912,76,21,54,1,0.28,12.0,32,22
"{""ASIA"": null, ""LDN"": 2, ""NY"": 5}",1500,2000.0,,,0.85,212523,76,21,54,1,0.28,16.0,19,35
"{""ASIA"": null, ""LDN"": 2, ""NY"": 5}",1500,2000.0,,,0.85,212523,76,21,54,1,0.28,16.0,19,35
"{""ASIA"": null, ""LDN"": 0, ""NY"": 5}",2000,3000.0,,,0.93,365589,76,20,55,1,0.267,13.0,30,25
"{""ASIA"": null, ""LDN"": 1, ""NY"": 4}",2000,,,,1.09,329012,76,20,55,1,0.267,10.5,49,6
"{""ASIA"": null, ""LDN"": 1, ""NY"": 4}",2000,,,,1.09,329012,76,20,55,1,0.267,10.5,49,6
"{""ASIA"": null, ""LDN"": 1, ""NY"": 5}",2000,,,,1.09,331313,76,20,55,1,0.267,13.5,44,11
"{""ASIA"": null, ""LDN"": 1, ""NY"": 5}",2000,,,,1.09,331313,76,20,55,1,0.267,13.5,44,11
"{""ASIA"": null, ""LDN"": 1, ""NY"": 7}",2000,4000.0,,,1.03,330773,76,20,55,1,0.267,10.5,38,17
"{""ASIA"": null, ""LDN"": 2, ""NY"": 2}",1500,4000.0,,,0.88,191267,76,20,55,1,0.267,15.0,49,6
"{""ASIA"": null, ""LDN"": 2, ""NY"": 2}",1500,,,,0.91,175111,76,20,55,1,0.267,15.0,49,6
"{""ASIA"": null, ""LDN"": 0, ""NY"": 0}",2000,4000.0,,,1.03,345199,76,20,56,0,0.263,11.0,34,22
"{""ASIA"": null, ""LDN"": 0, ""NY"": 3}",2000,,,near,1.44,342493,76,20,56,0,0.263,11.0,39,17
"{""ASIA"": null, ""LDN"": 1, ""NY"": 0}",2000,,,,1.25,332817,76,20,56,0,0.263,11.5,39,17
"{""ASIA"": null, ""LDN"": 2, ""NY"": 0}",1500,3000.0,,,0.94,201612,76,20,56,0,0.263,13.0,22,34
"{""ASIA"": null, ""LDN"": 2, ""NY"": 0}",1500,3000.0,,,0.94,201612,76,20,56,0,0.263,13.0,22,34
"{""ASIA"": null, ""LDN"": 0, ""NY"": 2}",500,,,near,1.05,69632,76,15,42,19,0.263,50.0,36,6
"{""ASIA"": null, ""LDN"": 0, ""NY"": 9}",1000,,,,1.24,155934,76,19,54,3,0.26,19.0,50,4
"{""ASIA"": null, ""LDN"": 0, ""NY"": 9}",1000,,,,1.24,155934,76,19,54,3,0.26,19.0,50,4
"{""ASIA"": null, ""LDN"": 2, ""NY"": 1}",1500,,,,0.96,218495,76,19,55,2,0.257,14.0,43,12
"{""ASIA"": null, ""LDN"": 2, ""NY"": 1}",1500,,,,0.96,218495,76,19,55,2,0.257,14.0,43,12
"{""ASIA"": null, ""LDN"": 2, ""NY"": 1}",1500,4000.0,,,0.93,234778,76,19,55,2,0.257,14.0,43,12
"{""ASIA"": null, ""LDN"": 2, ""NY"": 4}",1500,4000.0,,,0.9,235785,76,19,55,2,0.257,15.0,35,20
"{""ASIA"": null, ""LDN"": 2, ""NY"": 8}",1500,3000.0,,,0.85,197313,76,19,55,2,0.257,16.0,23,32
"{""ASIA"": null, ""LDN"": 1, ""NY"": null}",2000,3000.0,,near,0.3,94185,76,18,52,6,0.257,51.0,30,22
"{""ASIA"": null, ""LDN"": 2, ""NY"": 2}",500,4000.0,,,0.9,59541,76,14,41,21,0.255,30.5,38,3
"{""ASIA"": null, ""LDN"": 1, ""NY"": 8}",2000,,,,1.09,297877,76,19,56,1,0.253,11.0,50,6
"{""ASIA"": null, ""LDN"": 2, ""NY"": 9}",1000,4000.0,,,1.05,134435,76,17,51,8,0.25,18.0,39,12
"{""ASIA"": null, ""LDN"": 0, ""NY"": null}",2000,,,near,0.42,90525,76,18,56,2,0.243,52.5,56,0
"{""ASIA"": null, ""LDN"": 0, ""NY"": 7}",2000,3000.0,,,1.02,380835,76,18,57,1,0.24,12.0,33,24
"{""ASIA"": null, ""LDN"": 0, ""NY"": 9}",1500,,,,1.24,233923,76,18,57,1,0.24,14.0,52,5
"{""ASIA"": null, ""LDN"": 0, ""NY"": 5}",1500,4000.0,,,0.97,257699,76,18,57,1,0.24,13.5,49,8
"{""ASIA"": null, ""LDN"": 0, ""NY"": 5}",1500,,,,1.07,255051,76,18,57,1,0.24,13.5,49,8
"{""ASIA"": null, ""LDN"": 2, ""NY"": null}",2000,4000.0,,near,0.24,76929,76,18,57,1,0.24,73.5,29,28
"{""ASIA"": null, ""LDN"": 2, ""NY"": 11}",2000,4000.0,,,0.87,247759,76,18,57,1,0.24,14.5,40,17
"{""ASIA"": null, ""LDN"": 2, ""NY"": 11}",2000,,,,0.93,242432,76,18,57,1,0.24,14.5,40,17
"{""ASIA"": null, ""LDN"": 0, ""NY"": null}",1500,3000.0,,near,0.32,87867,76,17,56,3,0.233,53.0,42,14
"{""ASIA"": null, ""LDN"": 0, ""NY"": null}",1000,4000.0,,near,0.37,35004,76,15,50,11,0.231,55.0,43,7
"{""ASIA"": null, ""LDN"": 2, ""NY"": 6}",1500,4000.0,,,0.99,238752,76,17,57,2,0.23,13.0,47,10
"{""ASIA"": null, ""LDN"": 2, ""NY"": 10}",1500,,,,0.95,230154,76,17,57,2,0.23,14.0,44,13
"{""ASIA"": null, ""LDN"": 0, ""NY"": 7}",1500,4000.0,,,1.06,269941,76,17,58,1,0.227,11.0,49,9
"{""ASIA"": null, ""LDN"": 0, ""NY"": 7}",1500,4000.0,,,1.06,269941,76,17,58,1,0.227,11.0,49,9
"{""ASIA"": null, ""LDN"": 0, ""NY"": 3}",1500,4000.0,,,1.27,264810,76,17,58,1,0.227,13.0,48,10
"{""ASIA"": null, ""LDN"": 0, ""NY"": 6}",2000,4000.0,,,1.01,375948,76,17,58,1,0.227,10.0,36,22
"{""ASIA"": null, ""LDN"": 2, ""NY"": 3}",1500,3000.0,,,1.09,200405,76,17,58,1,0.227,15.0,20,38
"{""ASIA"": null, ""LDN"": 1, ""NY"": null}",1500,,,near,0.44,61331,76,15,52,9,0.224,53.0,35,17
"{""ASIA"": null, ""LDN"": 0, ""NY"": null}",1500,4000.0,,near,0.34,70189,76,16,57,3,0.219,52.5,57,0
"{""ASIA"": null, ""LDN"": 0, ""NY"": null}",1000,,,near,0.42,45259,76,14,51,11,0.215,54.0,50,1
"{""ASIA"": null, ""LDN"": 1, ""NY"": 6}",2000,4000.0,,,1.03,336663,76,16,59,1,0.213,10.0,40,19
"{""ASIA"": null, ""LDN"": 1, ""NY"": 6}",2000,4000.0,,,1.03,336663,76,16,59,1,0.213,10.0,40,19
"{""ASIA"": null, ""LDN"": 2, ""NY"": 5}",2000,2000.0,,,0.74,198612,76,16,59,1,0.213,14.0,19,40
"{""ASIA"": null, ""LDN"": 2, ""NY"": 5}",2000,2000.0,,,0.74,198612,76,16,59,1,0.213,14.0,19,40
"{""ASIA"": null, ""LDN"": 0, ""NY"": 7}",500,,,,1.17,87837,76,12,45,19,0.211,37.5,38,7
"{""ASIA"": null, ""LDN"": 0, ""NY"": 8}",500,,,,1.07,76656,76,12,45,19,0.211,53.5,35,10
"{""ASIA"": null, ""LDN"": 0, ""NY"": 8}",500,,,,1.07,76656,76,12,45,19,0.211,53.5,35,10
"{""ASIA"": null, ""LDN"": 2, ""NY"": null}",2000,2000.0,,near,0.17,-18321,76,15,58,3,0.205,64.0,14,44
"{""ASIA"": null, ""LDN"": 2, ""NY"": null}",2000,2000.0,,near,0.17,-18321,76,15,58,3,0.205,64.0,14,44
"{""ASIA"": null, ""LDN"": 2, ""NY"": 2}",2000,4000.0,,,0.84,241105,76,15,60,1,0.2,14.0,42,18
"{""ASIA"": null, ""LDN"": 0, ""NY"": 0}",2000,,,,1.24,341571,76,15,61,0,0.197,11.0,43,18
"{""ASIA"": null, ""LDN"": 0, ""NY"": 0}",2000,,,,1.24,341571,76,15,61,0,0.197,11.0,43,18
"{""ASIA"": null, ""LDN"": 0, ""NY"": 0}",2000,,,,1.24,341571,76,15,61,0,0.197,11.0,43,18
"{""ASIA"": null, ""LDN"": 1, ""NY"": null}",2000,2000.0,,,0.25,92851,76,13,53,10,0.197,54.0,16,37
"{""ASIA"": null, ""LDN"": 1, ""NY"": null}",2000,2000.0,,,0.25,92851,76,13,53,10,0.197,54.0,16,37
"{""ASIA"": null, ""LDN"": 0, ""NY"": 4}",2000,,,,1.07,337765,76,14,61,1,0.187,10.5,40,21
"{""ASIA"": null, ""LDN"": 2, ""NY"": 7}",2000,,,,1.03,306264,76,14,61,1,0.187,12.5,51,10
"{""ASIA"": null, ""LDN"": 2, ""NY"": 7}",2000,,,,1.03,306264,76,14,61,1,0.187,12.5,51,10
"{""ASIA"": null, ""LDN"": 2, ""NY"": 7}",2000,3000.0,,,0.94,307011,76,14,61,1,0.187,12.5,51,10
"{""ASIA"": null, ""LDN"": 2, ""NY"": 7}",2000,4000.0,,,0.94,307011,76,14,61,1,0.187,12.5,51,10
"{""ASIA"": null, ""LDN"": 2, ""NY"": 10}",2000,2000.0,,,0.77,191988,76,14,61,1,0.187,14.0,25,36
"{""ASIA"": null, ""LDN"": 2, ""NY"": 0}",2000,,,,1.09,296475,76,14,62,0,0.184,12.5,47,15
"{""ASIA"": null, ""LDN"": 0, ""NY"": 1}",2000,4000.0,,,0.96,361619,76,13,62,1,0.173,12.0,39,23
"{""ASIA"": null, ""LDN"": 0, ""NY"": 1}",2000,3000.0,,,0.96,361619,76,13,62,1,0.173,12.0,39,23
"{""ASIA"": null, ""LDN"": 1, ""NY"": 6}",2000,,,,1.18,333043,76,13,62,1,0.173,10.0,50,12
"{""ASIA"": null, ""LDN"": 1, ""NY"": 6}",2000,,,,1.18,333043,76,13,62,1,0.173,10.0,50,12
"{""ASIA"": null, ""LDN"": 2, ""NY"": 4}",2000,3000.0,,,0.85,287019,76,13,62,1,0.173,13.0,44,18
"{""ASIA"": null, ""LDN"": 2, ""NY"": 4}",2000,4000.0,,,0.85,287019,76,13,62,1,0.173,13.0,44,18
"{""ASIA"": null, ""LDN"": 2, ""NY"": 10}",2000,3000.0,,,0.88,302775,76,13,62,1,0.173,14.0,47,15
"{""ASIA"": null, ""LDN"": 2, ""NY"": 8}",2000,3000.0,,,0.85,263084,76,12,63,1,0.16,11.5,58,5
"{""ASIA"": null, ""LDN"": 2, ""NY"": 3}",2000,,,,1.29,297397,76,12,64,0,0.158,11.5,55,9
"{""ASIA"": null, ""LDN"": 2, ""NY"": 3}",2000,,,,1.29,297397,76,12,64,0,0.158,11.5,55,9
"{""ASIA"": null, ""LDN"": 0, ""NY"": 2}",500,,,,1.05,69632,76,9,48,19,0.158,42.0,42,6
"{""ASIA"": null, ""LDN"": 0, ""NY"": 3}",2000,,,,1.44,342493,76,11,65,0,0.145,11.0,49,16
"{""ASIA"": null, ""LDN"": 2, ""NY"": null}",750,,,,0.27,17036,76,8,55,13,0.127,41.5,23,32
"{""ASIA"": null, ""LDN"": 2, ""NY"": null}",750,4000.0,,,0.26,19989,76,8,55,13,0.127,41.5,23,32
"{""ASIA"": null, ""LDN"": 2, ""NY"": null}",750,,,near,0.27,17036,76,8,56,12,0.125,39.5,28,28
"{""ASIA"": null, ""LDN"": 2, ""NY"": null}",750,4000.0,,near,0.26,19989,76,8,56,12,0.125,39.5,28,28
"{""ASIA"": null, ""LDN"": 0, ""NY"": 1}",2000,,,,1.11,336423,76,9,66,1,0.12,12.0,46,20
"{""ASIA"": null, ""LDN"": 0, ""NY"": 6}",2000,,,,1.16,341797,76,9,66,1,0.12,10.0,46,20
"{""ASIA"": null, ""LDN"": 2, ""NY"": 6}",2000,2000.0,,,0.8,202287,76,9,66,1,0.12,12.0,38,28
"{""ASIA"": null, ""LDN"": 0, ""NY"": 9}",2000,,,,1.24,311874,76,9,67,0,0.118,10.0,55,12
"{""ASIA"": null, ""LDN"": 2, ""NY"": null}",1000,,,near,0.27,22715,76,8,61,7,0.116,39.5,28,33
"{""ASIA"": null, ""LDN"": 2, ""NY"": 1}",2000,,,,0.96,291327,76,8,67,1,0.107,12.5,59,8
"{""ASIA"": null, ""LDN"": 2, ""NY"": null}",1000,,,,0.27,22715,76,7,64,5,0.099,37.0,31,33
"{""ASIA"": null, ""LDN"": 1, ""NY"": null}",2000,3000.0,,,0.3,94185,76,4,68,4,0.056,51.5,30,38
"{""ASIA"": null, ""LDN"": 2, ""NY"": null}",1500,2000.0,,,0.24,57697,76,4,69,3,0.055,44.5,35,34
"{""ASIA"": null, ""LDN"": 2, ""NY"": null}",1500,2000.0,,,0.24,57697,76,4,69,3,0.055,44.5,35,34
"{""ASIA"": null, ""LDN"": 0, ""NY"": null}",500,2000.0,,,0.37,17502,76,1,28,47,0.034,253.0,0,28
"{""ASIA"": null, ""LDN"": 0, ""NY"": null}",2000,,,,0.42,90525,76,2,73,1,0.027,25.5,73,0
"{""ASIA"": null, ""LDN"": 0, ""NY"": null}",1500,3000.0,,,0.32,87867,76,2,73,1,0.027,25.5,67,6
"{""ASIA"": null, ""LDN"": 0, ""NY"": null}",1500,4000.0,,,0.34,70189,76,2,73,1,0.027,25.5,73,0
"{""ASIA"": null, ""LDN"": 0, ""NY"": null}",750,3000.0,,,0.37,26256,76,1,56,19,0.018,84.0,23,33
"{""ASIA"": null, ""LDN"": 0, ""NY"": null}",2000,2000.0,,,0.25,89254,76,0,68,8,0.0,,38,30
"{""ASIA"": null, ""LDN"": 0, ""NY"": null}",250,3000.0,,,0.42,11312,76,0,0,76,0.0,,0,0
"{""ASIA"": null, ""LDN"": 0, ""NY"": null}",250,3000.0,,near,0.42,11312,76,0,0,76,0.0,,0,0
"{""ASIA"": null, ""LDN"": 0, ""NY"": null}",1000,4000.0,,,0.37,35004,76,0,63,13,0.0,,57,6
"{""ASIA"": null, ""LDN"": 0, ""NY"": null}",1000,,,,0.42,45259,76,0,63,13,0.0,,62,1
"{""ASIA"": null, ""LDN"": 0, ""NY"": null}",2000,2000.0,,,0.25,89254,76,0,68,8,0.0,,38,30
"{""ASIA"": null, ""LDN"": 0, ""NY"": null}",250,,,,0.42,11312,76,0,0,76,0.0,,0,0
"{""ASIA"": null, ""LDN"": 0, ""NY"": null}",250,,,near,0.42,11312,76,0,0,76,0.0,,0,0
"{""ASIA"": null, ""LDN"": 1, ""NY"": null}",1500,,,,0.44,61331,76,0,70,6,0.0,,48,22
"{""ASIA"": null, ""LDN"": 1, ""NY"": null}",1500,4000.0,,,0.37,62497,76,0,70,6,0.0,,48,22
"{""ASIA"": null, ""LDN"": 1, ""NY"": null}",250,,,,0.44,10217,76,0,0,76,0.0,,0,0
"{""ASIA"": null, ""LDN"": 1, ""NY"": null}",250,,,near,0.44,10217,76,0,0,76,0.0,,0,0
"{""ASIA"": null, ""LDN"": 1, ""NY"": null}",250,3000.0,,,0.44,10217,76,0,0,76,0.0,,0,0
"{""ASIA"": null, ""LDN"": 1, ""NY"": null}",250,3000.0,,near,0.44,10217,76,0,0,76,0.0,,0,0
"{""ASIA"": null, ""LDN"": 2, ""NY"": null}",2000,4000.0,,,0.24,76929,76,0,75,1,0.0,,66,9
"{""ASIA"": null, ""LDN"": 2, ""NY"": null}",250,3000.0,,,0.27,5679,76,0,0,76,0.0,,0,0
"{""ASIA"": null, ""LDN"": 2, ""NY"": null}",250,3000.0,,near,0.27,5679,76,0,0,76,0.0,,0,0
"{""ASIA"": null, ""LDN"": 2, ""NY"": null}",250,2000.0,,,0.27,6007,76,0,0,76,0.0,,0,0
"{""ASIA"": null, ""LDN"": 2, ""NY"": null}",250,2000.0,,near,0.27,6007,76,0,0,76,0.0,,0,0
"{""ASIA"": null, ""LDN"": 2, ""NY"": null}",2000,2000.0,,,0.17,-18321,76,0,75,1,0.0,,42,33
"{""ASIA"": null, ""LDN"": 2, ""NY"": null}",2000,2000.0,,,0.17,-18321,76,0,75,1,0.0,,42,33
"{""ASIA"": null, ""LDN"": 2, ""NY"": null}",250,4000.0,,,0.27,5679,76,0,0,76,0.0,,0,0
"{""ASIA"": null, ""LDN"": 2, ""NY"": null}",250,4000.0,,near,0.27,5679,76,0,0,76,0.0,,0,0
"{""ASIA"": null, ""LDN"": 2, ""NY"": null}",250,4000.0,,,0.27,5679,76,0,0,76,0.0,,0,0
"{""ASIA"": null, ""LDN"": 2, ""NY"": null}",250,4000.0,,near,0.27,5679,76,0,0,76,0.0,,0,0
